group_id,label,p_pneumonia,pred
normal:im:115,0,0.00019045272165381377,0
normal:im:117,0,4.367089125878465e-05,0
normal:im:119,0,1.0244168556994282e-05,0
normal:im:122,0,5.918034639762482e-05,0
normal:im:125,0,0.00630487099988385,0
normal:im:127,0,0.00786544417496765,0
normal:im:128,0,0.00231980264652515,0
normal:im:129,0,0.0009006965426578616,0
normal:im:131,0,0.00170563260326155,0
normal:im:133,0,0.0007436382584273501,0
normal:im:135,0,9.30002761378612e-05,0
normal:im:137,0,0.00065050197372325,0
normal:im:140,0,3.0239050202605846e-07,0
normal:im:141,0,3.4802787922671996e-06,0
normal:im:143,0,0.00370345972623905,0
normal:im:145,0,0.0017826101193349842,0
normal:im:147,0,0.00010948989006463225,0
normal:im:149,0,0.013263582892250199,0
normal:im:151,0,0.023657172452658352,0
normal:im:152,0,0.0433516129851341,0
normal:im:154,0,0.00047921657096589997,0
normal:im:156,0,0.0001630756810299947,0
normal:im:158,0,0.08134770300239319,0
normal:im:160,0,0.00022020636242805,0
normal:im:162,0,0.01323692500591275,0
normal:im:164,0,0.0407745712436735,0
normal:im:166,0,4.2145614770561224e-05,0
normal:im:168,0,9.360154717796825e-05,0
normal:im:170,0,0.00042665894943637995,0
normal:im:172,0,5.89307182963239e-05,0
normal:im:176,0,0.00220203312346705,0
normal:im:177,0,0.00078716024290765,0
normal:im:178,0,0.21378282923251385,0
normal:im:180,0,0.00598579423967745,0
normal:im:182,0,0.0005619935327558501,0
normal:im:183,0,0.0385760767385363,0
normal:im:185,0,0.0039474252771469,0
normal:im:187,0,0.00143881310941645,0
normal:im:189,0,0.00041217832767868494,0
normal:im:191,0,0.0013842000480507998,0
normal:im:193,0,0.0018727687420323,0
normal:im:195,0,0.0068634941417258,0
normal:im:199,0,0.03746612521354105,0
normal:im:201,0,0.00010217704038949208,0
normal:im:203,0,3.252442377288389e-05,0
normal:im:205,0,0.006009393022395599,0
normal:im:206,0,0.0053559072548523,0
normal:im:207,0,0.0008502575552995268,0
normal:im:209,0,0.00028494047910498606,0
normal:im:210,0,3.554092745616799e-05,0
normal:im:211,0,0.00012914196486231932,0
normal:im:213,0,0.00217708933632815,0
normal:im:214,0,0.0172333698719739,0
normal:im:215,0,0.00405306526226915,0
normal:im:216,0,0.0005234544373706676,0
normal:im:217,0,0.0017431897867936,0
normal:im:218,0,1.431013600949882e-07,0
normal:im:219,0,0.00042361710802645003,0
normal:im:220,0,0.00013885488442605,0
normal:im:221,0,0.0007141726505324138,0
normal:im:222,0,0.0009666093683335501,0
normal:im:223,0,0.0001408561975040222,0
normal:im:224,0,0.015666691790102,0
normal:im:225,0,5.1422735509731865e-06,0
normal:im:226,0,0.0001547552792544195,0
normal:im:227,0,2.8440411909969043e-05,0
normal:im:228,0,0.067602664232254,0
normal:im:229,0,0.00010951118383670666,0
normal:im:230,0,0.01354326680302615,0
normal:im:231,0,9.802769795896893e-07,0
normal:im:234,0,0.00986073352396485,0
normal:im:235,0,0.0006538766319863,0
normal:im:236,0,0.094757373444736,0
normal:im:237,0,0.158543084282428,0
normal:im:238,0,0.0010807851940626,0
normal:im:239,0,7.032418238850369e-07,0
normal:im:240,0,0.000197635782910747,0
normal:im:241,0,7.611726346112846e-06,0
normal:im:242,0,1.6013605090847705e-05,0
normal:im:243,0,7.718250741106138e-05,0
normal:im:244,0,0.00010674719669618343,0
normal:im:245,0,0.000392586000089,0
normal:im:248,0,0.01094112606369885,0
normal:im:249,0,0.0004573007136059082,0
normal:im:250,0,7.079034231689069e-05,0
normal:im:251,0,0.0158790320856496,0
normal:im:253,0,0.00271450378932055,0
normal:im:255,0,0.00021984571867504713,0
normal:im:256,0,0.0045200060012575,0
normal:im:257,0,7.58663356918771e-05,0
normal:im:261,0,9.301204772780284e-05,0
normal:im:262,0,0.0088023385033011,0
normal:im:264,0,0.0028314753108133676,0
normal:im:265,0,0.04926169198006385,0
normal:im:266,0,0.0002870339085347932,0
normal:im:268,0,0.00012011209400952639,0
normal:im:269,0,8.200174852390774e-05,0
normal:im:270,0,0.002612479827803283,0
normal:im:272,0,0.01637272800144265,0
normal:im:273,0,0.0034176222106907,0
normal:im:274,0,0.00014649254444515,0
normal:im:275,0,0.0001760235500114126,0
normal:im:276,0,5.9357835198170505e-06,0
normal:im:277,0,0.00132166614639565,0
normal:im:278,0,0.00011878753502966171,0
normal:im:279,0,0.5884475708007812,1
normal:im:280,0,0.00015245913732541222,0
normal:im:282,0,0.00013942862801738184,0
normal:im:283,0,6.657949734285089e-05,0
normal:im:285,0,0.0089083113416563,0
normal:im:286,0,1.0882361948461039e-05,0
normal:im:288,0,0.00028095932066205,0
normal:im:289,0,0.00015247563624139324,0
normal:im:290,0,2.7123965537612094e-05,0
normal:im:291,0,0.00105551086016925,0
normal:im:292,0,2.528064214857295e-06,0
normal:im:293,0,2.116370572480264e-05,0
normal:im:294,0,2.2682717826683074e-05,0
normal:im:295,0,0.0018202087194367,0
normal:im:297,0,0.0002095533845931209,0
normal:im:298,0,0.0001841086523199422,0
normal:im:299,0,0.00035230608773415,0
normal:im:300,0,0.0079588859807699,0
normal:im:301,0,0.24191917851567263,0
normal:im:302,0,0.0010879815417865308,0
normal:im:303,0,0.00841111340560015,0
normal:im:304,0,0.014830322121269949,0
normal:im:305,0,0.0004486634006752449,0
normal:im:306,0,0.0004682529252022,0
normal:im:307,0,0.00030208265161485004,0
normal:im:308,0,0.00016736288307579999,0
normal:im:309,0,0.00027936254628002004,0
normal:im:311,0,0.0005266095395199653,0
normal:im:312,0,0.0004696428741226191,0
normal:im:313,0,1.2609881196112838e-05,0
normal:im:314,0,0.00037240550698843157,0
normal:im:315,0,0.0001341259730906865,0
normal:im:316,0,4.123374537812197e-06,0
normal:im:317,0,0.00042658523307175,0
normal:im:318,0,0.0004189263709122,0
normal:im:319,0,1.1804228026157657e-06,0
normal:im:320,0,9.069124644154301e-05,0
normal:im:323,0,0.0001496674740337,0
normal:im:324,0,7.4727694254761445e-06,0
normal:im:325,0,0.00039392187318296965,0
normal:im:326,0,0.08519161865115164,0
normal:im:327,0,1.07231094261806e-05,0
normal:im:329,0,0.00023406591003547608,0
normal:im:330,0,5.035162273969004e-05,0
normal:im:331,0,0.00043184193054911143,0
normal:im:332,0,1.8778759795168298e-05,0
normal:im:333,0,0.0014926083385944,0
normal:im:335,0,0.00654103670967735,0
normal:im:337,0,0.00027807136211775,0
normal:im:338,0,4.511663155426504e-05,0
normal:im:339,0,8.62388798539282e-07,0
normal:im:340,0,9.742930080845955e-05,0
normal:im:341,0,0.00039485264278475,0
normal:im:343,0,6.371821837092284e-05,0
normal:im:345,0,0.00045385220437305,0
normal:im:346,0,2.6174685444857463e-05,0
normal:im:347,0,0.002950942092866129,0
normal:im:348,0,0.0510992252384312,0
normal:im:349,0,0.00025472705544869024,0
normal:im:350,0,0.00038884769037394226,0
normal:im:351,0,0.00260126130888235,0
normal:im:353,0,0.00016143503285088345,0
normal:im:354,0,0.0027827904705190498,0
normal:im:355,0,0.00017950656911120002,0
normal:im:356,0,9.608332584319843e-05,0
normal:im:357,0,1.5247517239913577e-05,0
normal:im:358,0,0.0004963104074704,0
normal:im:359,0,3.767846556002041e-05,0
normal:im:361,0,0.00010488424038608557,0
normal:im:362,0,0.0015589057002216,0
normal:im:363,0,5.559570439572781e-07,0
normal:im:364,0,0.0311231003142893,0
normal:im:365,0,2.2504263608169595e-06,0
normal:im:367,0,0.00138862674066325,0
normal:im:368,0,0.00021191667428864264,0
normal:im:369,0,0.0024143273258232,0
normal:im:370,0,0.0049289190792478005,0
normal:im:371,0,0.0001380859357595687,0
normal:im:372,0,6.417742224584799e-05,0
normal:im:374,0,2.070381017915679e-05,0
normal:im:375,0,8.771743260638232e-07,0
normal:im:377,0,0.15699653513729567,0
normal:im:379,0,7.898372654580044e-06,0
normal:im:381,0,2.2678249962382324e-06,0
normal:im:382,0,2.761772117665373e-07,0
normal:im:383,0,3.877989047396113e-05,0
normal:im:384,0,0.0384111553430557,0
normal:im:385,0,0.0005651996398228,0
normal:im:386,0,2.7634673926968386e-05,0
normal:im:387,0,0.00378058596106705,0
normal:im:388,0,8.014887828977635e-06,0
normal:im:389,0,0.0018230448185931499,0
normal:im:391,0,0.00039181787906270883,0
normal:im:392,0,0.002906898118453638,0
normal:im:393,0,0.0244176636988413,0
normal:im:394,0,7.620393625984434e-05,0
normal:im:395,0,0.0004887787072220546,0
normal:im:399,0,4.539623660093639e-06,0
normal:im:400,0,0.00820499086694325,0
normal:im:401,0,0.0002619129518279329,0
normal:im:403,0,1.9702617635175557e-06,0
normal:im:404,0,3.860461761462375e-05,0
normal:im:405,0,0.00125804833078285,0
normal:im:408,0,1.0952124895879933e-05,0
normal:im:409,0,1.813258495531045e-05,0
normal:im:410,0,0.00017627695342520001,0
normal:im:411,0,6.463756292873532e-05,0
normal:im:413,0,0.00011308243119851877,0
normal:im:414,0,3.691273294492703e-05,0
normal:im:416,0,2.6722191250883043e-05,0
normal:im:417,0,2.879317958104366e-05,0
normal:im:419,0,0.0024223054060712,0
normal:im:420,0,0.0007307831838261,0
normal:im:421,0,0.046193392015993553,0
normal:im:423,0,1.1113822040442756e-07,0
normal:im:424,0,0.0001434653277101,0
normal:im:425,0,0.00097744268714445,0
normal:im:427,0,0.00026799205352286663,0
normal:im:428,0,1.7906237189890817e-05,0
normal:im:429,0,0.0015787644952069335,0
normal:im:430,0,0.006295048398897,0
normal:im:431,0,0.02361400891095395,0
normal:im:432,0,0.01004959319106995,0
normal:im:433,0,0.0017136330825451118,0
normal:im:434,0,0.00014822260709475,0
normal:im:435,0,0.04020087618846443,0
normal:im:437,0,0.0011774820735202412,0
normal:im:438,0,5.459935482576839e-05,0
normal:im:439,0,3.4927238438342556e-05,0
normal:im:440,0,0.00018907495359598932,0
normal:im:441,0,2.18351437979436e-05,0
normal:im:442,0,0.004486908605031151,0
normal:im:444,0,0.0004474805464269,0
normal:im:445,0,0.00044863393645751547,0
normal:im:446,0,0.00021662044673571992,0
normal:im:447,0,0.0325610672589391,0
normal:im:448,0,0.00718556798528875,0
normal:im:449,0,0.00186448017484505,0
normal:im:450,0,0.04091842236812225,0
normal:im:451,0,0.036900603445246746,0
normal:im:452,0,0.0028305392625043,0
normal:im:453,0,0.000650217917836899,0
normal:im:455,0,0.000226089468014786,0
normal:im:456,0,0.00102319772122425,0
normal:im:457,0,0.00150576111627735,0
normal:im:458,0,0.00017697752991799998,0
normal:im:459,0,1.835160219343379e-05,0
normal:im:460,0,8.683161649969406e-05,0
normal:im:461,0,0.00095163515652525,0
normal:im:463,0,0.001081846055967603,0
normal:im:464,0,0.00213386933319265,0
normal:im:465,0,0.00111613547778685,0
normal:im:466,0,0.009161765815406375,0
normal:im:467,0,0.0001333199770764293,0
normal:im:469,0,0.00010149266745426002,0
normal:im:471,0,0.00249493263982,0
normal:im:472,0,0.0005875154602108001,0
normal:im:473,0,0.0018142914309464196,0
normal:im:474,0,0.12426344049163156,0
normal:im:475,0,4.7263208557524194e-05,0
normal:im:476,0,0.00033629942117835,0
normal:im:477,0,4.880435696463791e-06,0
normal:im:478,0,0.00031581339135295,0
normal:im:479,0,0.0021946399356238,0
normal:im:480,0,0.0041467553819529,0
normal:im:481,0,0.00114277590182605,0
normal:im:482,0,4.870319480687613e-05,0
normal:im:483,0,1.3333823167371861e-05,0
normal:im:484,0,0.00214659766061225,0
normal:im:485,0,7.603315665960508e-08,0
normal:im:486,0,0.00308990283519955,0
normal:im:487,0,0.0006881204244564001,0
normal:im:488,0,0.0033220052719116,0
normal:im:489,0,7.148066060835846e-06,0
normal:im:490,0,0.007692063227295799,0
normal:im:491,0,0.003355578167126289,0
normal:im:492,0,8.824406359050292e-05,0
normal:im:493,0,4.2735046008601785e-05,0
normal:im:494,0,5.066650373919401e-05,0
normal:im:495,0,0.0010869945899684827,0
normal:im:496,0,0.00117305681487775,0
normal:im:497,0,0.0012207007772909498,0
normal:im:499,0,0.005450989917638498,0
normal:im:500,0,0.00042479273611206384,0
normal:im:501,0,0.0013915852263531757,0
normal:im:502,0,1.0699846370698651e-05,0
normal:im:503,0,0.00027154641429655,0
normal:im:504,0,3.526033196976641e-06,0
normal:im:505,0,0.00016601197494496588,0
normal:im:506,0,8.660783424826e-05,0
normal:im:507,0,0.0005633413093163999,0
normal:im:508,0,0.00115716978325505,0
normal:im:509,0,0.004886378568092617,0
normal:im:510,0,0.01104259863495825,0
normal:im:511,0,0.00021051390475195164,0
normal:im:512,0,2.013180528592784e-05,0
normal:im:513,0,0.0264083254151046,0
normal:im:514,0,0.00952193338889625,0
normal:im:515,0,0.00560961663722985,0
normal:im:516,0,0.0066691839601844,0
normal:im:517,0,0.05760190662113013,0
normal:im:519,0,0.0038916631966306172,0
normal:im:520,0,0.00266807904699815,0
normal:im:521,0,0.00038256664993235,0
normal:im:522,0,0.0013935865790699001,0
normal:im:523,0,0.008604826617897687,0
normal:im:524,0,3.066700935505651e-05,0
normal:im:525,0,0.016770302855775257,0
normal:im:526,0,0.005085129049803071,0
normal:im:527,0,0.01896015182137485,0
normal:im:528,0,0.0019023947970708498,0
normal:im:529,0,3.5830583131613025e-06,0
normal:im:530,0,0.00014982732818678572,0
normal:im:531,0,0.00047425954471686036,0
normal:im:532,0,0.0005918808237765499,0
normal:im:533,0,0.00011989745780735024,0
normal:im:534,0,0.0031330474121204896,0
normal:im:535,0,0.0005329214400262,0
normal:im:536,0,0.0073786064749582995,0
normal:im:537,0,4.001621073257411e-05,0
normal:im:538,0,0.0003427925621508,0
normal:im:539,0,0.0001748572904034174,0
normal:im:540,0,9.449040589968256e-05,0
normal:im:541,0,0.0011379782808944,0
normal:im:542,0,0.00014805298269489998,0
normal:im:543,0,0.00037324606182660816,0
normal:im:544,0,0.0027284291863906504,0
normal:im:545,0,0.0009931052620970068,0
normal:im:546,0,0.13956701010465622,0
normal:im:547,0,1.1656434935503057e-05,0
normal:im:548,0,0.0025015976607392003,0
normal:im:549,0,0.016190060472581466,0
normal:im:551,0,0.0011706055058008347,0
normal:im:552,0,0.0132295841176528,0
normal:im:553,0,0.0028637611073349363,0
normal:im:554,0,0.0006396754015440815,0
normal:im:555,0,0.039209894389690185,0
normal:im:556,0,7.832737225044184e-06,0
normal:im:557,0,0.0001791450995369,0
normal:im:559,0,0.0009601317433407,0
normal:im:560,0,0.02357905264943835,0
normal:im:561,0,2.118966222042218e-05,0
normal:im:562,0,0.0003396837364562075,0
normal:im:563,0,2.7397764235104205e-07,0
normal:im:564,0,4.659073761104082e-05,0
normal:im:565,0,0.0007009605815255428,0
normal:im:566,0,0.0008772931651037544,0
normal:im:568,0,0.00015757738583485,0
normal:im:569,0,0.00453510310035195,0
normal:im:570,0,0.018998363986611352,0
normal:im:571,0,1.3242803980517692e-05,0
normal:im:574,0,0.0005799158388980999,0
normal:im:575,0,0.011040503042750002,0
normal:im:577,0,0.04093074981938115,0
normal:im:578,0,0.0003345713881799156,0
normal:im:579,0,0.11131930374540384,0
normal:im:580,0,0.2935015708208084,0
normal:im:581,0,0.00018358734723731242,0
normal:im:582,0,0.0041482301894575,0
normal:im:583,0,0.00041243851046597304,0
normal:im:584,0,0.005719968583434799,0
normal:im:586,0,0.0033486038446425503,0
normal:im:588,0,0.00043692817234838226,0
normal:im:590,0,4.303858440835029e-05,0
normal:im:591,0,0.0001477211976634806,0
normal:im:592,0,5.984033577985312e-05,0
normal:im:593,0,0.00100754117011085,0
normal:im:595,0,1.9811081252651963e-05,0
normal:im:596,0,0.1256028527859598,0
normal:im:598,0,3.556475985533325e-05,0
normal:im:599,0,0.0002970689674838979,0
normal:im:600,0,6.84114279465343e-05,0
normal:im:601,0,6.454977119574323e-05,0
normal:im:602,0,0.015714446897618452,0
normal:im:604,0,0.00040060136961980004,0
normal:im:605,0,0.0150903457542881,0
normal:im:606,0,0.0010966858753817775,0
normal:im:607,0,0.00010104135799335001,0
normal:im:608,0,0.0001765200584167875,0
normal:im:609,0,1.948214901403844e-06,0
normal:im:612,0,0.00448120448163532,0
normal:im:613,0,1.8334741980652325e-05,0
normal:im:614,0,0.00067073202808385,0
normal:im:615,0,0.00233314090291965,0
normal:im:616,0,0.00019422862345660048,0
normal:im:617,0,0.00014477848515066641,0
normal:im:618,0,0.0029270203476698666,0
normal:im:619,0,1.6019279428292066e-05,0
normal:im:620,0,0.0005123741993742083,0
normal:im:621,0,0.024176633451133897,0
normal:im:622,0,0.006982910320705999,0
normal:im:623,0,0.0005426786956377,0
normal:im:624,0,3.3375817210412606e-05,0
normal:im:625,0,0.0011022262187907,0
normal:im:626,0,0.004214525804854876,0
normal:im:627,0,4.823970243705844e-06,0
normal:im:628,0,4.958137969879317e-05,0
normal:im:629,0,0.0008867400537155444,0
normal:im:630,0,0.0007472368451999001,0
normal:im:631,0,0.0021006335279783127,0
normal:im:632,0,4.5562121528064374e-05,0
normal:im:633,0,3.0916573905415135e-05,0
normal:im:634,0,0.04343953914940355,0
normal:im:635,0,0.00250531150959425,0
normal:im:636,0,0.0006473095127148,0
normal:im:637,0,0.0002116335208484026,0
normal:im:640,0,0.0035958580375942363,0
normal:im:641,0,0.00157493300503115,0
normal:im:642,0,0.0079634423018433,0
normal:im:643,0,0.00038236846739885,0
normal:im:644,0,0.0001499976329929115,0
normal:im:645,0,0.0637917108833789,0
normal:im:646,0,6.024637377773854e-05,0
normal:im:647,0,0.041270485147833796,0
normal:im:648,0,2.7721232072508428e-05,0
normal:im:649,0,0.02669069275725625,0
normal:im:650,0,0.0002901070587881721,0
normal:im:651,0,0.1279785558581352,0
normal:im:652,0,0.0006642918580155025,0
normal:im:654,0,0.0023092896735761,0
normal:im:655,0,0.0013250484480522,0
normal:im:656,0,0.0010672626401249678,0
normal:im:657,0,6.603952851946135e-05,0
normal:im:658,0,1.2485227429692713e-06,0
normal:im:659,0,0.0004502852680161,0
normal:im:660,0,0.000926629059601179,0
normal:im:661,0,3.348049176565837e-06,0
normal:im:662,0,0.00030854779470242507,0
normal:im:663,0,0.02813919633626935,0
normal:im:664,0,0.00127557947416785,0
normal:im:665,0,5.469255142995329e-05,0
normal:im:666,0,0.001479954335233402,0
normal:im:667,0,2.212202569895627e-05,0
normal:im:668,0,0.00062248831090975,0
normal:im:669,0,0.00021335391465981032,0
normal:im:670,0,0.00025801097763174794,0
normal:im:671,0,3.17670704248485e-05,0
normal:im:672,0,0.00798540911637245,0
normal:im:673,0,0.004297886975109549,0
normal:im:674,0,0.035120157524943296,0
normal:im:675,0,7.0133973943953265e-06,0
normal:im:676,0,0.00436865409938035,0
normal:im:677,0,0.1043008092528907,0
normal:im:678,0,9.612813244075369e-06,0
normal:im:679,0,1.2019715711630852e-06,0
normal:im:680,0,0.00684578553773455,0
normal:im:681,0,4.157100477186759e-05,0
normal:im:682,0,0.00797781965229655,0
normal:im:683,0,0.0033778523211367,0
normal:im:684,0,0.0101859685964882,0
normal:im:685,0,0.0003502567415125259,0
normal:im:686,0,5.017884177505039e-05,0
normal:im:687,0,0.0026387629623058997,0
normal:im:688,0,0.00461296344292345,0
normal:im:689,0,0.00021531547099580222,0
normal:im:691,0,0.2280122004449367,0
normal:im:692,0,0.0001528584461993885,0
normal:im:693,0,0.001994909485802,0
normal:im:694,0,7.006829394380688e-05,0
normal:im:695,0,1.625172171770828e-05,0
normal:im:696,0,8.27115745778029e-05,0
normal:im:697,0,0.0005226817593211,0
normal:im:698,0,0.00081507719005455,0
normal:im:700,0,2.2761158561479533e-05,0
normal:im:701,0,5.758894326390112e-05,0
normal:im:702,0,0.0048478119424544,0
normal:im:703,0,0.0572309050476178,0
normal:im:704,0,1.177087244741415e-05,0
normal:im:705,0,4.594685776737606e-06,0
normal:im:706,0,0.0017749058315529999,0
normal:im:707,0,4.208706077690749e-05,0
normal:im:709,0,0.0007714808161836,0
normal:im:710,0,3.1537304607809347e-06,0
normal:im:711,0,0.0006592759691556985,0
normal:im:712,0,1.8495121900663491e-07,0
normal:im:713,0,0.004260424189851604,0
normal:im:714,0,0.00019330863869975,0
normal:im:715,0,0.04252504720352585,0
normal:im:716,0,7.557827856885524e-07,0
normal:im:717,0,0.00139214633963995,0
normal:im:718,0,4.2583137428664486e-05,0
normal:im:719,0,0.00044609894757740475,0
normal:im:721,0,1.7880093553579446e-05,0
normal:im:722,0,6.3656025304226205e-06,0
normal:im:724,0,0.00034342102298975,0
normal:im:727,0,3.4100694506378204e-05,0
normal:im:728,0,0.004991567877368638,0
normal:im:729,0,0.0010515734963973664,0
normal:im:730,0,0.004387320484966,0
normal:im:732,0,0.20928446203470225,0
normal:im:733,0,9.773785823341541e-06,0
normal:im:734,0,3.22991556913621e-05,0
normal:im:735,0,0.4076053984463215,0
normal:im:736,0,0.0008210533706005,0
normal:im:737,0,0.00911352981347585,0
normal:im:738,0,6.121771548350807e-05,0
normal:im:739,0,0.0024606634310657322,0
normal:im:740,0,0.00750800583045925,0
normal:im:741,0,0.02872715752164365,0
normal:im:742,0,3.1196388960097465e-05,0
normal:im:746,0,0.0024375349148612687,0
normal:im:747,0,0.0015880789724177999,0
normal:im:748,0,3.348333189734376e-05,0
normal:im:750,0,0.0005134855309733899,0
normal:im:751,0,0.00019545541135808237,0
normal:im:752,0,0.000550276510693943,0
normal:im:753,0,0.00019575605256245,0
normal:im:754,0,1.9430921383900568e-05,0
normal:im:755,0,0.0007307761770789001,0
normal:im:757,0,0.0065225404687224995,0
normal:im:761,0,0.0024176785955205,0
normal:im:764,0,0.00099472672445695,0
normal:im:766,0,8.812817486613334e-05,0
normal:normal2:1001,0,1.851879301284498e-05,0
normal:normal2:1002,0,0.0008337854633281944,0
normal:normal2:1004,0,1.892391446745023e-05,0
normal:normal2:1005,0,0.00154056433530055,0
normal:normal2:1006,0,7.9452435784287e-05,0
normal:normal2:1008,0,0.00019860181419059045,0
normal:normal2:1010,0,0.0005717429448849501,0
normal:normal2:1011,0,0.01011424258467735,0
normal:normal2:1014,0,4.2330562223469315e-05,0
normal:normal2:1015,0,0.0879328045994043,0
normal:normal2:1016,0,4.1874643557093805e-06,0
normal:normal2:1017,0,0.02625153376720845,0
normal:normal2:1018,0,0.004818625970074162,0
normal:normal2:1019,0,0.0079533020034432,0
normal:normal2:1020,0,0.00015878519449567295,0
normal:normal2:1022,0,0.00812531332485375,0
normal:normal2:1023,0,3.277966675341304e-05,0
normal:normal2:1024,0,5.6776909332256764e-05,0
normal:normal2:1025,0,0.0007957613289590444,0
normal:normal2:1026,0,0.00015323460128513364,0
normal:normal2:1027,0,0.00020715987557191166,0
normal:normal2:1028,0,3.5244053719907242e-06,0
normal:normal2:1030,0,3.9489593746111495e-06,0
normal:normal2:1033,0,0.0500699812546372,0
normal:normal2:1035,0,0.0007464090194843898,0
normal:normal2:1037,0,2.250697320960171e-05,0
normal:normal2:1038,0,0.00130615412490435,0
normal:normal2:1039,0,4.869091026193928e-05,0
normal:normal2:1040,0,0.0032607295524940015,0
normal:normal2:1041,0,1.586070538905915e-05,0
normal:normal2:1043,0,3.8578250496357214e-05,0
normal:normal2:1044,0,4.2845841562666465e-05,0
normal:normal2:1045,0,0.0002516338863642,0
normal:normal2:1046,0,0.0020951585611328,0
normal:normal2:1047,0,0.011756603606045201,0
normal:normal2:1048,0,0.5816347897052765,0
normal:normal2:1049,0,0.00195560598513105,0
normal:normal2:1050,0,0.00126935241860335,0
normal:normal2:1051,0,0.10068712290376419,0
normal:normal2:1052,0,0.00506600644439455,0
normal:normal2:1053,0,0.02427164139226075,0
normal:normal2:1054,0,0.00433079886715855,0
normal:normal2:1055,0,0.00139403750654305,0
normal:normal2:1056,0,6.185219945109566e-06,0
normal:normal2:1058,0,0.0002606908219604095,0
normal:normal2:1059,0,2.951991973532131e-05,0
normal:normal2:1060,0,0.0007989273890415977,0
normal:normal2:1062,0,0.07577967830002305,0
normal:normal2:1064,0,0.8524634540081024,1
normal:normal2:1067,0,0.006969004942220575,0
normal:normal2:1073,0,0.00783060630783435,0
normal:normal2:1084,0,0.0694242278113961,0
normal:normal2:1086,0,0.3624398410320282,0
normal:normal2:1088,0,0.00022006363724355,0
normal:normal2:1089,0,8.078424480113052e-05,0
normal:normal2:1090,0,2.2628951256820073e-05,0
normal:normal2:1091,0,0.00011949048348468567,0
normal:normal2:1093,0,0.0002982897058245,0
normal:normal2:1094,0,0.0001899829960680045,0
normal:normal2:1096,0,2.1860029126704226e-05,0
normal:normal2:1098,0,0.0023253171239048,0
normal:normal2:1100,0,0.0023569799959659,0
normal:normal2:1102,0,0.007200394344787701,0
normal:normal2:1103,0,1.3641703503708413e-05,0
normal:normal2:1104,0,0.00016277859140242595,0
normal:normal2:1105,0,0.00196118088206275,0
normal:normal2:1106,0,0.00010805429701575718,0
normal:normal2:1108,0,2.539926435929374e-05,0
normal:normal2:1109,0,5.5376171426146925e-09,0
normal:normal2:1110,0,0.001076786284272622,0
normal:normal2:1111,0,4.398979626785149e-05,0
normal:normal2:1112,0,0.0039535012328997,0
normal:normal2:1113,0,0.0013810402670059998,0
normal:normal2:1114,0,0.0006161122901175595,0
normal:normal2:1116,0,0.00020289445092198116,0
normal:normal2:1117,0,0.01508927432587365,0
normal:normal2:1118,0,0.0004627792513929,0
normal:normal2:1120,0,3.594012014218606e-05,0
normal:normal2:1122,0,0.00027144156774735,0
normal:normal2:1123,0,0.027479809010401302,0
normal:normal2:1124,0,0.00019361793965795001,0
normal:normal2:1125,0,0.03724960982799525,0
normal:normal2:1126,0,0.0001592077906025076,0
normal:normal2:1127,0,0.0009392396386829,0
normal:normal2:1128,0,0.0008004811658489688,0
normal:normal2:1130,0,5.1563470350371885e-05,0
normal:normal2:1131,0,0.0015711901651229,0
normal:normal2:1132,0,0.02081838902086015,0
normal:normal2:1134,0,0.000410197477322,0
normal:normal2:1135,0,0.0007632575907336501,0
normal:normal2:1136,0,5.024807165909806e-07,0
normal:normal2:1138,0,0.0005611975357169,0
normal:normal2:1141,0,0.02503287524450565,0
normal:normal2:1142,0,6.156881295281221e-05,0
normal:normal2:1144,0,0.0002594354300526707,0
normal:normal2:1145,0,7.57661276793132e-05,0
normal:normal2:1147,0,0.0005843952603754,0
normal:normal2:1148,0,3.959017146826227e-05,0
normal:normal2:1149,0,0.00016409421004934146,0
normal:normal2:1150,0,0.00157635110372205,0
normal:normal2:1151,0,0.000901836581760981,0
normal:normal2:1152,0,0.0012932445124533352,0
normal:normal2:1153,0,0.0001825247527449,0
normal:normal2:1154,0,0.006069433598933402,0
normal:normal2:1155,0,0.0003265721024945,0
normal:normal2:1156,0,0.0120972048025578,0
normal:normal2:1157,0,0.0003482530701148751,0
normal:normal2:1158,0,9.192645393337166e-05,0
normal:normal2:1160,0,0.010864145020604999,0
normal:normal2:1161,0,2.484847607320262e-05,0
normal:normal2:1162,0,0.0377411639783531,0
normal:normal2:1163,0,0.00013172440606009554,0
normal:normal2:1164,0,9.555361316415656e-06,0
normal:normal2:1167,0,5.957856546953727e-05,0
normal:normal2:1168,0,9.68986273619521e-06,0
normal:normal2:1169,0,0.00043773178185795003,0
normal:normal2:1170,0,0.0035180513514205,0
normal:normal2:1171,0,0.0066029911395162,0
normal:normal2:1173,0,7.506594295133816e-05,0
normal:normal2:1174,0,3.9400692912749946e-05,0
normal:normal2:1175,0,2.21331976035799e-06,0
normal:normal2:1176,0,0.00027281104121355,0
normal:normal2:1177,0,4.412007956489106e-05,0
normal:normal2:1178,0,0.00010580343882792691,0
normal:normal2:1179,0,0.00171100662555545,0
normal:normal2:1180,0,0.0021851880301255503,0
normal:normal2:1181,0,0.0021462165168486,0
normal:normal2:1182,0,0.00014685941278,0
normal:normal2:1183,0,7.547214693199446e-05,0
normal:normal2:1184,0,0.0003412300748095657,0
normal:normal2:1185,0,0.00013554109273172617,0
normal:normal2:1187,0,1.9525703294220875e-06,0
normal:normal2:1188,0,0.00022536054530062898,0
normal:normal2:1189,0,0.001606831268873,0
normal:normal2:1190,0,0.00014324075141302866,0
normal:normal2:1191,0,0.0001754825643729,0
normal:normal2:1192,0,0.0020590152125805,0
normal:normal2:1194,0,6.0110616686870344e-05,0
normal:normal2:1196,0,0.0002191078128817001,0
normal:normal2:1197,0,0.0267403945326805,0
normal:normal2:1198,0,1.4494805327558424e-05,0
normal:normal2:1200,0,0.00160481341299595,0
normal:normal2:1201,0,1.2429761397925176e-06,0
normal:normal2:1202,0,7.585493347046357e-05,0
normal:normal2:1203,0,0.0020306478895690356,0
normal:normal2:1204,0,0.0007991060847416,0
normal:normal2:1205,0,2.788715377732842e-06,0
normal:normal2:1206,0,0.02091750338149715,0
normal:normal2:1209,0,0.0031209840090013503,0
normal:normal2:1214,0,0.07948700524866575,0
normal:normal2:1218,0,3.892897792923122e-05,0
normal:normal2:1219,0,0.01763718202710145,0
normal:normal2:1220,0,0.00078213185770435,0
normal:normal2:1221,0,0.00064635873422955,0
normal:normal2:1222,0,0.0139785737264901,0
normal:normal2:1223,0,0.00023551045160269998,0
normal:normal2:1224,0,3.8162007200526205e-05,0
normal:normal2:1225,0,0.0015683264937251498,0
normal:normal2:1226,0,0.00019777664181214763,0
normal:normal2:1227,0,0.0004191179168628787,0
normal:normal2:1228,0,5.627781911243184e-05,0
normal:normal2:1231,0,0.0023585301314596498,0
normal:normal2:1232,0,0.02727706031873815,0
normal:normal2:1234,0,2.799456430579994e-05,0
normal:normal2:1236,0,0.0070508115459233,0
normal:normal2:1237,0,0.0015879294842306942,0
normal:normal2:1240,0,5.7195814406441066e-05,0
normal:normal2:1241,0,7.558916761851162e-05,0
normal:normal2:1242,0,0.00011011902478226837,0
normal:normal2:1243,0,0.0013862297055311,0
normal:normal2:1244,0,0.0024440785243768862,0
normal:normal2:1245,0,0.00010720131467675658,0
normal:normal2:1247,0,0.0603781379759311,0
normal:normal2:1250,0,0.6661828756332397,1
normal:normal2:1252,0,0.00219162189750925,0
normal:normal2:1253,0,0.00024024642425497447,0
normal:normal2:1254,0,0.01599966455250975,0
normal:normal2:1256,0,6.462668807215841e-05,0
normal:normal2:1257,0,0.0422998908907175,0
normal:normal2:1258,0,0.002936128767146311,0
normal:normal2:1260,0,0.0003354223663336,0
normal:normal2:1261,0,0.00015356219500972383,0
normal:normal2:1262,0,3.7402602721670064e-06,0
normal:normal2:1264,0,0.0720723289996385,0
normal:normal2:1266,0,0.005316206216775733,0
normal:normal2:1267,0,0.0003950197133235,0
normal:normal2:1269,0,0.0002084440296622612,0
normal:normal2:1270,0,0.00052870978834105,0
normal:normal2:1271,0,0.0568086840212345,0
normal:normal2:1272,0,0.002736801274295421,0
normal:normal2:1273,0,9.488590876570918e-05,0
normal:normal2:1274,0,3.831977950952137e-05,0
normal:normal2:1275,0,0.0026999286637874,0
normal:normal2:1276,0,0.00105249886109955,0
normal:normal2:1277,0,0.00011906175139602627,0
normal:normal2:1278,0,0.00303466577315695,0
normal:normal2:1279,0,0.00020871435117439767,0
normal:normal2:1280,0,4.7329546760011e-05,0
normal:normal2:1281,0,0.0047415005974471005,0
normal:normal2:1282,0,6.129095382334526e-07,0
normal:normal2:1285,0,8.76904277902213e-06,0
normal:normal2:1286,0,3.3615752073501426e-05,0
normal:normal2:1287,0,0.0872707618400454,0
normal:normal2:1288,0,0.00442652549827465,0
normal:normal2:1289,0,0.0030362783581949003,0
normal:normal2:1290,0,0.004194591616396785,0
normal:normal2:1291,0,0.003281821827840729,0
normal:normal2:1292,0,4.966868914380029e-06,0
normal:normal2:1293,0,0.00011939540854652455,0
normal:normal2:1294,0,0.00029941147113272904,0
normal:normal2:1295,0,0.0018427880131639,0
normal:normal2:1296,0,1.808052229534951e-05,0
normal:normal2:1300,0,8.70516560098622e-05,0
normal:normal2:1301,0,0.00026966625227937757,0
normal:normal2:1302,0,0.01459840591996905,0
normal:normal2:1303,0,2.9267115841946634e-08,0
normal:normal2:1304,0,0.00016285166293525003,0
normal:normal2:1305,0,0.057305047288537,0
normal:normal2:1306,0,0.0014944280083,0
normal:normal2:1307,0,1.331138690829903e-06,0
normal:normal2:1308,0,8.682492875777825e-07,0
normal:normal2:1310,0,0.00011401714618840757,0
normal:normal2:1311,0,0.0004062908556079,0
normal:normal2:1314,0,0.0004701651705545097,0
normal:normal2:1315,0,0.00016225752096939584,0
normal:normal2:1316,0,0.00042407726141385,0
normal:normal2:1317,0,0.0005922962109252406,0
normal:normal2:1318,0,0.0007967454857862258,0
normal:normal2:1319,0,9.448794344280032e-06,0
normal:normal2:1320,0,2.661344922216813e-06,0
normal:normal2:1321,0,2.3316932683314917e-05,0
normal:normal2:1322,0,5.591253682268871e-07,0
normal:normal2:1323,0,0.00085701858188255,0
normal:normal2:1326,0,0.005354219028959,0
normal:normal2:1327,0,2.9128457072147285e-05,0
normal:normal2:1328,0,0.048808934167027404,0
normal:normal2:1329,0,1.3898893413966107e-07,0
normal:normal2:1330,0,0.0047122213545662504,0
normal:normal2:1332,0,6.187642838995089e-06,0
normal:normal2:1333,0,2.17862288991455e-05,0
normal:normal2:1334,0,0.00017752410349201916,0
normal:normal2:1335,0,0.005024148744269017,0
normal:normal2:1336,0,0.03670016862452025,0
normal:normal2:1337,0,0.013897494594857554,0
normal:normal2:1338,0,0.00014867675781715255,0
normal:normal2:1341,0,0.01188510842621325,0
normal:normal2:1342,0,3.1234749522240923e-07,0
normal:normal2:1343,0,5.131343073117023e-06,0
normal:normal2:1344,0,4.0985939904203406e-06,0
normal:normal2:1345,0,0.001966997568805056,0
normal:normal2:1346,0,3.3958874894324254e-05,0
normal:normal2:1347,0,8.620807830081071e-05,0
normal:normal2:1348,0,0.00187521257612385,0
normal:normal2:1349,0,0.0010078448394778999,0
normal:normal2:1350,0,0.00042805623888850507,0
normal:normal2:1351,0,3.0507998260986824e-07,0
normal:normal2:1356,0,0.8948551118373871,1
normal:normal2:1357,0,0.4115077555179596,0
normal:normal2:1360,0,0.0307091034483164,0
normal:normal2:1362,0,0.01675636041909455,0
normal:normal2:1365,0,0.2534355670213699,0
normal:normal2:1371,0,0.00566431111656125,0
normal:normal2:1376,0,0.0023705907806287497,0
normal:normal2:1379,0,0.1024921331554651,0
normal:normal2:1385,0,0.0320551749318838,0
normal:normal2:1396,0,0.2807548567652702,0
normal:normal2:1400,0,0.553465336561203,0
normal:normal2:1401,0,0.0184024791233241,0
normal:normal2:1406,0,0.21208290755748743,0
normal:normal2:1412,0,0.0225699259899556,0
normal:normal2:1419,0,0.41684093326330185,0
normal:normal2:1422,0,0.0009629696178307956,0
normal:normal2:1423,0,0.024621066637337152,0
normal:normal2:1427,0,0.36668393947184086,0
normal:normal2:1430,0,0.08575431443750856,0
normal:normal2:1431,0,0.25492492131888866,0
normal:normal2:1436,0,0.33985408395528793,0
normal:normal2:1437,0,0.23731783777475357,0
normal:normal2:1438,0,0.2881439067423343,0
normal:normal2:1440,0,0.0581226516515016,0
normal:normal2:1442,0,8.523632732248377e-05,0
normal:normal2:383,0,0.0088024644646793,0
normal:normal2:384,0,0.0548250321298837,0
normal:normal2:385,0,5.9288019428975856e-05,0
normal:normal2:386,0,0.00016193205419764796,0
normal:normal2:388,0,0.00017718134881758226,0
normal:normal2:389,0,0.0230930997058749,0
normal:normal2:390,0,0.0012062845344189,0
normal:normal2:391,0,0.00096294531249435,0
normal:normal2:392,0,4.452854193459643e-05,0
normal:normal2:393,0,0.029146140441298398,0
normal:normal2:394,0,0.0028699873400910023,0
normal:normal2:395,0,0.01970454904866868,0
normal:normal2:396,0,0.18327237665653223,0
normal:normal2:397,0,0.0008884918643161,0
normal:normal2:399,0,5.86319241903823e-05,0
normal:normal2:401,0,4.222391544317361e-05,0
normal:normal2:402,0,0.00161779068730535,0
normal:normal2:403,0,4.7964688747015316e-05,0
normal:normal2:404,0,0.008286596043035301,0
normal:normal2:406,0,0.0082608042284846,0
normal:normal2:407,0,1.967452249118651e-06,0
normal:normal2:408,0,0.00146925423177885,0
normal:normal2:409,0,2.417792103415195e-06,0
normal:normal2:410,0,2.547500344007858e-06,0
normal:normal2:412,0,0.00485285161994395,0
normal:normal2:413,0,1.9468814116407884e-06,0
normal:normal2:414,0,4.042399586978718e-05,0
normal:normal2:415,0,0.004520802292972749,0
normal:normal2:416,0,0.0011196670132777953,0
normal:normal2:417,0,0.055759409442543956,0
normal:normal2:418,0,4.524736496591686e-08,0
normal:normal2:419,0,0.24107563495635986,0
normal:normal2:421,0,0.0015523444744758,0
normal:normal2:423,0,3.800424872224539e-05,0
normal:normal2:424,0,0.00065733004885255,0
normal:normal2:425,0,0.49384020268917084,0
normal:normal2:427,0,0.0044435932068154,0
normal:normal2:428,0,0.0237689181230962,0
normal:normal2:429,0,0.00035162561107424995,0
normal:normal2:433,0,0.00126736090169285,0
normal:normal2:435,0,0.26288581028347835,0
normal:normal2:437,0,0.0011332577851135002,0
normal:normal2:439,0,0.00145448733837838,0
normal:normal2:440,0,3.341230403464124e-09,0
normal:normal2:441,0,0.01531462860293685,0
normal:normal2:443,0,0.002292989636771377,0
normal:normal2:445,0,0.0011784004163928,0
normal:normal2:447,0,0.00185703419265335,0
normal:normal2:448,0,0.0015529341762885,0
normal:normal2:449,0,0.00279468321241435,0
normal:normal2:450,0,0.0005698985060007326,0
normal:normal2:451,0,0.0007329083705371807,0
normal:normal2:452,0,0.0075609826017171,0
normal:normal2:453,0,0.00032993711647575,0
normal:normal2:454,0,0.00028240947358423944,0
normal:normal2:455,0,0.00018872344645612374,0
normal:normal2:456,0,0.0003413317358535816,0
normal:normal2:458,0,0.00034896464785555,0
normal:normal2:460,0,1.5991039703067145e-05,0
normal:normal2:462,0,7.343889683395909e-05,0
normal:normal2:463,0,0.0012269012804607998,0
normal:normal2:464,0,0.0027583928276726,0
normal:normal2:465,0,2.1369860903064364e-07,0
normal:normal2:466,0,0.005589950713329,0
normal:normal2:468,0,0.0165645014494657,0
normal:normal2:472,0,0.00018390478498981545,0
normal:normal2:473,0,0.0008299500182147304,0
normal:normal2:474,0,6.959183139088054e-06,0
normal:normal2:475,0,2.52122094934748e-06,0
normal:normal2:476,0,0.0001764902699505613,0
normal:normal2:478,0,0.00048345708637495,0
normal:normal2:479,0,0.00274756335420525,0
normal:normal2:480,0,0.0349800998810678,0
normal:normal2:481,0,0.0026653365930542,0
normal:normal2:482,0,0.00013939274685977694,0
normal:normal2:485,0,0.00010312936137778038,0
normal:normal2:486,0,0.00011143423148495896,0
normal:normal2:487,0,0.00931236572796475,0
normal:normal2:488,0,0.005502504965988851,0
normal:normal2:489,0,5.241713279247051e-05,0
normal:normal2:490,0,0.0002671448746696,0
normal:normal2:491,0,2.81346106021374e-05,0
normal:normal2:493,0,1.0540489903121399e-07,0
normal:normal2:496,0,0.009054734353412641,0
normal:normal2:497,0,2.1211649155361553e-05,0
normal:normal2:499,0,9.057492707140745e-05,0
normal:normal2:500,0,0.0001180959734483415,0
normal:normal2:501,0,4.181907897304882e-06,0
normal:normal2:502,0,0.0207002449315041,0
normal:normal2:503,0,9.13758021851645e-05,0
normal:normal2:506,0,1.9812447590084048e-05,0
normal:normal2:507,0,8.813386011747836e-05,0
normal:normal2:508,0,0.00035648265475173783,0
normal:normal2:509,0,0.000404806152801,0
normal:normal2:511,0,0.00014646961153627484,0
normal:normal2:512,0,5.5033396023373125e-05,0
normal:normal2:513,0,0.00010342688801752014,0
normal:normal2:515,0,0.0022399352747015,0
normal:normal2:516,0,1.1336870358036322e-06,0
normal:normal2:517,0,0.0296069157775491,0
normal:normal2:518,0,1.0540657484625626e-06,0
normal:normal2:520,0,0.00015157844609347892,0
normal:normal2:521,0,4.829440331377555e-05,0
normal:normal2:522,0,0.0045649324310943,0
normal:normal2:523,0,1.2815767718166171e-06,0
normal:normal2:525,0,6.85341742609782e-05,0
normal:normal2:526,0,0.0008499762916471499,0
normal:normal2:528,0,0.00043838195051645423,0
normal:normal2:529,0,1.946031318311725e-07,0
normal:normal2:530,0,0.0006693685390927902,0
normal:normal2:531,0,0.25196123495697975,0
normal:normal2:533,0,0.00201360648497935,0
normal:normal2:535,0,0.002711345532588825,0
normal:normal2:536,0,0.012136673118220599,0
normal:normal2:537,0,0.00429720978718245,0
normal:normal2:539,0,0.0116709802532568,0
normal:normal2:540,0,0.00012116898142263801,0
normal:normal2:541,0,0.0013825148307659728,0
normal:normal2:543,0,1.9638731885152083e-06,0
normal:normal2:545,0,0.00029637658326462323,0
normal:normal2:547,0,1.6381758243255717e-06,0
normal:normal2:550,0,3.620788873281988e-06,0
normal:normal2:551,0,0.001101877860492,0
normal:normal2:552,0,0.0003276989700679872,0
normal:normal2:553,0,0.0041066881967708,0
normal:normal2:554,0,0.25342804938554764,0
normal:normal2:555,0,0.000503339755558337,0
normal:normal2:557,0,0.00023680786125620956,0
normal:normal2:558,0,4.905187694248525e-06,0
normal:normal2:559,0,0.05081524979323145,0
normal:normal2:561,0,0.000221254529606,0
normal:normal2:563,0,0.00011445791278672169,0
normal:normal2:564,0,0.00037260362842060445,0
normal:normal2:566,0,0.0009310134726092359,0
normal:normal2:567,0,7.978373105288483e-06,0
normal:normal2:568,0,0.0026421172660775,0
normal:normal2:569,0,0.25568236690014595,0
normal:normal2:571,0,0.004280792549252449,0
normal:normal2:572,0,1.2999129239688045e-07,0
normal:normal2:573,0,4.110948020752403e-05,0
normal:normal2:575,0,0.00317281595198435,0
normal:normal2:576,0,0.0012368010939098001,0
normal:normal2:577,0,0.00048041519767135,0
normal:normal2:578,0,0.0017558297768118499,0
normal:normal2:579,0,0.0116133783012628,0
normal:normal2:580,0,1.5668927062506555e-05,0
normal:normal2:582,0,0.0016218474747802217,0
normal:normal2:583,0,0.00041831715498115,0
normal:normal2:585,0,0.0013776964624412,0
normal:normal2:587,0,0.0103369641777438,0
normal:normal2:588,0,0.0056733629025984,0
normal:normal2:589,0,8.30199834922496e-06,0
normal:normal2:592,0,0.0007258312898556698,0
normal:normal2:594,0,0.00012324530575822038,0
normal:normal2:595,0,0.0163158139766892,0
normal:normal2:596,0,1.1561241075597195e-08,0
normal:normal2:599,0,0.00056905252131395,0
normal:normal2:600,0,0.0557480417191982,0
normal:normal2:601,0,1.4496197593416582e-06,0
normal:normal2:602,0,0.01128047594102095,0
normal:normal2:603,0,0.00420367746846745,0
normal:normal2:604,0,0.0003680616273413455,0
normal:normal2:609,0,0.000107004530946097,0
normal:normal2:611,0,0.8730446100234985,1
normal:normal2:616,0,5.193891405496038e-05,0
normal:normal2:617,0,3.192642270732904e-05,0
normal:normal2:618,0,0.02998214121907945,0
normal:normal2:619,0,1.564450371915882e-06,0
normal:normal2:620,0,0.0012482585152611,0
normal:normal2:621,0,0.18117607757449145,0
normal:normal2:622,0,9.451913092559673e-05,0
normal:normal2:623,0,0.0137480807024985,0
normal:normal2:626,0,1.6568372757319594e-05,0
normal:normal2:627,0,0.00021038787963330001,0
normal:normal2:629,0,0.0029485248014679685,0
normal:normal2:630,0,0.019600130792241502,0
normal:normal2:633,0,1.7688721243303007e-06,0
normal:normal2:634,0,0.0020976764208171,0
normal:normal2:635,0,0.00160298205446445,0
normal:normal2:636,0,0.037246437044814146,0
normal:normal2:637,0,0.00049019343714455,0
normal:normal2:640,0,1.0895435025304323e-05,0
normal:normal2:641,0,0.0005052075721323,0
normal:normal2:642,0,9.089013474294916e-06,0
normal:normal2:643,0,3.231501295886119e-05,0
normal:normal2:645,0,9.926953572400738e-05,0
normal:normal2:647,0,9.480152004923098e-05,0
normal:normal2:648,0,0.0015399337609096348,0
normal:normal2:649,0,2.5194691716023954e-05,0
normal:normal2:650,0,0.0005334060551831,0
normal:normal2:651,0,0.08638257949496618,0
normal:normal2:652,0,0.001359320067422222,0
normal:normal2:653,0,0.015432665240950851,0
normal:normal2:654,0,0.056799676269292804,0
normal:normal2:655,0,0.0003437615669099,0
normal:normal2:657,0,0.0184925156645476,0
normal:normal2:659,0,0.10451043583452696,0
normal:normal2:660,0,0.00195963360602035,0
normal:normal2:661,0,2.4329739673589753e-05,0
normal:normal2:662,0,0.0009927343053277,0
normal:normal2:663,0,3.619537767285408e-06,0
normal:normal2:664,0,0.0226667034439742,0
normal:normal2:665,0,0.38389717042446136,0
normal:normal2:666,0,3.917588564661401e-08,0
normal:normal2:667,0,0.0013405975769273499,0
normal:normal2:668,0,2.3594851882080548e-05,0
normal:normal2:669,0,8.843020395943312e-07,0
normal:normal2:671,0,0.0009350174223072001,0
normal:normal2:672,0,1.408602400942982e-06,0
normal:normal2:673,0,0.0011864973147339523,0
normal:normal2:675,0,0.00022932154388395,0
normal:normal2:678,0,0.03713376948144285,0
normal:normal2:680,0,0.0009204390044032812,0
normal:normal2:682,0,0.0003022855651124495,0
normal:normal2:683,0,0.0004108288566157979,0
normal:normal2:684,0,0.00010505678255865257,0
normal:normal2:686,0,7.207008155770866e-05,0
normal:normal2:687,0,0.00020363676470221866,0
normal:normal2:689,0,0.00011891180292876442,0
normal:normal2:690,0,7.319352152990177e-05,0
normal:normal2:692,0,0.00026338697716708363,0
normal:normal2:693,0,0.0130174762452952,0
normal:normal2:694,0,0.0005666662564180662,0
normal:normal2:695,0,0.00121708441292865,0
normal:normal2:696,0,0.00359209824819115,0
normal:normal2:698,0,5.524407424668586e-05,0
normal:normal2:699,0,2.9037049756652777e-05,0
normal:normal2:700,0,0.0007478387851733,0
normal:normal2:702,0,0.00019762977899515002,0
normal:normal2:705,0,0.057482512202113804,0
normal:normal2:707,0,0.03262882745184465,0
normal:normal2:718,0,0.1081084161996841,0
normal:normal2:719,0,0.21487816423177716,0
normal:normal2:723,0,0.8296133577823639,1
normal:normal2:725,0,0.339328333735466,0
normal:normal2:727,0,0.19962148647755382,0
normal:normal2:730,0,0.0123976988252252,0
normal:normal2:736,0,0.5925944298505783,1
normal:normal2:741,0,0.8901619911193848,1
normal:normal2:744,0,0.0175548233091831,0
normal:normal2:746,0,0.016560946591198347,0
normal:normal2:749,0,0.0001043702104652,0
normal:normal2:753,0,0.0001599650640855,0
normal:normal2:757,0,0.0490218407940119,0
normal:normal2:765,0,0.6616930663585663,1
normal:normal2:771,0,0.3904075250029564,0
normal:normal2:772,0,0.0216836906038224,0
normal:normal2:774,0,0.0011058794625568502,0
normal:normal2:775,0,0.0021490263691248336,0
normal:normal2:776,0,0.0344210788607597,0
normal:normal2:777,0,9.327083105858948e-08,0
normal:normal2:780,0,0.00661288764968045,0
normal:normal2:781,0,0.00459539634175595,0
normal:normal2:790,0,0.12443432770669455,0
normal:normal2:793,0,0.0892829056829214,0
normal:normal2:796,0,0.0002618475436974809,0
normal:normal2:797,0,0.0012220178105053,0
normal:normal2:798,0,0.0029712316263612462,0
normal:normal2:799,0,0.00435076851863405,0
normal:normal2:803,0,0.18746339529752726,0
normal:normal2:804,0,0.0031055827275849003,0
normal:normal2:806,0,0.0005654487249557768,0
normal:normal2:807,0,2.7534582841326483e-05,0
normal:normal2:808,0,6.329732389074096e-05,0
normal:normal2:809,0,4.429417117535195e-07,0
normal:normal2:810,0,0.00071485585067415,0
normal:normal2:811,0,0.000774932037984359,0
normal:normal2:812,0,0.01145757827907795,0
normal:normal2:814,0,0.00010319145803805235,0
normal:normal2:815,0,0.00026864946266865,0
normal:normal2:816,0,8.941515602600349e-05,0
normal:normal2:818,0,0.019897479292922016,0
normal:normal2:819,0,0.00075189518247495,0
normal:normal2:820,0,0.00027100115403297853,0
normal:normal2:821,0,0.0006782470736651999,0
normal:normal2:822,0,0.00751520227640865,0
normal:normal2:824,0,0.0022513634175993,0
normal:normal2:825,0,1.4194391049215938e-06,0
normal:normal2:826,0,0.0017025854904204,0
normal:normal2:827,0,0.0013924386003054,0
normal:normal2:828,0,0.0474746692925691,0
normal:normal2:829,0,0.0010338792926631,0
normal:normal2:830,0,0.00044940299994775004,0
normal:normal2:831,0,0.0004255647041872903,0
normal:normal2:832,0,0.021865344831894565,0
normal:normal2:833,0,0.0008121294522424501,0
normal:normal2:834,0,0.0121221616864204,0
normal:normal2:836,0,0.00039011154876785,0
normal:normal2:837,0,0.00017120166012315,0
normal:normal2:838,0,8.751568145726196e-07,0
normal:normal2:839,0,5.150691322342027e-05,0
normal:normal2:840,0,0.042510027065873104,0
normal:normal2:841,0,0.0126053872518241,0
normal:normal2:842,0,3.5758816512299063e-06,0
normal:normal2:843,0,2.626122594051594e-06,0
normal:normal2:845,0,2.388055781921139e-05,0
normal:normal2:846,0,5.362986001955505e-07,0
normal:normal2:847,0,0.00022057357637093658,0
normal:normal2:848,0,0.0034781926078721504,0
normal:normal2:849,0,7.690369102419936e-06,0
normal:normal2:851,0,0.03587008546181397,0
normal:normal2:852,0,4.749571189677226e-06,0
normal:normal2:853,0,9.99496587610262e-05,0
normal:normal2:854,0,0.1738893240690231,0
normal:normal2:855,0,0.8560068309307098,1
normal:normal2:856,0,0.04181665414944285,0
normal:normal2:857,0,0.00010422396906049702,0
normal:normal2:858,0,0.00116199976764615,0
normal:normal2:859,0,8.232092568505323e-06,0
normal:normal2:860,0,4.032918809571129e-06,0
normal:normal2:862,0,5.251754527077137e-05,0
normal:normal2:863,0,0.00181529973633585,0
normal:normal2:865,0,0.00028551377363324984,0
normal:normal2:866,0,0.02090880155446935,0
normal:normal2:867,0,0.00624659622553735,0
normal:normal2:868,0,1.0067914786304755e-05,0
normal:normal2:869,0,0.00070129300002005,0
normal:normal2:870,0,1.0813892572514307e-05,0
normal:normal2:871,0,8.659242757853294e-05,0
normal:normal2:872,0,0.006919843144714799,0
normal:normal2:873,0,0.0004130508759771558,0
normal:normal2:874,0,0.00014311849372458348,0
normal:normal2:875,0,0.00017853976919467718,0
normal:normal2:876,0,0.09383210539817805,0
normal:normal2:877,0,5.464984133141116e-05,0
normal:normal2:879,0,0.0013117991238686907,0
normal:normal2:880,0,0.0121465291595086,0
normal:normal2:881,0,0.00032423916127295,0
normal:normal2:882,0,0.0019948229892179,0
normal:normal2:885,0,0.00385122257284815,0
normal:normal2:886,0,0.00344536987540775,0
normal:normal2:887,0,0.0001260513654415232,0
normal:normal2:888,0,0.0005282762285787493,0
normal:normal2:890,0,0.10414809361100194,0
normal:normal2:892,0,3.491271593247802e-05,0
normal:normal2:893,0,1.416691674194226e-06,0
normal:normal2:894,0,3.187793436154607e-05,0
normal:normal2:895,0,0.0009687167384981523,0
normal:normal2:896,0,0.00016744020149414432,0
normal:normal2:897,0,0.00044913099554832217,0
normal:normal2:898,0,5.402018541644793e-05,0
normal:normal2:899,0,0.00018752937569387792,0
normal:normal2:900,0,0.0016718291299184498,0
normal:normal2:903,0,0.0007676111523550976,0
normal:normal2:904,0,0.00376258033793415,0
normal:normal2:905,0,2.999205577225439e-06,0
normal:normal2:906,0,4.756386864812612e-06,0
normal:normal2:907,0,0.0006377244135364,0
normal:normal2:908,0,3.47309395465345e-05,0
normal:normal2:909,0,4.0873979742173105e-05,0
normal:normal2:910,0,0.021742695244029102,0
normal:normal2:911,0,0.030185400042682848,0
normal:normal2:912,0,8.842725947030188e-05,0
normal:normal2:913,0,0.0005827602189185484,0
normal:normal2:914,0,0.0002484213473508,0
normal:normal2:915,0,2.3960883197560182e-05,0
normal:normal2:917,0,4.039120558019249e-07,0
normal:normal2:918,0,0.0013652894413098,0
normal:normal2:919,0,0.0007241172679641403,0
normal:normal2:922,0,0.01884190086275335,0
normal:normal2:923,0,0.00012546903826657992,0
normal:normal2:924,0,2.0688818040071055e-05,0
normal:normal2:925,0,0.00012580330803754134,0
normal:normal2:926,0,0.0012400518917274864,0
normal:normal2:927,0,0.0944886719807982,0
normal:normal2:929,0,0.0013476747553795,0
normal:normal2:930,0,0.0014682989858555999,0
normal:normal2:931,0,4.993549555365462e-05,0
normal:normal2:932,0,0.0061410805501509,0
normal:normal2:933,0,0.00072570597694715,0
normal:normal2:934,0,6.453325386241506e-05,0
normal:normal2:935,0,0.00027700982900565,0
normal:normal2:936,0,0.00016406875784012682,0
normal:normal2:937,0,2.8860422389698215e-05,0
normal:normal2:939,0,3.526779687490489e-05,0
normal:normal2:941,0,0.6440990567207336,1
normal:normal2:942,0,0.00022921971174125744,0
normal:normal2:944,0,0.0025120797654380497,0
normal:normal2:945,0,0.0146957829711027,0
normal:normal2:946,0,0.00025618176550778,0
normal:normal2:947,0,0.008586993557401,0
normal:normal2:948,0,2.7749571245294646e-06,0
normal:normal2:949,0,0.0008730251865926501,0
normal:normal2:950,0,0.0029067355208098004,0
normal:normal2:951,0,8.278980931205977e-05,0
normal:normal2:952,0,0.00012465413601595,0
normal:normal2:954,0,0.00013840353152256996,0
normal:normal2:955,0,0.00059365834749765,0
normal:normal2:956,0,0.00027341170743966267,0
normal:normal2:957,0,0.00013755586087425652,0
normal:normal2:959,0,9.940944467642067e-05,0
normal:normal2:960,0,7.532958716179757e-05,0
normal:normal2:961,0,0.0002446653452352,0
normal:normal2:962,0,0.002157404669560447,0
normal:normal2:965,0,0.0010578531655482501,0
normal:normal2:966,0,2.5079587430809624e-05,0
normal:normal2:967,0,0.03861356712877745,0
normal:normal2:969,0,0.11982923804316664,0
normal:normal2:970,0,0.0005559039564104,0
normal:normal2:971,0,0.0047624525614082,0
normal:normal2:974,0,0.00076540201553135,0
normal:normal2:975,0,6.2671533795910506e-06,0
normal:normal2:976,0,0.0008271635144864845,0
normal:normal2:977,0,0.00065890204859895,0
normal:normal2:978,0,2.7485612690725247e-05,0
normal:normal2:979,0,0.000644026818918,0
normal:normal2:980,0,0.36063697189092636,0
normal:normal2:981,0,0.0003443206105657319,0
normal:normal2:983,0,0.00013137599565496064,0
normal:normal2:986,0,1.5664362990719383e-05,0
normal:normal2:987,0,6.939426203445009e-06,0
normal:normal2:988,0,0.00010111231108565563,0
normal:normal2:989,0,8.343290392076597e-05,0
normal:normal2:992,0,0.00023562964270235,0
normal:normal2:993,0,0.000147462365021011,0
normal:normal2:994,0,0.045631929198862005,0
normal:normal2:995,0,0.008419739140435907,0
normal:normal2:997,0,0.0061732255853712,0
normal:normal2:998,0,0.02448334335349495,0
normal:normal2:999,0,3.8545404095202684e-06,0
pneumonia:bacteria:1,1,0.9751027971506119,1
pneumonia:bacteria:10,1,0.9993856251239777,1
pneumonia:bacteria:1000,1,0.9999964237213135,1
pneumonia:bacteria:1001,1,0.9988198280334473,1
pneumonia:bacteria:1002,1,0.9983559250831604,1
pneumonia:bacteria:1003,1,0.9999929666519165,1
pneumonia:bacteria:1004,1,0.9999186992645264,1
pneumonia:bacteria:1005,1,0.999669224023819,1
pneumonia:bacteria:1006,1,0.9131909906864166,1
pneumonia:bacteria:1007,1,0.9999977350234985,1
pneumonia:bacteria:1008,1,0.9999978542327881,1
pneumonia:bacteria:1010,1,0.9985837042331696,1
pneumonia:bacteria:1011,1,0.9999451637268066,1
pneumonia:bacteria:1012,1,0.9999939799308776,1
pneumonia:bacteria:1014,1,0.9998937845230103,1
pneumonia:bacteria:1016,1,0.9999203681945802,1
pneumonia:bacteria:1017,1,0.9999436736106873,1
pneumonia:bacteria:1018,1,0.9999701976776123,1
pneumonia:bacteria:1019,1,0.9995523393154144,1
pneumonia:bacteria:1020,1,0.9999943375587463,1
pneumonia:bacteria:1022,1,0.9997921586036682,1
pneumonia:bacteria:1023,1,0.4353610426187515,0
pneumonia:bacteria:1024,1,0.9999930262565613,1
pneumonia:bacteria:1026,1,0.9998877346515656,1
pneumonia:bacteria:1028,1,0.9999557435512543,1
pneumonia:bacteria:1029,1,0.9999852776527405,1
pneumonia:bacteria:1031,1,0.9999958574771881,1
pneumonia:bacteria:1033,1,0.9976394772529602,1
pneumonia:bacteria:1034,1,0.9998721182346344,1
pneumonia:bacteria:1035,1,0.9957455098628998,1
pneumonia:bacteria:1036,1,0.9998870193958282,1
pneumonia:bacteria:1037,1,0.9999649524688722,1
pneumonia:bacteria:1038,1,0.9974218010902405,1
pneumonia:bacteria:1039,1,0.9993634521961212,1
pneumonia:bacteria:1040,1,0.9798461496829987,1
pneumonia:bacteria:1041,1,0.999980628490448,1
pneumonia:bacteria:1043,1,0.9996373951435089,1
pneumonia:bacteria:1044,1,0.9924430549144745,1
pneumonia:bacteria:1045,1,0.9993954300880432,1
pneumonia:bacteria:1046,1,0.99997878074646,1
pneumonia:bacteria:1048,1,0.9999958276748657,1
pneumonia:bacteria:1049,1,0.98198002576828,1
pneumonia:bacteria:1050,1,0.9999666213989258,1
pneumonia:bacteria:1051,1,0.9999536275863647,1
pneumonia:bacteria:1052,1,0.9985868334770203,1
pneumonia:bacteria:1053,1,0.9997708201408386,1
pneumonia:bacteria:1054,1,0.9996775388717651,1
pneumonia:bacteria:1055,1,0.9818833470344543,1
pneumonia:bacteria:1056,1,0.9999886751174928,1
pneumonia:bacteria:1057,1,0.9995939135551453,1
pneumonia:bacteria:1058,1,0.999995231628418,1
pneumonia:bacteria:1059,1,0.99996018409729,1
pneumonia:bacteria:1062,1,0.9994328022003174,1
pneumonia:bacteria:1063,1,0.9995266497135162,1
pneumonia:bacteria:1065,1,0.9999779462814331,1
pneumonia:bacteria:1066,1,0.9996540546417236,1
pneumonia:bacteria:1067,1,0.9997215569019318,1
pneumonia:bacteria:1068,1,0.9999079704284668,1
pneumonia:bacteria:1069,1,0.9911921620368958,1
pneumonia:bacteria:1071,1,0.999995768070221,1
pneumonia:bacteria:1072,1,0.9999746382236481,1
pneumonia:bacteria:1073,1,0.9999629557132721,1
pneumonia:bacteria:1074,1,0.9994630813598634,1
pneumonia:bacteria:1075,1,0.2023198306560516,0
pneumonia:bacteria:1076,1,0.9988231956958772,1
pneumonia:bacteria:1077,1,0.9999443888664246,1
pneumonia:bacteria:1078,1,0.9998478591442108,1
pneumonia:bacteria:1079,1,0.9999963641166686,1
pneumonia:bacteria:1080,1,0.9999994039535522,1
pneumonia:bacteria:1081,1,0.9999976754188538,1
pneumonia:bacteria:1082,1,0.9998482167720795,1
pneumonia:bacteria:1083,1,0.9999942183494568,1
pneumonia:bacteria:1084,1,0.9999964237213135,1
pneumonia:bacteria:1085,1,0.999914288520813,1
pneumonia:bacteria:1086,1,0.9979544579982758,1
pneumonia:bacteria:1087,1,0.9995233118534088,1
pneumonia:bacteria:1088,1,0.9974494576454163,1
pneumonia:bacteria:1089,1,0.9999601244926453,1
pneumonia:bacteria:1091,1,0.9997668862342834,1
pneumonia:bacteria:1092,1,0.9998976290225983,1
pneumonia:bacteria:1093,1,0.999305099248886,1
pneumonia:bacteria:1096,1,0.9999949932098389,1
pneumonia:bacteria:1097,1,0.9999300241470337,1
pneumonia:bacteria:1098,1,0.74951171875,1
pneumonia:bacteria:1099,1,0.9986459612846375,1
pneumonia:bacteria:11,1,0.9998213946819305,1
pneumonia:bacteria:1100,1,0.9997615218162537,1
pneumonia:bacteria:1101,1,0.999888688325882,1
pneumonia:bacteria:1102,1,0.9999091029167175,1
pneumonia:bacteria:1103,1,0.999290943145752,1
pneumonia:bacteria:1105,1,0.9999885559082031,1
pneumonia:bacteria:1107,1,0.9984837770462036,1
pneumonia:bacteria:1108,1,0.9995018243789672,1
pneumonia:bacteria:1109,1,0.999898076057434,1
pneumonia:bacteria:1110,1,0.9642650783061981,1
pneumonia:bacteria:1111,1,0.9994577467441559,1
pneumonia:bacteria:1112,1,0.9999299049377441,1
pneumonia:bacteria:1114,1,0.9941072463989258,1
pneumonia:bacteria:1115,1,0.9999922513961792,1
pneumonia:bacteria:1118,1,0.9982300400733948,1
pneumonia:bacteria:1122,1,0.9984418749809265,1
pneumonia:bacteria:1124,1,0.9179463684558868,1
pneumonia:bacteria:1125,1,0.9998277127742767,1
pneumonia:bacteria:1127,1,0.9999873042106628,1
pneumonia:bacteria:1128,1,0.9995737373828888,1
pneumonia:bacteria:1129,1,0.9999468922615051,1
pneumonia:bacteria:1130,1,0.9999954700469971,1
pneumonia:bacteria:1131,1,0.9983363151550294,1
pneumonia:bacteria:1133,1,0.999917209148407,1
pneumonia:bacteria:1134,1,0.9992178082466125,1
pneumonia:bacteria:1135,1,0.9999390840530396,1
pneumonia:bacteria:1136,1,0.9974558055400848,1
pneumonia:bacteria:1138,1,0.9999869465827942,1
pneumonia:bacteria:1139,1,0.999314621090889,1
pneumonia:bacteria:1140,1,0.9950254261493683,1
pneumonia:bacteria:1141,1,0.9996268004179001,1
pneumonia:bacteria:1142,1,0.16187139973044395,0
pneumonia:bacteria:1144,1,0.9997924566268921,1
pneumonia:bacteria:1145,1,0.9998915493488312,1
pneumonia:bacteria:1146,1,0.9993378818035126,1
pneumonia:bacteria:1149,1,0.9993860423564911,1
pneumonia:bacteria:1150,1,0.998977780342102,1
pneumonia:bacteria:1154,1,0.7047571241855621,1
pneumonia:bacteria:1155,1,0.9999874830245972,1
pneumonia:bacteria:1156,1,0.9999991059303284,1
pneumonia:bacteria:1157,1,0.9991601407527924,1
pneumonia:bacteria:1158,1,0.9903412759304047,1
pneumonia:bacteria:1159,1,0.9999756217002869,1
pneumonia:bacteria:1160,1,0.9999614357948303,1
pneumonia:bacteria:1162,1,0.9977819919586182,1
pneumonia:bacteria:1164,1,0.9993278980255128,1
pneumonia:bacteria:1165,1,0.9967649877071381,1
pneumonia:bacteria:1167,1,0.9999994039535522,1
pneumonia:bacteria:1168,1,0.9999974966049194,1
pneumonia:bacteria:1170,1,0.9861069321632385,1
pneumonia:bacteria:1171,1,0.9951601028442383,1
pneumonia:bacteria:1172,1,0.9970529973506927,1
pneumonia:bacteria:1175,1,0.9995826780796051,1
pneumonia:bacteria:1176,1,0.9999966621398926,1
pneumonia:bacteria:1177,1,0.9999894499778748,1
pneumonia:bacteria:1178,1,0.9999066591262817,1
pneumonia:bacteria:1179,1,0.9257116317749023,1
pneumonia:bacteria:1180,1,0.9999927878379822,1
pneumonia:bacteria:1181,1,0.30005433410406107,0
pneumonia:bacteria:1183,1,0.9938133358955383,1
pneumonia:bacteria:1184,1,0.999991238117218,1
pneumonia:bacteria:1185,1,0.9962095320224762,1
pneumonia:bacteria:1186,1,0.9984622597694397,1
pneumonia:bacteria:1187,1,0.9998389482498169,1
pneumonia:bacteria:1188,1,0.9999345541000366,1
pneumonia:bacteria:1192,1,0.9967503249645232,1
pneumonia:bacteria:1194,1,0.99998539686203,1
pneumonia:bacteria:1195,1,0.9997019469738007,1
pneumonia:bacteria:1196,1,0.997305154800415,1
pneumonia:bacteria:1197,1,0.9995363354682922,1
pneumonia:bacteria:1198,1,0.9999452829360962,1
pneumonia:bacteria:1199,1,0.4814414978027343,0
pneumonia:bacteria:12,1,0.8865204751491547,1
pneumonia:bacteria:1201,1,0.9997099936008453,1
pneumonia:bacteria:1202,1,0.9995238184928894,1
pneumonia:bacteria:1203,1,0.9999796152114868,1
pneumonia:bacteria:1204,1,0.9999886751174927,1
pneumonia:bacteria:1205,1,0.9950246810913086,1
pneumonia:bacteria:1206,1,0.9999668002128601,1
pneumonia:bacteria:1207,1,0.9998247027397156,1
pneumonia:bacteria:1208,1,0.5697100758552551,0
pneumonia:bacteria:1209,1,0.9999454617500305,1
pneumonia:bacteria:1211,1,0.9991722106933594,1
pneumonia:bacteria:1212,1,0.9999639987945557,1
pneumonia:bacteria:1214,1,0.9953799843788148,1
pneumonia:bacteria:1215,1,0.999988853931427,1
pneumonia:bacteria:1216,1,0.9876349568367004,1
pneumonia:bacteria:1217,1,0.9998204112052917,1
pneumonia:bacteria:1218,1,0.99985072016716,1
pneumonia:bacteria:1219,1,0.9292458891868591,1
pneumonia:bacteria:1220,1,0.9997923225164413,1
pneumonia:bacteria:1222,1,0.9996046721935272,1
pneumonia:bacteria:1223,1,0.9994613528251648,1
pneumonia:bacteria:1225,1,0.9999841451644897,1
pneumonia:bacteria:1227,1,0.9934203028678894,1
pneumonia:bacteria:1228,1,0.9999901056289673,1
pneumonia:bacteria:1230,1,0.9998915195465088,1
pneumonia:bacteria:1231,1,0.999991238117218,1
pneumonia:bacteria:1233,1,0.9995679259300232,1
pneumonia:bacteria:1234,1,0.9999932944774628,1
pneumonia:bacteria:1235,1,0.9999712109565734,1
pneumonia:bacteria:1236,1,0.9999498724937438,1
pneumonia:bacteria:1237,1,0.9999833106994628,1
pneumonia:bacteria:1238,1,0.9995459914207458,1
pneumonia:bacteria:1239,1,0.9999789595603943,1
pneumonia:bacteria:1240,1,0.9999297261238098,1
pneumonia:bacteria:1241,1,0.9999867677688599,1
pneumonia:bacteria:1242,1,0.9989865124225616,1
pneumonia:bacteria:1243,1,0.9886517226696014,1
pneumonia:bacteria:1244,1,0.9957524836063385,1
pneumonia:bacteria:1246,1,0.9999196529388428,1
pneumonia:bacteria:1247,1,0.9999983906745911,1
pneumonia:bacteria:1248,1,0.999984085559845,1
pneumonia:bacteria:1249,1,0.9997960329055786,1
pneumonia:bacteria:1250,1,0.9999702572822571,1
pneumonia:bacteria:1251,1,0.9935669600963593,1
pneumonia:bacteria:1252,1,0.9999942779541016,1
pneumonia:bacteria:1253,1,0.9881014823913574,1
pneumonia:bacteria:1256,1,0.9998694956302644,1
pneumonia:bacteria:1257,1,0.9997512400150299,1
pneumonia:bacteria:1258,1,0.9925804436206818,1
pneumonia:bacteria:1259,1,0.9999766945838928,1
pneumonia:bacteria:1260,1,0.9996619522571564,1
pneumonia:bacteria:1261,1,0.9952962398529053,1
pneumonia:bacteria:1262,1,0.9997336268424988,1
pneumonia:bacteria:1263,1,0.9996861219406128,1
pneumonia:bacteria:1264,1,0.998749554157257,1
pneumonia:bacteria:1265,1,0.9999864101409912,1
pneumonia:bacteria:1266,1,0.9999841153621674,1
pneumonia:bacteria:1267,1,0.9999967813491821,1
pneumonia:bacteria:1268,1,0.9999988973140717,1
pneumonia:bacteria:1269,1,0.999960958957672,1
pneumonia:bacteria:1270,1,0.9999974966049194,1
pneumonia:bacteria:1271,1,0.3520022630691528,0
pneumonia:bacteria:1272,1,0.9690590798854828,1
pneumonia:bacteria:1273,1,0.9999136924743652,1
pneumonia:bacteria:1274,1,0.9998346567153931,1
pneumonia:bacteria:1275,1,0.9994129538536072,1
pneumonia:bacteria:1276,1,0.9999964237213135,1
pneumonia:bacteria:1277,1,0.9959589838981628,1
pneumonia:bacteria:1279,1,0.9999324679374695,1
pneumonia:bacteria:1280,1,0.9998221695423126,1
pneumonia:bacteria:1281,1,0.9999839067459106,1
pneumonia:bacteria:1282,1,0.9997170269489288,1
pneumonia:bacteria:1283,1,0.9999569654464722,1
pneumonia:bacteria:1284,1,0.9915092885494232,1
pneumonia:bacteria:1286,1,0.9998833239078522,1
pneumonia:bacteria:1287,1,0.998948723077774,1
pneumonia:bacteria:1288,1,0.9999997615814209,1
pneumonia:bacteria:1289,1,0.9997866451740264,1
pneumonia:bacteria:1290,1,0.998879611492157,1
pneumonia:bacteria:1292,1,0.999991774559021,1
pneumonia:bacteria:1294,1,0.9999641180038452,1
pneumonia:bacteria:1295,1,0.9995224475860596,1
pneumonia:bacteria:1297,1,0.999996542930603,1
pneumonia:bacteria:1298,1,0.9998287558555602,1
pneumonia:bacteria:13,1,0.7687691003084183,1
pneumonia:bacteria:1300,1,0.9999960660934448,1
pneumonia:bacteria:1302,1,0.9999879598617554,1
pneumonia:bacteria:1303,1,0.9912937879562378,1
pneumonia:bacteria:1304,1,0.9997230470180511,1
pneumonia:bacteria:1305,1,0.999555379152298,1
pneumonia:bacteria:1306,1,0.999549812078476,1
pneumonia:bacteria:1307,1,0.9987203180789948,1
pneumonia:bacteria:1308,1,0.9998894674437386,1
pneumonia:bacteria:1309,1,0.9999829530715942,1
pneumonia:bacteria:1310,1,0.9995662768681846,1
pneumonia:bacteria:1311,1,0.9999701976776122,1
pneumonia:bacteria:1312,1,0.9998884995778402,1
pneumonia:bacteria:1313,1,0.9996542930603027,1
pneumonia:bacteria:1315,1,0.9980676174163818,1
pneumonia:bacteria:1316,1,0.9989387691020966,1
pneumonia:bacteria:1317,1,0.9784901738166809,1
pneumonia:bacteria:1318,1,0.9995715618133545,1
pneumonia:bacteria:1320,1,0.9978285133838654,1
pneumonia:bacteria:1321,1,0.9995103627443314,1
pneumonia:bacteria:1322,1,0.9998193383216858,1
pneumonia:bacteria:1323,1,0.9785339037577312,1
pneumonia:bacteria:1325,1,0.9999961256980896,1
pneumonia:bacteria:1326,1,0.9916621148586273,1
pneumonia:bacteria:1327,1,0.9998096972703934,1
pneumonia:bacteria:1328,1,0.9999759197235107,1
pneumonia:bacteria:1329,1,0.9998535811901093,1
pneumonia:bacteria:1331,1,0.9999931454658508,1
pneumonia:bacteria:1333,1,0.9998400285840034,1
pneumonia:bacteria:1338,1,0.9998469253381093,1
pneumonia:bacteria:1339,1,0.9999914765357971,1
pneumonia:bacteria:1340,1,0.999710202217102,1
pneumonia:bacteria:1341,1,0.9991030991077424,1
pneumonia:bacteria:1342,1,0.9999957084655762,1
pneumonia:bacteria:1343,1,0.9995480212900373,1
pneumonia:bacteria:1344,1,0.9987303912639618,1
pneumonia:bacteria:1345,1,0.9936607827742895,1
pneumonia:bacteria:1346,1,0.999629557132721,1
pneumonia:bacteria:1349,1,0.9865182220935822,1
pneumonia:bacteria:1351,1,0.9993888437747955,1
pneumonia:bacteria:1352,1,0.9864097014069557,1
pneumonia:bacteria:1353,1,0.9960828721523285,1
pneumonia:bacteria:1354,1,0.9991922080516816,1
pneumonia:bacteria:1355,1,0.966813787817955,1
pneumonia:bacteria:1358,1,0.9906593561172485,1
pneumonia:bacteria:1361,1,0.9919317662715912,1
pneumonia:bacteria:1363,1,0.9997251182794571,1
pneumonia:bacteria:1365,1,0.9999978542327881,1
pneumonia:bacteria:1366,1,0.9993953704833984,1
pneumonia:bacteria:1372,1,0.9968255956967672,1
pneumonia:bacteria:1374,1,0.9757766574621201,1
pneumonia:bacteria:1375,1,0.9922690093517303,1
pneumonia:bacteria:1376,1,0.9997984766960144,1
pneumonia:bacteria:1377,1,0.9987732768058777,1
pneumonia:bacteria:1378,1,0.9999997615814209,1
pneumonia:bacteria:1379,1,0.9999122619628906,1
pneumonia:bacteria:1380,1,0.9992060363292694,1
pneumonia:bacteria:1381,1,0.9995245784521103,1
pneumonia:bacteria:1383,1,0.9995760321617126,1
pneumonia:bacteria:1384,1,0.9999610781669617,1
pneumonia:bacteria:1385,1,0.9998129308223724,1
pneumonia:bacteria:1388,1,0.9982312619686127,1
pneumonia:bacteria:1389,1,0.9996559321880341,1
pneumonia:bacteria:1390,1,0.9999953508377075,1
pneumonia:bacteria:1391,1,0.999305471777916,1
pneumonia:bacteria:1392,1,0.9726471304893494,1
pneumonia:bacteria:1395,1,0.9987787306308746,1
pneumonia:bacteria:1396,1,0.9800517559051514,1
pneumonia:bacteria:1398,1,0.7416428774595261,1
pneumonia:bacteria:1399,1,0.94167160987854,1
pneumonia:bacteria:14,1,0.9999902844429016,1
pneumonia:bacteria:1400,1,0.9916065335273743,1
pneumonia:bacteria:1401,1,0.9998914301395416,1
pneumonia:bacteria:1403,1,0.9999217838048935,1
pneumonia:bacteria:1404,1,0.9999650120735168,1
pneumonia:bacteria:1405,1,0.9965237081050873,1
pneumonia:bacteria:1406,1,0.999795138835907,1
pneumonia:bacteria:1408,1,0.9998539388179779,1
pneumonia:bacteria:1409,1,0.9829553216695786,1
pneumonia:bacteria:1411,1,0.9988980808041312,1
pneumonia:bacteria:1412,1,0.9945918619632722,1
pneumonia:bacteria:1413,1,0.9997714832425117,1
pneumonia:bacteria:1414,1,0.9986220300197601,1
pneumonia:bacteria:1415,1,0.9988163709640504,1
pneumonia:bacteria:1417,1,0.9979028105735779,1
pneumonia:bacteria:1418,1,0.8873166859149932,1
pneumonia:bacteria:1419,1,0.9999916553497314,1
pneumonia:bacteria:1420,1,0.9892293810844421,1
pneumonia:bacteria:1422,1,0.9999902844429016,1
pneumonia:bacteria:1423,1,0.9999844431877136,1
pneumonia:bacteria:1424,1,0.9999949336051942,1
pneumonia:bacteria:1426,1,0.9995151907205582,1
pneumonia:bacteria:1429,1,0.891743669907252,1
pneumonia:bacteria:1430,1,0.999179458618164,1
pneumonia:bacteria:1431,1,0.9502371847629547,1
pneumonia:bacteria:1432,1,0.999625951051712,1
pneumonia:bacteria:1433,1,0.9998744626839957,1
pneumonia:bacteria:1436,1,0.9998935014009476,1
pneumonia:bacteria:1438,1,0.9996818800767263,1
pneumonia:bacteria:1439,1,0.8717233240604401,1
pneumonia:bacteria:1440,1,0.9689062833786011,1
pneumonia:bacteria:1441,1,0.9989944994449615,1
pneumonia:bacteria:1442,1,0.9922579228878021,1
pneumonia:bacteria:1444,1,0.9931614696979522,1
pneumonia:bacteria:1445,1,0.9991401880979538,1
pneumonia:bacteria:1446,1,0.9999436537424723,1
pneumonia:bacteria:1447,1,0.9999125003814697,1
pneumonia:bacteria:1449,1,0.9790176451206207,1
pneumonia:bacteria:1450,1,0.9997572600841522,1
pneumonia:bacteria:1453,1,0.7423212379217148,1
pneumonia:bacteria:1454,1,0.9993011901775997,1
pneumonia:bacteria:1455,1,0.9998794496059418,1
pneumonia:bacteria:1459,1,0.9988817274570465,1
pneumonia:bacteria:1460,1,0.9972141236066818,1
pneumonia:bacteria:1463,1,0.9999968210856119,1
pneumonia:bacteria:1468,1,0.9976407587528229,1
pneumonia:bacteria:1469,1,0.998820573091507,1
pneumonia:bacteria:1470,1,0.999373123049736,1
pneumonia:bacteria:1471,1,0.9999646544456482,1
pneumonia:bacteria:1472,1,0.9985847324132919,1
pneumonia:bacteria:1473,1,0.9999867081642151,1
pneumonia:bacteria:1474,1,0.9985640048980713,1
pneumonia:bacteria:1476,1,0.9993520975112915,1
pneumonia:bacteria:1478,1,0.9999588131904602,1
pneumonia:bacteria:1480,1,0.9999812245368958,1
pneumonia:bacteria:1481,1,0.9999614783695765,1
pneumonia:bacteria:1482,1,0.9999920427799225,1
pneumonia:bacteria:1483,1,0.9999716877937318,1
pneumonia:bacteria:1484,1,0.9999266266822815,1
pneumonia:bacteria:1486,1,0.99903155118227,1
pneumonia:bacteria:1488,1,0.9998984932899474,1
pneumonia:bacteria:1489,1,0.9999964833259583,1
pneumonia:bacteria:1490,1,0.9996269047260284,1
pneumonia:bacteria:1491,1,0.9846725314855576,1
pneumonia:bacteria:1492,1,0.9999464154243469,1
pneumonia:bacteria:1493,1,0.9999383449554443,1
pneumonia:bacteria:1494,1,0.9998412430286407,1
pneumonia:bacteria:1496,1,0.9876149211611067,1
pneumonia:bacteria:1497,1,0.9999786615371704,1
pneumonia:bacteria:1499,1,0.9997689127922058,1
pneumonia:bacteria:15,1,0.998773604631424,1
pneumonia:bacteria:1500,1,0.8475451469421387,1
pneumonia:bacteria:1502,1,0.9844171277114324,1
pneumonia:bacteria:1504,1,0.9993637800216675,1
pneumonia:bacteria:1506,1,0.5929014086723328,1
pneumonia:bacteria:1507,1,0.9980304576456547,1
pneumonia:bacteria:1508,1,0.9979706704616546,1
pneumonia:bacteria:1509,1,0.5443631969392299,0
pneumonia:bacteria:1511,1,0.9999960064888,1
pneumonia:bacteria:1512,1,0.9998529851436616,1
pneumonia:bacteria:1513,1,0.9994862079620361,1
pneumonia:bacteria:1514,1,0.9910238981246948,1
pneumonia:bacteria:1517,1,0.9999659061431886,1
pneumonia:bacteria:1518,1,0.8719335496425629,1
pneumonia:bacteria:1519,1,0.9949893951416016,1
pneumonia:bacteria:1520,1,0.9999960064888,1
pneumonia:bacteria:1522,1,0.9946427643299103,1
pneumonia:bacteria:1523,1,0.9999620616436005,1
pneumonia:bacteria:1524,1,0.9991471767425537,1
pneumonia:bacteria:1525,1,0.999215304851532,1
pneumonia:bacteria:1526,1,0.9997519850730896,1
pneumonia:bacteria:1527,1,0.9503667553265889,1
pneumonia:bacteria:1528,1,0.9998838305473328,1
pneumonia:bacteria:1530,1,0.9999951124191284,1
pneumonia:bacteria:1531,1,0.9998325705528259,1
pneumonia:bacteria:1535,1,0.9871167242527008,1
pneumonia:bacteria:1536,1,0.9755756556987762,1
pneumonia:bacteria:1537,1,0.9269857704639435,1
pneumonia:bacteria:1538,1,0.983259528875351,1
pneumonia:bacteria:1539,1,0.9999968409538269,1
pneumonia:bacteria:1540,1,0.992935687303543,1
pneumonia:bacteria:1542,1,0.9998063445091248,1
pneumonia:bacteria:1544,1,0.9808924645185471,1
pneumonia:bacteria:1545,1,0.9999783337116241,1
pneumonia:bacteria:1546,1,0.9999939799308777,1
pneumonia:bacteria:1548,1,0.9996803104877472,1
pneumonia:bacteria:1549,1,0.9973835945129395,1
pneumonia:bacteria:1550,1,0.9986749291419983,1
pneumonia:bacteria:1551,1,0.9964143335819244,1
pneumonia:bacteria:1552,1,0.9918422698974609,1
pneumonia:bacteria:1554,1,0.9997973144054413,1
pneumonia:bacteria:1555,1,0.9999621311823527,1
pneumonia:bacteria:1556,1,0.9999953508377075,1
pneumonia:bacteria:1557,1,0.9644383937120438,1
pneumonia:bacteria:1558,1,0.9999998211860657,1
pneumonia:bacteria:1559,1,0.9999946355819702,1
pneumonia:bacteria:1561,1,0.9998650848865508,1
pneumonia:bacteria:1562,1,0.9999978542327881,1
pneumonia:bacteria:1563,1,0.9996255040168762,1
pneumonia:bacteria:1564,1,0.9999955296516418,1
pneumonia:bacteria:1565,1,0.972497969865799,1
pneumonia:bacteria:1566,1,0.9999996423721313,1
pneumonia:bacteria:1567,1,0.9709098935127258,1
pneumonia:bacteria:1571,1,0.999754011631012,1
pneumonia:bacteria:1574,1,0.999835193157196,1
pneumonia:bacteria:1575,1,0.9999918937683105,1
pneumonia:bacteria:1576,1,0.9999959841370583,1
pneumonia:bacteria:1579,1,0.9987188577651978,1
pneumonia:bacteria:1581,1,0.9999959468841553,1
pneumonia:bacteria:1582,1,0.998858779668808,1
pneumonia:bacteria:1583,1,0.99737349152565,1
pneumonia:bacteria:1584,1,0.9999495297670364,1
pneumonia:bacteria:1585,1,0.9999571045239766,1
pneumonia:bacteria:1589,1,0.9929126352071762,1
pneumonia:bacteria:1590,1,0.993788222471873,1
pneumonia:bacteria:1591,1,0.9989155530929565,1
pneumonia:bacteria:1592,1,0.9971052408218384,1
pneumonia:bacteria:1594,1,0.9998182058334351,1
pneumonia:bacteria:1595,1,0.9882671236991882,1
pneumonia:bacteria:1596,1,0.9436164200305939,1
pneumonia:bacteria:1597,1,0.9918170608580112,1
pneumonia:bacteria:1598,1,0.9994276960690816,1
pneumonia:bacteria:1599,1,0.9995047152042389,1
pneumonia:bacteria:16,1,0.9889832337697346,1
pneumonia:bacteria:1600,1,0.9881346523761748,1
pneumonia:bacteria:1601,1,0.9995479434728622,1
pneumonia:bacteria:1602,1,0.9999580383300781,1
pneumonia:bacteria:1605,1,0.9999949932098389,1
pneumonia:bacteria:1607,1,0.9999103546142578,1
pneumonia:bacteria:1608,1,0.9999964833259583,1
pneumonia:bacteria:1609,1,0.999977211157481,1
pneumonia:bacteria:1610,1,0.999991774559021,1
pneumonia:bacteria:1611,1,0.9992274045944214,1
pneumonia:bacteria:1613,1,0.9906088411808014,1
pneumonia:bacteria:1614,1,0.9999979138374329,1
pneumonia:bacteria:1615,1,0.9947525560855865,1
pneumonia:bacteria:1616,1,0.9999980926513672,1
pneumonia:bacteria:1617,1,0.9999883373578389,1
pneumonia:bacteria:1618,1,0.999874770641327,1
pneumonia:bacteria:1619,1,0.9998663812875748,1
pneumonia:bacteria:1620,1,0.9999838471412659,1
pneumonia:bacteria:1625,1,0.8358063697814941,1
pneumonia:bacteria:1626,1,0.9999714493751526,1
pneumonia:bacteria:1628,1,0.9997325887282691,1
pneumonia:bacteria:1629,1,0.9986709654331206,1
pneumonia:bacteria:1630,1,0.9938413351774216,1
pneumonia:bacteria:1634,1,0.9998188614845276,1
pneumonia:bacteria:1635,1,0.998590737581253,1
pneumonia:bacteria:1636,1,0.9664823263883591,1
pneumonia:bacteria:1637,1,0.981506735086441,1
pneumonia:bacteria:1638,1,0.9993053476015726,1
pneumonia:bacteria:1639,1,0.999994233250618,1
pneumonia:bacteria:1640,1,0.999984860420227,1
pneumonia:bacteria:1641,1,0.9999741315841675,1
pneumonia:bacteria:1642,1,0.9992603808641434,1
pneumonia:bacteria:1643,1,0.999838650226593,1
pneumonia:bacteria:1644,1,0.9998233119646708,1
pneumonia:bacteria:1645,1,0.9966605603694916,1
pneumonia:bacteria:1646,1,0.9999778270721436,1
pneumonia:bacteria:1647,1,0.9999955296516418,1
pneumonia:bacteria:1648,1,0.9999162356058757,1
pneumonia:bacteria:1649,1,0.9999623000621796,1
pneumonia:bacteria:1651,1,0.999884694814682,1
pneumonia:bacteria:1652,1,0.9999673366546631,1
pneumonia:bacteria:1657,1,0.9997008442878723,1
pneumonia:bacteria:1658,1,0.9992341697216034,1
pneumonia:bacteria:1660,1,0.9999901056289673,1
pneumonia:bacteria:1661,1,0.9999276995658875,1
pneumonia:bacteria:1663,1,0.9999779760837555,1
pneumonia:bacteria:1665,1,0.9999822974205017,1
pneumonia:bacteria:1666,1,0.9925419390201569,1
pneumonia:bacteria:1667,1,0.999193012714386,1
pneumonia:bacteria:1668,1,0.9999439120292664,1
pneumonia:bacteria:1669,1,0.9991254508495331,1
pneumonia:bacteria:1670,1,0.999825017792838,1
pneumonia:bacteria:1671,1,0.9998753070831298,1
pneumonia:bacteria:1673,1,0.9999258518218994,1
pneumonia:bacteria:1674,1,0.9524506032466888,1
pneumonia:bacteria:1676,1,0.9998876452445984,1
pneumonia:bacteria:1677,1,0.9999822080135345,1
pneumonia:bacteria:1678,1,0.9593265056610107,1
pneumonia:bacteria:1679,1,0.9999399542808534,1
pneumonia:bacteria:1680,1,0.9999676942825317,1
pneumonia:bacteria:1682,1,0.98834028840065,1
pneumonia:bacteria:1683,1,0.9997772872447968,1
pneumonia:bacteria:1684,1,0.999952604373296,1
pneumonia:bacteria:1685,1,0.997319221496582,1
pneumonia:bacteria:1686,1,0.9999638199806213,1
pneumonia:bacteria:1687,1,0.9999949336051941,1
pneumonia:bacteria:1689,1,0.9999606410662333,1
pneumonia:bacteria:1690,1,0.8236916065216064,1
pneumonia:bacteria:1691,1,0.9999597072601318,1
pneumonia:bacteria:1693,1,0.9999967813491821,1
pneumonia:bacteria:1695,1,0.9999920725822449,1
pneumonia:bacteria:1696,1,0.9999995231628418,1
pneumonia:bacteria:1697,1,0.999452143907547,1
pneumonia:bacteria:1698,1,0.9983124732971191,1
pneumonia:bacteria:1699,1,0.9989794492721558,1
pneumonia:bacteria:17,1,0.9924885332584381,1
pneumonia:bacteria:1700,1,0.999087929725647,1
pneumonia:bacteria:1701,1,0.9998376071453094,1
pneumonia:bacteria:1702,1,0.9994687676429749,1
pneumonia:bacteria:1705,1,0.9999992847442627,1
pneumonia:bacteria:1706,1,0.9999940395355225,1
pneumonia:bacteria:1707,1,0.9999925494194031,1
pneumonia:bacteria:1708,1,0.8319863677024841,1
pneumonia:bacteria:1709,1,0.9870462119579315,1
pneumonia:bacteria:1710,1,0.9995401054620743,1
pneumonia:bacteria:1711,1,0.9993861317634583,1
pneumonia:bacteria:1712,1,0.9999450445175171,1
pneumonia:bacteria:1713,1,0.997617095708847,1
pneumonia:bacteria:1715,1,0.999724805355072,1
pneumonia:bacteria:1716,1,0.999955952167511,1
pneumonia:bacteria:1717,1,0.9999780058860779,1
pneumonia:bacteria:1718,1,0.9971847385168076,1
pneumonia:bacteria:1719,1,0.9999935428301494,1
pneumonia:bacteria:1720,1,0.9999959468841553,1
pneumonia:bacteria:1721,1,0.9998145699501038,1
pneumonia:bacteria:1722,1,0.9997475743293762,1
pneumonia:bacteria:1723,1,0.9999537467956543,1
pneumonia:bacteria:1724,1,0.9999984502792358,1
pneumonia:bacteria:1725,1,0.9999202787876129,1
pneumonia:bacteria:1726,1,0.994208425283432,1
pneumonia:bacteria:1728,1,0.999935507774353,1
pneumonia:bacteria:1729,1,0.9998490214347838,1
pneumonia:bacteria:1730,1,0.9999830424785613,1
pneumonia:bacteria:1731,1,0.9999876618385315,1
pneumonia:bacteria:1732,1,0.9999929070472717,1
pneumonia:bacteria:1733,1,0.9999021291732788,1
pneumonia:bacteria:1735,1,0.998330444097519,1
pneumonia:bacteria:1737,1,0.996730387210846,1
pneumonia:bacteria:1739,1,0.9999985694885254,1
pneumonia:bacteria:1740,1,0.9999643564224244,1
pneumonia:bacteria:1744,1,0.9996222853660583,1
pneumonia:bacteria:1745,1,0.9996679127216339,1
pneumonia:bacteria:1746,1,0.9999946355819702,1
pneumonia:bacteria:1748,1,0.9994843304157256,1
pneumonia:bacteria:1749,1,0.9999779462814331,1
pneumonia:bacteria:1751,1,0.9999127984046936,1
pneumonia:bacteria:1753,1,0.9999318718910217,1
pneumonia:bacteria:1756,1,0.9944660365581512,1
pneumonia:bacteria:1757,1,0.998542845249176,1
pneumonia:bacteria:1758,1,0.9947492778301239,1
pneumonia:bacteria:1760,1,0.9999942779541016,1
pneumonia:bacteria:1761,1,0.9999097883701324,1
pneumonia:bacteria:1763,1,0.999991774559021,1
pneumonia:bacteria:1764,1,0.9998912811279297,1
pneumonia:bacteria:1765,1,0.9938298165798187,1
pneumonia:bacteria:1770,1,0.9999568462371826,1
pneumonia:bacteria:1771,1,0.997474730014801,1
pneumonia:bacteria:1777,1,0.9999565482139587,1
pneumonia:bacteria:1779,1,0.9999985694885254,1
pneumonia:bacteria:1784,1,0.9999979734420776,1
pneumonia:bacteria:1787,1,0.9999905228614808,1
pneumonia:bacteria:1790,1,0.9999839067459106,1
pneumonia:bacteria:1796,1,0.9995435178279877,1
pneumonia:bacteria:1799,1,0.999921441078186,1
pneumonia:bacteria:18,1,0.7789512276649475,1
pneumonia:bacteria:1803,1,0.9999988973140717,1
pneumonia:bacteria:1810,1,0.9984643459320068,1
pneumonia:bacteria:1812,1,0.9999915957450867,1
pneumonia:bacteria:1814,1,0.9999984502792358,1
pneumonia:bacteria:1816,1,0.9999618530273438,1
pneumonia:bacteria:1817,1,0.9999992251396179,1
pneumonia:bacteria:1818,1,0.9999232888221741,1
pneumonia:bacteria:1819,1,0.999538391828537,1
pneumonia:bacteria:1823,1,0.999991476535797,1
pneumonia:bacteria:1830,1,0.9880474507808685,1
pneumonia:bacteria:1835,1,0.9958791434764862,1
pneumonia:bacteria:1838,1,0.9999474883079529,1
pneumonia:bacteria:1839,1,0.9980970919132233,1
pneumonia:bacteria:1841,1,0.9979541599750519,1
pneumonia:bacteria:1843,1,0.9922735095024109,1
pneumonia:bacteria:1847,1,0.9989485442638397,1
pneumonia:bacteria:1848,1,0.9994135499000549,1
pneumonia:bacteria:1850,1,0.9999811053276062,1
pneumonia:bacteria:1851,1,0.9991219937801361,1
pneumonia:bacteria:1852,1,0.9990808069705963,1
pneumonia:bacteria:1855,1,0.9988675713539124,1
pneumonia:bacteria:1857,1,0.9999550580978394,1
pneumonia:bacteria:1858,1,0.9999986886978149,1
pneumonia:bacteria:1859,1,0.9998768270015717,1
pneumonia:bacteria:1860,1,0.9996928870677948,1
pneumonia:bacteria:1863,1,0.9999693036079408,1
pneumonia:bacteria:1864,1,0.9979265332221985,1
pneumonia:bacteria:1865,1,0.9929823577404023,1
pneumonia:bacteria:1866,1,0.9993534684181213,1
pneumonia:bacteria:1867,1,0.9421519935131073,1
pneumonia:bacteria:1868,1,0.9999962449073792,1
pneumonia:bacteria:1869,1,0.9953658878803253,1
pneumonia:bacteria:1872,1,0.9937320649623871,1
pneumonia:bacteria:1875,1,0.9999970197677612,1
pneumonia:bacteria:1876,1,0.9999285936355591,1
pneumonia:bacteria:1877,1,0.995979368686676,1
pneumonia:bacteria:1879,1,0.9999852776527405,1
pneumonia:bacteria:1880,1,0.9995541870594025,1
pneumonia:bacteria:1881,1,0.9997119009494781,1
pneumonia:bacteria:1883,1,0.9990761578083038,1
pneumonia:bacteria:1884,1,0.9999750852584839,1
pneumonia:bacteria:1885,1,0.9954436421394348,1
pneumonia:bacteria:1886,1,0.9999171495437622,1
pneumonia:bacteria:1888,1,0.9999917149543762,1
pneumonia:bacteria:1893,1,0.9999668002128601,1
pneumonia:bacteria:1896,1,0.9999890327453612,1
pneumonia:bacteria:1897,1,0.9999967813491821,1
pneumonia:bacteria:19,1,0.9757370104392369,1
pneumonia:bacteria:1901,1,0.9998513162136078,1
pneumonia:bacteria:1903,1,0.9999822974205018,1
pneumonia:bacteria:1904,1,0.9999904632568359,1
pneumonia:bacteria:1905,1,0.9237554967403412,1
pneumonia:bacteria:1906,1,0.9999992251396179,1
pneumonia:bacteria:1907,1,0.999924898147583,1
pneumonia:bacteria:1908,1,0.9995844960212708,1
pneumonia:bacteria:1910,1,0.9999863505363464,1
pneumonia:bacteria:1911,1,0.9999659657478333,1
pneumonia:bacteria:1912,1,0.9999859631061554,1
pneumonia:bacteria:1916,1,0.9999319911003113,1
pneumonia:bacteria:1917,1,0.9984056055545807,1
pneumonia:bacteria:1918,1,0.9995018243789673,1
pneumonia:bacteria:1921,1,0.995369017124176,1
pneumonia:bacteria:1922,1,0.9989632964134216,1
pneumonia:bacteria:1923,1,0.9995405673980712,1
pneumonia:bacteria:1924,1,0.9227032959461212,1
pneumonia:bacteria:1926,1,0.9999973177909852,1
pneumonia:bacteria:1927,1,0.9997346848249435,1
pneumonia:bacteria:1929,1,0.9998048543930054,1
pneumonia:bacteria:1930,1,0.999879390001297,1
pneumonia:bacteria:1931,1,0.9999195337295532,1
pneumonia:bacteria:1932,1,0.9999677538871765,1
pneumonia:bacteria:1933,1,0.9999381899833679,1
pneumonia:bacteria:1934,1,0.9999749064445496,1
pneumonia:bacteria:1935,1,0.999926395714283,1
pneumonia:bacteria:1936,1,0.9998792111873627,1
pneumonia:bacteria:1937,1,0.9994859993457794,1
pneumonia:bacteria:1938,1,0.999983787536621,1
pneumonia:bacteria:1940,1,0.9998385111490885,1
pneumonia:bacteria:1941,1,0.9611510932445526,1
pneumonia:bacteria:1942,1,0.8136782944202423,1
pneumonia:bacteria:1943,1,0.9999522566795349,1
pneumonia:bacteria:1944,1,0.9996088743209839,1
pneumonia:bacteria:1945,1,0.9973311424255371,1
pneumonia:bacteria:1946,1,0.9999359101057053,1
pneumonia:bacteria:1947,1,0.9960334897041321,1
pneumonia:bacteria:1949,1,0.9733088314533234,1
pneumonia:bacteria:1950,1,0.9974365830421448,1
pneumonia:bacteria:1951,1,0.9916917979717255,1
pneumonia:bacteria:1952,1,0.9991630017757416,1
pneumonia:bacteria:1954,1,0.9980775117874146,1
pneumonia:bacteria:2,1,0.9998438507318497,1
pneumonia:bacteria:20,1,0.9994583785533906,1
pneumonia:bacteria:21,1,0.7947205901145935,1
pneumonia:bacteria:22,1,0.9981212317943573,1
pneumonia:bacteria:23,1,0.9927960604429245,1
pneumonia:bacteria:24,1,0.9964554607868195,1
pneumonia:bacteria:25,1,0.9991846349504259,1
pneumonia:bacteria:253,1,0.9986125826835632,1
pneumonia:bacteria:255,1,0.9996207867349898,1
pneumonia:bacteria:256,1,0.9672596454620361,1
pneumonia:bacteria:257,1,0.9997483193874359,1
pneumonia:bacteria:258,1,0.9999134629964829,1
pneumonia:bacteria:259,1,0.9997932116190592,1
pneumonia:bacteria:26,1,0.9990862851793116,1
pneumonia:bacteria:260,1,0.9999652306238811,1
pneumonia:bacteria:261,1,0.9996855854988098,1
pneumonia:bacteria:262,1,0.9088646769523621,1
pneumonia:bacteria:263,1,0.9970620572566986,1
pneumonia:bacteria:264,1,0.9935792684555054,1
pneumonia:bacteria:265,1,0.9935705661773682,1
pneumonia:bacteria:266,1,0.9998234781351956,1
pneumonia:bacteria:267,1,0.9991859048604965,1
pneumonia:bacteria:27,1,0.9299773350358009,1
pneumonia:bacteria:274,1,0.8927300274372101,1
pneumonia:bacteria:275,1,0.9765804906686146,1
pneumonia:bacteria:276,1,0.9999837875366211,1
pneumonia:bacteria:277,1,0.9991806223988533,1
pneumonia:bacteria:278,1,0.9972692057490349,1
pneumonia:bacteria:279,1,0.8062553405761719,1
pneumonia:bacteria:28,1,0.9995191097259521,1
pneumonia:bacteria:280,1,0.9756649732589722,1
pneumonia:bacteria:281,1,0.9969022842970761,1
pneumonia:bacteria:287,1,0.9875168949365616,1
pneumonia:bacteria:29,1,0.9999873042106628,1
pneumonia:bacteria:290,1,0.9999433755874634,1
pneumonia:bacteria:291,1,0.9999102155367532,1
pneumonia:bacteria:292,1,0.9999179244041442,1
pneumonia:bacteria:293,1,0.36075644195079803,0
pneumonia:bacteria:294,1,0.9998793825507164,1
pneumonia:bacteria:295,1,0.9993722289800644,1
pneumonia:bacteria:296,1,0.9903121888637543,1
pneumonia:bacteria:297,1,0.9999883770942688,1
pneumonia:bacteria:298,1,0.9975940684477488,1
pneumonia:bacteria:299,1,0.9290926218032837,1
pneumonia:bacteria:3,1,0.9982727393507957,1
pneumonia:bacteria:30,1,0.9995845811707633,1
pneumonia:bacteria:300,1,0.9489235281944275,1
pneumonia:bacteria:301,1,0.9998188838362694,1
pneumonia:bacteria:302,1,0.99997478723526,1
pneumonia:bacteria:303,1,0.9858087003231049,1
pneumonia:bacteria:305,1,0.9999430576960245,1
pneumonia:bacteria:306,1,0.9985691010951996,1
pneumonia:bacteria:307,1,0.9976075440645218,1
pneumonia:bacteria:308,1,0.9986076056957245,1
pneumonia:bacteria:309,1,0.9976638555526733,1
pneumonia:bacteria:31,1,0.9995718240737914,1
pneumonia:bacteria:310,1,0.9922276586294174,1
pneumonia:bacteria:311,1,0.6487970687448978,1
pneumonia:bacteria:312,1,0.9989132185777029,1
pneumonia:bacteria:313,1,0.9999456852674484,1
pneumonia:bacteria:314,1,0.999822348356247,1
pneumonia:bacteria:315,1,0.9994951426982879,1
pneumonia:bacteria:316,1,0.9519881308078766,1
pneumonia:bacteria:317,1,0.6058207415044308,1
pneumonia:bacteria:318,1,0.9998796582221985,1
pneumonia:bacteria:319,1,0.9999503443638484,1
pneumonia:bacteria:32,1,0.9361728727817535,1
pneumonia:bacteria:321,1,0.9991015919617244,1
pneumonia:bacteria:322,1,0.7999578416347504,1
pneumonia:bacteria:325,1,0.9998186945915222,1
pneumonia:bacteria:326,1,0.9979353666305542,1
pneumonia:bacteria:327,1,0.9853623807430267,1
pneumonia:bacteria:328,1,0.9972492655118307,1
pneumonia:bacteria:33,1,0.979780524969101,1
pneumonia:bacteria:331,1,0.993459165096283,1
pneumonia:bacteria:332,1,0.9998878964356015,1
pneumonia:bacteria:333,1,0.44292222894728184,0
pneumonia:bacteria:334,1,0.9929522201418877,1
pneumonia:bacteria:336,1,0.9998365690310795,1
pneumonia:bacteria:337,1,0.9994320571422577,1
pneumonia:bacteria:338,1,0.992028221487999,1
pneumonia:bacteria:339,1,0.9999983310699463,1
pneumonia:bacteria:34,1,0.9988613426685333,1
pneumonia:bacteria:340,1,0.9878718554973602,1
pneumonia:bacteria:341,1,0.9998716115951538,1
pneumonia:bacteria:343,1,0.9997345209121704,1
pneumonia:bacteria:344,1,0.7282548099756241,1
pneumonia:bacteria:346,1,0.9999717473983765,1
pneumonia:bacteria:347,1,0.9918611273169518,1
pneumonia:bacteria:348,1,0.9840096905827522,1
pneumonia:bacteria:349,1,0.9999787211418152,1
pneumonia:bacteria:35,1,0.7971922382712364,1
pneumonia:bacteria:351,1,0.9996249292578017,1
pneumonia:bacteria:352,1,0.999978244304657,1
pneumonia:bacteria:353,1,0.9998115748167038,1
pneumonia:bacteria:354,1,0.9999886453151703,1
pneumonia:bacteria:355,1,0.9998637139797211,1
pneumonia:bacteria:356,1,0.9978366494178772,1
pneumonia:bacteria:357,1,0.9982916712760925,1
pneumonia:bacteria:359,1,0.9999753117561341,1
pneumonia:bacteria:36,1,0.988428957760334,1
pneumonia:bacteria:360,1,0.9853405058383942,1
pneumonia:bacteria:361,1,0.9999736547470092,1
pneumonia:bacteria:362,1,0.22459757700562474,0
pneumonia:bacteria:363,1,0.997464636961619,1
pneumonia:bacteria:364,1,0.9995456457138061,1
pneumonia:bacteria:366,1,0.9998590648174286,1
pneumonia:bacteria:367,1,0.9987565577030182,1
pneumonia:bacteria:368,1,0.9999355137348175,1
pneumonia:bacteria:369,1,0.9999064803123474,1
pneumonia:bacteria:37,1,0.9777046367526054,1
pneumonia:bacteria:370,1,0.9999937613805135,1
pneumonia:bacteria:371,1,0.9991730782720778,1
pneumonia:bacteria:372,1,0.9993144869804382,1
pneumonia:bacteria:373,1,0.9974037607510885,1
pneumonia:bacteria:374,1,0.9997148017088573,1
pneumonia:bacteria:375,1,0.9996804594993591,1
pneumonia:bacteria:376,1,0.9994845986366272,1
pneumonia:bacteria:377,1,0.9998214244842529,1
pneumonia:bacteria:379,1,0.999957263469696,1
pneumonia:bacteria:38,1,0.9989998212882452,1
pneumonia:bacteria:381,1,0.9957395195960999,1
pneumonia:bacteria:382,1,0.9998412728309631,1
pneumonia:bacteria:383,1,0.9995258115231991,1
pneumonia:bacteria:384,1,0.25565804541110987,0
pneumonia:bacteria:385,1,0.9999860227108002,1
pneumonia:bacteria:387,1,0.9999601642290752,1
pneumonia:bacteria:389,1,0.9998941123485565,1
pneumonia:bacteria:39,1,0.9995211064815521,1
pneumonia:bacteria:390,1,0.9853470027446747,1
pneumonia:bacteria:391,1,0.8770838677883148,1
pneumonia:bacteria:392,1,0.9995181620121003,1
pneumonia:bacteria:393,1,0.9995588362216948,1
pneumonia:bacteria:394,1,0.999765545129776,1
pneumonia:bacteria:395,1,0.9952617883682251,1
pneumonia:bacteria:396,1,0.8055204451084137,1
pneumonia:bacteria:397,1,0.9999850988388062,1
pneumonia:bacteria:398,1,0.9999966621398926,1
pneumonia:bacteria:399,1,0.9999595880508423,1
pneumonia:bacteria:4,1,0.999923825263977,1
pneumonia:bacteria:40,1,0.9824676215648651,1
pneumonia:bacteria:400,1,0.9999610185623168,1
pneumonia:bacteria:401,1,0.9987884759902954,1
pneumonia:bacteria:402,1,0.9996852815151215,1
pneumonia:bacteria:403,1,0.9999005198478699,1
pneumonia:bacteria:405,1,0.939169704914093,1
pneumonia:bacteria:406,1,0.9991329312324524,1
pneumonia:bacteria:407,1,0.9984202086925507,1
pneumonia:bacteria:408,1,0.9997775852680206,1
pneumonia:bacteria:409,1,0.9588615596294403,1
pneumonia:bacteria:41,1,0.9999455362558365,1
pneumonia:bacteria:410,1,0.9996459484100342,1
pneumonia:bacteria:411,1,0.5688011199235916,0
pneumonia:bacteria:412,1,0.8460128605365753,1
pneumonia:bacteria:413,1,0.9994302562304906,1
pneumonia:bacteria:414,1,0.10438614711165425,0
pneumonia:bacteria:415,1,0.9998082518577576,1
pneumonia:bacteria:416,1,0.9918997585773468,1
pneumonia:bacteria:417,1,0.9992173612117767,1
pneumonia:bacteria:418,1,0.9998465478420258,1
pneumonia:bacteria:419,1,0.9993950575590134,1
pneumonia:bacteria:420,1,0.9997939884662628,1
pneumonia:bacteria:421,1,0.9999256134033203,1
pneumonia:bacteria:422,1,0.5162041857838631,0
pneumonia:bacteria:423,1,0.9999423623085022,1
pneumonia:bacteria:424,1,0.9999979734420776,1
pneumonia:bacteria:425,1,0.9979035556316376,1
pneumonia:bacteria:426,1,0.9969764947891235,1
pneumonia:bacteria:427,1,0.9999281227588652,1
pneumonia:bacteria:428,1,0.9870829284191132,1
pneumonia:bacteria:429,1,0.9993939995765686,1
pneumonia:bacteria:43,1,0.9985194057226181,1
pneumonia:bacteria:430,1,0.8127664625644684,1
pneumonia:bacteria:431,1,0.9743047952651978,1
pneumonia:bacteria:433,1,0.9999703764915466,1
pneumonia:bacteria:434,1,0.9933934211730957,1
pneumonia:bacteria:435,1,0.9999930262565614,1
pneumonia:bacteria:436,1,0.9880861937999725,1
pneumonia:bacteria:437,1,0.9975446879863739,1
pneumonia:bacteria:438,1,0.9998023390769958,1
pneumonia:bacteria:439,1,0.9996643364429474,1
pneumonia:bacteria:44,1,0.9999699890613556,1
pneumonia:bacteria:440,1,0.9999975264072418,1
pneumonia:bacteria:441,1,0.9993549819503511,1
pneumonia:bacteria:443,1,0.9781059424082438,1
pneumonia:bacteria:444,1,0.49332116544246674,0
pneumonia:bacteria:445,1,0.9862339297930399,1
pneumonia:bacteria:446,1,0.9994952976703644,1
pneumonia:bacteria:447,1,0.9998952150344849,1
pneumonia:bacteria:448,1,0.9998352706432343,1
pneumonia:bacteria:449,1,0.9998180766900381,1
pneumonia:bacteria:45,1,0.9989747206370037,1
pneumonia:bacteria:450,1,0.989590972661972,1
pneumonia:bacteria:451,1,0.9999908208847046,1
pneumonia:bacteria:452,1,0.998602956533432,1
pneumonia:bacteria:454,1,0.9990547895431519,1
pneumonia:bacteria:455,1,0.9978591799736024,1
pneumonia:bacteria:456,1,0.9997408390045166,1
pneumonia:bacteria:457,1,0.9132775366306305,1
pneumonia:bacteria:458,1,0.9999984900156658,1
pneumonia:bacteria:459,1,0.989129513502121,1
pneumonia:bacteria:46,1,0.5997259765863419,1
pneumonia:bacteria:460,1,0.9999932646751404,1
pneumonia:bacteria:461,1,0.9934890568256378,1
pneumonia:bacteria:462,1,0.9999091476202011,1
pneumonia:bacteria:463,1,0.9999735951423646,1
pneumonia:bacteria:464,1,0.9939580708742142,1
pneumonia:bacteria:465,1,0.9446520035465558,1
pneumonia:bacteria:466,1,0.999998614192009,1
pneumonia:bacteria:467,1,0.9996428936719894,1
pneumonia:bacteria:468,1,0.9744181632995605,1
pneumonia:bacteria:469,1,0.9996737092733383,1
pneumonia:bacteria:47,1,0.9994451403617858,1
pneumonia:bacteria:470,1,0.9220808701855796,1
pneumonia:bacteria:471,1,0.9997630914052327,1
pneumonia:bacteria:472,1,0.9999749541282654,1
pneumonia:bacteria:473,1,0.9999261498451234,1
pneumonia:bacteria:475,1,0.9997470130523045,1
pneumonia:bacteria:476,1,0.5682713985443115,0
pneumonia:bacteria:477,1,0.9597018510103226,1
pneumonia:bacteria:478,1,0.9823643565177917,1
pneumonia:bacteria:48,1,0.9999489486217499,1
pneumonia:bacteria:480,1,0.9991736610730488,1
pneumonia:bacteria:481,1,0.893537312746048,1
pneumonia:bacteria:482,1,0.9999315043290457,1
pneumonia:bacteria:483,1,0.9983328580856323,1
pneumonia:bacteria:485,1,0.1019994989037513,0
pneumonia:bacteria:486,1,0.9013168029487133,1
pneumonia:bacteria:487,1,0.999601329366366,1
pneumonia:bacteria:488,1,0.9950140714645386,1
pneumonia:bacteria:489,1,0.992673534154892,1
pneumonia:bacteria:49,1,0.992933601140976,1
pneumonia:bacteria:490,1,0.9996115763982136,1
pneumonia:bacteria:491,1,0.9981793065865836,1
pneumonia:bacteria:492,1,0.9998959203561146,1
pneumonia:bacteria:493,1,0.896870031952858,1
pneumonia:bacteria:494,1,0.8720603461066883,1
pneumonia:bacteria:495,1,0.9999796748161316,1
pneumonia:bacteria:496,1,0.6879505813121796,1
pneumonia:bacteria:498,1,0.7127995093663533,1
pneumonia:bacteria:499,1,0.7498281747102737,1
pneumonia:bacteria:5,1,0.9952469244599342,1
pneumonia:bacteria:50,1,0.9828405976295471,1
pneumonia:bacteria:500,1,0.9998110575335366,1
pneumonia:bacteria:501,1,0.9909022629261017,1
pneumonia:bacteria:502,1,0.9999203724520547,1
pneumonia:bacteria:503,1,0.9751749336719513,1
pneumonia:bacteria:504,1,0.9925313651561736,1
pneumonia:bacteria:505,1,0.811934620141983,1
pneumonia:bacteria:506,1,0.9596332758665085,1
pneumonia:bacteria:507,1,0.9998804330825806,1
pneumonia:bacteria:508,1,0.8796008080244064,1
pneumonia:bacteria:509,1,0.9991067498922348,1
pneumonia:bacteria:51,1,0.9998320668935776,1
pneumonia:bacteria:510,1,0.9781001955270767,1
pneumonia:bacteria:511,1,0.9992499798536301,1
pneumonia:bacteria:512,1,0.9998738169670105,1
pneumonia:bacteria:514,1,0.9999564290046692,1
pneumonia:bacteria:515,1,0.9913678665955861,1
pneumonia:bacteria:516,1,0.9999703764915466,1
pneumonia:bacteria:517,1,0.8082182705402374,1
pneumonia:bacteria:518,1,0.9963833317160606,1
pneumonia:bacteria:52,1,0.5691630765795708,0
pneumonia:bacteria:520,1,0.999374657869339,1
pneumonia:bacteria:522,1,0.9999615252017975,1
pneumonia:bacteria:525,1,0.9978885874152184,1
pneumonia:bacteria:526,1,0.9999228119850159,1
pneumonia:bacteria:527,1,0.9977412819862366,1
pneumonia:bacteria:528,1,0.9988769590854645,1
pneumonia:bacteria:529,1,0.9999567866325378,1
pneumonia:bacteria:53,1,0.9999546483159065,1
pneumonia:bacteria:530,1,0.9996229708194733,1
pneumonia:bacteria:531,1,0.9999330937862396,1
pneumonia:bacteria:533,1,0.9999505579471588,1
pneumonia:bacteria:534,1,0.9979912787675858,1
pneumonia:bacteria:535,1,0.9371664524078369,1
pneumonia:bacteria:536,1,0.9997077956795692,1
pneumonia:bacteria:537,1,0.9997475196917851,1
pneumonia:bacteria:538,1,0.914008617401123,1
pneumonia:bacteria:539,1,0.9998387843370438,1
pneumonia:bacteria:54,1,0.7684902548789978,1
pneumonia:bacteria:540,1,0.999379018942515,1
pneumonia:bacteria:541,1,0.9999841451644897,1
pneumonia:bacteria:542,1,0.9913553893566132,1
pneumonia:bacteria:543,1,0.9975267002979914,1
pneumonia:bacteria:544,1,0.9999134540557861,1
pneumonia:bacteria:545,1,0.9991062879562378,1
pneumonia:bacteria:547,1,0.9959117670853932,1
pneumonia:bacteria:548,1,0.9996740271647772,1
pneumonia:bacteria:549,1,0.9995119631290437,1
pneumonia:bacteria:55,1,0.9999811393874032,1
pneumonia:bacteria:550,1,0.9992868155241013,1
pneumonia:bacteria:551,1,0.9908371716737747,1
pneumonia:bacteria:552,1,0.987337052822113,1
pneumonia:bacteria:553,1,0.9981788843870163,1
pneumonia:bacteria:554,1,0.9945961758494377,1
pneumonia:bacteria:555,1,0.9999746680259705,1
pneumonia:bacteria:556,1,0.9970065653324127,1
pneumonia:bacteria:557,1,0.9991479218006134,1
pneumonia:bacteria:558,1,0.9553742408752441,1
pneumonia:bacteria:559,1,0.5082856863737106,0
pneumonia:bacteria:56,1,0.998968909184138,1
pneumonia:bacteria:560,1,0.9972029030323029,1
pneumonia:bacteria:561,1,0.9969522058963776,1
pneumonia:bacteria:562,1,0.7760150730609894,1
pneumonia:bacteria:563,1,0.9994581528007984,1
pneumonia:bacteria:564,1,0.9994233200947444,1
pneumonia:bacteria:565,1,0.9999698996543884,1
pneumonia:bacteria:566,1,0.9985553026199341,1
pneumonia:bacteria:567,1,0.9999947150548298,1
pneumonia:bacteria:568,1,0.999415397644043,1
pneumonia:bacteria:569,1,0.9984727576375008,1
pneumonia:bacteria:57,1,0.9928885400295258,1
pneumonia:bacteria:570,1,0.9471461474895477,1
pneumonia:bacteria:571,1,0.9998877346515656,1
pneumonia:bacteria:572,1,0.9805986881256104,1
pneumonia:bacteria:573,1,0.9883813858032227,1
pneumonia:bacteria:574,1,0.9996371045708656,1
pneumonia:bacteria:575,1,0.9998900592327118,1
pneumonia:bacteria:576,1,0.999988317489624,1
pneumonia:bacteria:577,1,0.8050511479377747,1
pneumonia:bacteria:578,1,0.996406078338623,1
pneumonia:bacteria:579,1,0.9955060720443727,1
pneumonia:bacteria:58,1,0.9994572613920484,1
pneumonia:bacteria:580,1,0.9993040462334951,1
pneumonia:bacteria:581,1,0.9998785356680553,1
pneumonia:bacteria:582,1,0.9998837312062582,1
pneumonia:bacteria:583,1,0.9998162488142649,1
pneumonia:bacteria:585,1,0.9997912148634592,1
pneumonia:bacteria:586,1,0.9998479783535004,1
pneumonia:bacteria:587,1,0.8657446801662445,1
pneumonia:bacteria:588,1,0.9909662306308746,1
pneumonia:bacteria:589,1,0.999925896525383,1
pneumonia:bacteria:59,1,0.9999894599119823,1
pneumonia:bacteria:590,1,0.9419308602809906,1
pneumonia:bacteria:591,1,0.9993321895599365,1
pneumonia:bacteria:592,1,0.9976454675197601,1
pneumonia:bacteria:593,1,0.9971230924129486,1
pneumonia:bacteria:594,1,0.9971303939819336,1
pneumonia:bacteria:595,1,0.9367276430130005,1
pneumonia:bacteria:596,1,0.998672891408205,1
pneumonia:bacteria:597,1,0.9998107850551605,1
pneumonia:bacteria:598,1,0.9985149204730988,1
pneumonia:bacteria:599,1,0.9923161864280701,1
pneumonia:bacteria:6,1,0.9998167753219604,1
pneumonia:bacteria:60,1,0.9999101062615712,1
pneumonia:bacteria:600,1,0.9995576937993367,1
pneumonia:bacteria:601,1,0.9817594885826111,1
pneumonia:bacteria:602,1,0.9799372553825378,1
pneumonia:bacteria:603,1,0.9999827146530151,1
pneumonia:bacteria:604,1,0.9999854862689972,1
pneumonia:bacteria:605,1,0.9994257509708405,1
pneumonia:bacteria:606,1,0.9995218515396118,1
pneumonia:bacteria:607,1,0.9879401624202728,1
pneumonia:bacteria:608,1,0.9963970979054768,1
pneumonia:bacteria:609,1,0.9984608292579651,1
pneumonia:bacteria:61,1,0.9989187926054002,1
pneumonia:bacteria:610,1,0.9981193244457244,1
pneumonia:bacteria:611,1,0.9824992716312408,1
pneumonia:bacteria:612,1,0.9997933804988861,1
pneumonia:bacteria:613,1,0.43747232481837267,0
pneumonia:bacteria:614,1,0.9998479882876079,1
pneumonia:bacteria:616,1,0.9900725781917572,1
pneumonia:bacteria:617,1,0.8097601234912872,1
pneumonia:bacteria:618,1,0.9328712821006774,1
pneumonia:bacteria:619,1,0.9724897593259811,1
pneumonia:bacteria:62,1,0.9997090150912602,1
pneumonia:bacteria:620,1,0.9923906326293945,1
pneumonia:bacteria:622,1,0.9485255181789398,1
pneumonia:bacteria:623,1,0.999881386756897,1
pneumonia:bacteria:624,1,0.7295942008495331,1
pneumonia:bacteria:625,1,0.9998679459095001,1
pneumonia:bacteria:626,1,0.9999992251396179,1
pneumonia:bacteria:628,1,0.9993486106395721,1
pneumonia:bacteria:629,1,0.9996446430683137,1
pneumonia:bacteria:63,1,0.9998234212398529,1
pneumonia:bacteria:630,1,0.9989100575447083,1
pneumonia:bacteria:632,1,0.9999822974205017,1
pneumonia:bacteria:633,1,0.9780654907226562,1
pneumonia:bacteria:634,1,0.9996334612369536,1
pneumonia:bacteria:635,1,0.7280906140804291,1
pneumonia:bacteria:636,1,0.9998207688331604,1
pneumonia:bacteria:637,1,0.9998033344745636,1
pneumonia:bacteria:64,1,0.9999571314879827,1
pneumonia:bacteria:640,1,0.9919278621673584,1
pneumonia:bacteria:641,1,0.9331487119197845,1
pneumonia:bacteria:643,1,0.9999985098838806,1
pneumonia:bacteria:644,1,0.9999874234199524,1
pneumonia:bacteria:645,1,0.9998902678489685,1
pneumonia:bacteria:646,1,0.9999276995658875,1
pneumonia:bacteria:647,1,0.9998214244842528,1
pneumonia:bacteria:648,1,0.9892241358757019,1
pneumonia:bacteria:649,1,0.9998454451560974,1
pneumonia:bacteria:65,1,0.9999619126319885,1
pneumonia:bacteria:650,1,0.9999816417694092,1
pneumonia:bacteria:651,1,0.9999663829803467,1
pneumonia:bacteria:652,1,0.9989136159420013,1
pneumonia:bacteria:653,1,0.9997839331626892,1
pneumonia:bacteria:654,1,0.9993794560432434,1
pneumonia:bacteria:655,1,0.9965842068195344,1
pneumonia:bacteria:656,1,0.9999958276748657,1
pneumonia:bacteria:657,1,0.9998109936714172,1
pneumonia:bacteria:658,1,0.9997038841247559,1
pneumonia:bacteria:659,1,0.9999986886978149,1
pneumonia:bacteria:66,1,0.9998622089624405,1
pneumonia:bacteria:660,1,0.9999501705169678,1
pneumonia:bacteria:661,1,0.999860554933548,1
pneumonia:bacteria:662,1,0.9950024783611298,1
pneumonia:bacteria:663,1,0.9999861717224121,1
pneumonia:bacteria:665,1,0.9999688863754272,1
pneumonia:bacteria:666,1,0.9999777674674988,1
pneumonia:bacteria:669,1,0.9999174028635025,1
pneumonia:bacteria:67,1,0.9999448316437858,1
pneumonia:bacteria:670,1,0.9991302490234375,1
pneumonia:bacteria:671,1,0.9999971389770508,1
pneumonia:bacteria:672,1,0.999998927116394,1
pneumonia:bacteria:673,1,0.9999964833259583,1
pneumonia:bacteria:674,1,0.9606731832027435,1
pneumonia:bacteria:675,1,0.9996210634708405,1
pneumonia:bacteria:677,1,0.9998796284198761,1
pneumonia:bacteria:678,1,0.258961945772171,0
pneumonia:bacteria:68,1,0.9695891638596852,1
pneumonia:bacteria:680,1,0.999729186296463,1
pneumonia:bacteria:681,1,0.7056529521942139,1
pneumonia:bacteria:683,1,0.9978249967098236,1
pneumonia:bacteria:684,1,0.9999901652336121,1
pneumonia:bacteria:685,1,0.9999631643295288,1
pneumonia:bacteria:687,1,0.9993389844894409,1
pneumonia:bacteria:688,1,0.9999917149543762,1
pneumonia:bacteria:689,1,0.9999807775020599,1
pneumonia:bacteria:69,1,0.9973398447036742,1
pneumonia:bacteria:690,1,0.9998471438884735,1
pneumonia:bacteria:691,1,0.9999352097511292,1
pneumonia:bacteria:692,1,0.9999288320541382,1
pneumonia:bacteria:693,1,0.9999716281890869,1
pneumonia:bacteria:696,1,0.9998622238636017,1
pneumonia:bacteria:699,1,0.9868460297584534,1
pneumonia:bacteria:7,1,0.9997485131025314,1
pneumonia:bacteria:70,1,0.9997171461582184,1
pneumonia:bacteria:700,1,0.9951400458812714,1
pneumonia:bacteria:701,1,0.7604381442070007,1
pneumonia:bacteria:702,1,0.999991238117218,1
pneumonia:bacteria:703,1,0.9995240867137909,1
pneumonia:bacteria:704,1,0.9997041821479797,1
pneumonia:bacteria:707,1,0.9999985694885254,1
pneumonia:bacteria:709,1,0.9999976754188538,1
pneumonia:bacteria:71,1,0.9899380385875702,1
pneumonia:bacteria:710,1,0.9999973773956299,1
pneumonia:bacteria:711,1,0.9998692274093628,1
pneumonia:bacteria:712,1,0.9986829161643982,1
pneumonia:bacteria:713,1,0.9999653100967407,1
pneumonia:bacteria:714,1,0.9998098015785216,1
pneumonia:bacteria:716,1,0.9999860525131226,1
pneumonia:bacteria:717,1,0.9999711513519287,1
pneumonia:bacteria:718,1,0.17289835214614865,0
pneumonia:bacteria:719,1,0.9968624711036682,1
pneumonia:bacteria:72,1,0.9817019800345104,1
pneumonia:bacteria:720,1,0.9961223900318146,1
pneumonia:bacteria:721,1,0.9999037683010101,1
pneumonia:bacteria:723,1,0.999995231628418,1
pneumonia:bacteria:724,1,0.9999962449073792,1
pneumonia:bacteria:725,1,0.999988317489624,1
pneumonia:bacteria:726,1,0.9999986886978149,1
pneumonia:bacteria:727,1,0.9865448772907257,1
pneumonia:bacteria:728,1,0.9999821186065674,1
pneumonia:bacteria:73,1,0.998568003376325,1
pneumonia:bacteria:730,1,0.9997807145118713,1
pneumonia:bacteria:731,1,0.9999942779541016,1
pneumonia:bacteria:732,1,0.9996890425682068,1
pneumonia:bacteria:733,1,0.976696252822876,1
pneumonia:bacteria:734,1,0.9649131298065186,1
pneumonia:bacteria:735,1,0.9954038262367249,1
pneumonia:bacteria:736,1,0.9994055032730103,1
pneumonia:bacteria:737,1,0.9999991655349731,1
pneumonia:bacteria:738,1,0.9999781847000122,1
pneumonia:bacteria:739,1,0.9998534023761749,1
pneumonia:bacteria:74,1,0.9489518702030182,1
pneumonia:bacteria:740,1,0.9999976754188538,1
pneumonia:bacteria:741,1,0.9999974966049194,1
pneumonia:bacteria:743,1,0.999958336353302,1
pneumonia:bacteria:744,1,0.9998058378696442,1
pneumonia:bacteria:745,1,0.6562487781047821,1
pneumonia:bacteria:746,1,0.9999905824661256,1
pneumonia:bacteria:747,1,0.9999263882637024,1
pneumonia:bacteria:749,1,0.9999949932098389,1
pneumonia:bacteria:75,1,0.9998513360818226,1
pneumonia:bacteria:750,1,0.9999476671218872,1
pneumonia:bacteria:751,1,0.999941349029541,1
pneumonia:bacteria:753,1,0.9999103546142578,1
pneumonia:bacteria:755,1,0.9992812275886536,1
pneumonia:bacteria:756,1,0.999998152256012,1
pneumonia:bacteria:757,1,0.9999831914901733,1
pneumonia:bacteria:758,1,0.9997376203536987,1
pneumonia:bacteria:759,1,0.9981153011322021,1
pneumonia:bacteria:76,1,0.9740213652451833,1
pneumonia:bacteria:760,1,0.9956059157848358,1
pneumonia:bacteria:761,1,0.9998017847537994,1
pneumonia:bacteria:763,1,0.9999669194221497,1
pneumonia:bacteria:764,1,0.9988438189029694,1
pneumonia:bacteria:765,1,0.7589246332645416,1
pneumonia:bacteria:766,1,0.9999722838401794,1
pneumonia:bacteria:767,1,0.9999969601631165,1
pneumonia:bacteria:768,1,0.9999951124191284,1
pneumonia:bacteria:769,1,0.9999972581863402,1
pneumonia:bacteria:77,1,0.9992958977818489,1
pneumonia:bacteria:770,1,0.9998337626457214,1
pneumonia:bacteria:771,1,0.9998242855072021,1
pneumonia:bacteria:774,1,0.998081773519516,1
pneumonia:bacteria:775,1,0.9991889595985413,1
pneumonia:bacteria:776,1,0.9999809265136719,1
pneumonia:bacteria:778,1,0.999870091676712,1
pneumonia:bacteria:779,1,0.8939906060695648,1
pneumonia:bacteria:780,1,0.8372015357017517,1
pneumonia:bacteria:782,1,0.9999732971191406,1
pneumonia:bacteria:783,1,0.9161954522132874,1
pneumonia:bacteria:785,1,0.9998846352100372,1
pneumonia:bacteria:786,1,0.999952256679535,1
pneumonia:bacteria:787,1,0.9958633482456207,1
pneumonia:bacteria:789,1,0.9999666213989258,1
pneumonia:bacteria:794,1,0.9127993881702423,1
pneumonia:bacteria:796,1,0.9999985098838806,1
pneumonia:bacteria:799,1,0.9462993443012238,1
pneumonia:bacteria:8,1,0.00742085115052755,0
pneumonia:bacteria:800,1,0.9991559088230133,1
pneumonia:bacteria:802,1,0.8176454305648804,1
pneumonia:bacteria:803,1,0.99998939037323,1
pneumonia:bacteria:804,1,0.9994272589683533,1
pneumonia:bacteria:805,1,0.9999034702777863,1
pneumonia:bacteria:808,1,0.9996703565120698,1
pneumonia:bacteria:809,1,0.9997192174196243,1
pneumonia:bacteria:810,1,0.9998646676540375,1
pneumonia:bacteria:811,1,0.9830670654773712,1
pneumonia:bacteria:813,1,0.9999986588954926,1
pneumonia:bacteria:814,1,0.9998097121715546,1
pneumonia:bacteria:815,1,0.9731829464435577,1
pneumonia:bacteria:816,1,0.9999947547912598,1
pneumonia:bacteria:817,1,0.9999995827674866,1
pneumonia:bacteria:818,1,0.9992083013057709,1
pneumonia:bacteria:819,1,0.9995578527450562,1
pneumonia:bacteria:820,1,0.9999545812606812,1
pneumonia:bacteria:825,1,0.9999878406524658,1
pneumonia:bacteria:826,1,0.9988438487052917,1
pneumonia:bacteria:827,1,0.9999911189079285,1
pneumonia:bacteria:829,1,0.999456524848938,1
pneumonia:bacteria:830,1,0.9995740652084351,1
pneumonia:bacteria:831,1,0.9999759197235107,1
pneumonia:bacteria:832,1,0.9999963045120239,1
pneumonia:bacteria:834,1,0.9999986290931702,1
pneumonia:bacteria:835,1,0.9999617636203766,1
pneumonia:bacteria:836,1,0.9999648332595825,1
pneumonia:bacteria:837,1,0.9678851813077927,1
pneumonia:bacteria:839,1,0.9996843338012695,1
pneumonia:bacteria:840,1,0.9910778105258942,1
pneumonia:bacteria:841,1,0.9701980650424957,1
pneumonia:bacteria:842,1,0.999789834022522,1
pneumonia:bacteria:843,1,0.9999681711196898,1
pneumonia:bacteria:846,1,0.999999463558197,1
pneumonia:bacteria:847,1,0.9974454343318938,1
pneumonia:bacteria:848,1,0.9998094737529755,1
pneumonia:bacteria:849,1,0.9998879134655,1
pneumonia:bacteria:850,1,0.9999988675117493,1
pneumonia:bacteria:853,1,0.999992698431015,1
pneumonia:bacteria:854,1,0.991123616695404,1
pneumonia:bacteria:855,1,0.9999206066131592,1
pneumonia:bacteria:858,1,0.9994629919528962,1
pneumonia:bacteria:862,1,0.9551034271717072,1
pneumonia:bacteria:863,1,0.9999934434890747,1
pneumonia:bacteria:866,1,0.9997869431972504,1
pneumonia:bacteria:867,1,0.9994868636131287,1
pneumonia:bacteria:870,1,0.9999300241470337,1
pneumonia:bacteria:871,1,0.8316180408000946,1
pneumonia:bacteria:872,1,0.9986602962017059,1
pneumonia:bacteria:873,1,0.9992196559906006,1
pneumonia:bacteria:874,1,0.9877980649471284,1
pneumonia:bacteria:875,1,0.9999646544456482,1
pneumonia:bacteria:876,1,0.9999952912330627,1
pneumonia:bacteria:877,1,0.9997409582138062,1
pneumonia:bacteria:878,1,0.9990240633487701,1
pneumonia:bacteria:880,1,0.9991953074932098,1
pneumonia:bacteria:881,1,0.9997414350509644,1
pneumonia:bacteria:882,1,0.9999896287918091,1
pneumonia:bacteria:883,1,0.9995939433574677,1
pneumonia:bacteria:884,1,0.9985643327236176,1
pneumonia:bacteria:885,1,0.913628488779068,1
pneumonia:bacteria:886,1,0.9900135099887848,1
pneumonia:bacteria:887,1,0.9999949932098389,1
pneumonia:bacteria:888,1,0.9999997019767761,1
pneumonia:bacteria:889,1,0.9998404681682587,1
pneumonia:bacteria:890,1,0.9994293451309204,1
pneumonia:bacteria:892,1,0.9997531473636627,1
pneumonia:bacteria:893,1,0.997738778591156,1
pneumonia:bacteria:894,1,0.9998877942562104,1
pneumonia:bacteria:895,1,0.9949365556240082,1
pneumonia:bacteria:896,1,0.9999908208847046,1
pneumonia:bacteria:897,1,0.999299317598343,1
pneumonia:bacteria:898,1,0.9999809861183167,1
pneumonia:bacteria:9,1,0.9881257638335228,1
pneumonia:bacteria:902,1,0.9999995231628418,1
pneumonia:bacteria:903,1,0.9999974370002747,1
pneumonia:bacteria:904,1,0.9998866021633148,1
pneumonia:bacteria:905,1,0.9999814629554749,1
pneumonia:bacteria:906,1,0.9999973773956299,1
pneumonia:bacteria:907,1,0.9999372363090516,1
pneumonia:bacteria:909,1,0.9999473690986633,1
pneumonia:bacteria:911,1,0.9999597072601318,1
pneumonia:bacteria:912,1,0.9999983310699463,1
pneumonia:bacteria:913,1,0.9999866485595704,1
pneumonia:bacteria:914,1,0.999998927116394,1
pneumonia:bacteria:916,1,0.9995967149734496,1
pneumonia:bacteria:917,1,0.9988863170146942,1
pneumonia:bacteria:918,1,0.9999841451644897,1
pneumonia:bacteria:919,1,0.9987395703792572,1
pneumonia:bacteria:920,1,0.9997507035732269,1
pneumonia:bacteria:921,1,0.9999975562095642,1
pneumonia:bacteria:922,1,0.9999977946281432,1
pneumonia:bacteria:923,1,0.9999876618385315,1
pneumonia:bacteria:924,1,0.9295538365840912,1
pneumonia:bacteria:925,1,0.9998214542865753,1
pneumonia:bacteria:927,1,0.9953958690166473,1
pneumonia:bacteria:929,1,0.9973060488700867,1
pneumonia:bacteria:930,1,0.9857315719127655,1
pneumonia:bacteria:931,1,0.9999548196792603,1
pneumonia:bacteria:933,1,0.9999841451644897,1
pneumonia:bacteria:934,1,0.9964553713798523,1
pneumonia:bacteria:936,1,0.9993141889572144,1
pneumonia:bacteria:937,1,0.9999910593032837,1
pneumonia:bacteria:938,1,0.9955264627933502,1
pneumonia:bacteria:939,1,0.999994933605194,1
pneumonia:bacteria:940,1,0.9999763369560242,1
pneumonia:bacteria:942,1,0.9999993443489075,1
pneumonia:bacteria:943,1,0.9498556852340698,1
pneumonia:bacteria:944,1,0.986461102962494,1
pneumonia:bacteria:945,1,0.9999856948852539,1
pneumonia:bacteria:946,1,0.7445905208587646,1
pneumonia:bacteria:947,1,0.9999529123306274,1
pneumonia:bacteria:949,1,0.9996845722198486,1
pneumonia:bacteria:951,1,0.9999077618122102,1
pneumonia:bacteria:952,1,0.999991238117218,1
pneumonia:bacteria:953,1,0.9999990463256836,1
pneumonia:bacteria:954,1,0.99669349193573,1
pneumonia:bacteria:955,1,0.9998507797718048,1
pneumonia:bacteria:956,1,0.9998033344745636,1
pneumonia:bacteria:957,1,0.9999909996986388,1
pneumonia:bacteria:958,1,0.9999977946281433,1
pneumonia:bacteria:959,1,0.9999998211860657,1
pneumonia:bacteria:960,1,0.9998936951160431,1
pneumonia:bacteria:961,1,0.9999672174453735,1
pneumonia:bacteria:962,1,0.9999966621398926,1
pneumonia:bacteria:963,1,0.9999921321868896,1
pneumonia:bacteria:964,1,0.9999769926071167,1
pneumonia:bacteria:965,1,0.9999929070472717,1
pneumonia:bacteria:966,1,0.9999954700469971,1
pneumonia:bacteria:967,1,0.9994350373744965,1
pneumonia:bacteria:968,1,0.9911077618598938,1
pneumonia:bacteria:969,1,0.9988181889057159,1
pneumonia:bacteria:970,1,0.9996280372142792,1
pneumonia:bacteria:971,1,0.9999842047691345,1
pneumonia:bacteria:972,1,0.9835600256919861,1
pneumonia:bacteria:974,1,0.9767566919326782,1
pneumonia:bacteria:976,1,0.9999841451644897,1
pneumonia:bacteria:977,1,0.9998387396335602,1
pneumonia:bacteria:978,1,0.9998053908348083,1
pneumonia:bacteria:979,1,0.9997207522392274,1
pneumonia:bacteria:980,1,0.9999418258666992,1
pneumonia:bacteria:981,1,0.9999989867210388,1
pneumonia:bacteria:982,1,0.9999201893806458,1
pneumonia:bacteria:983,1,0.9972769916057587,1
pneumonia:bacteria:984,1,0.9999962449073792,1
pneumonia:bacteria:985,1,0.9999714493751526,1
pneumonia:bacteria:986,1,0.9999921321868896,1
pneumonia:bacteria:987,1,0.9995817244052887,1
pneumonia:bacteria:988,1,0.9998692870140076,1
pneumonia:bacteria:990,1,0.999885082244873,1
pneumonia:bacteria:991,1,0.9999664425849915,1
pneumonia:bacteria:992,1,0.9997365772724152,1
pneumonia:bacteria:993,1,0.99995356798172,1
pneumonia:bacteria:994,1,0.9997688233852386,1
pneumonia:bacteria:995,1,0.999343603849411,1
pneumonia:bacteria:996,1,0.7407499551773071,1
pneumonia:bacteria:997,1,0.9999661445617676,1
pneumonia:bacteria:998,1,0.9999507069587708,1
pneumonia:virus:100,1,0.9999901056289673,1
pneumonia:virus:1000,1,0.8994735479354858,1
pneumonia:virus:1003,1,0.999987006187439,1
pneumonia:virus:1004,1,0.999901533126831,1
pneumonia:virus:1005,1,0.9980675578117371,1
pneumonia:virus:1007,1,0.9923580288887024,1
pneumonia:virus:1008,1,0.9999963045120239,1
pneumonia:virus:1009,1,0.9987691640853882,1
pneumonia:virus:101,1,0.9902983158826828,1
pneumonia:virus:1010,1,0.9999992847442627,1
pneumonia:virus:1015,1,0.9998625814914703,1
pneumonia:virus:1016,1,0.9998332560062408,1
pneumonia:virus:1018,1,0.995944082736969,1
pneumonia:virus:1019,1,0.9999939501285553,1
pneumonia:virus:102,1,0.10918082669377324,0
pneumonia:virus:1020,1,0.9997748732566833,1
pneumonia:virus:1021,1,0.9998511373996735,1
pneumonia:virus:1022,1,0.42858004570007324,0
pneumonia:virus:1023,1,0.9995456039905548,1
pneumonia:virus:1024,1,0.9986427426338196,1
pneumonia:virus:1026,1,0.9999536275863647,1
pneumonia:virus:1029,1,0.9991901814937592,1
pneumonia:virus:103,1,0.9999994039535522,1
pneumonia:virus:1030,1,0.8801173269748688,1
pneumonia:virus:1031,1,0.6372630894184113,1
pneumonia:virus:1034,1,0.9952957928180695,1
pneumonia:virus:1035,1,0.9989868104457855,1
pneumonia:virus:1036,1,0.9376199245452881,1
pneumonia:virus:1038,1,0.9996715784072876,1
pneumonia:virus:104,1,0.0792631711810827,0
pneumonia:virus:1040,1,0.9925034046173096,1
pneumonia:virus:1041,1,0.9674598574638367,1
pneumonia:virus:1042,1,0.9999406933784484,1
pneumonia:virus:1043,1,0.955327808856964,1
pneumonia:virus:1044,1,0.9253121912479401,1
pneumonia:virus:1045,1,0.9995265901088715,1
pneumonia:virus:1046,1,0.9999991059303284,1
pneumonia:virus:1048,1,0.9987956583499908,1
pneumonia:virus:1049,1,0.998314380645752,1
pneumonia:virus:105,1,0.9998951405286789,1
pneumonia:virus:1051,1,0.9979110062122344,1
pneumonia:virus:1052,1,0.9997358024120331,1
pneumonia:virus:1056,1,0.9966058433055878,1
pneumonia:virus:1057,1,0.9996457695960999,1
pneumonia:virus:1058,1,0.9929452836513519,1
pneumonia:virus:1059,1,0.9999804496765137,1
pneumonia:virus:106,1,0.9602015912532806,1
pneumonia:virus:1060,1,0.9987900853157043,1
pneumonia:virus:1062,1,0.999580979347229,1
pneumonia:virus:1063,1,0.9989421367645264,1
pneumonia:virus:1065,1,0.8789680302143097,1
pneumonia:virus:1066,1,0.9989876449108124,1
pneumonia:virus:1067,1,0.9999221563339233,1
pneumonia:virus:1068,1,0.9999330639839172,1
pneumonia:virus:1069,1,0.9998252093791962,1
pneumonia:virus:107,1,0.9999613165855408,1
pneumonia:virus:1070,1,0.9944943487644196,1
pneumonia:virus:1071,1,0.9999918937683105,1
pneumonia:virus:1072,1,0.9994595348834991,1
pneumonia:virus:1073,1,0.9526742696762085,1
pneumonia:virus:1077,1,0.9996363520622255,1
pneumonia:virus:1078,1,0.9999969601631165,1
pneumonia:virus:1079,1,0.999998152256012,1
pneumonia:virus:108,1,0.9814941883087158,1
pneumonia:virus:1080,1,0.9983397722244263,1
pneumonia:virus:1081,1,0.9999141097068787,1
pneumonia:virus:1082,1,0.9939722120761871,1
pneumonia:virus:1083,1,0.9754182398319244,1
pneumonia:virus:1084,1,0.984694629907608,1
pneumonia:virus:1085,1,0.9999850988388062,1
pneumonia:virus:1086,1,0.9999538660049438,1
pneumonia:virus:1087,1,0.9999993443489075,1
pneumonia:virus:1088,1,0.7129236459732056,1
pneumonia:virus:1089,1,0.999991238117218,1
pneumonia:virus:109,1,0.17478587850928307,0
pneumonia:virus:1090,1,0.9999269843101501,1
pneumonia:virus:1091,1,0.9999992847442627,1
pneumonia:virus:1092,1,0.994838148355484,1
pneumonia:virus:1094,1,0.99993896484375,1
pneumonia:virus:1095,1,0.9945476949214936,1
pneumonia:virus:1096,1,0.999951958656311,1
pneumonia:virus:1097,1,0.9988345503807068,1
pneumonia:virus:1098,1,0.9999977946281433,1
pneumonia:virus:1099,1,0.9405451118946075,1
pneumonia:virus:110,1,0.999989852309227,1
pneumonia:virus:1100,1,0.9999755024909973,1
pneumonia:virus:1102,1,0.9999842047691345,1
pneumonia:virus:1103,1,0.9999930262565614,1
pneumonia:virus:1104,1,0.9995788931846619,1
pneumonia:virus:1106,1,0.9994278848171234,1
pneumonia:virus:1107,1,0.9157227873802185,1
pneumonia:virus:1108,1,0.9996654987335205,1
pneumonia:virus:111,1,0.6791614941321312,1
pneumonia:virus:1110,1,0.9998794198036194,1
pneumonia:virus:1111,1,0.9999949932098389,1
pneumonia:virus:1112,1,0.9331979155540466,1
pneumonia:virus:1113,1,0.999995768070221,1
pneumonia:virus:1115,1,0.9999672174453734,1
pneumonia:virus:1116,1,0.9992509186267853,1
pneumonia:virus:1119,1,0.9982682764530182,1
pneumonia:virus:112,1,0.9339237809181213,1
pneumonia:virus:1120,1,0.9998469948768616,1
pneumonia:virus:1121,1,0.9994149506092072,1
pneumonia:virus:1122,1,0.9999983906745911,1
pneumonia:virus:1123,1,0.9252692759037018,1
pneumonia:virus:1124,1,0.9971776902675629,1
pneumonia:virus:1125,1,0.9895226359367371,1
pneumonia:virus:1126,1,0.9999932050704956,1
pneumonia:virus:1127,1,0.9982131719589233,1
pneumonia:virus:1129,1,0.9823621511459351,1
pneumonia:virus:113,1,0.9985511153936386,1
pneumonia:virus:1130,1,0.9999971985816956,1
pneumonia:virus:1132,1,0.9990550875663757,1
pneumonia:virus:1133,1,0.9988416433334351,1
pneumonia:virus:1137,1,0.9825336933135986,1
pneumonia:virus:1138,1,0.9884074330329895,1
pneumonia:virus:1139,1,0.9515962600708008,1
pneumonia:virus:114,1,0.9999995231628418,1
pneumonia:virus:1140,1,0.9849643409252166,1
pneumonia:virus:1141,1,0.9840454459190369,1
pneumonia:virus:1142,1,0.9918082058429718,1
pneumonia:virus:1143,1,0.9997786283493042,1
pneumonia:virus:1145,1,0.9996825257937114,1
pneumonia:virus:1147,1,0.9995906253655751,1
pneumonia:virus:1149,1,0.9680776298046112,1
pneumonia:virus:115,1,0.9606197625398636,1
pneumonia:virus:1151,1,0.9768346846103668,1
pneumonia:virus:1152,1,0.96415576338768,1
pneumonia:virus:1153,1,0.9999646544456482,1
pneumonia:virus:1154,1,0.9431414008140564,1
pneumonia:virus:1155,1,0.9999025166034698,1
pneumonia:virus:1156,1,0.9868768751621246,1
pneumonia:virus:1157,1,0.9792892932891846,1
pneumonia:virus:1158,1,0.9933856368064881,1
pneumonia:virus:1159,1,0.9997319579124451,1
pneumonia:virus:116,1,0.9999480247497559,1
pneumonia:virus:1160,1,0.9999754428863525,1
pneumonia:virus:1161,1,0.74953493475914,1
pneumonia:virus:1162,1,0.9905141741037369,1
pneumonia:virus:1163,1,0.9998900592327118,1
pneumonia:virus:1164,1,0.8168686464428901,1
pneumonia:virus:1165,1,0.9983154237270355,1
pneumonia:virus:1168,1,0.9997513145208359,1
pneumonia:virus:1169,1,0.9815091788768768,1
pneumonia:virus:117,1,0.9998736679553986,1
pneumonia:virus:1170,1,0.999917671084404,1
pneumonia:virus:1172,1,0.9999687075614928,1
pneumonia:virus:1173,1,0.1685078218579292,0
pneumonia:virus:1174,1,0.9546388387680054,1
pneumonia:virus:1175,1,0.6160523444414139,1
pneumonia:virus:1176,1,0.9999267160892487,1
pneumonia:virus:1177,1,0.9974684417247772,1
pneumonia:virus:1178,1,0.945174515247345,1
pneumonia:virus:1179,1,0.9999815821647644,1
pneumonia:virus:118,1,0.9953562617301941,1
pneumonia:virus:1180,1,0.9993979235490164,1
pneumonia:virus:1181,1,0.9988819658756256,1
pneumonia:virus:1182,1,0.6147818565368652,1
pneumonia:virus:1183,1,0.8529486954212189,1
pneumonia:virus:1184,1,0.8146709501743317,1
pneumonia:virus:1186,1,0.9870736747980118,1
pneumonia:virus:1187,1,0.9760122299194336,1
pneumonia:virus:1188,1,0.996943473815918,1
pneumonia:virus:119,1,0.9999959468841553,1
pneumonia:virus:1190,1,0.9823762476444244,1
pneumonia:virus:1191,1,0.17875385656952855,0
pneumonia:virus:1193,1,0.9936955273151398,1
pneumonia:virus:1197,1,0.9983982145786285,1
pneumonia:virus:120,1,0.636693000793457,1
pneumonia:virus:1200,1,0.999777764081955,1
pneumonia:virus:1202,1,0.999583899974823,1
pneumonia:virus:1206,1,0.999836266040802,1
pneumonia:virus:1211,1,0.9604101777076721,1
pneumonia:virus:1212,1,0.9983130097389221,1
pneumonia:virus:1213,1,0.9997111856937408,1
pneumonia:virus:1214,1,0.9962585270404816,1
pneumonia:virus:1216,1,0.9976955354213715,1
pneumonia:virus:1217,1,0.9994653761386871,1
pneumonia:virus:1218,1,0.9999999403953552,1
pneumonia:virus:1219,1,0.9999437928199768,1
pneumonia:virus:122,1,0.9986719191074371,1
pneumonia:virus:1220,1,0.975246250629425,1
pneumonia:virus:1222,1,0.9997351467609406,1
pneumonia:virus:1223,1,0.971398562192917,1
pneumonia:virus:1224,1,0.9994850754737854,1
pneumonia:virus:1225,1,0.9999598264694214,1
pneumonia:virus:1226,1,0.999739795923233,1
pneumonia:virus:1227,1,0.40499347448349,0
pneumonia:virus:1228,1,0.9999890327453613,1
pneumonia:virus:1229,1,0.9991522431373596,1
pneumonia:virus:123,1,0.999971330165863,1
pneumonia:virus:1230,1,0.9664663672447205,1
pneumonia:virus:1231,1,0.9841164648532867,1
pneumonia:virus:1232,1,0.981730043888092,1
pneumonia:virus:1233,1,0.9999910593032837,1
pneumonia:virus:1234,1,0.9366611838340759,1
pneumonia:virus:1235,1,0.9999849200248718,1
pneumonia:virus:1236,1,0.9996891915798187,1
pneumonia:virus:1237,1,0.999961793422699,1
pneumonia:virus:1238,1,0.9999129176139832,1
pneumonia:virus:1239,1,0.9939607381820679,1
pneumonia:virus:124,1,0.999973226338625,1
pneumonia:virus:1241,1,0.9999627470970154,1
pneumonia:virus:1242,1,0.9997087717056274,1
pneumonia:virus:1243,1,0.8878234922885895,1
pneumonia:virus:1244,1,0.998512864112854,1
pneumonia:virus:1247,1,0.9980341792106628,1
pneumonia:virus:1248,1,0.9996957778930664,1
pneumonia:virus:1249,1,0.9980531334877014,1
pneumonia:virus:125,1,0.9989999532699585,1
pneumonia:virus:1252,1,0.5529175847768784,0
pneumonia:virus:1253,1,0.9999915361404419,1
pneumonia:virus:1254,1,0.9998858273029327,1
pneumonia:virus:1255,1,0.9999996423721313,1
pneumonia:virus:1258,1,0.9977530837059021,1
pneumonia:virus:1259,1,0.9999006390571594,1
pneumonia:virus:126,1,0.9977693259716034,1
pneumonia:virus:1260,1,0.9492234289646149,1
pneumonia:virus:1261,1,0.9986564715703329,1
pneumonia:virus:1264,1,0.999638170003891,1
pneumonia:virus:1265,1,0.9885464906692506,1
pneumonia:virus:1266,1,0.9996704757213593,1
pneumonia:virus:1267,1,0.999831348657608,1
pneumonia:virus:1268,1,0.8879050612449646,1
pneumonia:virus:1269,1,0.9702889621257782,1
pneumonia:virus:1270,1,0.990921139717102,1
pneumonia:virus:1271,1,0.995739758014679,1
pneumonia:virus:1272,1,0.999586820602417,1
pneumonia:virus:1273,1,0.6843393743038177,1
pneumonia:virus:1274,1,0.9999985694885254,1
pneumonia:virus:1276,1,0.7030044496059418,1
pneumonia:virus:1278,1,0.6981012225151062,1
pneumonia:virus:128,1,0.9977870285511016,1
pneumonia:virus:1281,1,0.8069421052932739,1
pneumonia:virus:1283,1,0.9995663464069366,1
pneumonia:virus:1284,1,0.9999438524246216,1
pneumonia:virus:1285,1,0.9940182566642762,1
pneumonia:virus:1286,1,0.9997449219226837,1
pneumonia:virus:1287,1,0.776530921459198,1
pneumonia:virus:1288,1,0.9990579783916473,1
pneumonia:virus:1290,1,0.8174094706773758,1
pneumonia:virus:1291,1,0.9925276041030884,1
pneumonia:virus:1292,1,0.9641145765781403,1
pneumonia:virus:1293,1,0.9998750388622284,1
pneumonia:virus:1294,1,0.9997319430112839,1
pneumonia:virus:1295,1,0.482897650450468,0
pneumonia:virus:1296,1,0.99979567527771,1
pneumonia:virus:1298,1,0.9999967813491821,1
pneumonia:virus:130,1,0.7418478727340698,1
pneumonia:virus:1300,1,0.8950728476047516,1
pneumonia:virus:1301,1,0.9958042800426483,1
pneumonia:virus:1303,1,0.9884687662124634,1
pneumonia:virus:1306,1,0.9998217225074768,1
pneumonia:virus:1307,1,0.9665795266628265,1
pneumonia:virus:1308,1,0.9980918020009995,1
pneumonia:virus:1309,1,0.9999405145645142,1
pneumonia:virus:131,1,0.9985811114311218,1
pneumonia:virus:1310,1,0.9990687668323517,1
pneumonia:virus:1311,1,0.9999922811985016,1
pneumonia:virus:1312,1,0.9957100749015808,1
pneumonia:virus:1313,1,0.9922171533107758,1
pneumonia:virus:1314,1,0.9977801740169525,1
pneumonia:virus:1315,1,0.9956836700439453,1
pneumonia:virus:1316,1,0.9999146461486816,1
pneumonia:virus:1317,1,0.9970350563526154,1
pneumonia:virus:1318,1,0.9999955892562866,1
pneumonia:virus:1319,1,0.9998124837875366,1
pneumonia:virus:132,1,0.9952372014522552,1
pneumonia:virus:1320,1,0.999959409236908,1
pneumonia:virus:1321,1,0.82411327958107,1
pneumonia:virus:1323,1,0.8778966814279556,1
pneumonia:virus:1324,1,0.986006423830986,1
pneumonia:virus:1325,1,0.9999926090240479,1
pneumonia:virus:1328,1,0.998957912127177,1
pneumonia:virus:133,1,0.9996658265590668,1
pneumonia:virus:1331,1,0.9637060761451721,1
pneumonia:virus:1332,1,0.9998085498809814,1
pneumonia:virus:1333,1,0.9995683133602142,1
pneumonia:virus:1336,1,0.9998957812786102,1
pneumonia:virus:1337,1,0.9576103687286378,1
pneumonia:virus:1338,1,0.9999658465385437,1
pneumonia:virus:134,1,0.9985526502132416,1
pneumonia:virus:1340,1,0.9647520780563354,1
pneumonia:virus:1341,1,0.6674959361553192,1
pneumonia:virus:1342,1,0.9940999746322632,1
pneumonia:virus:1343,1,0.9974936097860336,1
pneumonia:virus:1344,1,0.9997719079256058,1
pneumonia:virus:1345,1,0.9989151954650879,1
pneumonia:virus:1346,1,0.9940895140171051,1
pneumonia:virus:1347,1,0.9912889003753662,1
pneumonia:virus:1348,1,0.9998959004878998,1
pneumonia:virus:135,1,0.9999818503856659,1
pneumonia:virus:1350,1,0.9991507232189178,1
pneumonia:virus:1351,1,0.987281322479248,1
pneumonia:virus:1353,1,0.9743528664112091,1
pneumonia:virus:1355,1,0.40587446466088295,0
pneumonia:virus:1356,1,0.9994535148143768,1
pneumonia:virus:1357,1,0.985488623380661,1
pneumonia:virus:1358,1,0.8996275365352631,1
pneumonia:virus:1359,1,0.9886519014835358,1
pneumonia:virus:1360,1,0.7079401612281799,1
pneumonia:virus:1361,1,0.999439537525177,1
pneumonia:virus:1362,1,0.31399126909673214,0
pneumonia:virus:1363,1,0.9777622818946838,1
pneumonia:virus:1365,1,0.9865705966949462,1
pneumonia:virus:1366,1,0.9998413324356079,1
pneumonia:virus:1367,1,0.9496807754039764,1
pneumonia:virus:1368,1,0.999300052722295,1
pneumonia:virus:1369,1,0.999107152223587,1
pneumonia:virus:137,1,0.999425858259201,1
pneumonia:virus:1371,1,0.9924010038375854,1
pneumonia:virus:1374,1,0.9999958872795105,1
pneumonia:virus:1375,1,0.9932584464550018,1
pneumonia:virus:1376,1,0.9998846650123596,1
pneumonia:virus:1377,1,0.9996889233589172,1
pneumonia:virus:138,1,0.9999961853027344,1
pneumonia:virus:1381,1,0.9999980330467224,1
pneumonia:virus:1383,1,0.9949228465557098,1
pneumonia:virus:1385,1,0.9989543855190277,1
pneumonia:virus:1387,1,0.9998647272586823,1
pneumonia:virus:1389,1,0.9999935626983643,1
pneumonia:virus:139,1,0.9917294681072235,1
pneumonia:virus:1393,1,0.9999945163726807,1
pneumonia:virus:1394,1,0.9952049851417542,1
pneumonia:virus:1395,1,0.982242077589035,1
pneumonia:virus:1396,1,0.9532694816589355,1
pneumonia:virus:1397,1,0.9999940991401672,1
pneumonia:virus:1398,1,0.998146265745163,1
pneumonia:virus:1399,1,0.9935072064399719,1
pneumonia:virus:140,1,0.9945957064628601,1
pneumonia:virus:1402,1,0.9994599521160126,1
pneumonia:virus:1403,1,0.9999967217445374,1
pneumonia:virus:1405,1,0.9862823486328124,1
pneumonia:virus:1406,1,0.9965063035488129,1
pneumonia:virus:1407,1,0.9994197189807892,1
pneumonia:virus:1408,1,0.9992635548114777,1
pneumonia:virus:1409,1,0.9996601045131683,1
pneumonia:virus:141,1,0.9944817423820496,1
pneumonia:virus:1411,1,0.9239387512207031,1
pneumonia:virus:1413,1,0.9999878406524658,1
pneumonia:virus:1414,1,0.999662309885025,1
pneumonia:virus:1415,1,0.9736590087413788,1
pneumonia:virus:1416,1,0.6450966894626617,1
pneumonia:virus:1418,1,0.9995999038219452,1
pneumonia:virus:142,1,0.9997467398643494,1
pneumonia:virus:1420,1,0.9999337196350098,1
pneumonia:virus:1422,1,0.9920032620429993,1
pneumonia:virus:1424,1,0.990574687719345,1
pneumonia:virus:1425,1,0.9999998807907104,1
pneumonia:virus:1426,1,0.9971140921115874,1
pneumonia:virus:1427,1,0.9992683827877045,1
pneumonia:virus:1428,1,0.9999268054962158,1
pneumonia:virus:1429,1,0.9987047016620636,1
pneumonia:virus:143,1,0.9961175620555878,1
pneumonia:virus:1430,1,0.9999455809593201,1
pneumonia:virus:1433,1,0.9849534034729004,1
pneumonia:virus:1438,1,0.9998893737792969,1
pneumonia:virus:1439,1,0.9999656081199646,1
pneumonia:virus:1441,1,0.9821359664201736,1
pneumonia:virus:1448,1,0.9939932823181152,1
pneumonia:virus:1449,1,0.9987252503633499,1
pneumonia:virus:145,1,0.8946938216686249,1
pneumonia:virus:1451,1,0.9998589952786764,1
pneumonia:virus:1452,1,0.9996238350868225,1
pneumonia:virus:1453,1,0.9999749064445496,1
pneumonia:virus:1454,1,0.9979422390460968,1
pneumonia:virus:1455,1,0.9996521125237147,1
pneumonia:virus:1457,1,0.9999980330467224,1
pneumonia:virus:1458,1,0.9924446443716685,1
pneumonia:virus:1459,1,0.9967464208602905,1
pneumonia:virus:146,1,0.9494332373142242,1
pneumonia:virus:1460,1,0.9880477041006088,1
pneumonia:virus:1461,1,0.0458987364545464,0
pneumonia:virus:1462,1,0.8195128738880157,1
pneumonia:virus:1463,1,0.9994131624698639,1
pneumonia:virus:1465,1,0.9998176470398903,1
pneumonia:virus:1466,1,0.9999959071477253,1
pneumonia:virus:1467,1,0.9998510181903838,1
pneumonia:virus:1468,1,0.9792613685131073,1
pneumonia:virus:1469,1,0.22210334613919255,0
pneumonia:virus:147,1,0.9999948740005493,1
pneumonia:virus:1471,1,0.9963798820972443,1
pneumonia:virus:1472,1,0.9639126062393188,1
pneumonia:virus:1473,1,0.9978124648332596,1
pneumonia:virus:1474,1,0.993897020816803,1
pneumonia:virus:1475,1,0.9512304365634918,1
pneumonia:virus:1476,1,0.6344089806079865,1
pneumonia:virus:1477,1,0.5858843550086021,0
pneumonia:virus:148,1,0.9997170269489288,1
pneumonia:virus:1480,1,0.00528788240626445,0
pneumonia:virus:1481,1,0.37433685921132565,0
pneumonia:virus:1482,1,0.9992570042610167,1
pneumonia:virus:1483,1,0.9866939783096313,1
pneumonia:virus:1484,1,0.9973541647195816,1
pneumonia:virus:1486,1,0.9999738335609436,1
pneumonia:virus:1488,1,0.8122506618499756,1
pneumonia:virus:1489,1,0.12190798297524445,0
pneumonia:virus:149,1,0.9991602897644043,1
pneumonia:virus:1490,1,0.4897315446287393,0
pneumonia:virus:1491,1,0.9994690120220184,1
pneumonia:virus:1492,1,0.994292140007019,1
pneumonia:virus:1494,1,0.9999682903289795,1
pneumonia:virus:1495,1,0.9999980926513672,1
pneumonia:virus:1496,1,0.9977424144744873,1
pneumonia:virus:1497,1,0.9882872998714447,1
pneumonia:virus:1499,1,0.9985190629959106,1
pneumonia:virus:1500,1,0.9999931454658508,1
pneumonia:virus:1501,1,0.9999959468841553,1
pneumonia:virus:1502,1,0.999701738357544,1
pneumonia:virus:1503,1,0.9988951086997986,1
pneumonia:virus:1504,1,0.9951523542404175,1
pneumonia:virus:1505,1,0.9983614683151245,1
pneumonia:virus:1506,1,0.9822367429733276,1
pneumonia:virus:1509,1,0.9211707711219788,1
pneumonia:virus:151,1,0.9999507367610931,1
pneumonia:virus:1510,1,0.8477240726351738,1
pneumonia:virus:1512,1,0.317106856033206,0
pneumonia:virus:1513,1,0.7546189725399017,1
pneumonia:virus:1514,1,0.9999330639839172,1
pneumonia:virus:1516,1,0.9984410107135774,1
pneumonia:virus:1517,1,0.999997079372406,1
pneumonia:virus:1518,1,0.9997320771217346,1
pneumonia:virus:1519,1,0.9999991059303284,1
pneumonia:virus:152,1,0.9949300289154053,1
pneumonia:virus:1520,1,0.9999239444732666,1
pneumonia:virus:1521,1,0.9990768432617188,1
pneumonia:virus:1522,1,0.9999945163726807,1
pneumonia:virus:1524,1,0.9428519904613495,1
pneumonia:virus:1525,1,0.9978299140930176,1
pneumonia:virus:1526,1,0.9999967217445374,1
pneumonia:virus:1527,1,0.8478718996047974,1
pneumonia:virus:1528,1,0.9999455213546753,1
pneumonia:virus:1529,1,0.9999651312828064,1
pneumonia:virus:153,1,0.9985781610012054,1
pneumonia:virus:1530,1,0.9999980926513672,1
pneumonia:virus:1531,1,0.7074699103832245,1
pneumonia:virus:1532,1,0.9795107543468475,1
pneumonia:virus:1534,1,0.9966171979904175,1
pneumonia:virus:1535,1,0.9616200625896454,1
pneumonia:virus:1536,1,0.9999991655349731,1
pneumonia:virus:1537,1,0.7578965723514557,1
pneumonia:virus:1539,1,0.9999932050704957,1
pneumonia:virus:154,1,0.9949036687612534,1
pneumonia:virus:1540,1,0.8579431474208832,1
pneumonia:virus:1541,1,0.9999781250953674,1
pneumonia:virus:1542,1,0.99850195646286,1
pneumonia:virus:1543,1,0.9960631132125854,1
pneumonia:virus:1544,1,0.9835783839225769,1
pneumonia:virus:1546,1,0.9999985694885254,1
pneumonia:virus:1547,1,0.9999945759773254,1
pneumonia:virus:1548,1,0.9986810684204102,1
pneumonia:virus:1549,1,0.9999583959579468,1
pneumonia:virus:155,1,0.9761902689933778,1
pneumonia:virus:1550,1,0.9999696016311646,1
pneumonia:virus:1551,1,0.9900570213794708,1
pneumonia:virus:1554,1,0.9998615682125092,1
pneumonia:virus:1556,1,0.9888443946838378,1
pneumonia:virus:156,1,0.9998790323734283,1
pneumonia:virus:1564,1,0.9994639456272125,1
pneumonia:virus:1567,1,0.9718427658081055,1
pneumonia:virus:1568,1,0.8778019845485687,1
pneumonia:virus:157,1,0.819589376449585,1
pneumonia:virus:1571,1,0.9892280399799347,1
pneumonia:virus:1576,1,0.9998998641967773,1
pneumonia:virus:1577,1,0.9999629855155944,1
pneumonia:virus:158,1,0.9999932050704956,1
pneumonia:virus:1580,1,0.9047710597515106,1
pneumonia:virus:1581,1,0.9991740584373474,1
pneumonia:virus:1588,1,0.9998835027217865,1
pneumonia:virus:1589,1,0.9997771680355072,1
pneumonia:virus:1590,1,0.9999718070030212,1
pneumonia:virus:1591,1,0.9998695552349091,1
pneumonia:virus:1592,1,0.9999848008155822,1
pneumonia:virus:1593,1,0.9844436049461365,1
pneumonia:virus:1594,1,0.9997874796390533,1
pneumonia:virus:1595,1,0.9999520182609558,1
pneumonia:virus:1599,1,0.9831397533416748,1
pneumonia:virus:160,1,0.6591086834669112,1
pneumonia:virus:1600,1,0.9999766945838928,1
pneumonia:virus:1602,1,0.9973626434803009,1
pneumonia:virus:1603,1,0.9423798024654388,1
pneumonia:virus:1604,1,0.9959868490695954,1
pneumonia:virus:1607,1,0.9999942779541016,1
pneumonia:virus:1609,1,0.9919983148574829,1
pneumonia:virus:161,1,0.9999990463256836,1
pneumonia:virus:162,1,0.9616054370999336,1
pneumonia:virus:255,1,0.9260111749172211,1
pneumonia:virus:256,1,0.9968709051609039,1
pneumonia:virus:257,1,0.7587322294712067,1
pneumonia:virus:258,1,0.9994954764842987,1
pneumonia:virus:259,1,0.9999468922615052,1
pneumonia:virus:260,1,0.9999710917472839,1
pneumonia:virus:261,1,0.9998731315135956,1
pneumonia:virus:262,1,0.9979786574840546,1
pneumonia:virus:263,1,0.9862957000732422,1
pneumonia:virus:264,1,0.999970018863678,1
pneumonia:virus:265,1,0.9972993731498718,1
pneumonia:virus:266,1,0.9998492300510406,1
pneumonia:virus:267,1,0.9998567998409271,1
pneumonia:virus:268,1,0.9991312325000763,1
pneumonia:virus:269,1,0.9908118546009064,1
pneumonia:virus:270,1,0.999971866607666,1
pneumonia:virus:271,1,0.9996690452098846,1
pneumonia:virus:272,1,0.7180044054985046,1
pneumonia:virus:273,1,0.8223114609718323,1
pneumonia:virus:274,1,0.9997765123844147,1
pneumonia:virus:275,1,0.0128062241710722,0
pneumonia:virus:276,1,0.9997169673442841,1
pneumonia:virus:277,1,0.4993823915719986,0
pneumonia:virus:278,1,0.9999486729502678,1
pneumonia:virus:279,1,0.059592328965663896,0
pneumonia:virus:280,1,0.8478361964225769,1
pneumonia:virus:281,1,0.9999932050704956,1
pneumonia:virus:282,1,0.9999934434890747,1
pneumonia:virus:284,1,0.986408531665802,1
pneumonia:virus:286,1,0.2938564643263817,0
pneumonia:virus:287,1,0.9146966934204102,1
pneumonia:virus:288,1,0.9997354447841644,1
pneumonia:virus:289,1,0.7037118375301361,1
pneumonia:virus:290,1,0.9965918958187103,1
pneumonia:virus:291,1,0.9999772906303406,1
pneumonia:virus:292,1,0.9999871015548705,1
pneumonia:virus:293,1,0.9999738335609436,1
pneumonia:virus:294,1,0.9843612015247345,1
pneumonia:virus:295,1,0.8627916872501373,1
pneumonia:virus:296,1,0.999136358499527,1
pneumonia:virus:297,1,0.7951710820198059,1
pneumonia:virus:298,1,0.9999893307685852,1
pneumonia:virus:299,1,0.991445928812027,1
pneumonia:virus:300,1,0.9997736513614655,1
pneumonia:virus:301,1,0.06540148518979545,0
pneumonia:virus:302,1,0.970902681350708,1
pneumonia:virus:303,1,0.9448150098323822,1
pneumonia:virus:304,1,0.999991238117218,1
pneumonia:virus:305,1,0.9999956488609314,1
pneumonia:virus:306,1,0.9999712705612183,1
pneumonia:virus:307,1,0.999992311000824,1
pneumonia:virus:308,1,0.9998840391635895,1
pneumonia:virus:309,1,0.9999817311763763,1
pneumonia:virus:310,1,0.9997213780879974,1
pneumonia:virus:311,1,0.9992773234844208,1
pneumonia:virus:312,1,0.9880558848381042,1
pneumonia:virus:313,1,0.9995441734790802,1
pneumonia:virus:314,1,0.9999446868896484,1
pneumonia:virus:316,1,0.9999639391899108,1
pneumonia:virus:317,1,0.9972354769706726,1
pneumonia:virus:318,1,0.7569931149482727,1
pneumonia:virus:319,1,0.9838506579399109,1
pneumonia:virus:320,1,0.9999907612800598,1
pneumonia:virus:321,1,0.9928492605686188,1
pneumonia:virus:322,1,0.8675368428230286,1
pneumonia:virus:323,1,0.9978043437004089,1
pneumonia:virus:324,1,0.9956774413585663,1
pneumonia:virus:325,1,0.9999672234058381,1
pneumonia:virus:326,1,0.9998019422803606,1
pneumonia:virus:327,1,0.999077558517456,1
pneumonia:virus:328,1,0.9364515841007232,1
pneumonia:virus:329,1,0.9999297261238098,1
pneumonia:virus:330,1,0.9991299211978912,1
pneumonia:virus:331,1,0.9997898042201996,1
pneumonia:virus:332,1,0.9999902844429016,1
pneumonia:virus:333,1,0.9903098046779633,1
pneumonia:virus:334,1,0.999984085559845,1
pneumonia:virus:335,1,0.9999985098838806,1
pneumonia:virus:338,1,0.9999895095825195,1
pneumonia:virus:339,1,0.9971604645252228,1
pneumonia:virus:340,1,0.9994092881679536,1
pneumonia:virus:341,1,0.998492568731308,1
pneumonia:virus:342,1,0.9998666644096375,1
pneumonia:virus:343,1,0.9999995827674866,1
pneumonia:virus:344,1,0.9999725222587585,1
pneumonia:virus:346,1,0.9999836385250092,1
pneumonia:virus:348,1,0.9987192683749728,1
pneumonia:virus:349,1,0.9997599124908446,1
pneumonia:virus:350,1,0.9988332390785217,1
pneumonia:virus:351,1,0.999989926815033,1
pneumonia:virus:353,1,0.626021534204483,1
pneumonia:virus:354,1,0.9550482332706451,1
pneumonia:virus:355,1,0.9999922513961792,1
pneumonia:virus:356,1,0.9955878853797913,1
pneumonia:virus:357,1,0.999997893969218,1
pneumonia:virus:358,1,0.9994205832481384,1
pneumonia:virus:359,1,0.9966554343700409,1
pneumonia:virus:360,1,0.9979013800621033,1
pneumonia:virus:361,1,0.9998443424701691,1
pneumonia:virus:362,1,0.697562649846077,1
pneumonia:virus:363,1,0.9636667370796204,1
pneumonia:virus:364,1,0.9998736083507538,1
pneumonia:virus:365,1,0.999990463256836,1
pneumonia:virus:366,1,0.9995139837265015,1
pneumonia:virus:367,1,0.9989907443523408,1
pneumonia:virus:368,1,0.9991815984249115,1
pneumonia:virus:369,1,0.9999831914901733,1
pneumonia:virus:370,1,0.9999934732913971,1
pneumonia:virus:371,1,0.9999911189079285,1
pneumonia:virus:372,1,0.998775988817215,1
pneumonia:virus:373,1,0.9988951981067657,1
pneumonia:virus:374,1,0.9992083311080933,1
pneumonia:virus:375,1,0.9999994039535522,1
pneumonia:virus:376,1,0.9999343156814575,1
pneumonia:virus:377,1,0.9999299049377441,1
pneumonia:virus:378,1,0.9996838569641113,1
pneumonia:virus:379,1,0.999161034822464,1
pneumonia:virus:380,1,0.9999452233314514,1
pneumonia:virus:383,1,0.999995768070221,1
pneumonia:virus:384,1,0.9997270405292511,1
pneumonia:virus:385,1,0.997716724872589,1
pneumonia:virus:386,1,0.9901275932788849,1
pneumonia:virus:387,1,0.9956483542919159,1
pneumonia:virus:388,1,0.9999664127826691,1
pneumonia:virus:389,1,0.9998283684253693,1
pneumonia:virus:391,1,0.9964797496795654,1
pneumonia:virus:392,1,0.9999065697193146,1
pneumonia:virus:393,1,0.988530695438385,1
pneumonia:virus:394,1,0.995281845331192,1
pneumonia:virus:395,1,0.29501530900597567,0
pneumonia:virus:396,1,0.9908303320407867,1
pneumonia:virus:397,1,0.9832085371017456,1
pneumonia:virus:399,1,0.9999889135360718,1
pneumonia:virus:400,1,0.9605006575584412,1
pneumonia:virus:401,1,0.999979058901469,1
pneumonia:virus:402,1,0.808717742562294,1
pneumonia:virus:403,1,0.9999540448188782,1
pneumonia:virus:405,1,0.9998743832111359,1
pneumonia:virus:407,1,0.999998132387797,1
pneumonia:virus:408,1,0.9997448325157166,1
pneumonia:virus:409,1,0.9998563726743063,1
pneumonia:virus:410,1,0.9999837279319763,1
pneumonia:virus:413,1,0.9999186992645264,1
pneumonia:virus:414,1,0.9999898076057434,1
pneumonia:virus:415,1,0.9522239863872528,1
pneumonia:virus:416,1,0.9766406714916229,1
pneumonia:virus:417,1,0.11724370718002315,0
pneumonia:virus:418,1,0.9988842606544495,1
pneumonia:virus:419,1,0.995398111641407,1
pneumonia:virus:421,1,0.9993891716003418,1
pneumonia:virus:422,1,0.9987009614706039,1
pneumonia:virus:423,1,0.19976924173533916,0
pneumonia:virus:425,1,0.9682429134845734,1
pneumonia:virus:426,1,0.999985933303833,1
pneumonia:virus:427,1,0.8409656882286072,1
pneumonia:virus:428,1,0.9962246119976044,1
pneumonia:virus:429,1,0.898745596408844,1
pneumonia:virus:430,1,0.9999313354492188,1
pneumonia:virus:431,1,0.9990655481815338,1
pneumonia:virus:432,1,0.1110119707882404,0
pneumonia:virus:433,1,0.9989154636859894,1
pneumonia:virus:434,1,0.998176321387291,1
pneumonia:virus:435,1,0.7990629971027374,1
pneumonia:virus:436,1,0.9998737871646881,1
pneumonia:virus:437,1,0.999968409538269,1
pneumonia:virus:438,1,0.9996843934059144,1
pneumonia:virus:439,1,0.7917715609073639,1
pneumonia:virus:440,1,0.712083488702774,1
pneumonia:virus:441,1,0.9433550015091896,1
pneumonia:virus:442,1,0.9999830457899306,1
pneumonia:virus:443,1,0.9998022317886353,1
pneumonia:virus:444,1,0.9996481835842133,1
pneumonia:virus:445,1,0.9992710761725903,1
pneumonia:virus:446,1,0.9997537136077881,1
pneumonia:virus:447,1,0.9969319999217987,1
pneumonia:virus:448,1,0.8668573200702667,1
pneumonia:virus:450,1,0.808813601732254,1
pneumonia:virus:451,1,0.1366479648277163,0
pneumonia:virus:453,1,0.9994474351406097,1
pneumonia:virus:454,1,0.2683699703775346,0
pneumonia:virus:456,1,0.8048956394195557,1
pneumonia:virus:457,1,0.9970466494560242,1
pneumonia:virus:458,1,0.9390840530395508,1
pneumonia:virus:459,1,0.9974015355110168,1
pneumonia:virus:460,1,0.9995315968990326,1
pneumonia:virus:461,1,0.9999544322490692,1
pneumonia:virus:462,1,0.9623408615589142,1
pneumonia:virus:463,1,0.5973275452852249,1
pneumonia:virus:464,1,0.9982399046421051,1
pneumonia:virus:465,1,0.8916438519954681,1
pneumonia:virus:466,1,0.9993560910224915,1
pneumonia:virus:467,1,0.794488936662674,1
pneumonia:virus:468,1,0.9813801944255829,1
pneumonia:virus:469,1,0.9712039530277252,1
pneumonia:virus:470,1,0.9020554423332214,1
pneumonia:virus:471,1,0.9965452700853348,1
pneumonia:virus:472,1,0.1500185802578926,0
pneumonia:virus:474,1,0.4641367942094803,0
pneumonia:virus:475,1,0.9987572133541107,1
pneumonia:virus:476,1,0.9994576275348664,1
pneumonia:virus:478,1,0.9984212517738342,1
pneumonia:virus:479,1,0.9971586763858796,1
pneumonia:virus:480,1,0.9911062717437744,1
pneumonia:virus:481,1,0.9848078787326813,1
pneumonia:virus:482,1,0.8950724899768829,1
pneumonia:virus:483,1,0.9966166317462921,1
pneumonia:virus:484,1,0.9992957711219788,1
pneumonia:virus:485,1,0.9999258518218994,1
pneumonia:virus:486,1,0.9998343586921692,1
pneumonia:virus:487,1,0.99998939037323,1
pneumonia:virus:488,1,0.9763445854187012,1
pneumonia:virus:489,1,0.9999983310699463,1
pneumonia:virus:490,1,0.9999758005142212,1
pneumonia:virus:491,1,0.9999812841415405,1
pneumonia:virus:492,1,0.9985946118831635,1
pneumonia:virus:493,1,0.9999906420707703,1
pneumonia:virus:494,1,0.9999961256980896,1
pneumonia:virus:495,1,0.9999817609786987,1
pneumonia:virus:496,1,0.3877105042338371,0
pneumonia:virus:497,1,0.9967969357967377,1
pneumonia:virus:498,1,0.999996542930603,1
pneumonia:virus:499,1,0.8100820183753967,1
pneumonia:virus:500,1,0.9999827146530151,1
pneumonia:virus:501,1,0.989730030298233,1
pneumonia:virus:502,1,0.9990911483764648,1
pneumonia:virus:503,1,0.9999865293502808,1
pneumonia:virus:505,1,0.9943749904632568,1
pneumonia:virus:506,1,0.9990448951721191,1
pneumonia:virus:507,1,0.9998118877410889,1
pneumonia:virus:508,1,0.9996231198310852,1
pneumonia:virus:509,1,0.9990586191415787,1
pneumonia:virus:510,1,0.9999975562095642,1
pneumonia:virus:511,1,0.9998649656772614,1
pneumonia:virus:512,1,0.9990897476673126,1
pneumonia:virus:513,1,0.5872680097818375,1
pneumonia:virus:514,1,0.9999538660049438,1
pneumonia:virus:515,1,0.9986996352672577,1
pneumonia:virus:516,1,0.9999839067459106,1
pneumonia:virus:517,1,0.9962134659290314,1
pneumonia:virus:518,1,0.8823834657669067,1
pneumonia:virus:519,1,0.9980054497718812,1
pneumonia:virus:520,1,0.9817980825901031,1
pneumonia:virus:521,1,0.9791228473186494,1
pneumonia:virus:522,1,0.9995805621147156,1
pneumonia:virus:523,1,0.85335972905159,1
pneumonia:virus:524,1,0.9996582269668579,1
pneumonia:virus:525,1,0.9999420642852783,1
pneumonia:virus:527,1,0.9998949468135834,1
pneumonia:virus:528,1,0.9834073781967163,1
pneumonia:virus:529,1,0.9998928606510162,1
pneumonia:virus:530,1,0.8968688249588013,1
pneumonia:virus:531,1,0.9337901473045349,1
pneumonia:virus:532,1,0.9999774098396301,1
pneumonia:virus:533,1,0.9558741450309753,1
pneumonia:virus:534,1,0.9995256662368774,1
pneumonia:virus:535,1,0.9982913136482239,1
pneumonia:virus:536,1,0.9142728745937347,1
pneumonia:virus:537,1,0.9939788281917572,1
pneumonia:virus:538,1,0.9999951720237732,1
pneumonia:virus:539,1,0.9999967217445374,1
pneumonia:virus:540,1,0.8246487677097321,1
pneumonia:virus:541,1,0.9993329644203186,1
pneumonia:virus:542,1,0.999999463558197,1
pneumonia:virus:543,1,0.9655884206295013,1
pneumonia:virus:544,1,0.9999489237864813,1
pneumonia:virus:545,1,0.9335691630840302,1
pneumonia:virus:546,1,0.9759323000907898,1
pneumonia:virus:547,1,0.9977118968963623,1
pneumonia:virus:548,1,0.9994768500328064,1
pneumonia:virus:549,1,0.9997339248657227,1
pneumonia:virus:550,1,0.8546226024627686,1
pneumonia:virus:551,1,0.9999580979347228,1
pneumonia:virus:552,1,0.9687799513339996,1
pneumonia:virus:553,1,0.9999041557312012,1
pneumonia:virus:554,1,0.9982154071331024,1
pneumonia:virus:556,1,0.9958954453468323,1
pneumonia:virus:557,1,0.9812807738780975,1
pneumonia:virus:558,1,0.8467470109462738,1
pneumonia:virus:559,1,0.9936944246292114,1
pneumonia:virus:562,1,0.9821066558361053,1
pneumonia:virus:563,1,0.9999909400939941,1
pneumonia:virus:564,1,0.997667133808136,1
pneumonia:virus:565,1,0.8512332737445831,1
pneumonia:virus:566,1,0.9999349117279053,1
pneumonia:virus:567,1,0.9998439848423004,1
pneumonia:virus:569,1,0.9865163564682008,1
pneumonia:virus:570,1,0.9977034330368042,1
pneumonia:virus:571,1,0.9992674589157104,1
pneumonia:virus:573,1,0.9989725351333618,1
pneumonia:virus:574,1,0.99896040558815,1
pneumonia:virus:575,1,0.9973757565021514,1
pneumonia:virus:576,1,0.9884426295757294,1
pneumonia:virus:577,1,0.9999998211860657,1
pneumonia:virus:578,1,0.9998075664043427,1
pneumonia:virus:579,1,0.9982900023460388,1
pneumonia:virus:581,1,0.9356950223445892,1
pneumonia:virus:583,1,0.9999823570251465,1
pneumonia:virus:584,1,0.9984320402145386,1
pneumonia:virus:585,1,0.990866482257843,1
pneumonia:virus:586,1,0.9998946189880371,1
pneumonia:virus:588,1,0.9993539750576019,1
pneumonia:virus:590,1,0.9999270439147949,1
pneumonia:virus:591,1,0.999933660030365,1
pneumonia:virus:592,1,0.9948446750640869,1
pneumonia:virus:593,1,0.9998516142368317,1
pneumonia:virus:594,1,0.983993798494339,1
pneumonia:virus:595,1,0.9253322780132294,1
pneumonia:virus:596,1,0.9468741118907928,1
pneumonia:virus:597,1,0.8615305721759796,1
pneumonia:virus:598,1,0.999629408121109,1
pneumonia:virus:599,1,0.9998533427715302,1
pneumonia:virus:600,1,0.9971413612365723,1
pneumonia:virus:603,1,0.9981533885002136,1
pneumonia:virus:604,1,0.6771623492240906,1
pneumonia:virus:605,1,0.9467429965734482,1
pneumonia:virus:607,1,0.08550282521173355,0
pneumonia:virus:608,1,0.9999685287475586,1
pneumonia:virus:609,1,0.9997698068618774,1
pneumonia:virus:610,1,0.9924966990947723,1
pneumonia:virus:612,1,0.9993099868297577,1
pneumonia:virus:613,1,0.6221281811594962,1
pneumonia:virus:614,1,0.9570059776306152,1
pneumonia:virus:615,1,0.9991366863250732,1
pneumonia:virus:616,1,0.9995939135551453,1
pneumonia:virus:617,1,0.9998343288898468,1
pneumonia:virus:618,1,0.9976152181625366,1
pneumonia:virus:619,1,0.9997363388538361,1
pneumonia:virus:620,1,0.9987684935331345,1
pneumonia:virus:621,1,0.9994134157896042,1
pneumonia:virus:622,1,0.9691615104675293,1
pneumonia:virus:623,1,0.9999815821647644,1
pneumonia:virus:624,1,0.9999988675117493,1
pneumonia:virus:625,1,0.9919579327106476,1
pneumonia:virus:626,1,0.999008446931839,1
pneumonia:virus:627,1,0.9818271994590759,1
pneumonia:virus:628,1,0.998593807220459,1
pneumonia:virus:629,1,0.9997395277023315,1
pneumonia:virus:630,1,0.9989400506019592,1
pneumonia:virus:632,1,0.9569039642810822,1
pneumonia:virus:633,1,0.9999957084655762,1
pneumonia:virus:636,1,0.9984734058380128,1
pneumonia:virus:637,1,0.9903820157051086,1
pneumonia:virus:639,1,0.9999834299087524,1
pneumonia:virus:640,1,0.999971568584442,1
pneumonia:virus:641,1,0.9999669790267944,1
pneumonia:virus:642,1,0.9993294477462769,1
pneumonia:virus:644,1,0.9999856352806091,1
pneumonia:virus:645,1,0.999414086341858,1
pneumonia:virus:646,1,0.9990413188934326,1
pneumonia:virus:647,1,0.999965488910675,1
pneumonia:virus:648,1,0.6129331737756729,1
pneumonia:virus:649,1,0.9996899366378784,1
pneumonia:virus:650,1,0.9999868869781494,1
pneumonia:virus:652,1,0.9999474287033081,1
pneumonia:virus:653,1,0.989059329032898,1
pneumonia:virus:656,1,0.7730425894260406,1
pneumonia:virus:657,1,0.9999279975891113,1
pneumonia:virus:658,1,0.9998041987419128,1
pneumonia:virus:659,1,0.9758656620979309,1
pneumonia:virus:660,1,0.9975695610046388,1
pneumonia:virus:661,1,0.9998891353607178,1
pneumonia:virus:662,1,0.994552344083786,1
pneumonia:virus:663,1,0.9983138293027878,1
pneumonia:virus:664,1,0.6490060091018677,1
pneumonia:virus:665,1,0.9999955296516418,1
pneumonia:virus:666,1,0.999746561050415,1
pneumonia:virus:667,1,0.9995971322059631,1
pneumonia:virus:669,1,0.9999992251396178,1
pneumonia:virus:670,1,0.9999972283840179,1
pneumonia:virus:671,1,0.9970011711120605,1
pneumonia:virus:672,1,0.999807596206665,1
pneumonia:virus:673,1,0.9993562400341034,1
pneumonia:virus:677,1,0.9999567270278931,1
pneumonia:virus:679,1,0.9981761872768402,1
pneumonia:virus:681,1,0.9999786615371704,1
pneumonia:virus:682,1,0.9999903440475464,1
pneumonia:virus:684,1,0.9999028742313385,1
pneumonia:virus:688,1,0.9489091038703918,1
pneumonia:virus:692,1,0.9999891519546508,1
pneumonia:virus:698,1,0.9998919069766998,1
pneumonia:virus:699,1,0.9999804496765137,1
pneumonia:virus:701,1,0.9999359250068665,1
pneumonia:virus:702,1,0.020875618327409,0
pneumonia:virus:703,1,0.17621435225009915,0
pneumonia:virus:704,1,0.99996018409729,1
pneumonia:virus:705,1,0.9999767243862152,1
pneumonia:virus:706,1,0.0042718506592791,0
pneumonia:virus:707,1,0.7703001201152802,1
pneumonia:virus:710,1,0.9999403953552246,1
pneumonia:virus:711,1,0.9988126158714294,1
pneumonia:virus:712,1,0.9999684691429138,1
pneumonia:virus:716,1,0.9985684454441071,1
pneumonia:virus:718,1,0.9995180070400238,1
pneumonia:virus:719,1,0.9999657273292542,1
pneumonia:virus:720,1,0.9999929070472717,1
pneumonia:virus:721,1,0.2578486427664757,0
pneumonia:virus:722,1,0.9499370157718658,1
pneumonia:virus:723,1,0.40633574128150934,0
pneumonia:virus:724,1,0.9999404698610306,1
pneumonia:virus:727,1,0.891607791185379,1
pneumonia:virus:730,1,0.08144124597311014,0
pneumonia:virus:731,1,0.6654638648033141,1
pneumonia:virus:732,1,0.9819668829441071,1
pneumonia:virus:734,1,0.9959935545921326,1
pneumonia:virus:735,1,0.7394705414772034,1
pneumonia:virus:736,1,0.9997323751449584,1
pneumonia:virus:738,1,0.9871496558189392,1
pneumonia:virus:739,1,0.9998340904712677,1
pneumonia:virus:740,1,0.9999948740005493,1
pneumonia:virus:741,1,0.999404639005661,1
pneumonia:virus:742,1,0.999995768070221,1
pneumonia:virus:743,1,0.9992659091949463,1
pneumonia:virus:744,1,0.9952005445957184,1
pneumonia:virus:745,1,0.9612894058227538,1
pneumonia:virus:746,1,0.999999701976776,1
pneumonia:virus:747,1,0.9999043643474579,1
pneumonia:virus:748,1,0.9999878406524658,1
pneumonia:virus:749,1,0.9992427825927734,1
pneumonia:virus:752,1,0.9999284744262695,1
pneumonia:virus:753,1,0.9998476505279541,1
pneumonia:virus:754,1,0.9829221963882446,1
pneumonia:virus:755,1,0.9999739229679108,1
pneumonia:virus:757,1,0.9992071092128754,1
pneumonia:virus:759,1,0.9999887943267822,1
pneumonia:virus:760,1,0.999700129032135,1
pneumonia:virus:761,1,0.9993906319141388,1
pneumonia:virus:762,1,0.9993917047977448,1
pneumonia:virus:763,1,0.9996745884418488,1
pneumonia:virus:764,1,0.9999945163726807,1
pneumonia:virus:765,1,0.9933423101902008,1
pneumonia:virus:768,1,0.9999913573265076,1
pneumonia:virus:770,1,0.999802827835083,1
pneumonia:virus:771,1,0.9999778866767883,1
pneumonia:virus:772,1,0.9991320073604584,1
pneumonia:virus:773,1,0.9998288750648499,1
pneumonia:virus:774,1,0.9968829452991486,1
pneumonia:virus:775,1,0.992007851600647,1
pneumonia:virus:776,1,0.9980369210243224,1
pneumonia:virus:778,1,0.9998405277729034,1
pneumonia:virus:779,1,0.9999341517686844,1
pneumonia:virus:780,1,0.9995061755180359,1
pneumonia:virus:781,1,0.3785352557897568,0
pneumonia:virus:783,1,0.9995049834251404,1
pneumonia:virus:788,1,0.0077820066362619,0
pneumonia:virus:789,1,0.9999792575836182,1
pneumonia:virus:790,1,0.9728397727012634,1
pneumonia:virus:791,1,0.09486446436494586,0
pneumonia:virus:793,1,0.9992411434650421,1
pneumonia:virus:795,1,0.9999761581420898,1
pneumonia:virus:796,1,0.9999900460243225,1
pneumonia:virus:797,1,0.999920129776001,1
pneumonia:virus:798,1,0.784569650888443,1
pneumonia:virus:799,1,0.9988722801208496,1
pneumonia:virus:80,1,0.9996145665645599,1
pneumonia:virus:801,1,0.7626029551029205,1
pneumonia:virus:803,1,0.9777965843677521,1
pneumonia:virus:806,1,0.9999666512012482,1
pneumonia:virus:807,1,0.9992897212505341,1
pneumonia:virus:808,1,0.9880796670913696,1
pneumonia:virus:81,1,0.5749129932373762,0
pneumonia:virus:810,1,0.9998583346605301,1
pneumonia:virus:811,1,0.2621851116418838,0
pneumonia:virus:813,1,0.0653250571340322,0
pneumonia:virus:819,1,0.9999788999557495,1
pneumonia:virus:82,1,0.999993771314621,1
pneumonia:virus:820,1,0.27467159926891327,0
pneumonia:virus:823,1,0.9998848736286163,1
pneumonia:virus:826,1,0.9999942183494568,1
pneumonia:virus:83,1,0.9997127950191498,1
pneumonia:virus:830,1,0.999812513589859,1
pneumonia:virus:832,1,0.9942180216312408,1
pneumonia:virus:833,1,0.015306840592529599,0
pneumonia:virus:835,1,0.9999558329582214,1
pneumonia:virus:836,1,0.9999761581420898,1
pneumonia:virus:837,1,0.9999996423721313,1
pneumonia:virus:838,1,0.9999464750289917,1
pneumonia:virus:84,1,0.9816403687000275,1
pneumonia:virus:841,1,0.9905789792537688,1
pneumonia:virus:842,1,0.9999642968177795,1
pneumonia:virus:843,1,0.999728798866272,1
pneumonia:virus:844,1,0.650200143456459,1
pneumonia:virus:845,1,0.9986378252506256,1
pneumonia:virus:846,1,0.9982460737228394,1
pneumonia:virus:847,1,0.9999274611473083,1
pneumonia:virus:848,1,0.9999577403068542,1
pneumonia:virus:849,1,0.9999802112579346,1
pneumonia:virus:851,1,0.9993851780891418,1
pneumonia:virus:852,1,0.9941170513629913,1
pneumonia:virus:853,1,0.9997074902057648,1
pneumonia:virus:855,1,0.9999494552612305,1
pneumonia:virus:859,1,0.970200926065445,1
pneumonia:virus:86,1,0.5063461139798164,0
pneumonia:virus:860,1,0.9999330639839172,1
pneumonia:virus:861,1,0.9999872446060181,1
pneumonia:virus:862,1,0.9888907074928284,1
pneumonia:virus:863,1,0.9143770337104797,1
pneumonia:virus:864,1,0.999953031539917,1
pneumonia:virus:866,1,0.9840393662452698,1
pneumonia:virus:867,1,0.9993797540664674,1
pneumonia:virus:868,1,0.9908875524997711,1
pneumonia:virus:87,1,0.9981023669242859,1
pneumonia:virus:870,1,0.9998034536838531,1
pneumonia:virus:871,1,0.9984710514545441,1
pneumonia:virus:877,1,0.9999869465827942,1
pneumonia:virus:878,1,0.9956172108650208,1
pneumonia:virus:88,1,0.9990991155306499,1
pneumonia:virus:880,1,0.9999013245105743,1
pneumonia:virus:881,1,0.9982240796089172,1
pneumonia:virus:883,1,0.9998453855514526,1
pneumonia:virus:884,1,0.9924864768981934,1
pneumonia:virus:886,1,0.936658799648285,1
pneumonia:virus:888,1,0.9998547732830048,1
pneumonia:virus:89,1,0.9866584837436676,1
pneumonia:virus:890,1,0.9985422492027283,1
pneumonia:virus:891,1,0.9999713897705078,1
pneumonia:virus:894,1,0.999920129776001,1
pneumonia:virus:895,1,0.9887452125549316,1
pneumonia:virus:896,1,0.9999971985816956,1
pneumonia:virus:898,1,0.9455197155475616,1
pneumonia:virus:899,1,0.9999484419822693,1
pneumonia:virus:90,1,0.999009907245636,1
pneumonia:virus:900,1,0.9999260902404786,1
pneumonia:virus:901,1,0.9999996423721313,1
pneumonia:virus:905,1,0.9999858140945435,1
pneumonia:virus:906,1,0.9856249094009399,1
pneumonia:virus:907,1,0.9971015751361846,1
pneumonia:virus:908,1,0.9998939633369446,1
pneumonia:virus:909,1,0.9999933838844299,1
pneumonia:virus:911,1,0.9610446393489838,1
pneumonia:virus:913,1,0.9999939203262328,1
pneumonia:virus:914,1,0.8913879692554474,1
pneumonia:virus:915,1,0.9995662868022919,1
pneumonia:virus:918,1,0.9999436140060425,1
pneumonia:virus:919,1,0.9999874234199524,1
pneumonia:virus:92,1,0.9999822378158569,1
pneumonia:virus:920,1,0.9999967813491821,1
pneumonia:virus:921,1,0.9999951720237732,1
pneumonia:virus:924,1,0.9995613098144531,1
pneumonia:virus:925,1,0.9994843006134033,1
pneumonia:virus:926,1,0.9932524263858795,1
pneumonia:virus:927,1,0.998127043247223,1
pneumonia:virus:928,1,0.9992658197879791,1
pneumonia:virus:929,1,0.8616679906845093,1
pneumonia:virus:93,1,0.9999812245368958,1
pneumonia:virus:931,1,0.9992687702178955,1
pneumonia:virus:932,1,0.9996714890003204,1
pneumonia:virus:933,1,0.9178915917873383,1
pneumonia:virus:934,1,0.9999716877937317,1
pneumonia:virus:935,1,0.9999912977218628,1
pneumonia:virus:936,1,0.9999931454658508,1
pneumonia:virus:937,1,0.9957705736160278,1
pneumonia:virus:938,1,0.9999998211860657,1
pneumonia:virus:94,1,0.9402481615543365,1
pneumonia:virus:940,1,0.9978223025798798,1
pneumonia:virus:941,1,0.9964472949504852,1
pneumonia:virus:942,1,0.9996791779994965,1
pneumonia:virus:945,1,0.9999342560768127,1
pneumonia:virus:947,1,0.9998820126056671,1
pneumonia:virus:949,1,0.9893257915973663,1
pneumonia:virus:95,1,0.7798316180706024,1
pneumonia:virus:950,1,0.9997464120388032,1
pneumonia:virus:951,1,0.9991140067577362,1
pneumonia:virus:952,1,0.9999725222587585,1
pneumonia:virus:954,1,0.999950110912323,1
pneumonia:virus:955,1,0.9988592565059662,1
pneumonia:virus:956,1,0.9999361634254456,1
pneumonia:virus:957,1,0.9999839663505554,1
pneumonia:virus:958,1,0.9993246793746948,1
pneumonia:virus:96,1,0.9999854266643524,1
pneumonia:virus:960,1,0.9797876477241516,1
pneumonia:virus:961,1,0.9999892711639404,1
pneumonia:virus:962,1,0.9993157982826233,1
pneumonia:virus:963,1,0.9999037981033325,1
pneumonia:virus:964,1,0.9999685287475586,1
pneumonia:virus:965,1,0.9999983310699463,1
pneumonia:virus:966,1,0.999605417251587,1
pneumonia:virus:967,1,0.9972076714038848,1
pneumonia:virus:968,1,0.9999381303787231,1
pneumonia:virus:969,1,0.9954549372196198,1
pneumonia:virus:97,1,0.9999629259109497,1
pneumonia:virus:970,1,0.999997854232788,1
pneumonia:virus:972,1,0.999666541814804,1
pneumonia:virus:973,1,0.9998548924922943,1
pneumonia:virus:974,1,0.9999839067459106,1
pneumonia:virus:975,1,0.9987495839595795,1
pneumonia:virus:976,1,0.9999950528144836,1
pneumonia:virus:977,1,0.9999876022338867,1
pneumonia:virus:978,1,0.9999815225601196,1
pneumonia:virus:979,1,0.9999469518661499,1
pneumonia:virus:98,1,0.9997363686561584,1
pneumonia:virus:980,1,0.9999834299087524,1
pneumonia:virus:981,1,0.9995534718036652,1
pneumonia:virus:982,1,0.9999921917915344,1
pneumonia:virus:983,1,0.9906056225299835,1
pneumonia:virus:988,1,0.9979500770568848,1
pneumonia:virus:989,1,0.9914979040622711,1
pneumonia:virus:99,1,0.9996248185634614,1
pneumonia:virus:991,1,0.9996226727962494,1
pneumonia:virus:992,1,0.9999697208404541,1
pneumonia:virus:993,1,0.9999308586120605,1
pneumonia:virus:994,1,0.9999998211860657,1
pneumonia:virus:995,1,0.9999500513076782,1
pneumonia:virus:996,1,0.9999985098838806,1
pneumonia:virus:997,1,0.9999991059303284,1
