split,class,filename,format,mode,width,height,progressive,n_qtables,qtable_hash,estimated_quality,file_size,megapixels,bytes_per_megapixel
train,NORMAL,IM-0115-0001.jpeg,JPEG,L,2090,1858,False,1,bc79aa8c5699,95.51785714285714,870784,3.88322,224.24276760008445
train,NORMAL,IM-0117-0001.jpeg,JPEG,L,1422,1152,False,1,bc79aa8c5699,95.51785714285714,406305,1.638144,248.02764592123768
train,NORMAL,IM-0119-0001.jpeg,JPEG,L,1810,1434,False,1,bc79aa8c5699,95.51785714285714,582639,2.59554,224.47698744769875
train,NORMAL,IM-0122-0001.jpeg,JPEG,L,1618,1279,False,1,bc79aa8c5699,95.51785714285714,471556,2.069422,227.868457955893
train,NORMAL,IM-0125-0001.jpeg,JPEG,L,1600,1125,False,1,bc79aa8c5699,95.51785714285714,451292,1.8,250.71777777777777
train,NORMAL,IM-0127-0001.jpeg,JPEG,L,1974,1306,False,1,bc79aa8c5699,95.51785714285714,669289,2.578044,259.6111625713138
train,NORMAL,IM-0128-0001.jpeg,JPEG,L,1528,1013,False,1,bc79aa8c5699,95.51785714285714,400647,1.547864,258.83863181778247
train,NORMAL,IM-0129-0001.jpeg,JPEG,L,1384,1167,False,1,bc79aa8c5699,95.51785714285714,420270,1.615128,260.2084788326374
train,NORMAL,IM-0131-0001.jpeg,JPEG,L,1450,1144,False,1,bc79aa8c5699,95.51785714285714,458085,1.6588,276.15444899927655
train,NORMAL,IM-0133-0001.jpeg,JPEG,L,1468,993,False,1,bc79aa8c5699,95.51785714285714,384933,1.457724,264.0643907900261
train,NORMAL,IM-0135-0001.jpeg,JPEG,L,1724,1581,False,1,bc79aa8c5699,95.51785714285714,723911,2.725644,265.59264526108325
train,NORMAL,IM-0137-0001.jpeg,JPEG,L,1346,1044,False,1,bc79aa8c5699,95.51785714285714,411500,1.405224,292.8358752768242
train,NORMAL,IM-0140-0001.jpeg,JPEG,L,1156,1237,False,1,bc79aa8c5699,95.51785714285714,500621,1.429972,350.0914703224958
train,NORMAL,IM-0141-0001.jpeg,JPEG,L,1740,1453,False,1,bc79aa8c5699,95.51785714285714,661741,2.52822,261.7418579079352
train,NORMAL,IM-0143-0001.jpeg,JPEG,L,2138,1928,False,1,bc79aa8c5699,95.51785714285714,1062837,4.122064,257.84097481261813
train,NORMAL,IM-0145-0001.jpeg,JPEG,L,1596,1156,False,1,bc79aa8c5699,95.51785714285714,505771,1.844976,274.13418927942695
train,NORMAL,IM-0147-0001.jpeg,JPEG,L,2102,1974,False,1,bc79aa8c5699,95.51785714285714,1063312,4.149348,256.2600196464601
train,NORMAL,IM-0149-0001.jpeg,JPEG,L,1542,1152,False,1,bc79aa8c5699,95.51785714285714,442743,1.776384,249.23834035884133
train,NORMAL,IM-0151-0001.jpeg,JPEG,L,1518,1156,False,1,bc79aa8c5699,95.51785714285714,423973,1.754808,241.60648914297178
train,NORMAL,IM-0152-0001.jpeg,JPEG,L,1612,1133,False,1,bc79aa8c5699,95.51785714285714,481217,1.826396,263.4790045532294
train,NORMAL,IM-0154-0001.jpeg,JPEG,L,1844,1438,False,1,bc79aa8c5699,95.51785714285714,593087,2.651672,223.66529495352367
train,NORMAL,IM-0156-0001.jpeg,JPEG,L,1488,1209,False,1,bc79aa8c5699,95.51785714285714,489481,1.798992,272.08625719291695
train,NORMAL,IM-0158-0001.jpeg,JPEG,L,994,758,False,1,bc79aa8c5699,95.51785714285714,214302,0.753452,284.42687789003145
train,NORMAL,IM-0160-0001.jpeg,JPEG,L,1750,1314,False,1,bc79aa8c5699,95.51785714285714,600582,2.2995,261.17938682322244
train,NORMAL,IM-0162-0001.jpeg,JPEG,L,1762,1430,False,1,bc79aa8c5699,95.51785714285714,682625,2.51966,270.9194891374233
train,NORMAL,IM-0164-0001.jpeg,JPEG,L,1202,808,False,1,bc79aa8c5699,95.51785714285714,259534,0.971216,267.22582824006196
train,NORMAL,IM-0166-0001.jpeg,JPEG,L,1972,1719,False,1,bc79aa8c5699,95.51785714285714,851740,3.389868,251.2605210586371
train,NORMAL,IM-0168-0001.jpeg,JPEG,L,1534,1187,False,1,bc79aa8c5699,95.51785714285714,480602,1.820858,263.94260288281674
train,NORMAL,IM-0170-0001.jpeg,JPEG,L,2148,1496,False,1,bc79aa8c5699,95.51785714285714,844309,3.213408,262.7456581921748
train,NORMAL,IM-0172-0001.jpeg,JPEG,L,1876,1893,False,1,bc79aa8c5699,95.51785714285714,772375,3.551268,217.49273780520085
train,NORMAL,IM-0176-0001.jpeg,JPEG,L,1680,1557,False,1,bc79aa8c5699,95.51785714285714,721754,2.61576,275.9251613297856
train,NORMAL,IM-0177-0001.jpeg,JPEG,L,2172,1615,False,1,bc79aa8c5699,95.51785714285714,728412,3.50778,207.65612438636404
train,NORMAL,IM-0178-0001.jpeg,JPEG,L,1646,1124,False,1,bc79aa8c5699,95.51785714285714,477494,1.850104,258.0903560016086
train,NORMAL,IM-0180-0001.jpeg,JPEG,L,2136,1650,False,1,bc79aa8c5699,95.51785714285714,965264,3.5244,273.8803768017251
train,NORMAL,IM-0182-0001.jpeg,JPEG,L,1372,1005,False,1,bc79aa8c5699,95.51785714285714,352757,1.37886,255.8323542636671
train,NORMAL,IM-0183-0001.jpeg,JPEG,L,2338,2025,False,1,bc79aa8c5699,95.51785714285714,1072697,4.73445,226.57267475630746
train,NORMAL,IM-0185-0001.jpeg,JPEG,L,1458,1190,False,1,bc79aa8c5699,95.51785714285714,430109,1.73502,247.8985833016334
train,NORMAL,IM-0187-0001.jpeg,JPEG,L,1854,1572,False,1,bc79aa8c5699,95.51785714285714,716369,2.914488,245.7958310344733
train,NORMAL,IM-0189-0001.jpeg,JPEG,L,1466,1109,False,1,bc79aa8c5699,95.51785714285714,415537,1.625794,255.59019162329298
train,NORMAL,IM-0191-0001.jpeg,JPEG,L,2164,1746,False,1,bc79aa8c5699,95.51785714285714,947803,3.778344,250.85143120901643
train,NORMAL,IM-0193-0001.jpeg,JPEG,L,2010,1747,False,1,bc79aa8c5699,95.51785714285714,862553,3.51147,245.63872110540598
train,NORMAL,IM-0195-0001.jpeg,JPEG,L,1774,1546,False,1,bc79aa8c5699,95.51785714285714,703927,2.742604,256.66374000767155
train,NORMAL,IM-0199-0001.jpeg,JPEG,L,1506,833,False,1,bc79aa8c5699,95.51785714285714,318976,1.254498,254.2658497662013
train,NORMAL,IM-0201-0001.jpeg,JPEG,L,1446,1310,False,1,bc79aa8c5699,95.51785714285714,495475,1.89426,261.5665220191526
train,NORMAL,IM-0203-0001.jpeg,JPEG,L,1434,1260,False,1,bc79aa8c5699,95.51785714285714,482700,1.80684,267.15149100086336
train,NORMAL,IM-0205-0001.jpeg,JPEG,L,1554,1075,False,1,bc79aa8c5699,95.51785714285714,457184,1.67055,273.67274250995183
train,NORMAL,IM-0206-0001.jpeg,JPEG,L,1040,747,False,1,bc79aa8c5699,95.51785714285714,253602,0.77688,326.436515291937
train,NORMAL,IM-0207-0001.jpeg,JPEG,L,1426,1049,False,1,bc79aa8c5699,95.51785714285714,418511,1.495874,279.7769063437161
train,NORMAL,IM-0209-0001.jpeg,JPEG,L,1164,1021,False,1,bc79aa8c5699,95.51785714285714,318115,1.188444,267.67352942166394
train,NORMAL,IM-0210-0001.jpeg,JPEG,L,1688,1105,False,1,bc79aa8c5699,95.51785714285714,463259,1.86524,248.36428556110744
train,NORMAL,IM-0211-0001.jpeg,JPEG,L,1642,1245,False,1,bc79aa8c5699,95.51785714285714,522823,2.04429,255.74796139490968
train,NORMAL,IM-0213-0001.jpeg,JPEG,L,1928,1303,False,1,bc79aa8c5699,95.51785714285714,569205,2.512184,226.57775067431368
train,NORMAL,IM-0214-0001.jpeg,JPEG,L,1522,1221,False,1,bc79aa8c5699,95.51785714285714,453672,1.858362,244.1246646240076
train,NORMAL,IM-0215-0001.jpeg,JPEG,L,1666,1209,False,1,bc79aa8c5699,95.51785714285714,541795,2.014194,268.98848869572646
train,NORMAL,IM-0216-0001.jpeg,JPEG,L,1944,1367,False,1,bc79aa8c5699,95.51785714285714,620736,2.657448,233.5834981531153
train,NORMAL,IM-0217-0001.jpeg,JPEG,L,1654,1275,False,1,bc79aa8c5699,95.51785714285714,452054,2.10885,214.36043341157503
train,NORMAL,IM-0218-0001.jpeg,JPEG,L,1678,1654,False,1,bc79aa8c5699,95.51785714285714,655589,2.775412,236.2132180735689
train,NORMAL,IM-0219-0001.jpeg,JPEG,L,1592,1272,False,1,bc79aa8c5699,95.51785714285714,505005,2.025024,249.38222954394612
train,NORMAL,IM-0220-0001.jpeg,JPEG,L,1484,1399,False,1,bc79aa8c5699,95.51785714285714,542364,2.076116,261.23973804931904
train,NORMAL,IM-0221-0001.jpeg,JPEG,L,1804,1480,False,1,bc79aa8c5699,95.51785714285714,609461,2.66992,228.26938634865465
train,NORMAL,IM-0222-0001.jpeg,JPEG,L,1604,1179,False,1,bc79aa8c5699,95.51785714285714,457146,1.891116,241.73345262797207
train,NORMAL,IM-0223-0001.jpeg,JPEG,L,1852,1433,False,1,bc79aa8c5699,95.51785714285714,591735,2.653916,222.96674046955516
train,NORMAL,IM-0224-0001.jpeg,JPEG,L,1766,1287,False,1,bc79aa8c5699,95.51785714285714,639610,2.272842,281.41419421147623
train,NORMAL,IM-0225-0001.jpeg,JPEG,L,2214,1974,False,1,bc79aa8c5699,95.51785714285714,926726,4.370436,212.0442903179454
train,NORMAL,IM-0226-0001.jpeg,JPEG,L,1770,1387,False,1,bc79aa8c5699,95.51785714285714,510464,2.45499,207.9291565342425
train,NORMAL,IM-0227-0001.jpeg,JPEG,L,1870,1612,False,1,bc79aa8c5699,95.51785714285714,708624,3.01444,235.07649845410756
train,NORMAL,IM-0228-0001.jpeg,JPEG,L,1608,1175,False,1,bc79aa8c5699,95.51785714285714,479981,1.8894,254.03884831163333
train,NORMAL,IM-0229-0001.jpeg,JPEG,L,1442,1101,False,1,bc79aa8c5699,95.51785714285714,352972,1.587642,222.32468024907377
train,NORMAL,IM-0230-0001.jpeg,JPEG,L,1624,1256,False,1,bc79aa8c5699,95.51785714285714,557826,2.039744,273.4784365096797
train,NORMAL,IM-0231-0001.jpeg,JPEG,L,1650,1437,False,1,bc79aa8c5699,95.51785714285714,563693,2.37105,237.7398199110099
train,NORMAL,IM-0234-0001.jpeg,JPEG,L,1550,1075,False,1,bc79aa8c5699,95.51785714285714,415220,1.66625,249.19429857464368
train,NORMAL,IM-0235-0001.jpeg,JPEG,L,1816,1500,False,1,bc79aa8c5699,95.51785714285714,609825,2.724,223.87114537444933
train,NORMAL,IM-0236-0001.jpeg,JPEG,L,1442,974,False,1,bc79aa8c5699,95.51785714285714,351589,1.404508,250.32894081058987
train,NORMAL,IM-0237-0001.jpeg,JPEG,L,1790,1140,False,1,bc79aa8c5699,95.51785714285714,504319,2.0406,247.14250710575323
train,NORMAL,IM-0238-0001.jpeg,JPEG,L,1464,1051,False,1,bc79aa8c5699,95.51785714285714,445362,1.538664,289.4472087473289
train,NORMAL,IM-0239-0001.jpeg,JPEG,L,1690,1314,False,1,bc79aa8c5699,95.51785714285714,503854,2.22066,226.89380634586112
train,NORMAL,IM-0240-0001.jpeg,JPEG,L,1944,1708,False,1,bc79aa8c5699,95.51785714285714,751896,3.320352,226.45068956544364
train,NORMAL,IM-0241-0001.jpeg,JPEG,L,1806,1392,False,1,bc79aa8c5699,95.51785714285714,608921,2.513952,242.2166373900536
train,NORMAL,IM-0242-0001.jpeg,JPEG,L,1844,1468,False,1,bc79aa8c5699,95.51785714285714,612898,2.706992,226.41293361783116
train,NORMAL,IM-0243-0001.jpeg,JPEG,L,1936,1677,False,1,bc79aa8c5699,95.51785714285714,716250,3.246672,220.61052055766646
train,NORMAL,IM-0244-0001.jpeg,JPEG,L,1354,1024,False,1,bc79aa8c5699,95.51785714285714,321630,1.386496,231.97326209379617
train,NORMAL,IM-0245-0001.jpeg,JPEG,L,1724,1480,False,1,bc79aa8c5699,95.51785714285714,602159,2.55152,236.0001097385088
train,NORMAL,IM-0248-0001.jpeg,JPEG,L,1608,1228,False,1,bc79aa8c5699,95.51785714285714,503076,1.974624,254.77052846516605
train,NORMAL,IM-0249-0001.jpeg,JPEG,L,2396,1990,False,1,bc79aa8c5699,95.51785714285714,1051444,4.76804,220.51912316171843
train,NORMAL,IM-0250-0001.jpeg,JPEG,L,1550,1368,False,1,bc79aa8c5699,95.51785714285714,614836,2.1204,289.9622712695718
train,NORMAL,IM-0251-0001.jpeg,JPEG,L,1812,1206,False,1,bc79aa8c5699,95.51785714285714,486201,2.185272,222.48992345117682
train,NORMAL,IM-0253-0001.jpeg,JPEG,L,1720,1306,False,1,bc79aa8c5699,95.51785714285714,519409,2.24632,231.2266284411838
train,NORMAL,IM-0255-0001.jpeg,JPEG,L,1512,1171,False,1,bc79aa8c5699,95.51785714285714,438275,1.770552,247.5357967458736
train,NORMAL,IM-0256-0001.jpeg,JPEG,L,1562,1086,False,1,bc79aa8c5699,95.51785714285714,419372,1.696332,247.22283137970635
train,NORMAL,IM-0257-0001.jpeg,JPEG,L,1682,1418,False,1,bc79aa8c5699,95.51785714285714,526291,2.385076,220.66005443851685
train,NORMAL,IM-0261-0001.jpeg,JPEG,L,1596,1330,False,1,bc79aa8c5699,95.51785714285714,513390,2.12268,241.85934761716322
train,NORMAL,IM-0262-0001.jpeg,JPEG,L,1690,1538,False,1,bc79aa8c5699,95.51785714285714,668388,2.59922,257.14945252806615
train,NORMAL,IM-0264-0001.jpeg,JPEG,L,1810,1545,False,1,bc79aa8c5699,95.51785714285714,565575,2.79645,202.24749235638043
train,NORMAL,IM-0265-0001.jpeg,JPEG,L,1616,1109,False,1,bc79aa8c5699,95.51785714285714,423829,1.792144,236.49271487112642
train,NORMAL,IM-0266-0001.jpeg,JPEG,L,1848,1495,False,1,bc79aa8c5699,95.51785714285714,657602,2.76276,238.02357063226626
train,NORMAL,IM-0268-0001.jpeg,JPEG,L,1620,1356,False,1,bc79aa8c5699,95.51785714285714,542100,2.19672,246.7770130012018
train,NORMAL,IM-0269-0001.jpeg,JPEG,L,2002,1786,False,1,bc79aa8c5699,95.51785714285714,693898,3.575572,194.06629205061455
train,NORMAL,IM-0270-0001.jpeg,JPEG,L,1346,1109,False,1,bc79aa8c5699,95.51785714285714,427912,1.492714,286.66710434818725
train,NORMAL,IM-0272-0001.jpeg,JPEG,L,1582,1155,False,1,bc79aa8c5699,95.51785714285714,454098,1.82721,248.51987456285815
train,NORMAL,IM-0273-0001.jpeg,JPEG,L,1522,1093,False,1,bc79aa8c5699,95.51785714285714,481545,1.663546,289.46900175889334
train,NORMAL,IM-0274-0001.jpeg,JPEG,L,1704,1449,False,1,bc79aa8c5699,95.51785714285714,564003,2.469096,228.42489720934304
train,NORMAL,IM-0275-0001.jpeg,JPEG,L,1866,1595,False,1,bc79aa8c5699,95.51785714285714,626212,2.97627,210.40161006897895
train,NORMAL,IM-0276-0001.jpeg,JPEG,L,1828,1654,False,1,bc79aa8c5699,95.51785714285714,722199,3.023512,238.86096698144405
train,NORMAL,IM-0277-0001.jpeg,JPEG,L,1608,1345,False,1,bc79aa8c5699,95.51785714285714,504530,2.16276,233.280622907766
train,NORMAL,IM-0278-0001.jpeg,JPEG,L,1766,1503,False,1,bc79aa8c5699,95.51785714285714,618044,2.654298,232.84650027992336
train,NORMAL,IM-0279-0001.jpeg,JPEG,L,1616,1121,False,1,bc79aa8c5699,95.51785714285714,432303,1.811536,238.63892299131786
train,NORMAL,IM-0280-0001.jpeg,JPEG,L,1728,1222,False,1,bc79aa8c5699,95.51785714285714,437468,2.111616,207.17213735830757
train,NORMAL,IM-0282-0001.jpeg,JPEG,L,1588,1372,False,1,bc79aa8c5699,95.51785714285714,510890,2.178736,234.4891717032261
train,NORMAL,IM-0283-0001.jpeg,JPEG,L,1936,1612,False,1,bc79aa8c5699,95.51785714285714,679103,3.120832,217.60319043126958
train,NORMAL,IM-0285-0001.jpeg,JPEG,L,1426,1101,False,1,bc79aa8c5699,95.51785714285714,451478,1.570026,287.5608429414545
train,NORMAL,IM-0286-0001.jpeg,JPEG,L,1982,1804,False,1,bc79aa8c5699,95.51785714285714,806211,3.575528,225.48026473292896
train,NORMAL,IM-0288-0001.jpeg,JPEG,L,1438,1140,False,1,bc79aa8c5699,95.51785714285714,450482,1.63932,274.79808701168776
train,NORMAL,IM-0289-0001.jpeg,JPEG,L,2280,2066,False,1,bc79aa8c5699,95.51785714285714,1104524,4.71048,234.48226083116793
train,NORMAL,IM-0290-0001.jpeg,JPEG,L,1708,1434,False,1,bc79aa8c5699,95.51785714285714,557638,2.449272,227.67499893846008
train,NORMAL,IM-0291-0001.jpeg,JPEG,L,1518,1005,False,1,bc79aa8c5699,95.51785714285714,386658,1.52559,253.44817414901777
train,NORMAL,IM-0292-0001.jpeg,JPEG,L,1858,1500,False,1,bc79aa8c5699,95.51785714285714,616145,2.787,221.07822030857554
train,NORMAL,IM-0293-0001.jpeg,JPEG,L,1438,1059,False,1,bc79aa8c5699,95.51785714285714,383671,1.522842,251.9440624831729
train,NORMAL,IM-0294-0001.jpeg,JPEG,L,1700,1383,False,1,bc79aa8c5699,95.51785714285714,556917,2.3511,236.8750797499043
train,NORMAL,IM-0295-0001.jpeg,JPEG,L,1828,1511,False,1,bc79aa8c5699,95.51785714285714,654747,2.762108,237.04612564027184
train,NORMAL,IM-0297-0001.jpeg,JPEG,L,1708,1415,False,1,bc79aa8c5699,95.51785714285714,578032,2.41682,239.1704802178069
train,NORMAL,IM-0298-0001.jpeg,JPEG,L,1704,1487,False,1,bc79aa8c5699,95.51785714285714,643525,2.533848,253.97143001474439
train,NORMAL,IM-0299-0001.jpeg,JPEG,L,1800,1503,False,1,bc79aa8c5699,95.51785714285714,721095,2.7054,266.53914393435355
train,NORMAL,IM-0300-0001.jpeg,JPEG,L,2020,1565,False,1,bc79aa8c5699,95.51785714285714,686942,3.1613,217.29731439597631
train,NORMAL,IM-0301-0001.jpeg,JPEG,L,1708,1267,False,1,bc79aa8c5699,95.51785714285714,522938,2.164036,241.64939954788184
train,NORMAL,IM-0302-0001.jpeg,JPEG,L,1430,1128,False,1,bc79aa8c5699,95.51785714285714,406999,1.61304,252.31798343500472
train,NORMAL,IM-0303-0001.jpeg,JPEG,L,1762,1264,False,1,bc79aa8c5699,95.51785714285714,568060,2.227168,255.059339933045
train,NORMAL,IM-0304-0001.jpeg,JPEG,L,1472,978,False,1,bc79aa8c5699,95.51785714285714,404161,1.439616,280.74222570463235
train,NORMAL,IM-0305-0001.jpeg,JPEG,L,1304,1097,False,1,bc79aa8c5699,95.51785714285714,394911,1.430488,276.06732807265774
train,NORMAL,IM-0306-0001.jpeg,JPEG,L,1380,1040,False,1,bc79aa8c5699,95.51785714285714,407182,1.4352,283.7109810479376
train,NORMAL,IM-0307-0001.jpeg,JPEG,L,1766,1557,False,1,bc79aa8c5699,95.51785714285714,708968,2.749662,257.8382361177483
train,NORMAL,IM-0308-0001.jpeg,JPEG,L,1654,1368,False,1,bc79aa8c5699,95.51785714285714,610424,2.262672,269.7801537297496
train,NORMAL,IM-0309-0001.jpeg,JPEG,L,2144,1805,False,1,bc79aa8c5699,95.51785714285714,1041683,3.86992,269.1742981767065
train,NORMAL,IM-0311-0001.jpeg,JPEG,L,1268,885,False,1,bc79aa8c5699,95.51785714285714,316107,1.12218,281.69010319200135
train,NORMAL,IM-0312-0001.jpeg,JPEG,L,1508,1093,False,1,bc79aa8c5699,95.51785714285714,430079,1.648244,260.93163390857177
train,NORMAL,IM-0313-0001.jpeg,JPEG,L,1696,1298,False,1,bc79aa8c5699,95.51785714285714,593783,2.201408,269.72873724452717
train,NORMAL,IM-0314-0001.jpeg,JPEG,L,1014,846,False,1,bc79aa8c5699,95.51785714285714,304893,0.857844,355.4177682655587
train,NORMAL,IM-0315-0001.jpeg,JPEG,L,1268,959,False,1,bc79aa8c5699,95.51785714285714,402587,1.216012,331.0715683726805
train,NORMAL,IM-0316-0001.jpeg,JPEG,L,1368,1009,False,1,bc79aa8c5699,95.51785714285714,382288,1.380312,276.9576733376222
train,NORMAL,IM-0317-0001.jpeg,JPEG,L,2106,1719,False,1,bc79aa8c5699,95.51785714285714,920354,3.620214,254.22640761015788
train,NORMAL,IM-0318-0001.jpeg,JPEG,L,1634,1210,False,1,bc79aa8c5699,95.51785714285714,546682,1.97714,276.5014111292069
train,NORMAL,IM-0319-0001.jpeg,JPEG,L,1292,1225,False,1,bc79aa8c5699,95.51785714285714,436569,1.5827,275.8381247235736
train,NORMAL,IM-0320-0001.jpeg,JPEG,L,1700,1271,False,1,bc79aa8c5699,95.51785714285714,589659,2.1607,272.9018373675198
train,NORMAL,IM-0323-0001.jpeg,JPEG,L,1824,1430,False,1,bc79aa8c5699,95.51785714285714,709375,2.60832,271.96624647282545
train,NORMAL,IM-0324-0001.jpeg,JPEG,L,1198,931,False,1,bc79aa8c5699,95.51785714285714,283770,1.115338,254.4251159738124
train,NORMAL,IM-0325-0001.jpeg,JPEG,L,1504,1174,False,1,bc79aa8c5699,95.51785714285714,462001,1.765696,261.65376146290185
train,NORMAL,IM-0326-0001.jpeg,JPEG,L,1520,1306,False,1,bc79aa8c5699,95.51785714285714,623861,1.98512,314.2686588216329
train,NORMAL,IM-0327-0001.jpeg,JPEG,L,1808,1507,False,1,bc79aa8c5699,95.51785714285714,762682,2.724656,279.91863927042533
train,NORMAL,IM-0329-0001.jpeg,JPEG,L,1196,974,False,1,bc79aa8c5699,95.51785714285714,370882,1.164904,318.3798836642333
train,NORMAL,IM-0330-0001.jpeg,JPEG,L,1422,1191,False,1,bc79aa8c5699,95.51785714285714,460973,1.693602,272.1849643540808
train,NORMAL,IM-0331-0001.jpeg,JPEG,L,1360,1341,False,1,bc79aa8c5699,95.51785714285714,492178,1.82376,269.86993902706496
train,NORMAL,IM-0332-0001.jpeg,JPEG,L,1512,1202,False,1,bc79aa8c5699,95.51785714285714,530511,1.817424,291.9027150516335
train,NORMAL,IM-0333-0001.jpeg,JPEG,L,1114,843,False,1,bc79aa8c5699,95.51785714285714,220743,0.939102,235.0575336864366
train,NORMAL,IM-0335-0001.jpeg,JPEG,L,2538,1897,False,1,bc79aa8c5699,95.51785714285714,1058639,4.814586,219.88162637452106
train,NORMAL,IM-0337-0001.jpeg,JPEG,L,1584,1237,False,1,bc79aa8c5699,95.51785714285714,508211,1.959408,259.3696667564897
train,NORMAL,IM-0338-0001.jpeg,JPEG,L,1746,1392,False,1,bc79aa8c5699,95.51785714285714,587464,2.430432,241.71176153046045
train,NORMAL,IM-0339-0001.jpeg,JPEG,L,1792,1623,False,1,bc79aa8c5699,95.51785714285714,748972,2.908416,257.51886937769564
train,NORMAL,IM-0340-0001.jpeg,JPEG,L,1840,1480,False,1,bc79aa8c5699,95.51785714285714,706316,2.7232,259.36985898942424
train,NORMAL,IM-0341-0001.jpeg,JPEG,L,1654,1364,False,1,bc79aa8c5699,95.51785714285714,618750,2.256056,274.26180910402934
train,NORMAL,IM-0343-0001.jpeg,JPEG,L,1588,1217,False,1,bc79aa8c5699,95.51785714285714,489505,1.932596,253.28884050261928
train,NORMAL,IM-0345-0001.jpeg,JPEG,L,1310,1071,False,1,bc79aa8c5699,95.51785714285714,379596,1.40301,270.55829965574014
train,NORMAL,IM-0346-0001.jpeg,JPEG,L,1592,1411,False,1,bc79aa8c5699,95.51785714285714,589183,2.246312,262.2890319777484
train,NORMAL,IM-0347-0001.jpeg,JPEG,L,1638,1168,False,1,bc79aa8c5699,95.51785714285714,460468,1.913184,240.68150266780404
train,NORMAL,IM-0348-0001.jpeg,JPEG,L,1388,1063,False,1,bc79aa8c5699,95.51785714285714,467338,1.475444,316.74397672836113
train,NORMAL,IM-0349-0001.jpeg,JPEG,L,1592,1329,False,1,bc79aa8c5699,95.51785714285714,590377,2.115768,279.0367374872859
train,NORMAL,IM-0350-0001.jpeg,JPEG,L,1392,998,False,1,bc79aa8c5699,95.51785714285714,373380,1.389216,268.7702992191279
train,NORMAL,IM-0351-0001.jpeg,JPEG,L,1774,1588,False,1,bc79aa8c5699,95.51785714285714,773808,2.817112,274.68130482565124
train,NORMAL,IM-0353-0001.jpeg,JPEG,L,1620,1151,False,1,bc79aa8c5699,95.51785714285714,471375,1.86462,252.7994980210445
train,NORMAL,IM-0354-0001.jpeg,JPEG,L,1538,986,False,1,bc79aa8c5699,95.51785714285714,388499,1.516468,256.18674446147236
train,NORMAL,IM-0355-0001.jpeg,JPEG,L,1372,1109,False,1,bc79aa8c5699,95.51785714285714,390489,1.521548,256.6392910378115
train,NORMAL,IM-0356-0001.jpeg,JPEG,L,1300,974,False,1,bc79aa8c5699,95.51785714285714,330211,1.2662,260.78897488548415
train,NORMAL,IM-0357-0001.jpeg,JPEG,L,2064,1951,False,1,bc79aa8c5699,95.51785714285714,1061192,4.026864,263.5281449783256
train,NORMAL,IM-0358-0001.jpeg,JPEG,L,1646,1299,False,1,bc79aa8c5699,95.51785714285714,543693,2.138154,254.28149702968074
train,NORMAL,IM-0359-0001.jpeg,JPEG,L,1634,1272,False,1,bc79aa8c5699,95.51785714285714,532414,2.078448,256.15940355496025
train,NORMAL,IM-0361-0001.jpeg,JPEG,L,1570,1156,False,1,bc79aa8c5699,95.51785714285714,476429,1.81492,262.5068873559165
train,NORMAL,IM-0362-0001.jpeg,JPEG,L,1582,1183,False,1,bc79aa8c5699,95.51785714285714,518164,1.871506,276.87007148253866
train,NORMAL,IM-0363-0001.jpeg,JPEG,L,1580,1402,False,1,bc79aa8c5699,95.51785714285714,550053,2.21516,248.31298867801874
train,NORMAL,IM-0364-0001.jpeg,JPEG,L,1396,1001,False,1,bc79aa8c5699,95.51785714285714,387619,1.397396,277.38665346115204
train,NORMAL,IM-0365-0001.jpeg,JPEG,L,1600,1229,False,1,bc79aa8c5699,95.51785714285714,528022,1.9664,268.52217249796587
train,NORMAL,IM-0367-0001.jpeg,JPEG,L,1472,1171,False,1,bc79aa8c5699,95.51785714285714,438458,1.723712,254.3684791890989
train,NORMAL,IM-0368-0001.jpeg,JPEG,L,1426,1164,False,1,bc79aa8c5699,95.51785714285714,475656,1.659864,286.5632365061234
train,NORMAL,IM-0369-0001.jpeg,JPEG,L,1396,1024,False,1,bc79aa8c5699,95.51785714285714,388093,1.429504,271.48787271669056
train,NORMAL,IM-0370-0001.jpeg,JPEG,L,1114,832,False,1,bc79aa8c5699,95.51785714285714,316385,0.926848,341.35586417621874
train,NORMAL,IM-0371-0001.jpeg,JPEG,L,2024,2036,False,1,bc79aa8c5699,95.51785714285714,1084591,4.120864,263.19504841703093
train,NORMAL,IM-0372-0001.jpeg,JPEG,L,1790,1654,False,1,bc79aa8c5699,95.51785714285714,778155,2.96066,262.8315983598252
train,NORMAL,IM-0374-0001.jpeg,JPEG,L,1744,1402,False,1,bc79aa8c5699,95.51785714285714,656848,2.445088,268.63981991650195
train,NORMAL,IM-0375-0001.jpeg,JPEG,L,1816,1627,False,1,bc79aa8c5699,95.51785714285714,764242,2.954632,258.65894635947893
train,NORMAL,IM-0377-0001.jpeg,JPEG,L,1438,1106,False,1,bc79aa8c5699,95.51785714285714,491218,1.590428,308.8589989612859
train,NORMAL,IM-0379-0001.jpeg,JPEG,L,1724,1395,False,1,bc79aa8c5699,95.51785714285714,598051,2.40498,248.67192242762934
train,NORMAL,IM-0381-0001.jpeg,JPEG,L,1744,1388,False,1,bc79aa8c5699,95.51785714285714,611870,2.420672,252.7686526716548
train,NORMAL,IM-0382-0001.jpeg,JPEG,L,1472,1225,False,1,bc79aa8c5699,95.51785714285714,537782,1.8032,298.2375776397516
train,NORMAL,IM-0383-0001.jpeg,JPEG,L,1472,1318,False,1,bc79aa8c5699,95.51785714285714,516597,1.940096,266.2739369598205
train,NORMAL,IM-0384-0001.jpeg,JPEG,L,1608,1226,False,1,bc79aa8c5699,95.51785714285714,594620,1.971408,301.6219879395843
train,NORMAL,IM-0385-0001.jpeg,JPEG,L,1712,1330,False,1,bc79aa8c5699,95.51785714285714,582925,2.27696,256.01020659124447
train,NORMAL,IM-0386-0001.jpeg,JPEG,L,1550,1302,False,1,bc79aa8c5699,95.51785714285714,518777,2.0181,257.0620881026708
train,NORMAL,IM-0387-0001.jpeg,JPEG,L,1920,1801,False,1,bc79aa8c5699,95.51785714285714,937518,3.45792,271.12194614103277
train,NORMAL,IM-0388-0001.jpeg,JPEG,L,1680,1353,False,1,bc79aa8c5699,95.51785714285714,563709,2.27304,247.99783549783547
train,NORMAL,IM-0389-0001.jpeg,JPEG,L,1530,1028,False,1,bc79aa8c5699,95.51785714285714,421752,1.57284,268.1467917906462
train,NORMAL,IM-0391-0001.jpeg,JPEG,L,2222,1669,False,1,bc79aa8c5699,95.51785714285714,920357,3.708518,248.17379880588416
train,NORMAL,IM-0392-0001.jpeg,JPEG,L,1442,1059,False,1,bc79aa8c5699,95.51785714285714,417344,1.527078,273.29579759514576
train,NORMAL,IM-0393-0001.jpeg,JPEG,L,1754,1221,False,1,bc79aa8c5699,95.51785714285714,492445,2.141634,229.93891579980522
train,NORMAL,IM-0394-0001.jpeg,JPEG,L,1666,1333,False,1,bc79aa8c5699,95.51785714285714,581005,2.220778,261.62227831867926
train,NORMAL,IM-0395-0001.jpeg,JPEG,L,1488,1275,False,1,bc79aa8c5699,95.51785714285714,491688,1.8972,259.1650853889943
train,NORMAL,IM-0399-0001.jpeg,JPEG,L,1164,1086,False,1,bc79aa8c5699,95.51785714285714,389615,1.264104,308.2143557808535
train,NORMAL,IM-0400-0001.jpeg,JPEG,L,1446,1082,False,1,bc79aa8c5699,95.51785714285714,472063,1.564572,301.7202148574818
train,NORMAL,IM-0401-0001.jpeg,JPEG,L,1820,1670,False,1,bc79aa8c5699,95.51785714285714,730601,3.0394,240.37671908929394
train,NORMAL,IM-0403-0001.jpeg,JPEG,L,1774,1612,False,1,bc79aa8c5699,95.51785714285714,625367,2.859688,218.68364660760196
train,NORMAL,IM-0404-0001.jpeg,JPEG,L,1694,1182,False,1,bc79aa8c5699,95.51785714285714,537330,2.002308,268.3553179630706
train,NORMAL,IM-0405-0001.jpeg,JPEG,L,1952,1619,False,1,bc79aa8c5699,95.51785714285714,794325,3.160288,251.345763424093
train,NORMAL,IM-0408-0001.jpeg,JPEG,L,1442,1148,False,1,bc79aa8c5699,95.51785714285714,543803,1.655416,328.4993016861019
train,NORMAL,IM-0409-0001.jpeg,JPEG,L,1090,793,False,1,bc79aa8c5699,95.51785714285714,286070,0.86437,330.95780742043337
train,NORMAL,IM-0410-0001.jpeg,JPEG,L,1632,1375,False,1,bc79aa8c5699,95.51785714285714,605273,2.244,269.72950089126556
train,NORMAL,IM-0411-0001.jpeg,JPEG,L,1728,1518,False,1,bc79aa8c5699,95.51785714285714,667426,2.623104,254.44130312789733
train,NORMAL,IM-0413-0001.jpeg,JPEG,L,2318,2411,False,1,bc79aa8c5699,95.51785714285714,1363773,5.588698,244.02338433746107
train,NORMAL,IM-0414-0001.jpeg,JPEG,L,1450,1287,False,1,bc79aa8c5699,95.51785714285714,525711,1.86615,281.70886584679687
train,NORMAL,IM-0416-0001.jpeg,JPEG,L,1808,1418,False,1,bc79aa8c5699,95.51785714285714,721302,2.563744,281.3471235817617
train,NORMAL,IM-0417-0001.jpeg,JPEG,L,1786,1500,False,1,bc79aa8c5699,95.51785714285714,682518,2.679,254.76595744680853
train,NORMAL,IM-0419-0001.jpeg,JPEG,L,2118,1522,False,1,bc79aa8c5699,95.51785714285714,1121519,3.223596,347.90929136281346
train,NORMAL,IM-0420-0001.jpeg,JPEG,L,1558,1352,False,1,bc79aa8c5699,95.51785714285714,602509,2.106416,286.0351421561553
train,NORMAL,IM-0421-0001.jpeg,JPEG,L,1574,1129,False,1,bc79aa8c5699,95.51785714285714,462148,1.777046,260.0652993788569
train,NORMAL,IM-0423-0001.jpeg,JPEG,L,1480,1337,False,1,bc79aa8c5699,95.51785714285714,518033,1.97876,261.7967818229598
train,NORMAL,IM-0424-0001.jpeg,JPEG,L,1368,1078,False,1,bc79aa8c5699,95.51785714285714,416005,1.474704,282.0938981653267
train,NORMAL,IM-0425-0001.jpeg,JPEG,L,1850,1314,False,1,bc79aa8c5699,95.51785714285714,546471,2.4309,224.80192521288413
train,NORMAL,IM-0427-0001.jpeg,JPEG,L,1828,1357,False,1,bc79aa8c5699,95.51785714285714,595970,2.480596,240.2527457111114
train,NORMAL,IM-0428-0001.jpeg,JPEG,L,1562,1348,False,1,bc79aa8c5699,95.51785714285714,594756,2.105576,282.4671253851677
train,NORMAL,IM-0429-0001-0001.jpeg,JPEG,L,1918,1569,False,1,bc79aa8c5699,95.51785714285714,636338,3.009342,211.45419829318166
train,NORMAL,IM-0429-0001-0002.jpeg,JPEG,L,1858,1380,False,1,bc79aa8c5699,95.51785714285714,630518,2.56404,245.90802015569182
train,NORMAL,IM-0429-0001.jpeg,JPEG,L,1964,1692,False,1,bc79aa8c5699,95.51785714285714,791924,3.323088,238.309668597401
train,NORMAL,IM-0430-0001.jpeg,JPEG,L,1438,1082,False,1,bc79aa8c5699,95.51785714285714,484280,1.555916,311.2507359009098
train,NORMAL,IM-0431-0001.jpeg,JPEG,L,1678,1414,False,1,bc79aa8c5699,95.51785714285714,642933,2.372692,270.971959276636
train,NORMAL,IM-0432-0001.jpeg,JPEG,L,1480,1228,False,1,bc79aa8c5699,95.51785714285714,458441,1.81744,252.24546615018926
train,NORMAL,IM-0433-0001.jpeg,JPEG,L,1916,1677,False,1,bc79aa8c5699,95.51785714285714,702111,3.213132,218.5129649202087
train,NORMAL,IM-0434-0001.jpeg,JPEG,L,2214,1715,False,1,bc79aa8c5699,95.51785714285714,841546,3.79701,221.6338645407834
train,NORMAL,IM-0435-0001-0001.jpeg,JPEG,L,1512,1209,False,1,bc79aa8c5699,95.51785714285714,378152,1.828008,206.865615467766
train,NORMAL,IM-0435-0001.jpeg,JPEG,L,1130,831,False,1,bc79aa8c5699,95.51785714285714,237678,0.93903,253.11012427717964
train,NORMAL,IM-0437-0001-0001.jpeg,JPEG,L,2022,1445,False,1,bc79aa8c5699,95.51785714285714,812538,2.92179,278.095961722095
train,NORMAL,IM-0437-0001-0002.jpeg,JPEG,L,1508,1152,False,1,bc79aa8c5699,95.51785714285714,417591,1.737216,240.3794346816976
train,NORMAL,IM-0437-0001.jpeg,JPEG,L,1410,1179,False,1,bc79aa8c5699,95.51785714285714,453170,1.66239,272.6014954372921
train,NORMAL,IM-0438-0001.jpeg,JPEG,L,1904,1422,False,1,bc79aa8c5699,95.51785714285714,622571,2.707488,229.9441401032987
train,NORMAL,IM-0439-0001-0001.jpeg,JPEG,L,1766,1380,False,1,bc79aa8c5699,95.51785714285714,582062,2.43708,238.83581991563676
train,NORMAL,IM-0439-0001-0002.jpeg,JPEG,L,1368,1032,False,1,bc79aa8c5699,95.51785714285714,397121,1.411776,281.291791332336
train,NORMAL,IM-0439-0001.jpeg,JPEG,L,1816,1558,False,1,bc79aa8c5699,95.51785714285714,712122,2.829328,251.6929815136315
train,NORMAL,IM-0440-0001.jpeg,JPEG,L,1690,1464,False,1,bc79aa8c5699,95.51785714285714,578419,2.47416,233.7839913344327
train,NORMAL,IM-0441-0001.jpeg,JPEG,L,1472,1171,False,1,bc79aa8c5699,95.51785714285714,405149,1.723712,235.04448538967068
train,NORMAL,IM-0442-0001.jpeg,JPEG,L,1510,1352,False,1,bc79aa8c5699,95.51785714285714,592346,2.04152,290.1494964536228
train,NORMAL,IM-0444-0001.jpeg,JPEG,L,1928,1754,False,1,bc79aa8c5699,95.51785714285714,767649,3.381712,227.00011118628672
train,NORMAL,IM-0445-0001.jpeg,JPEG,L,1762,1506,False,1,bc79aa8c5699,95.51785714285714,633004,2.653572,238.54788941095248
train,NORMAL,IM-0446-0001.jpeg,JPEG,L,1816,1661,False,1,bc79aa8c5699,95.51785714285714,710267,3.016376,235.47031271963442
train,NORMAL,IM-0447-0001.jpeg,JPEG,L,1840,1499,False,1,bc79aa8c5699,95.51785714285714,626262,2.75816,227.05789366824257
train,NORMAL,IM-0448-0001.jpeg,JPEG,L,1954,1279,False,1,bc79aa8c5699,95.51785714285714,545996,2.499166,218.47128201968175
train,NORMAL,IM-0449-0001.jpeg,JPEG,L,1638,1236,False,1,bc79aa8c5699,95.51785714285714,480937,2.024568,237.55043051159558
train,NORMAL,IM-0450-0001.jpeg,JPEG,L,1678,1480,False,1,bc79aa8c5699,95.51785714285714,695608,2.48344,280.0985729472023
train,NORMAL,IM-0451-0001.jpeg,JPEG,L,1850,1746,False,1,bc79aa8c5699,95.51785714285714,792200,3.2301,245.2555648431937
train,NORMAL,IM-0452-0001.jpeg,JPEG,L,1848,1588,False,1,bc79aa8c5699,95.51785714285714,692439,2.934624,235.95492983087442
train,NORMAL,IM-0453-0001-0002.jpeg,JPEG,L,2088,2074,False,1,bc79aa8c5699,95.51785714285714,1003839,4.330512,231.8060774338
train,NORMAL,IM-0453-0001.jpeg,JPEG,L,1762,1715,False,1,bc79aa8c5699,95.51785714285714,675244,3.02183,223.4553234298422
train,NORMAL,IM-0455-0001.jpeg,JPEG,L,1364,1148,False,1,bc79aa8c5699,95.51785714285714,465804,1.565872,297.4725903522127
train,NORMAL,IM-0456-0001.jpeg,JPEG,L,1812,1693,False,1,bc79aa8c5699,95.51785714285714,833550,3.067716,271.71680820519236
train,NORMAL,IM-0457-0001.jpeg,JPEG,L,2090,1785,False,1,bc79aa8c5699,95.51785714285714,884355,3.73065,237.05118411000765
train,NORMAL,IM-0458-0001.jpeg,JPEG,L,1226,955,False,1,bc79aa8c5699,95.51785714285714,301891,1.17083,257.8435810493411
train,NORMAL,IM-0459-0001.jpeg,JPEG,L,2338,1970,False,1,bc79aa8c5699,95.51785714285714,1093694,4.60586,237.45706556430287
train,NORMAL,IM-0460-0001.jpeg,JPEG,L,1654,1259,False,1,bc79aa8c5699,95.51785714285714,512074,2.082386,245.90733898518332
train,NORMAL,IM-0461-0001.jpeg,JPEG,L,1704,1341,False,1,bc79aa8c5699,95.51785714285714,543300,2.285064,237.76139311634157
train,NORMAL,IM-0463-0001.jpeg,JPEG,L,1804,1758,False,1,bc79aa8c5699,95.51785714285714,817987,3.171432,257.92354999255855
train,NORMAL,IM-0464-0001.jpeg,JPEG,L,1770,1353,False,1,bc79aa8c5699,95.51785714285714,547543,2.39481,228.6373449250671
train,NORMAL,IM-0465-0001.jpeg,JPEG,L,1750,1334,False,1,bc79aa8c5699,95.51785714285714,573920,2.3345,245.84279288926965
train,NORMAL,IM-0466-0001.jpeg,JPEG,L,1600,1264,False,1,bc79aa8c5699,95.51785714285714,576896,2.0224,285.25316455696196
train,NORMAL,IM-0467-0001-0001.jpeg,JPEG,L,1912,1739,False,1,bc79aa8c5699,95.51785714285714,716306,3.324968,215.4324492746998
train,NORMAL,IM-0467-0001-0002.jpeg,JPEG,L,1634,1372,False,1,bc79aa8c5699,95.51785714285714,651421,2.241848,290.57322351916815
train,NORMAL,IM-0467-0001.jpeg,JPEG,L,2114,1866,False,1,bc79aa8c5699,95.51785714285714,834426,3.944724,211.52962792834177
train,NORMAL,IM-0469-0001.jpeg,JPEG,L,1948,1576,False,1,bc79aa8c5699,95.51785714285714,742137,3.070048,241.73465691741626
train,NORMAL,IM-0471-0001.jpeg,JPEG,L,2080,1781,False,1,bc79aa8c5699,95.51785714285714,861767,3.70448,232.62833110180105
train,NORMAL,IM-0472-0001.jpeg,JPEG,L,1616,1318,False,1,bc79aa8c5699,95.51785714285714,594160,2.129888,278.96302528583664
train,NORMAL,IM-0473-0001.jpeg,JPEG,L,1558,1179,False,1,bc79aa8c5699,95.51785714285714,473834,1.836882,257.9556008497008
train,NORMAL,IM-0474-0001.jpeg,JPEG,L,1472,1013,False,1,bc79aa8c5699,95.51785714285714,426523,1.491136,286.03896626464655
train,NORMAL,IM-0475-0001.jpeg,JPEG,L,1736,1345,False,1,bc79aa8c5699,95.51785714285714,561999,2.33492,240.69304301646312
train,NORMAL,IM-0476-0001.jpeg,JPEG,L,1558,1048,False,1,bc79aa8c5699,95.51785714285714,398009,1.632784,243.76096287077777
train,NORMAL,IM-0477-0001.jpeg,JPEG,L,1666,1537,False,1,bc79aa8c5699,95.51785714285714,596358,2.560642,232.8939383170314
train,NORMAL,IM-0478-0001.jpeg,JPEG,L,1676,1561,False,1,bc79aa8c5699,95.51785714285714,651142,2.616236,248.88503942304902
train,NORMAL,IM-0479-0001.jpeg,JPEG,L,1438,927,False,1,bc79aa8c5699,95.51785714285714,335481,1.333026,251.66875964909912
train,NORMAL,IM-0480-0001.jpeg,JPEG,L,2218,2183,False,1,bc79aa8c5699,95.51785714285714,1034760,4.841894,213.70975903231258
train,NORMAL,IM-0481-0001.jpeg,JPEG,L,1222,970,False,1,bc79aa8c5699,95.51785714285714,308626,1.18534,260.36917677628355
train,NORMAL,IM-0482-0001.jpeg,JPEG,L,1252,1028,False,1,bc79aa8c5699,95.51785714285714,346589,1.287056,269.2882050198282
train,NORMAL,IM-0483-0001.jpeg,JPEG,L,1690,1167,False,1,bc79aa8c5699,95.51785714285714,506084,1.97223,256.6049598677639
train,NORMAL,IM-0484-0001.jpeg,JPEG,L,1506,1121,False,1,bc79aa8c5699,95.51785714285714,427847,1.688226,253.4299317745373
train,NORMAL,IM-0485-0001.jpeg,JPEG,L,1404,1059,False,1,bc79aa8c5699,95.51785714285714,442035,1.486836,297.29909687416773
train,NORMAL,IM-0486-0001.jpeg,JPEG,L,1808,1488,False,1,bc79aa8c5699,95.51785714285714,647615,2.690304,240.72186637643927
train,NORMAL,IM-0487-0001.jpeg,JPEG,L,1778,1461,False,1,bc79aa8c5699,95.51785714285714,833040,2.597658,320.68886666374095
train,NORMAL,IM-0488-0001.jpeg,JPEG,L,1280,909,False,1,bc79aa8c5699,95.51785714285714,298039,1.16352,256.1528809130913
train,NORMAL,IM-0489-0001.jpeg,JPEG,L,1310,1148,False,1,bc79aa8c5699,95.51785714285714,430509,1.50388,286.2655265047743
train,NORMAL,IM-0490-0001.jpeg,JPEG,L,2226,2013,False,1,bc79aa8c5699,95.51785714285714,1102606,4.480938,246.06589066842702
train,NORMAL,IM-0491-0001-0001.jpeg,JPEG,L,1584,1295,False,1,bc79aa8c5699,95.51785714285714,511718,2.05128,249.46277446277443
train,NORMAL,IM-0491-0001-0002.jpeg,JPEG,L,1604,1414,False,1,bc79aa8c5699,95.51785714285714,521082,2.268056,229.74829545654956
train,NORMAL,IM-0491-0001.jpeg,JPEG,L,2304,2086,False,1,bc79aa8c5699,95.51785714285714,980577,4.806144,204.02572207574306
train,NORMAL,IM-0492-0001.jpeg,JPEG,L,1636,1468,False,1,bc79aa8c5699,95.51785714285714,589784,2.401648,245.57470536897998
train,NORMAL,IM-0493-0001.jpeg,JPEG,L,2260,2237,False,1,bc79aa8c5699,95.51785714285714,1052859,5.05562,208.25516949454268
train,NORMAL,IM-0494-0001.jpeg,JPEG,L,1692,1302,False,1,bc79aa8c5699,95.51785714285714,584557,2.202984,265.3478191398576
train,NORMAL,IM-0495-0001.jpeg,JPEG,L,2064,1750,False,1,bc79aa8c5699,95.51785714285714,848969,3.612,235.04125138427466
train,NORMAL,IM-0496-0001.jpeg,JPEG,L,1824,1426,False,1,bc79aa8c5699,95.51785714285714,678749,2.601024,260.9545317536478
train,NORMAL,IM-0497-0001-0001.jpeg,JPEG,L,1284,1013,False,1,bc79aa8c5699,95.51785714285714,334371,1.300692,257.0716203374819
train,NORMAL,IM-0497-0001-0002.jpeg,JPEG,L,1932,1561,False,1,bc79aa8c5699,95.51785714285714,733933,3.015852,243.3584274029362
train,NORMAL,IM-0497-0001.jpeg,JPEG,L,1338,1194,False,1,bc79aa8c5699,95.51785714285714,430471,1.597572,269.45327033773754
train,NORMAL,IM-0499-0001-0001.jpeg,JPEG,L,1582,1056,False,1,bc79aa8c5699,95.51785714285714,431032,1.670592,258.0115312416197
train,NORMAL,IM-0499-0001-0002.jpeg,JPEG,L,1446,1391,False,1,bc79aa8c5699,95.51785714285714,519994,2.011386,258.5252159456216
train,NORMAL,IM-0499-0001.jpeg,JPEG,L,1674,1493,False,1,bc79aa8c5699,95.51785714285714,621438,2.499282,248.6466113067673
train,NORMAL,IM-0500-0001.jpeg,JPEG,L,1400,1239,False,1,bc79aa8c5699,95.51785714285714,390742,1.7346,225.26346131673012
train,NORMAL,IM-0501-0001-0001.jpeg,JPEG,L,1364,1051,False,1,bc79aa8c5699,95.51785714285714,363080,1.433564,253.27086896713365
train,NORMAL,IM-0501-0001-0002.jpeg,JPEG,L,1562,1059,False,1,bc79aa8c5699,95.51785714285714,401708,1.654158,242.84741844491276
train,NORMAL,IM-0501-0001.jpeg,JPEG,L,1870,1905,False,1,bc79aa8c5699,95.51785714285714,832851,3.56235,233.7925807402417
train,NORMAL,IM-0502-0001.jpeg,JPEG,L,2156,1936,False,1,bc79aa8c5699,95.51785714285714,1078712,4.174016,258.4350419356322
train,NORMAL,IM-0503-0001.jpeg,JPEG,L,1504,1171,False,1,bc79aa8c5699,95.51785714285714,479000,1.761184,271.97612515217037
train,NORMAL,IM-0504-0001.jpeg,JPEG,L,1554,1449,False,1,bc79aa8c5699,95.51785714285714,528559,2.251746,234.73295833544282
train,NORMAL,IM-0505-0001-0001.jpeg,JPEG,L,1400,1221,False,1,bc79aa8c5699,95.51785714285714,446640,1.7094,261.2846612846613
train,NORMAL,IM-0505-0001-0002.jpeg,JPEG,L,1314,1171,False,1,bc79aa8c5699,95.51785714285714,345873,1.538694,224.78348521538396
train,NORMAL,IM-0505-0001.jpeg,JPEG,L,1696,1330,False,1,bc79aa8c5699,95.51785714285714,563401,2.25568,249.769914172223
train,NORMAL,IM-0506-0001.jpeg,JPEG,L,1700,1368,False,1,bc79aa8c5699,95.51785714285714,621088,2.3256,267.0657034743722
train,NORMAL,IM-0507-0001.jpeg,JPEG,L,1752,1384,False,1,bc79aa8c5699,95.51785714285714,557469,2.424768,229.90611885343262
train,NORMAL,IM-0508-0001.jpeg,JPEG,L,1936,1669,False,1,bc79aa8c5699,95.51785714285714,745681,3.231184,230.77639651595206
train,NORMAL,IM-0509-0001-0001.jpeg,JPEG,L,1434,1125,False,1,bc79aa8c5699,95.51785714285714,396733,1.61325,245.92158685882535
train,NORMAL,IM-0509-0001-0002.jpeg,JPEG,L,1306,920,False,1,bc79aa8c5699,95.51785714285714,340514,1.20152,283.4026899260936
train,NORMAL,IM-0509-0001.jpeg,JPEG,L,1248,1044,False,1,bc79aa8c5699,95.51785714285714,406952,1.302912,312.34035759897824
train,NORMAL,IM-0510-0001.jpeg,JPEG,L,1616,1147,False,1,bc79aa8c5699,95.51785714285714,439969,1.853552,237.3653396289934
train,NORMAL,IM-0511-0001-0001.jpeg,JPEG,L,1302,1187,False,1,bc79aa8c5699,95.51785714285714,420154,1.545474,271.8609306918136
train,NORMAL,IM-0511-0001-0002.jpeg,JPEG,L,1870,1495,False,1,bc79aa8c5699,95.51785714285714,644460,2.79565,230.52241875771287
train,NORMAL,IM-0511-0001.jpeg,JPEG,L,2060,1839,False,1,bc79aa8c5699,95.51785714285714,860964,3.78834,227.26682399151082
train,NORMAL,IM-0512-0001.jpeg,JPEG,L,1558,1279,False,1,bc79aa8c5699,95.51785714285714,620647,1.992682,311.46314364258825
train,NORMAL,IM-0513-0001.jpeg,JPEG,L,1492,1024,False,1,bc79aa8c5699,95.51785714285714,358064,1.527808,234.36452747989276
train,NORMAL,IM-0514-0001.jpeg,JPEG,L,1866,1302,False,1,bc79aa8c5699,95.51785714285714,574384,2.429532,236.41754872954957
train,NORMAL,IM-0515-0001.jpeg,JPEG,L,1644,1167,False,1,bc79aa8c5699,95.51785714285714,460317,1.918548,239.92988447513434
train,NORMAL,IM-0516-0001.jpeg,JPEG,L,1496,981,False,1,bc79aa8c5699,95.51785714285714,386964,1.467576,263.67561202963253
train,NORMAL,IM-0517-0001-0001.jpeg,JPEG,L,2102,1654,False,1,bc79aa8c5699,95.51785714285714,831380,3.476708,239.1285089228086
train,NORMAL,IM-0517-0001.jpeg,JPEG,L,2844,2067,False,1,bc79aa8c5699,95.51785714285714,1685445,5.878548,286.7111062119421
train,NORMAL,IM-0519-0001-0001.jpeg,JPEG,L,1742,1322,False,1,bc79aa8c5699,95.51785714285714,573640,2.302924,249.0920238792075
train,NORMAL,IM-0519-0001-0002.jpeg,JPEG,L,2014,1577,False,1,bc79aa8c5699,95.51785714285714,713208,3.176078,224.55619792712898
train,NORMAL,IM-0519-0001.jpeg,JPEG,L,1822,1705,False,1,bc79aa8c5699,95.51785714285714,729001,3.10651,234.66880840557408
train,NORMAL,IM-0520-0001.jpeg,JPEG,L,1642,1545,False,1,bc79aa8c5699,95.51785714285714,587535,2.53689,231.5965611437626
train,NORMAL,IM-0521-0001.jpeg,JPEG,L,2890,2534,False,1,bc79aa8c5699,95.51785714285714,1686915,7.32326,230.3502811589374
train,NORMAL,IM-0522-0001.jpeg,JPEG,L,1636,1074,False,1,bc79aa8c5699,95.51785714285714,400079,1.757064,227.69745438982304
train,NORMAL,IM-0523-0001-0001.jpeg,JPEG,L,1342,1059,False,1,bc79aa8c5699,95.51785714285714,402815,1.421178,283.43740192994824
train,NORMAL,IM-0523-0001-0002.jpeg,JPEG,L,1762,1480,False,1,bc79aa8c5699,95.51785714285714,632961,2.60776,242.72210632880328
train,NORMAL,IM-0523-0001-0003.jpeg,JPEG,L,1628,1167,False,1,bc79aa8c5699,95.51785714285714,603792,1.899876,317.80600418132553
train,NORMAL,IM-0523-0001.jpeg,JPEG,L,1492,1106,False,1,bc79aa8c5699,95.51785714285714,444697,1.650152,269.48850772534894
train,NORMAL,IM-0524-0001.jpeg,JPEG,L,1964,1611,False,1,bc79aa8c5699,95.51785714285714,777583,3.164004,245.7591709744994
train,NORMAL,IM-0525-0001-0001.jpeg,JPEG,L,1268,1017,False,1,bc79aa8c5699,95.51785714285714,350530,1.289556,271.8222395925419
train,NORMAL,IM-0525-0001-0002.jpeg,JPEG,L,1410,970,False,1,bc79aa8c5699,95.51785714285714,333727,1.3677,244.00599546684214
train,NORMAL,IM-0525-0001.jpeg,JPEG,L,1418,1024,False,1,bc79aa8c5699,95.51785714285714,349173,1.452032,240.47197306946404
train,NORMAL,IM-0526-0001.jpeg,JPEG,L,1576,1395,False,1,bc79aa8c5699,95.51785714285714,515253,2.19852,234.3635718574314
train,NORMAL,IM-0527-0001.jpeg,JPEG,L,1728,1175,False,1,bc79aa8c5699,95.51785714285714,475660,2.0304,234.26910953506697
train,NORMAL,IM-0528-0001.jpeg,JPEG,L,1426,1128,False,1,bc79aa8c5699,95.51785714285714,394541,1.608528,245.28077845085693
train,NORMAL,IM-0529-0001.jpeg,JPEG,L,1484,1267,False,1,bc79aa8c5699,95.51785714285714,499639,1.880228,265.733198314247
train,NORMAL,IM-0530-0001.jpeg,JPEG,L,1458,1128,False,1,bc79aa8c5699,95.51785714285714,452042,1.644624,274.8603936218856
train,NORMAL,IM-0531-0001-0001.jpeg,JPEG,L,1882,1353,False,1,bc79aa8c5699,95.51785714285714,589633,2.546346,231.56043994021238
train,NORMAL,IM-0531-0001.jpeg,JPEG,L,1626,1600,False,1,bc79aa8c5699,95.51785714285714,656158,2.6016,252.21325338253385
train,NORMAL,IM-0532-0001.jpeg,JPEG,L,1466,1140,False,1,bc79aa8c5699,95.51785714285714,403795,1.67124,241.6140111533951
train,NORMAL,IM-0533-0001-0001.jpeg,JPEG,L,1908,1476,False,1,bc79aa8c5699,95.51785714285714,647597,2.816208,229.95354036349588
train,NORMAL,IM-0533-0001-0002.jpeg,JPEG,L,1756,1484,False,1,bc79aa8c5699,95.51785714285714,753654,2.605904,289.2101934683703
train,NORMAL,IM-0533-0001.jpeg,JPEG,L,2518,2364,False,1,bc79aa8c5699,95.51785714285714,1720576,5.952552,289.04846190339873
train,NORMAL,IM-0534-0001.jpeg,JPEG,L,1624,1375,False,1,bc79aa8c5699,95.51785714285714,604292,2.233,270.6188983430363
train,NORMAL,IM-0535-0001.jpeg,JPEG,L,1522,1109,False,1,bc79aa8c5699,95.51785714285714,498763,1.687898,295.4935665543771
train,NORMAL,IM-0536-0001.jpeg,JPEG,L,1670,1344,False,1,bc79aa8c5699,95.51785714285714,505012,2.24448,225.00178214998576
train,NORMAL,IM-0537-0001.jpeg,JPEG,L,1550,1059,False,1,bc79aa8c5699,95.51785714285714,398136,1.64145,242.55140272320205
train,NORMAL,IM-0538-0001.jpeg,JPEG,L,1902,1595,False,1,bc79aa8c5699,95.51785714285714,713037,3.03369,235.0395063437596
train,NORMAL,IM-0539-0001-0001.jpeg,JPEG,L,2110,1700,False,1,bc79aa8c5699,95.51785714285714,848663,3.587,236.59408976860885
train,NORMAL,IM-0539-0001-0002.jpeg,JPEG,L,1526,1195,False,1,bc79aa8c5699,95.51785714285714,456349,1.82357,250.25033313774628
train,NORMAL,IM-0539-0001.jpeg,JPEG,L,1724,1476,False,1,bc79aa8c5699,95.51785714285714,638410,2.544624,250.88578902030315
train,NORMAL,IM-0540-0001.jpeg,JPEG,L,1496,1333,False,1,bc79aa8c5699,95.51785714285714,483108,1.994168,242.26043141801495
train,NORMAL,IM-0541-0001.jpeg,JPEG,L,1940,1522,False,1,bc79aa8c5699,95.51785714285714,647196,2.95268,219.18934662747066
train,NORMAL,IM-0542-0001.jpeg,JPEG,L,1886,1406,False,1,bc79aa8c5699,95.51785714285714,693944,2.651716,261.696199743864
train,NORMAL,IM-0543-0001-0002.jpeg,JPEG,L,1640,1410,False,1,bc79aa8c5699,95.51785714285714,586974,2.3124,253.837571354437
train,NORMAL,IM-0543-0001.jpeg,JPEG,L,1778,1318,False,1,bc79aa8c5699,95.51785714285714,549566,2.343404,234.5161141655472
train,NORMAL,IM-0544-0001.jpeg,JPEG,L,1542,1286,False,1,bc79aa8c5699,95.51785714285714,518153,1.983012,261.29594778044714
train,NORMAL,IM-0545-0001-0001.jpeg,JPEG,L,1924,1580,False,1,bc79aa8c5699,95.51785714285714,700889,3.03992,230.56165951735574
train,NORMAL,IM-0545-0001-0002.jpeg,JPEG,L,1940,1503,False,1,bc79aa8c5699,95.51785714285714,695884,2.91582,238.65807903094156
train,NORMAL,IM-0545-0001.jpeg,JPEG,L,1658,1183,False,1,bc79aa8c5699,95.51785714285714,537772,1.961414,274.17567122494285
train,NORMAL,IM-0546-0001.jpeg,JPEG,L,1854,1457,False,1,bc79aa8c5699,95.51785714285714,622756,2.701278,230.54124751321413
train,NORMAL,IM-0547-0001.jpeg,JPEG,L,1296,1074,False,1,bc79aa8c5699,95.51785714285714,435376,1.391904,312.7916867829965
train,NORMAL,IM-0548-0001.jpeg,JPEG,L,1790,1132,False,1,bc79aa8c5699,95.51785714285714,452348,2.02628,223.2406182758553
train,NORMAL,IM-0549-0001-0001.jpeg,JPEG,L,1696,1349,False,1,bc79aa8c5699,95.51785714285714,579046,2.287904,253.09016462229184
train,NORMAL,IM-0549-0001-0002.jpeg,JPEG,L,1912,1708,False,1,bc79aa8c5699,95.51785714285714,778030,3.265696,238.24324125699388
train,NORMAL,IM-0549-0001.jpeg,JPEG,L,1272,1017,False,1,bc79aa8c5699,95.51785714285714,352207,1.293624,272.2638108136522
train,NORMAL,IM-0551-0001-0001.jpeg,JPEG,L,1678,1156,False,1,bc79aa8c5699,95.51785714285714,445399,1.939768,229.61457246433594
train,NORMAL,IM-0551-0001-0002.jpeg,JPEG,L,1624,1341,False,1,bc79aa8c5699,95.51785714285714,543934,2.177784,249.76489863090185
train,NORMAL,IM-0551-0001.jpeg,JPEG,L,1944,1746,False,1,bc79aa8c5699,95.51785714285714,889012,3.394224,261.9190719292539
train,NORMAL,IM-0552-0001.jpeg,JPEG,L,1924,1623,False,1,bc79aa8c5699,95.51785714285714,759009,3.122652,243.06550970136922
train,NORMAL,IM-0553-0001-0001.jpeg,JPEG,L,1632,1206,False,1,bc79aa8c5699,95.51785714285714,554587,1.968192,281.77484716938187
train,NORMAL,IM-0553-0001-0002.jpeg,JPEG,L,1796,1287,False,1,bc79aa8c5699,95.51785714285714,567801,2.311452,245.6468920834177
train,NORMAL,IM-0553-0001-0003.jpeg,JPEG,L,2202,2129,False,1,bc79aa8c5699,95.51785714285714,1151297,4.688058,245.5807927291002
train,NORMAL,IM-0553-0001.jpeg,JPEG,L,2264,1900,False,1,bc79aa8c5699,95.51785714285714,1132897,4.3016,263.3664217965408
train,NORMAL,IM-0554-0001.jpeg,JPEG,L,1296,1082,False,1,bc79aa8c5699,95.51785714285714,379953,1.402272,270.95527829123023
train,NORMAL,IM-0555-0001-0001.jpeg,JPEG,L,1902,1854,False,1,bc79aa8c5699,95.51785714285714,835846,3.526308,237.03147881580395
train,NORMAL,IM-0555-0001-0002.jpeg,JPEG,L,1446,1171,False,1,bc79aa8c5699,95.51785714285714,404051,1.693266,238.6222837994739
train,NORMAL,IM-0555-0001.jpeg,JPEG,L,1646,1476,False,1,bc79aa8c5699,95.51785714285714,625154,2.429496,257.31839031634547
train,NORMAL,IM-0556-0001.jpeg,JPEG,L,1566,1225,False,1,bc79aa8c5699,95.51785714285714,457871,1.91835,238.67959444314124
train,NORMAL,IM-0557-0001.jpeg,JPEG,L,2442,2226,False,1,bc79aa8c5699,95.51785714285714,1382926,5.435892,254.40645251966006
train,NORMAL,IM-0559-0001.jpeg,JPEG,L,1346,1024,False,1,bc79aa8c5699,95.51785714285714,354593,1.378304,257.2676274609956
train,NORMAL,IM-0560-0001.jpeg,JPEG,L,1778,1356,False,1,bc79aa8c5699,95.51785714285714,571639,2.410968,237.09937253418545
train,NORMAL,IM-0561-0001.jpeg,JPEG,L,2172,1963,False,1,bc79aa8c5699,95.51785714285714,1041035,4.263636,244.16601229560874
train,NORMAL,IM-0562-0001.jpeg,JPEG,L,1330,1133,False,1,bc79aa8c5699,95.51785714285714,378873,1.50689,251.42711146799036
train,NORMAL,IM-0563-0001.jpeg,JPEG,L,1302,970,False,1,bc79aa8c5699,95.51785714285714,323788,1.26294,256.37639159421667
train,NORMAL,IM-0564-0001.jpeg,JPEG,L,1472,1360,False,1,bc79aa8c5699,95.51785714285714,542436,2.00192,270.9578804347826
train,NORMAL,IM-0565-0001.jpeg,JPEG,L,1940,1755,False,1,bc79aa8c5699,95.51785714285714,803300,3.4047,235.9385555261844
train,NORMAL,IM-0566-0001.jpeg,JPEG,L,2358,1673,False,1,bc79aa8c5699,95.51785714285714,918999,3.944934,232.9567490862965
train,NORMAL,IM-0568-0001.jpeg,JPEG,L,2144,2129,False,1,bc79aa8c5699,95.51785714285714,934595,4.564576,204.74957586422047
train,NORMAL,IM-0569-0001.jpeg,JPEG,L,1786,1437,False,1,bc79aa8c5699,95.51785714285714,636522,2.566482,248.01342849862186
train,NORMAL,IM-0570-0001.jpeg,JPEG,L,1816,1554,False,1,bc79aa8c5699,95.51785714285714,698457,2.822064,247.49863929379347
train,NORMAL,IM-0571-0001.jpeg,JPEG,L,1746,1445,False,1,bc79aa8c5699,95.51785714285714,625400,2.52297,247.88245599432415
train,NORMAL,IM-0574-0001.jpeg,JPEG,L,1736,1553,False,1,bc79aa8c5699,95.51785714285714,736874,2.696008,273.32040557743153
train,NORMAL,IM-0575-0001.jpeg,JPEG,L,1296,1036,False,1,bc79aa8c5699,95.51785714285714,331145,1.342656,246.63428309261639
train,NORMAL,IM-0577-0001.jpeg,JPEG,L,1376,1210,False,1,bc79aa8c5699,95.51785714285714,432683,1.66496,259.8759129348453
train,NORMAL,IM-0578-0001.jpeg,JPEG,L,1630,1353,False,1,bc79aa8c5699,95.51785714285714,575728,2.20539,261.054960800584
train,NORMAL,IM-0579-0001.jpeg,JPEG,L,1604,1117,False,1,bc79aa8c5699,95.51785714285714,426128,1.791668,237.83870672468336
train,NORMAL,IM-0580-0001.jpeg,JPEG,L,1728,1522,False,1,bc79aa8c5699,95.51785714285714,670015,2.630016,254.75700528057624
train,NORMAL,IM-0581-0001.jpeg,JPEG,L,1338,1433,False,1,bc79aa8c5699,95.51785714285714,527285,1.917354,275.00659763403104
train,NORMAL,IM-0582-0001.jpeg,JPEG,L,2180,1955,False,1,bc79aa8c5699,95.51785714285714,1060122,4.2619,248.74398742344965
train,NORMAL,IM-0583-0001.jpeg,JPEG,L,1692,1341,False,1,bc79aa8c5699,95.51785714285714,575394,2.268972,253.59237575430635
train,NORMAL,IM-0584-0001.jpeg,JPEG,L,1148,908,False,1,bc79aa8c5699,95.51785714285714,318462,1.042384,305.5131314371671
train,NORMAL,IM-0586-0001.jpeg,JPEG,L,1812,1476,False,1,bc79aa8c5699,95.51785714285714,682070,2.674512,255.02596361504456
train,NORMAL,IM-0588-0001.jpeg,JPEG,L,1488,1017,False,1,bc79aa8c5699,95.51785714285714,362128,1.513296,239.29753333121874
train,NORMAL,IM-0590-0001.jpeg,JPEG,L,2056,1673,False,1,bc79aa8c5699,95.51785714285714,779071,3.439688,226.49467044685449
train,NORMAL,IM-0591-0001.jpeg,JPEG,L,1626,1280,False,1,bc79aa8c5699,95.51785714285714,551131,2.08128,264.8038706949569
train,NORMAL,IM-0592-0001.jpeg,JPEG,L,1932,1712,False,1,bc79aa8c5699,95.51785714285714,813444,3.307584,245.932983107912
train,NORMAL,IM-0593-0001.jpeg,JPEG,L,1728,1333,False,1,bc79aa8c5699,95.51785714285714,576270,2.303424,250.17973243310826
train,NORMAL,IM-0595-0001.jpeg,JPEG,L,1924,2102,False,1,bc79aa8c5699,95.51785714285714,901042,4.044248,222.79593140677824
train,NORMAL,IM-0596-0001.jpeg,JPEG,L,1430,1141,False,1,bc79aa8c5699,95.51785714285714,370750,1.63163,227.22676096909228
train,NORMAL,IM-0598-0001.jpeg,JPEG,L,1518,1302,False,1,bc79aa8c5699,95.51785714285714,453623,1.976436,229.51565342869688
train,NORMAL,IM-0599-0001.jpeg,JPEG,L,1550,1144,False,1,bc79aa8c5699,95.51785714285714,441952,1.7732,249.2397924655989
train,NORMAL,IM-0600-0001.jpeg,JPEG,L,1832,1488,False,1,bc79aa8c5699,95.51785714285714,682762,2.726016,250.4614793163356
train,NORMAL,IM-0601-0001.jpeg,JPEG,L,1858,1680,False,1,bc79aa8c5699,95.51785714285714,791447,3.12144,253.55188630888307
train,NORMAL,IM-0602-0001.jpeg,JPEG,L,1350,1062,False,1,bc79aa8c5699,95.51785714285714,426518,1.4337,297.4945944060822
train,NORMAL,IM-0604-0001.jpeg,JPEG,L,1724,1353,False,1,bc79aa8c5699,95.51785714285714,557709,2.332572,239.09615651735507
train,NORMAL,IM-0605-0001.jpeg,JPEG,L,1396,955,False,1,bc79aa8c5699,95.51785714285714,329170,1.33318,246.90589417783045
train,NORMAL,IM-0606-0001.jpeg,JPEG,L,1850,1445,False,1,bc79aa8c5699,95.51785714285714,632775,2.67325,236.70625642943983
train,NORMAL,IM-0607-0001.jpeg,JPEG,L,1518,1121,False,1,bc79aa8c5699,95.51785714285714,431115,1.701678,253.3469904411998
train,NORMAL,IM-0608-0001-0001.jpeg,JPEG,L,1300,928,False,1,bc79aa8c5699,95.51785714285714,313249,1.2064,259.65600132625997
train,NORMAL,IM-0608-0001-0002.jpeg,JPEG,L,1580,1604,False,1,bc79aa8c5699,95.51785714285714,752593,2.53432,296.96052590043877
train,NORMAL,IM-0608-0001.jpeg,JPEG,L,1852,1403,False,1,bc79aa8c5699,95.51785714285714,618902,2.598356,238.18984003731592
train,NORMAL,IM-0609-0001.jpeg,JPEG,L,1394,1257,False,1,bc79aa8c5699,95.51785714285714,485936,1.752258,277.3198923902758
train,NORMAL,IM-0612-0001-0001.jpeg,JPEG,L,1488,1094,False,1,bc79aa8c5699,95.51785714285714,364986,1.627872,224.21050303709382
train,NORMAL,IM-0612-0001-0002.jpeg,JPEG,L,1466,1175,False,1,bc79aa8c5699,95.51785714285714,411676,1.72255,238.99219180865578
train,NORMAL,IM-0612-0001.jpeg,JPEG,L,1460,1279,False,1,bc79aa8c5699,95.51785714285714,509621,1.86734,272.9128064519584
train,NORMAL,IM-0613-0001.jpeg,JPEG,L,1732,1662,False,1,bc79aa8c5699,95.51785714285714,680250,2.878584,236.3141044346804
train,NORMAL,IM-0614-0001.jpeg,JPEG,L,1750,1480,False,1,bc79aa8c5699,95.51785714285714,607701,2.59,234.63359073359075
train,NORMAL,IM-0615-0001.jpeg,JPEG,L,1640,1322,False,1,bc79aa8c5699,95.51785714285714,511302,2.16808,235.83170362717246
train,NORMAL,IM-0616-0001.jpeg,JPEG,L,1792,1422,False,1,bc79aa8c5699,95.51785714285714,714198,2.548224,280.27284885473176
train,NORMAL,IM-0617-0001.jpeg,JPEG,L,1622,1383,False,1,bc79aa8c5699,95.51785714285714,510594,2.243226,227.61594239724397
train,NORMAL,IM-0618-0001-0001.jpeg,JPEG,L,2292,1893,False,1,bc79aa8c5699,95.51785714285714,1011122,4.338756,233.04421820448073
train,NORMAL,IM-0618-0001-0002.jpeg,JPEG,L,2178,1970,False,1,bc79aa8c5699,95.51785714285714,959990,4.29066,223.73947131676712
train,NORMAL,IM-0618-0001.jpeg,JPEG,L,2078,2047,False,1,bc79aa8c5699,95.51785714285714,1170162,4.253666,275.09494163387535
train,NORMAL,IM-0619-0001.jpeg,JPEG,L,1554,1345,False,1,bc79aa8c5699,95.51785714285714,524881,2.09013,251.12361432064034
train,NORMAL,IM-0620-0001-0001.jpeg,JPEG,L,1832,1472,False,1,bc79aa8c5699,95.51785714285714,649108,2.696704,240.70420780330358
train,NORMAL,IM-0620-0001-0002.jpeg,JPEG,L,1512,1302,False,1,bc79aa8c5699,95.51785714285714,511989,1.968624,260.0745495330749
train,NORMAL,IM-0620-0001.jpeg,JPEG,L,1514,1395,False,1,bc79aa8c5699,95.51785714285714,557184,2.11203,263.814434454056
train,NORMAL,IM-0621-0001.jpeg,JPEG,L,1524,1171,False,1,bc79aa8c5699,95.51785714285714,420955,1.784604,235.8814616576002
train,NORMAL,IM-0622-0001-0001.jpeg,JPEG,L,1598,1197,False,1,bc79aa8c5699,95.51785714285714,473895,1.912806,247.74859551883463
train,NORMAL,IM-0622-0001-0002.jpeg,JPEG,L,1626,1268,False,1,bc79aa8c5699,95.51785714285714,472211,2.061768,229.03207344376287
train,NORMAL,IM-0622-0001.jpeg,JPEG,L,1840,1507,False,1,bc79aa8c5699,95.51785714285714,614935,2.77288,221.76762066876316
train,NORMAL,IM-0623-0001.jpeg,JPEG,L,1724,1422,False,1,bc79aa8c5699,95.51785714285714,581830,2.451528,237.33361397463133
train,NORMAL,IM-0624-0001-0002.jpeg,JPEG,L,1690,1334,False,1,bc79aa8c5699,95.51785714285714,520610,2.25446,230.92447858910782
train,NORMAL,IM-0624-0001.jpeg,JPEG,L,1630,1333,False,1,bc79aa8c5699,95.51785714285714,519065,2.17279,238.8933122851265
train,NORMAL,IM-0625-0001.jpeg,JPEG,L,1678,1229,False,1,bc79aa8c5699,95.51785714285714,514250,2.062262,249.3621082093352
train,NORMAL,IM-0626-0001-0001.jpeg,JPEG,L,1754,1178,False,1,bc79aa8c5699,95.51785714285714,537491,2.066212,260.13351969691394
train,NORMAL,IM-0626-0001-0002.jpeg,JPEG,L,1728,1249,False,1,bc79aa8c5699,95.51785714285714,562670,2.158272,260.70393351718405
train,NORMAL,IM-0627-0001.jpeg,JPEG,L,1802,1514,False,1,bc79aa8c5699,95.51785714285714,673411,2.728228,246.83091002658134
train,NORMAL,IM-0628-0001.jpeg,JPEG,L,2012,1457,False,1,bc79aa8c5699,95.51785714285714,776606,2.931484,264.9190648831786
train,NORMAL,IM-0629-0001-0001.jpeg,JPEG,L,2344,1855,False,1,bc79aa8c5699,95.51785714285714,948018,4.34812,218.02940121247806
train,NORMAL,IM-0629-0001-0002.jpeg,JPEG,L,1804,1510,False,1,bc79aa8c5699,95.51785714285714,661709,2.72404,242.9145680680166
train,NORMAL,IM-0629-0001-0003.jpeg,JPEG,L,1874,1735,False,1,bc79aa8c5699,95.51785714285714,915100,3.25139,281.44885725797275
train,NORMAL,IM-0629-0001.jpeg,JPEG,L,1252,1044,False,1,bc79aa8c5699,95.51785714285714,330533,1.307088,252.8773885155399
train,NORMAL,IM-0630-0001.jpeg,JPEG,L,1956,1634,False,1,bc79aa8c5699,95.51785714285714,787018,3.196104,246.2429257621154
train,NORMAL,IM-0631-0001-0001.jpeg,JPEG,L,1744,1337,False,1,bc79aa8c5699,95.51785714285714,548302,2.331728,235.14835349577652
train,NORMAL,IM-0631-0001-0002.jpeg,JPEG,L,1738,1430,False,1,bc79aa8c5699,95.51785714285714,585630,2.48534,235.6337563472201
train,NORMAL,IM-0631-0001.jpeg,JPEG,L,1746,1279,False,1,bc79aa8c5699,95.51785714285714,540613,2.233134,242.0871295676838
train,NORMAL,IM-0632-0001.jpeg,JPEG,L,1438,1067,False,1,bc79aa8c5699,95.51785714285714,380501,1.534346,247.98904549560527
train,NORMAL,IM-0633-0001.jpeg,JPEG,L,1836,1719,False,1,bc79aa8c5699,95.51785714285714,597247,3.156084,189.2367250047844
train,NORMAL,IM-0634-0001.jpeg,JPEG,L,1500,1051,False,1,bc79aa8c5699,95.51785714285714,425539,1.5765,269.92641928322234
train,NORMAL,IM-0635-0001.jpeg,JPEG,L,1296,1052,False,1,bc79aa8c5699,95.51785714285714,405819,1.363392,297.65393958597383
train,NORMAL,IM-0636-0001.jpeg,JPEG,L,1766,1611,False,1,bc79aa8c5699,95.51785714285714,710364,2.845026,249.686294606798
train,NORMAL,IM-0637-0001.jpeg,JPEG,L,1746,1442,False,1,bc79aa8c5699,95.51785714285714,648280,2.517732,257.4857053888182
train,NORMAL,IM-0640-0001-0001.jpeg,JPEG,L,1462,1140,False,1,bc79aa8c5699,95.51785714285714,423964,1.66668,254.3763649890801
train,NORMAL,IM-0640-0001-0002.jpeg,JPEG,L,1470,1248,False,1,bc79aa8c5699,95.51785714285714,455992,1.83456,248.5566021280307
train,NORMAL,IM-0640-0001.jpeg,JPEG,L,1642,1221,False,1,bc79aa8c5699,95.51785714285714,505878,2.004882,252.32307936327427
train,NORMAL,IM-0641-0001.jpeg,JPEG,L,1858,1480,False,1,bc79aa8c5699,95.51785714285714,696744,2.74984,253.37619643324706
train,NORMAL,IM-0642-0001.jpeg,JPEG,L,1508,1052,False,1,bc79aa8c5699,95.51785714285714,434717,1.586416,274.02459380137367
train,NORMAL,IM-0643-0001.jpeg,JPEG,L,2348,1851,False,1,bc79aa8c5699,95.51785714285714,1224625,4.346148,281.7725029152251
train,NORMAL,IM-0644-0001-0001.jpeg,JPEG,L,1284,1020,False,1,bc79aa8c5699,95.51785714285714,308447,1.30968,235.51325514629528
train,NORMAL,IM-0644-0001-0002.jpeg,JPEG,L,1476,1133,False,1,bc79aa8c5699,95.51785714285714,384857,1.672308,230.13523824558638
train,NORMAL,IM-0644-0001.jpeg,JPEG,L,1414,1086,False,1,bc79aa8c5699,95.51785714285714,380575,1.535604,247.834077014647
train,NORMAL,IM-0645-0001.jpeg,JPEG,L,2048,1777,False,1,bc79aa8c5699,95.51785714285714,854492,3.639296,234.79596053742262
train,NORMAL,IM-0646-0001.jpeg,JPEG,L,1630,1179,False,1,bc79aa8c5699,95.51785714285714,480684,1.92177,250.12566540220735
train,NORMAL,IM-0647-0001.jpeg,JPEG,L,1214,994,False,1,bc79aa8c5699,95.51785714285714,310995,1.206716,257.7201263594748
train,NORMAL,IM-0648-0001.jpeg,JPEG,L,1604,1279,False,1,bc79aa8c5699,95.51785714285714,550166,2.051516,268.17533960251836
train,NORMAL,IM-0649-0001.jpeg,JPEG,L,1512,1005,False,1,bc79aa8c5699,95.51785714285714,387683,1.51956,255.12845823791096
train,NORMAL,IM-0650-0001-0001.jpeg,JPEG,L,1682,1341,False,1,bc79aa8c5699,95.51785714285714,509011,2.255562,225.66925670852766
train,NORMAL,IM-0650-0001-0002.jpeg,JPEG,L,1798,1356,False,1,bc79aa8c5699,95.51785714285714,567144,2.438088,232.61834683571718
train,NORMAL,IM-0650-0001.jpeg,JPEG,L,1620,1159,False,1,bc79aa8c5699,95.51785714285714,450264,1.87758,239.81082031125172
train,NORMAL,IM-0651-0001.jpeg,JPEG,L,1126,1012,False,1,bc79aa8c5699,95.51785714285714,280003,1.139512,245.72185286333095
train,NORMAL,IM-0652-0001-0002.jpeg,JPEG,L,1512,1237,False,1,bc79aa8c5699,95.51785714285714,466305,1.870344,249.3150992544687
train,NORMAL,IM-0652-0001.jpeg,JPEG,L,2480,1924,False,1,bc79aa8c5699,95.51785714285714,1142068,4.77152,239.35098249614379
train,NORMAL,IM-0654-0001.jpeg,JPEG,L,1790,1519,False,1,bc79aa8c5699,95.51785714285714,651172,2.71901,239.48863740846855
train,NORMAL,IM-0655-0001.jpeg,JPEG,L,2134,1827,False,1,bc79aa8c5699,95.51785714285714,866467,3.898818,222.23838096571833
train,NORMAL,IM-0656-0001-0001.jpeg,JPEG,L,2194,1966,False,1,bc79aa8c5699,95.51785714285714,1133904,4.313404,262.8791553028652
train,NORMAL,IM-0656-0001-0002.jpeg,JPEG,L,1624,1299,False,1,bc79aa8c5699,95.51785714285714,490811,2.109576,232.6586005908296
train,NORMAL,IM-0656-0001.jpeg,JPEG,L,1504,1395,False,1,bc79aa8c5699,95.51785714285714,514782,2.09808,245.35861358956763
train,NORMAL,IM-0657-0001.jpeg,JPEG,L,1608,1364,False,1,bc79aa8c5699,95.51785714285714,531616,2.193312,242.38047300156109
train,NORMAL,IM-0658-0001.jpeg,JPEG,L,1800,1723,False,1,bc79aa8c5699,95.51785714285714,769140,3.1014,247.99767846778875
train,NORMAL,IM-0659-0001.jpeg,JPEG,L,1566,1271,False,1,bc79aa8c5699,95.51785714285714,454655,1.990386,228.4255415783672
train,NORMAL,IM-0660-0001-0001.jpeg,JPEG,L,1330,1132,False,1,bc79aa8c5699,95.51785714285714,411059,1.50556,273.0273120964957
train,NORMAL,IM-0660-0001-0002.jpeg,JPEG,L,1654,1688,False,1,bc79aa8c5699,95.51785714285714,610931,2.791952,218.81859000441267
train,NORMAL,IM-0660-0001.jpeg,JPEG,L,1680,1642,False,1,bc79aa8c5699,95.51785714285714,700925,2.75856,254.09090249985496
train,NORMAL,IM-0661-0001.jpeg,JPEG,L,1754,1638,False,1,bc79aa8c5699,95.51785714285714,683541,2.873052,237.9145939579235
train,NORMAL,IM-0662-0001.jpeg,JPEG,L,1538,1179,False,1,bc79aa8c5699,95.51785714285714,440517,1.813302,242.9363669151636
train,NORMAL,IM-0663-0001.jpeg,JPEG,L,1246,931,False,1,bc79aa8c5699,95.51785714285714,285129,1.160026,245.79535286278067
train,NORMAL,IM-0664-0001.jpeg,JPEG,L,2016,1603,False,1,bc79aa8c5699,95.51785714285714,725919,3.231648,224.62811543831506
train,NORMAL,IM-0665-0001.jpeg,JPEG,L,1364,1179,False,1,bc79aa8c5699,95.51785714285714,440199,1.608156,273.7290412124197
train,NORMAL,IM-0666-0001-0001.jpeg,JPEG,L,1748,1442,False,1,bc79aa8c5699,95.51785714285714,631355,2.520616,250.47647083093975
train,NORMAL,IM-0666-0001-0002.jpeg,JPEG,L,1480,1306,False,1,bc79aa8c5699,95.51785714285714,522295,1.93288,270.2159471876164
train,NORMAL,IM-0666-0001.jpeg,JPEG,L,2418,2260,False,1,bc79aa8c5699,95.51785714285714,1110735,5.46468,203.2570983113375
train,NORMAL,IM-0667-0001.jpeg,JPEG,L,1754,1615,False,1,bc79aa8c5699,95.51785714285714,679163,2.83271,239.75733484896088
train,NORMAL,IM-0668-0001.jpeg,JPEG,L,1596,1306,False,1,bc79aa8c5699,95.51785714285714,499584,2.084376,239.68036477103942
train,NORMAL,IM-0669-0001.jpeg,JPEG,L,1458,1074,False,1,bc79aa8c5699,95.51785714285714,412710,1.565892,263.56223800875154
train,NORMAL,IM-0670-0001.jpeg,JPEG,L,2434,2418,False,1,bc79aa8c5699,95.51785714285714,1648562,5.885412,280.1098716623407
train,NORMAL,IM-0671-0001.jpeg,JPEG,L,1608,1152,False,1,bc79aa8c5699,95.51785714285714,468551,1.852416,252.94048421089
train,NORMAL,IM-0672-0001.jpeg,JPEG,L,2018,1920,False,1,bc79aa8c5699,95.51785714285714,1008215,3.87456,260.21406301618765
train,NORMAL,IM-0673-0001.jpeg,JPEG,L,1364,1136,False,1,bc79aa8c5699,95.51785714285714,443910,1.549504,286.48522365866756
train,NORMAL,IM-0674-0001.jpeg,JPEG,L,1870,1380,False,1,bc79aa8c5699,95.51785714285714,672700,2.5806,260.675811826707
train,NORMAL,IM-0675-0001.jpeg,JPEG,L,1218,1032,False,1,bc79aa8c5699,95.51785714285714,350202,1.256976,278.60675144155493
train,NORMAL,IM-0676-0001.jpeg,JPEG,L,1752,1160,False,1,bc79aa8c5699,95.51785714285714,543330,2.03232,267.34470949456784
train,NORMAL,IM-0677-0001.jpeg,JPEG,L,1604,1202,False,1,bc79aa8c5699,95.51785714285714,531751,1.928008,275.80331616881256
train,NORMAL,IM-0678-0001.jpeg,JPEG,L,1792,1611,False,1,bc79aa8c5699,95.51785714285714,752149,2.886912,260.5375570852177
train,NORMAL,IM-0679-0001.jpeg,JPEG,L,1368,1151,False,1,bc79aa8c5699,95.51785714285714,417482,1.574568,265.1406608034712
train,NORMAL,IM-0680-0001.jpeg,JPEG,L,1530,1078,False,1,bc79aa8c5699,95.51785714285714,431850,1.64934,261.83200552948455
train,NORMAL,IM-0681-0001.jpeg,JPEG,L,1496,1074,False,1,bc79aa8c5699,95.51785714285714,448335,1.606704,279.0401965763451
train,NORMAL,IM-0682-0001.jpeg,JPEG,L,1948,1670,False,1,bc79aa8c5699,95.51785714285714,877830,3.25316,269.83917175915116
train,NORMAL,IM-0683-0001.jpeg,JPEG,L,1674,1144,False,1,bc79aa8c5699,95.51785714285714,533737,1.915056,278.7056879798815
train,NORMAL,IM-0684-0001.jpeg,JPEG,L,2078,1801,False,1,bc79aa8c5699,95.51785714285714,1050036,3.742478,280.57239080630535
train,NORMAL,IM-0685-0001.jpeg,JPEG,L,1530,1279,False,1,bc79aa8c5699,95.51785714285714,440021,1.95687,224.85959721391814
train,NORMAL,IM-0686-0001.jpeg,JPEG,L,1160,897,False,1,bc79aa8c5699,95.51785714285714,302817,1.04052,291.0246799677085
train,NORMAL,IM-0687-0001.jpeg,JPEG,L,1554,1298,False,1,bc79aa8c5699,95.51785714285714,601131,2.017092,298.0186327643955
train,NORMAL,IM-0688-0001.jpeg,JPEG,L,1514,1310,False,1,bc79aa8c5699,95.51785714285714,517133,1.98334,260.73845129932334
train,NORMAL,IM-0689-0001.jpeg,JPEG,L,1454,1229,False,1,bc79aa8c5699,95.51785714285714,488020,1.786966,273.09976798663206
train,NORMAL,IM-0691-0001.jpeg,JPEG,L,1284,893,False,1,bc79aa8c5699,95.51785714285714,322668,1.146612,281.40992768259883
train,NORMAL,IM-0692-0001.jpeg,JPEG,L,2512,2012,False,1,bc79aa8c5699,95.51785714285714,1400168,5.054144,277.0336579250611
train,NORMAL,IM-0693-0001.jpeg,JPEG,L,1118,932,False,1,bc79aa8c5699,95.51785714285714,285169,1.041976,273.68096769983185
train,NORMAL,IM-0694-0001.jpeg,JPEG,L,1820,1410,False,1,bc79aa8c5699,95.51785714285714,654917,2.5662,255.2088691450394
train,NORMAL,IM-0695-0001.jpeg,JPEG,L,1828,1437,False,1,bc79aa8c5699,95.51785714285714,689001,2.626836,262.29311612906173
train,NORMAL,IM-0696-0001.jpeg,JPEG,L,1064,842,False,1,bc79aa8c5699,95.51785714285714,232609,0.895888,259.64071401782365
train,NORMAL,IM-0697-0001.jpeg,JPEG,L,1538,1353,False,1,bc79aa8c5699,95.51785714285714,564655,2.080914,271.34951276218044
train,NORMAL,IM-0698-0001.jpeg,JPEG,L,1952,1777,False,1,bc79aa8c5699,95.51785714285714,1044669,3.468704,301.1698317296605
train,NORMAL,IM-0700-0001.jpeg,JPEG,L,1994,1865,False,1,bc79aa8c5699,95.51785714285714,844565,3.71881,227.10625173106453
train,NORMAL,IM-0701-0001.jpeg,JPEG,L,1576,1272,False,1,bc79aa8c5699,95.51785714285714,514731,2.004672,256.76569533569585
train,NORMAL,IM-0702-0001.jpeg,JPEG,L,1968,1484,False,1,bc79aa8c5699,95.51785714285714,890272,2.920512,304.83422084894704
train,NORMAL,IM-0703-0001.jpeg,JPEG,L,1426,1052,False,1,bc79aa8c5699,95.51785714285714,414299,1.500152,276.17134797007236
train,NORMAL,IM-0704-0001.jpeg,JPEG,L,1596,1248,False,1,bc79aa8c5699,95.51785714285714,524047,1.991808,263.1011623610308
train,NORMAL,IM-0705-0001.jpeg,JPEG,L,1734,1426,False,1,bc79aa8c5699,95.51785714285714,681743,2.472684,275.7097146258883
train,NORMAL,IM-0706-0001.jpeg,JPEG,L,1454,1160,False,1,bc79aa8c5699,95.51785714285714,505001,1.68664,299.4124413034198
train,NORMAL,IM-0707-0001.jpeg,JPEG,L,1712,1430,False,1,bc79aa8c5699,95.51785714285714,681552,2.44816,278.39356904777463
train,NORMAL,IM-0709-0001.jpeg,JPEG,L,1570,1272,False,1,bc79aa8c5699,95.51785714285714,514392,1.99704,257.57721427713017
train,NORMAL,IM-0710-0001.jpeg,JPEG,L,1910,1661,False,1,bc79aa8c5699,95.51785714285714,787967,3.17251,248.3733699814973
train,NORMAL,IM-0711-0001.jpeg,JPEG,L,1596,1306,False,1,bc79aa8c5699,95.51785714285714,549551,2.084376,263.6525271831954
train,NORMAL,IM-0712-0001.jpeg,JPEG,L,1882,1557,False,1,bc79aa8c5699,95.51785714285714,744325,2.930274,254.01208214658428
train,NORMAL,IM-0713-0001.jpeg,JPEG,L,1636,1329,False,1,bc79aa8c5699,95.51785714285714,480850,2.174244,221.15733100792738
train,NORMAL,IM-0714-0001.jpeg,JPEG,L,1728,1260,False,1,bc79aa8c5699,95.51785714285714,508183,2.17728,233.40268592004702
train,NORMAL,IM-0715-0001.jpeg,JPEG,L,1546,1105,False,1,bc79aa8c5699,95.51785714285714,414171,1.70833,242.44203403323715
train,NORMAL,IM-0716-0001.jpeg,JPEG,L,1426,1182,False,1,bc79aa8c5699,95.51785714285714,448438,1.685532,266.0513119893304
train,NORMAL,IM-0717-0001.jpeg,JPEG,L,1442,1109,False,1,bc79aa8c5699,95.51785714285714,449847,1.599178,281.29889230592215
train,NORMAL,IM-0718-0001.jpeg,JPEG,L,1634,1341,False,1,bc79aa8c5699,95.51785714285714,518200,2.191194,236.4920677950013
train,NORMAL,IM-0719-0001.jpeg,JPEG,L,1550,1452,False,1,bc79aa8c5699,95.51785714285714,618231,2.2506,274.69608104505465
train,NORMAL,IM-0721-0001.jpeg,JPEG,L,1434,1310,False,1,bc79aa8c5699,95.51785714285714,532213,1.87854,283.312040201433
train,NORMAL,IM-0722-0001.jpeg,JPEG,L,1662,1403,False,1,bc79aa8c5699,95.51785714285714,616145,2.331786,264.2373699816364
train,NORMAL,IM-0724-0001.jpeg,JPEG,L,1840,1341,False,1,bc79aa8c5699,95.51785714285714,632564,2.46744,256.3644911325098
train,NORMAL,IM-0727-0001.jpeg,JPEG,L,1400,1190,False,1,bc79aa8c5699,95.51785714285714,493880,1.666,296.4465786314526
train,NORMAL,IM-0728-0001.jpeg,JPEG,L,1574,1229,False,1,bc79aa8c5699,95.51785714285714,568137,1.934446,293.6949390161317
train,NORMAL,IM-0729-0001.jpeg,JPEG,L,1572,1194,False,1,bc79aa8c5699,95.51785714285714,525091,1.876968,279.7549025875774
train,NORMAL,IM-0730-0001.jpeg,JPEG,L,1310,951,False,1,bc79aa8c5699,95.51785714285714,297424,1.24581,238.73945465199344
train,NORMAL,IM-0732-0001.jpeg,JPEG,L,1296,800,False,1,bc79aa8c5699,95.51785714285714,285265,1.0368,275.1398533950617
train,NORMAL,IM-0733-0001.jpeg,JPEG,L,1430,1194,False,1,bc79aa8c5699,95.51785714285714,465091,1.70742,272.3940213889963
train,NORMAL,IM-0734-0001.jpeg,JPEG,L,2572,2476,False,1,bc79aa8c5699,95.51785714285714,1648918,6.368272,258.9270684418002
train,NORMAL,IM-0735-0001.jpeg,JPEG,L,1654,1051,False,1,bc79aa8c5699,95.51785714285714,493848,1.738354,284.08943172679443
train,NORMAL,IM-0736-0001.jpeg,JPEG,L,1430,1005,False,1,bc79aa8c5699,95.51785714285714,391363,1.43715,272.3188254531538
train,NORMAL,IM-0737-0001.jpeg,JPEG,L,1384,1121,False,1,bc79aa8c5699,95.51785714285714,429354,1.551464,276.74119412374375
train,NORMAL,IM-0738-0001.jpeg,JPEG,L,1546,1314,False,1,bc79aa8c5699,95.51785714285714,529272,2.031444,260.53979336865797
train,NORMAL,IM-0739-0001.jpeg,JPEG,L,1114,815,False,1,bc79aa8c5699,95.51785714285714,246791,0.90791,271.8231983346367
train,NORMAL,IM-0740-0001.jpeg,JPEG,L,1840,1283,False,1,bc79aa8c5699,95.51785714285714,655835,2.36072,277.81143041106105
train,NORMAL,IM-0741-0001.jpeg,JPEG,L,1256,1097,False,1,bc79aa8c5699,95.51785714285714,341687,1.377832,247.98886947029828
train,NORMAL,IM-0742-0001.jpeg,JPEG,L,1670,1302,False,1,bc79aa8c5699,95.51785714285714,551364,2.17434,253.57763735202408
train,NORMAL,IM-0746-0001.jpeg,JPEG,L,1712,1259,False,1,bc79aa8c5699,95.51785714285714,607477,2.155408,281.83851966773807
train,NORMAL,IM-0747-0001.jpeg,JPEG,L,1604,1171,False,1,bc79aa8c5699,95.51785714285714,509618,1.878284,271.3210568795773
train,NORMAL,IM-0748-0001.jpeg,JPEG,L,1844,1573,False,1,bc79aa8c5699,95.51785714285714,747911,2.900612,257.84593044502327
train,NORMAL,IM-0750-0001.jpeg,JPEG,L,1198,978,False,1,bc79aa8c5699,95.51785714285714,290755,1.171644,248.15985060308424
train,NORMAL,IM-0751-0001.jpeg,JPEG,L,1488,1136,False,1,bc79aa8c5699,95.51785714285714,449897,1.690368,266.15328733151597
train,NORMAL,IM-0752-0001.jpeg,JPEG,L,1438,1144,False,1,bc79aa8c5699,95.51785714285714,423786,1.645072,257.6093933882529
train,NORMAL,IM-0753-0001.jpeg,JPEG,L,1518,1097,False,1,bc79aa8c5699,95.51785714285714,454916,1.665246,273.18246072952587
train,NORMAL,IM-0754-0001.jpeg,JPEG,L,1782,1460,False,1,bc79aa8c5699,95.51785714285714,697050,2.60172,267.9189151791891
train,NORMAL,IM-0755-0001.jpeg,JPEG,L,1346,1040,False,1,bc79aa8c5699,95.51785714285714,438534,1.39984,313.2743742141959
train,NORMAL,IM-0757-0001.jpeg,JPEG,L,1284,1086,False,1,bc79aa8c5699,95.51785714285714,401472,1.394424,287.91242835751535
train,NORMAL,IM-0761-0001.jpeg,JPEG,L,1348,1028,False,1,bc79aa8c5699,95.51785714285714,430075,1.385744,310.35674698934287
train,NORMAL,IM-0764-0001.jpeg,JPEG,L,1620,1480,False,1,bc79aa8c5699,95.51785714285714,654494,2.3976,272.9788121454788
train,NORMAL,IM-0766-0001.jpeg,JPEG,L,2252,1913,False,1,bc79aa8c5699,95.51785714285714,1324376,4.308076,307.41704649593
train,NORMAL,NORMAL2-IM-0383-0001.jpeg,JPEG,L,1882,1480,False,1,bc79aa8c5699,95.51785714285714,626002,2.78536,224.7472499066548
train,NORMAL,NORMAL2-IM-0384-0001.jpeg,JPEG,L,1268,924,False,1,bc79aa8c5699,95.51785714285714,328349,1.171632,280.24925915304465
train,NORMAL,NORMAL2-IM-0385-0001.jpeg,JPEG,L,1676,1391,False,1,bc79aa8c5699,95.51785714285714,640678,2.331316,274.81388194478996
train,NORMAL,NORMAL2-IM-0386-0001.jpeg,JPEG,L,1636,1321,False,1,bc79aa8c5699,95.51785714285714,575720,2.161156,266.39446666506257
train,NORMAL,NORMAL2-IM-0388-0001.jpeg,JPEG,L,1388,1009,False,1,bc79aa8c5699,95.51785714285714,379102,1.400492,270.69201394938347
train,NORMAL,NORMAL2-IM-0389-0001.jpeg,JPEG,L,1484,1136,False,1,bc79aa8c5699,95.51785714285714,479468,1.685824,284.41165863103146
train,NORMAL,NORMAL2-IM-0390-0001.jpeg,JPEG,L,2434,2376,False,1,bc79aa8c5699,95.51785714285714,1269234,5.783184,219.46975921914293
train,NORMAL,NORMAL2-IM-0391-0001.jpeg,JPEG,L,1582,1582,False,1,bc79aa8c5699,95.51785714285714,505232,2.502724,201.87283935423963
train,NORMAL,NORMAL2-IM-0392-0001.jpeg,JPEG,L,1546,1414,False,1,bc79aa8c5699,95.51785714285714,542501,2.186044,248.1656361903054
train,NORMAL,NORMAL2-IM-0393-0001.jpeg,JPEG,L,1410,1106,False,1,bc79aa8c5699,95.51785714285714,423135,1.55946,271.3343080297026
train,NORMAL,NORMAL2-IM-0394-0001.jpeg,JPEG,L,1588,1144,False,1,bc79aa8c5699,95.51785714285714,522761,1.816672,287.7575038311814
train,NORMAL,NORMAL2-IM-0395-0001-0001.jpeg,JPEG,L,1520,1070,False,1,bc79aa8c5699,95.51785714285714,385372,1.6264,236.94786030496803
train,NORMAL,NORMAL2-IM-0395-0001-0002.jpeg,JPEG,L,1416,1148,False,1,bc79aa8c5699,95.51785714285714,373187,1.625568,229.57329376562532
train,NORMAL,NORMAL2-IM-0395-0001.jpeg,JPEG,L,1464,1167,False,1,bc79aa8c5699,95.51785714285714,410469,1.708488,240.25278491859467
train,NORMAL,NORMAL2-IM-0396-0001.jpeg,JPEG,L,1882,1653,False,1,bc79aa8c5699,95.51785714285714,754546,3.110946,242.5455150941225
train,NORMAL,NORMAL2-IM-0397-0001.jpeg,JPEG,L,2036,1908,False,1,bc79aa8c5699,95.51785714285714,868640,3.884688,223.6061171450577
train,NORMAL,NORMAL2-IM-0399-0001.jpeg,JPEG,L,1546,1399,False,1,bc79aa8c5699,95.51785714285714,558195,2.162854,258.0826075176596
train,NORMAL,NORMAL2-IM-0401-0001.jpeg,JPEG,L,1898,1854,False,1,bc79aa8c5699,95.51785714285714,881948,3.518892,250.63230130393316
train,NORMAL,NORMAL2-IM-0402-0001.jpeg,JPEG,L,1666,1252,False,1,bc79aa8c5699,95.51785714285714,539943,2.085832,258.8621710665097
train,NORMAL,NORMAL2-IM-0403-0001.jpeg,JPEG,L,1476,1013,False,1,bc79aa8c5699,95.51785714285714,370189,1.495188,247.58692552374686
train,NORMAL,NORMAL2-IM-0404-0001.jpeg,JPEG,L,1532,1256,False,1,bc79aa8c5699,95.51785714285714,506809,1.924192,263.38795712693957
train,NORMAL,NORMAL2-IM-0406-0001.jpeg,JPEG,L,1470,1043,False,1,bc79aa8c5699,95.51785714285714,361143,1.53321,235.54698964916741
train,NORMAL,NORMAL2-IM-0407-0001.jpeg,JPEG,L,1690,1368,False,1,bc79aa8c5699,95.51785714285714,581135,2.31192,251.3646665974601
train,NORMAL,NORMAL2-IM-0408-0001.jpeg,JPEG,L,1978,1766,False,1,bc79aa8c5699,95.51785714285714,892690,3.493148,255.55458858313477
train,NORMAL,NORMAL2-IM-0409-0001.jpeg,JPEG,L,1542,1310,False,1,bc79aa8c5699,95.51785714285714,533052,2.02002,263.8845159948911
train,NORMAL,NORMAL2-IM-0410-0001.jpeg,JPEG,L,1372,1070,False,1,bc79aa8c5699,95.51785714285714,441285,1.46804,300.59467044494704
train,NORMAL,NORMAL2-IM-0412-0001.jpeg,JPEG,L,1450,1210,False,1,bc79aa8c5699,95.51785714285714,493582,1.7545,281.3234539754916
train,NORMAL,NORMAL2-IM-0413-0001.jpeg,JPEG,L,2106,1986,False,1,bc79aa8c5699,95.51785714285714,1028385,4.182516,245.87712276534032
train,NORMAL,NORMAL2-IM-0414-0001.jpeg,JPEG,L,1778,1754,False,1,bc79aa8c5699,95.51785714285714,793839,3.118612,254.54881851285123
train,NORMAL,NORMAL2-IM-0415-0001.jpeg,JPEG,L,1524,1410,False,1,bc79aa8c5699,95.51785714285714,623287,2.14884,290.0574263323468
train,NORMAL,NORMAL2-IM-0416-0001-0001.jpeg,JPEG,L,1584,1426,False,1,bc79aa8c5699,95.51785714285714,603915,2.258784,267.36288197543456
train,NORMAL,NORMAL2-IM-0416-0001-0002.jpeg,JPEG,L,1844,1272,False,1,bc79aa8c5699,95.51785714285714,523299,2.345568,223.10118487291777
train,NORMAL,NORMAL2-IM-0416-0001.jpeg,JPEG,L,1624,1341,False,1,bc79aa8c5699,95.51785714285714,532729,2.177784,244.61976027007273
train,NORMAL,NORMAL2-IM-0417-0001.jpeg,JPEG,L,2302,1514,False,1,bc79aa8c5699,95.51785714285714,878084,3.485228,251.94449258412934
train,NORMAL,NORMAL2-IM-0418-0001.jpeg,JPEG,L,1530,1299,False,1,bc79aa8c5699,95.51785714285714,518867,1.98747,261.06909789833304
train,NORMAL,NORMAL2-IM-0419-0001.jpeg,JPEG,L,1454,1071,False,1,bc79aa8c5699,95.51785714285714,388984,1.557234,249.79161770164276
train,NORMAL,NORMAL2-IM-0421-0001.jpeg,JPEG,L,1804,1453,False,1,bc79aa8c5699,95.51785714285714,641608,2.621212,244.77531767747132
train,NORMAL,NORMAL2-IM-0423-0001.jpeg,JPEG,L,1816,1534,False,1,bc79aa8c5699,95.51785714285714,644358,2.785744,231.30553274098406
train,NORMAL,NORMAL2-IM-0424-0001.jpeg,JPEG,L,1538,1205,False,1,bc79aa8c5699,95.51785714285714,530954,1.85329,286.492669792639
train,NORMAL,NORMAL2-IM-0425-0001.jpeg,JPEG,L,2101,1606,False,1,bc79aa8c5699,95.51785714285714,1136005,3.374206,336.6732795804406
train,NORMAL,NORMAL2-IM-0427-0001.jpeg,JPEG,L,1574,1225,False,1,bc79aa8c5699,95.51785714285714,538995,1.92815,279.5399735497757
train,NORMAL,NORMAL2-IM-0428-0001.jpeg,JPEG,L,1692,1221,False,1,bc79aa8c5699,95.51785714285714,558362,2.065932,270.2712383563447
train,NORMAL,NORMAL2-IM-0429-0001.jpeg,JPEG,L,1572,1389,False,1,bc79aa8c5699,95.51785714285714,770810,2.183508,353.0145069310486
train,NORMAL,NORMAL2-IM-0433-0001.jpeg,JPEG,L,1546,1255,False,1,bc79aa8c5699,95.51785714285714,485738,1.94023,250.35073161429315
train,NORMAL,NORMAL2-IM-0435-0001.jpeg,JPEG,L,2185,1942,False,1,bc79aa8c5699,95.51785714285714,1410508,4.24327,332.41061728336877
train,NORMAL,NORMAL2-IM-0437-0001.jpeg,JPEG,L,1434,1074,False,1,bc79aa8c5699,95.51785714285714,447948,1.540116,290.8534162361796
train,NORMAL,NORMAL2-IM-0439-0001.jpeg,JPEG,L,1808,1666,False,1,bc79aa8c5699,95.51785714285714,841914,3.012128,279.5080421549151
train,NORMAL,NORMAL2-IM-0440-0001.jpeg,JPEG,L,1516,1295,False,1,bc79aa8c5699,95.51785714285714,561621,1.96322,286.07135216633895
train,NORMAL,NORMAL2-IM-0441-0001.jpeg,JPEG,L,2288,2363,False,1,bc79aa8c5699,95.51785714285714,1876738,5.406544,347.1234119245122
train,NORMAL,NORMAL2-IM-0443-0001.jpeg,JPEG,L,1688,1542,False,1,bc79aa8c5699,95.51785714285714,747645,2.602896,287.2358327032659
train,NORMAL,NORMAL2-IM-0445-0001.jpeg,JPEG,L,1782,1310,False,1,bc79aa8c5699,95.51785714285714,594053,2.33442,254.47562992092253
train,NORMAL,NORMAL2-IM-0447-0001.jpeg,JPEG,L,1654,1441,False,1,bc79aa8c5699,95.51785714285714,699367,2.383414,293.4307677977892
train,NORMAL,NORMAL2-IM-0448-0001.jpeg,JPEG,L,1774,1225,False,1,bc79aa8c5699,95.51785714285714,526252,2.17315,242.16091848238727
train,NORMAL,NORMAL2-IM-0449-0001.jpeg,JPEG,L,1284,1013,False,1,bc79aa8c5699,95.51785714285714,334642,1.300692,257.2799709692994
train,NORMAL,NORMAL2-IM-0450-0001.jpeg,JPEG,L,1622,1422,False,1,bc79aa8c5699,95.51785714285714,547091,2.306484,237.1969629964916
train,NORMAL,NORMAL2-IM-0451-0001.jpeg,JPEG,L,1574,1043,False,1,bc79aa8c5699,95.51785714285714,408562,1.641682,248.86792935538062
train,NORMAL,NORMAL2-IM-0452-0001.jpeg,JPEG,L,1454,978,False,1,bc79aa8c5699,95.51785714285714,347654,1.422012,244.48035600262162
train,NORMAL,NORMAL2-IM-0453-0001.jpeg,JPEG,L,1434,1179,False,1,bc79aa8c5699,95.51785714285714,396418,1.690686,234.47168782375914
train,NORMAL,NORMAL2-IM-0454-0001.jpeg,JPEG,L,1650,1341,False,1,bc79aa8c5699,95.51785714285714,533948,2.21265,241.31606896707567
train,NORMAL,NORMAL2-IM-0455-0001.jpeg,JPEG,L,1928,1631,False,1,bc79aa8c5699,95.51785714285714,753571,3.144568,239.64213844318203
train,NORMAL,NORMAL2-IM-0456-0001.jpeg,JPEG,L,1368,1079,False,1,bc79aa8c5699,95.51785714285714,388872,1.476072,263.4505633871519
train,NORMAL,NORMAL2-IM-0458-0001.jpeg,JPEG,L,1558,1106,False,1,bc79aa8c5699,95.51785714285714,398868,1.723148,231.47634445793398
train,NORMAL,NORMAL2-IM-0460-0001.jpeg,JPEG,L,1186,940,False,1,bc79aa8c5699,95.51785714285714,282912,1.11484,253.7691507301496
train,NORMAL,NORMAL2-IM-0462-0001.jpeg,JPEG,L,1684,1240,False,1,bc79aa8c5699,95.51785714285714,528875,2.08816,253.27321661175392
train,NORMAL,NORMAL2-IM-0463-0001.jpeg,JPEG,L,1646,1121,False,1,bc79aa8c5699,95.51785714285714,511172,1.845166,277.033069111397
train,NORMAL,NORMAL2-IM-0464-0001.jpeg,JPEG,L,1662,1214,False,1,bc79aa8c5699,95.51785714285714,480695,2.017668,238.24286255221375
train,NORMAL,NORMAL2-IM-0465-0001.jpeg,JPEG,L,1418,1221,False,1,bc79aa8c5699,95.51785714285714,483198,1.731378,279.0829039065992
train,NORMAL,NORMAL2-IM-0466-0001.jpeg,JPEG,L,2346,2032,False,1,bc79aa8c5699,95.51785714285714,985716,4.767072,206.77598324506113
train,NORMAL,NORMAL2-IM-0468-0001.jpeg,JPEG,L,1114,850,False,1,bc79aa8c5699,95.51785714285714,248757,0.9469,262.70672721512307
train,NORMAL,NORMAL2-IM-0472-0001.jpeg,JPEG,L,1670,1330,False,1,bc79aa8c5699,95.51785714285714,551233,2.2211,248.18018099140065
train,NORMAL,NORMAL2-IM-0473-0001.jpeg,JPEG,L,1418,1121,False,1,bc79aa8c5699,95.51785714285714,402410,1.589578,253.15523994418646
train,NORMAL,NORMAL2-IM-0474-0001.jpeg,JPEG,L,1728,1619,False,1,bc79aa8c5699,95.51785714285714,693813,2.797632,248.00009436552054
train,NORMAL,NORMAL2-IM-0475-0001.jpeg,JPEG,L,1512,1225,False,1,bc79aa8c5699,95.51785714285714,481032,1.8522,259.7084548104956
train,NORMAL,NORMAL2-IM-0476-0001.jpeg,JPEG,L,1588,1337,False,1,bc79aa8c5699,95.51785714285714,610733,2.123156,287.6533801567101
train,NORMAL,NORMAL2-IM-0478-0001.jpeg,JPEG,L,1724,1638,False,1,bc79aa8c5699,95.51785714285714,699702,2.823912,247.77755114182028
train,NORMAL,NORMAL2-IM-0479-0001.jpeg,JPEG,L,1480,1256,False,1,bc79aa8c5699,95.51785714285714,457711,1.85888,246.22944999139267
train,NORMAL,NORMAL2-IM-0480-0001.jpeg,JPEG,L,1878,1729,False,1,bc79aa8c5699,95.51785714285714,1145480,3.247062,352.7742925758732
train,NORMAL,NORMAL2-IM-0481-0001.jpeg,JPEG,L,1956,1596,False,1,bc79aa8c5699,95.51785714285714,784910,3.121776,251.43059591719583
train,NORMAL,NORMAL2-IM-0482-0001.jpeg,JPEG,L,2048,1804,False,1,bc79aa8c5699,95.51785714285714,834253,3.694592,225.80382353450665
train,NORMAL,NORMAL2-IM-0485-0001.jpeg,JPEG,L,1120,904,False,1,bc79aa8c5699,95.51785714285714,263461,1.01248,260.2135350821745
train,NORMAL,NORMAL2-IM-0486-0001.jpeg,JPEG,L,1214,1106,False,1,bc79aa8c5699,95.51785714285714,380582,1.342684,283.4486744461094
train,NORMAL,NORMAL2-IM-0487-0001.jpeg,JPEG,L,1238,874,False,1,bc79aa8c5699,95.51785714285714,315865,1.082012,291.92374945934057
train,NORMAL,NORMAL2-IM-0488-0001.jpeg,JPEG,L,1298,959,False,1,bc79aa8c5699,95.51785714285714,346785,1.244782,278.59095006193854
train,NORMAL,NORMAL2-IM-0489-0001.jpeg,JPEG,L,1700,1302,False,1,bc79aa8c5699,95.51785714285714,599928,2.2134,271.04364326375713
train,NORMAL,NORMAL2-IM-0490-0001.jpeg,JPEG,L,1620,1340,False,1,bc79aa8c5699,95.51785714285714,543829,2.1708,250.52008476137829
train,NORMAL,NORMAL2-IM-0491-0001.jpeg,JPEG,L,1808,1604,False,1,bc79aa8c5699,95.51785714285714,670728,2.900032,231.28296515348794
train,NORMAL,NORMAL2-IM-0493-0001.jpeg,JPEG,L,1882,1692,False,1,bc79aa8c5699,95.51785714285714,786740,3.184344,247.06501558876806
train,NORMAL,NORMAL2-IM-0496-0001.jpeg,JPEG,L,1716,1202,False,1,bc79aa8c5699,95.51785714285714,567645,2.062632,275.204205112691
train,NORMAL,NORMAL2-IM-0497-0001.jpeg,JPEG,L,1434,1411,False,1,bc79aa8c5699,95.51785714285714,533232,2.023374,263.5360541353205
train,NORMAL,NORMAL2-IM-0499-0001.jpeg,JPEG,L,1414,1106,False,1,bc79aa8c5699,95.51785714285714,370126,1.563884,236.671006289469
train,NORMAL,NORMAL2-IM-0500-0001.jpeg,JPEG,L,1442,1152,False,1,bc79aa8c5699,95.51785714285714,441242,1.661184,265.6189801972569
train,NORMAL,NORMAL2-IM-0501-0001.jpeg,JPEG,L,1782,1503,False,1,bc79aa8c5699,95.51785714285714,650910,2.678346,243.02685313996025
train,NORMAL,NORMAL2-IM-0502-0001.jpeg,JPEG,L,1454,1183,False,1,bc79aa8c5699,95.51785714285714,502739,1.720082,292.27618218201223
train,NORMAL,NORMAL2-IM-0503-0001.jpeg,JPEG,L,1658,1465,False,1,bc79aa8c5699,95.51785714285714,650823,2.42897,267.9419671712701
train,NORMAL,NORMAL2-IM-0506-0001.jpeg,JPEG,L,1762,1399,False,1,bc79aa8c5699,95.51785714285714,649259,2.465038,263.3870147235053
train,NORMAL,NORMAL2-IM-0507-0001.jpeg,JPEG,L,1658,1407,False,1,bc79aa8c5699,95.51785714285714,543032,2.332806,232.78060841750235
train,NORMAL,NORMAL2-IM-0508-0001.jpeg,JPEG,L,1422,1066,False,1,bc79aa8c5699,95.51785714285714,421227,1.515852,277.8813498943168
train,NORMAL,NORMAL2-IM-0509-0001.jpeg,JPEG,L,1904,1534,False,1,bc79aa8c5699,95.51785714285714,721482,2.920736,247.02061398222912
train,NORMAL,NORMAL2-IM-0511-0001.jpeg,JPEG,L,1924,1356,False,1,bc79aa8c5699,95.51785714285714,693319,2.608944,265.74698422043554
train,NORMAL,NORMAL2-IM-0512-0001.jpeg,JPEG,L,1376,1229,False,1,bc79aa8c5699,95.51785714285714,510577,1.691104,301.9193378999754
train,NORMAL,NORMAL2-IM-0513-0001.jpeg,JPEG,L,1986,1604,False,1,bc79aa8c5699,95.51785714285714,888754,3.185544,278.9959893820333
train,NORMAL,NORMAL2-IM-0515-0001.jpeg,JPEG,L,1638,1020,False,1,bc79aa8c5699,95.51785714285714,387840,1.67076,232.1338791927027
train,NORMAL,NORMAL2-IM-0516-0001.jpeg,JPEG,L,2120,2283,False,1,bc79aa8c5699,95.51785714285714,1170098,4.83996,241.75778312217457
train,NORMAL,NORMAL2-IM-0517-0001.jpeg,JPEG,L,1542,1032,False,1,bc79aa8c5699,95.51785714285714,408171,1.591344,256.4945103007269
train,NORMAL,NORMAL2-IM-0518-0001.jpeg,JPEG,L,1650,1217,False,1,bc79aa8c5699,95.51785714285714,505031,2.00805,251.50319962152338
train,NORMAL,NORMAL2-IM-0520-0001.jpeg,JPEG,L,1554,1402,False,1,bc79aa8c5699,95.51785714285714,595634,2.178708,273.38863216181335
train,NORMAL,NORMAL2-IM-0521-0001.jpeg,JPEG,L,1952,1496,False,1,bc79aa8c5699,95.51785714285714,744490,2.920192,254.94556522310862
train,NORMAL,NORMAL2-IM-0522-0001.jpeg,JPEG,L,1198,1032,False,1,bc79aa8c5699,95.51785714285714,354178,1.236336,286.4739035343143
train,NORMAL,NORMAL2-IM-0523-0001.jpeg,JPEG,L,1914,1581,False,1,bc79aa8c5699,95.51785714285714,743780,3.026034,245.79366920530302
train,NORMAL,NORMAL2-IM-0525-0001.jpeg,JPEG,L,1929,1802,False,1,bc79aa8c5699,95.51785714285714,1237157,3.476058,355.90804296130847
train,NORMAL,NORMAL2-IM-0526-0001.jpeg,JPEG,L,1422,1128,False,1,bc79aa8c5699,95.51785714285714,461907,1.604016,287.9690726277044
train,NORMAL,NORMAL2-IM-0528-0001.jpeg,JPEG,L,1628,1314,False,1,bc79aa8c5699,95.51785714285714,534394,2.139192,249.8111436467601
train,NORMAL,NORMAL2-IM-0529-0001.jpeg,JPEG,L,1388,1029,False,1,bc79aa8c5699,95.51785714285714,380325,1.428252,266.28704178254253
train,NORMAL,NORMAL2-IM-0530-0001.jpeg,JPEG,L,2186,2086,False,1,bc79aa8c5699,95.51785714285714,1120436,4.559996,245.709864657776
train,NORMAL,NORMAL2-IM-0531-0001.jpeg,JPEG,L,1744,1345,False,1,bc79aa8c5699,95.51785714285714,651276,2.34568,277.6491252003683
train,NORMAL,NORMAL2-IM-0533-0001.jpeg,JPEG,L,1924,1797,False,1,bc79aa8c5699,95.51785714285714,834733,3.457428,241.43178108119676
train,NORMAL,NORMAL2-IM-0535-0001-0002.jpeg,JPEG,L,1192,862,False,1,bc79aa8c5699,95.51785714285714,247274,1.027504,240.65502421401766
train,NORMAL,NORMAL2-IM-0535-0001.jpeg,JPEG,L,1682,1519,False,1,bc79aa8c5699,95.51785714285714,627547,2.554958,245.6193017654302
train,NORMAL,NORMAL2-IM-0536-0001.jpeg,JPEG,L,1400,1120,False,1,bc79aa8c5699,95.51785714285714,396004,1.568,252.55357142857144
train,NORMAL,NORMAL2-IM-0537-0001.jpeg,JPEG,L,2458,1870,False,1,bc79aa8c5699,95.51785714285714,1003250,4.59646,218.26579585159013
train,NORMAL,NORMAL2-IM-0539-0001.jpeg,JPEG,L,1845,1761,False,1,bc79aa8c5699,95.51785714285714,1036832,3.249045,319.11900266078186
train,NORMAL,NORMAL2-IM-0540-0001.jpeg,JPEG,L,1970,1554,False,1,bc79aa8c5699,95.51785714285714,769137,3.06138,251.2386570762205
train,NORMAL,NORMAL2-IM-0541-0001.jpeg,JPEG,L,2014,1746,False,1,bc79aa8c5699,95.51785714285714,829565,3.516444,235.9101979158491
train,NORMAL,NORMAL2-IM-0543-0001.jpeg,JPEG,L,1410,1244,False,1,bc79aa8c5699,95.51785714285714,439641,1.75404,250.64479715399878
train,NORMAL,NORMAL2-IM-0545-0001.jpeg,JPEG,L,2006,1878,False,1,bc79aa8c5699,95.51785714285714,1017450,3.767268,270.0763524124113
train,NORMAL,NORMAL2-IM-0547-0001.jpeg,JPEG,L,2068,1982,False,1,bc79aa8c5699,95.51785714285714,942927,4.098776,230.0508737242533
train,NORMAL,NORMAL2-IM-0550-0001.jpeg,JPEG,L,1404,1333,False,1,bc79aa8c5699,95.51785714285714,522258,1.871532,279.0537377934227
train,NORMAL,NORMAL2-IM-0551-0001.jpeg,JPEG,L,1729,1668,False,1,bc79aa8c5699,95.51785714285714,1028904,2.883972,356.76629315402505
train,NORMAL,NORMAL2-IM-0552-0001.jpeg,JPEG,L,1638,1264,False,1,bc79aa8c5699,95.51785714285714,518011,2.070432,250.194645368696
train,NORMAL,NORMAL2-IM-0553-0001.jpeg,JPEG,L,1708,1248,False,1,bc79aa8c5699,95.51785714285714,542572,2.131584,254.53934726475708
train,NORMAL,NORMAL2-IM-0554-0001.jpeg,JPEG,L,1180,885,False,1,bc79aa8c5699,95.51785714285714,280852,1.0443,268.9380446231925
train,NORMAL,NORMAL2-IM-0555-0001-0001.jpeg,JPEG,L,2056,2206,False,1,bc79aa8c5699,95.51785714285714,1062266,4.535536,234.20958404916203
train,NORMAL,NORMAL2-IM-0555-0001-0002.jpeg,JPEG,L,2414,2132,False,1,bc79aa8c5699,95.51785714285714,1224292,5.146648,237.88143273058503
train,NORMAL,NORMAL2-IM-0555-0001.jpeg,JPEG,L,1302,958,False,1,bc79aa8c5699,95.51785714285714,335002,1.247316,268.57829130709456
train,NORMAL,NORMAL2-IM-0557-0001.jpeg,JPEG,L,1812,1325,False,1,bc79aa8c5699,95.51785714285714,577791,2.4009,240.65600399850058
train,NORMAL,NORMAL2-IM-0558-0001.jpeg,JPEG,L,1110,944,False,1,bc79aa8c5699,95.51785714285714,291386,1.04784,278.0825316842266
train,NORMAL,NORMAL2-IM-0559-0001.jpeg,JPEG,L,1767,1869,False,1,bc79aa8c5699,95.51785714285714,1027167,3.302523,311.0249345727494
train,NORMAL,NORMAL2-IM-0561-0001.jpeg,JPEG,L,1650,1214,False,1,bc79aa8c5699,95.51785714285714,455717,2.0031,227.50586590784286
train,NORMAL,NORMAL2-IM-0563-0001.jpeg,JPEG,L,1546,1425,False,1,bc79aa8c5699,95.51785714285714,563701,2.20305,255.87299425796056
train,NORMAL,NORMAL2-IM-0564-0001.jpeg,JPEG,L,1554,1198,False,1,bc79aa8c5699,95.51785714285714,485241,1.861692,260.6451550525006
train,NORMAL,NORMAL2-IM-0566-0001.jpeg,JPEG,L,1608,1195,False,1,bc79aa8c5699,95.51785714285714,535720,1.92156,278.79431295405817
train,NORMAL,NORMAL2-IM-0567-0001.jpeg,JPEG,L,1962,2169,False,1,bc79aa8c5699,95.51785714285714,955369,4.255578,224.49805878308425
train,NORMAL,NORMAL2-IM-0568-0001.jpeg,JPEG,L,1796,1696,False,1,bc79aa8c5699,95.51785714285714,773227,3.046016,253.84863375635584
train,NORMAL,NORMAL2-IM-0569-0001.jpeg,JPEG,L,1724,1160,False,1,bc79aa8c5699,95.51785714285714,522843,1.99984,261.44241539323144
train,NORMAL,NORMAL2-IM-0571-0001.jpeg,JPEG,L,2124,1630,False,1,bc79aa8c5699,95.51785714285714,828677,3.46212,239.35536607627697
train,NORMAL,NORMAL2-IM-0572-0001.jpeg,JPEG,L,1750,1526,False,1,bc79aa8c5699,95.51785714285714,760373,2.6705,284.7305747987268
train,NORMAL,NORMAL2-IM-0573-0001.jpeg,JPEG,L,1696,1568,False,1,bc79aa8c5699,95.51785714285714,759299,2.659328,285.5228839767039
train,NORMAL,NORMAL2-IM-0575-0001.jpeg,JPEG,L,1688,1469,False,1,bc79aa8c5699,95.51785714285714,700686,2.479672,282.5720498517546
train,NORMAL,NORMAL2-IM-0576-0001.jpeg,JPEG,L,1688,1422,False,1,bc79aa8c5699,95.51785714285714,659432,2.400336,274.7248718512742
train,NORMAL,NORMAL2-IM-0577-0001.jpeg,JPEG,L,1866,1654,False,1,bc79aa8c5699,95.51785714285714,747788,3.086364,242.2876886848084
train,NORMAL,NORMAL2-IM-0578-0001.jpeg,JPEG,L,1894,1688,False,1,bc79aa8c5699,95.51785714285714,770737,3.197072,241.07589694570532
train,NORMAL,NORMAL2-IM-0579-0001.jpeg,JPEG,L,1916,1488,False,1,bc79aa8c5699,95.51785714285714,702146,2.851008,246.27991222753494
train,NORMAL,NORMAL2-IM-0580-0001.jpeg,JPEG,L,1724,1588,False,1,bc79aa8c5699,95.51785714285714,785587,2.737712,286.95019782942836
train,NORMAL,NORMAL2-IM-0582-0001.jpeg,JPEG,L,1484,1190,False,1,bc79aa8c5699,95.51785714285714,481780,1.76596,272.81478629187524
train,NORMAL,NORMAL2-IM-0583-0001.jpeg,JPEG,L,1712,1534,False,1,bc79aa8c5699,95.51785714285714,660641,2.626208,251.55699777016898
train,NORMAL,NORMAL2-IM-0585-0001.jpeg,JPEG,L,1848,1848,False,1,bc79aa8c5699,95.51785714285714,761982,3.415104,223.12116995558554
train,NORMAL,NORMAL2-IM-0587-0001-0001.jpeg,JPEG,L,2428,2540,False,1,bc79aa8c5699,95.51785714285714,2124048,6.16712,344.4148970670264
train,NORMAL,NORMAL2-IM-0587-0001-0002.jpeg,JPEG,L,2428,2540,False,1,bc79aa8c5699,95.51785714285714,2124048,6.16712,344.4148970670264
train,NORMAL,NORMAL2-IM-0587-0001.jpeg,JPEG,L,1504,1206,False,1,bc79aa8c5699,95.51785714285714,461972,1.813824,254.6950531032779
train,NORMAL,NORMAL2-IM-0588-0001.jpeg,JPEG,L,1218,808,False,1,bc79aa8c5699,95.51785714285714,255897,0.984144,260.01987514022335
train,NORMAL,NORMAL2-IM-0589-0001.jpeg,JPEG,L,1622,1272,False,1,bc79aa8c5699,95.51785714285714,502057,2.063184,243.3408750746419
train,NORMAL,NORMAL2-IM-0592-0001.jpeg,JPEG,L,1450,1210,False,1,bc79aa8c5699,95.51785714285714,533685,1.7545,304.18067825591334
train,NORMAL,NORMAL2-IM-0594-0001.jpeg,JPEG,L,1852,1442,False,1,bc79aa8c5699,95.51785714285714,813929,2.670584,304.7756595561121
train,NORMAL,NORMAL2-IM-0595-0001.jpeg,JPEG,L,1318,1082,False,1,bc79aa8c5699,95.51785714285714,430450,1.426076,301.8422580563729
train,NORMAL,NORMAL2-IM-0596-0001.jpeg,JPEG,L,1496,1314,False,1,bc79aa8c5699,95.51785714285714,513897,1.965744,261.4262080922033
train,NORMAL,NORMAL2-IM-0599-0001.jpeg,JPEG,L,1484,1036,False,1,bc79aa8c5699,95.51785714285714,376506,1.537424,244.8940565517385
train,NORMAL,NORMAL2-IM-0600-0001.jpeg,JPEG,L,1474,1527,False,1,bc79aa8c5699,95.51785714285714,877470,2.250798,389.8484004339794
train,NORMAL,NORMAL2-IM-0601-0001.jpeg,JPEG,L,1906,1909,False,1,bc79aa8c5699,95.51785714285714,954982,3.638554,262.46195604077883
train,NORMAL,NORMAL2-IM-0602-0001.jpeg,JPEG,L,2619,2628,False,1,bc79aa8c5699,95.51785714285714,2289236,6.882732,332.6057152886383
train,NORMAL,NORMAL2-IM-0603-0001.jpeg,JPEG,L,2234,1843,False,1,bc79aa8c5699,95.51785714285714,869731,4.117262,211.24013968506253
train,NORMAL,NORMAL2-IM-0604-0001.jpeg,JPEG,L,1700,1437,False,1,bc79aa8c5699,95.51785714285714,646168,2.4429,264.5085758729379
train,NORMAL,NORMAL2-IM-0609-0001.jpeg,JPEG,L,1852,1943,False,1,bc79aa8c5699,95.51785714285714,839524,3.598436,233.3024680722403
train,NORMAL,NORMAL2-IM-0611-0001.jpeg,JPEG,L,1336,864,False,1,bc79aa8c5699,95.51785714285714,380851,1.154304,329.9399464958971
train,NORMAL,NORMAL2-IM-0616-0001.jpeg,JPEG,L,1456,1279,False,1,bc79aa8c5699,95.51785714285714,513831,1.862224,275.92330460782375
train,NORMAL,NORMAL2-IM-0617-0001.jpeg,JPEG,L,1692,1383,False,1,bc79aa8c5699,95.51785714285714,651545,2.340036,278.4337505918712
train,NORMAL,NORMAL2-IM-0618-0001.jpeg,JPEG,L,1534,1121,False,1,bc79aa8c5699,95.51785714285714,413351,1.719614,240.37429330070586
train,NORMAL,NORMAL2-IM-0619-0001.jpeg,JPEG,L,1566,1465,False,1,bc79aa8c5699,95.51785714285714,520427,2.29419,226.8456405092865
train,NORMAL,NORMAL2-IM-0620-0001.jpeg,JPEG,L,1736,1785,False,1,bc79aa8c5699,95.51785714285714,748153,3.09876,241.43625192012288
train,NORMAL,NORMAL2-IM-0621-0001.jpeg,JPEG,L,1979,1978,False,1,bc79aa8c5699,95.51785714285714,1389189,3.914462,354.8863164337782
train,NORMAL,NORMAL2-IM-0622-0001.jpeg,JPEG,L,2114,1812,False,1,bc79aa8c5699,95.51785714285714,888343,3.830568,231.90894927331925
train,NORMAL,NORMAL2-IM-0623-0001.jpeg,JPEG,L,1808,1542,False,1,bc79aa8c5699,95.51785714285714,757361,2.787936,271.6565229617896
train,NORMAL,NORMAL2-IM-0626-0001.jpeg,JPEG,L,1820,1476,False,1,bc79aa8c5699,95.51785714285714,675535,2.68632,251.472274338128
train,NORMAL,NORMAL2-IM-0627-0001.jpeg,JPEG,L,2400,2121,False,1,bc79aa8c5699,95.51785714285714,1264740,5.0904,248.45591702027346
train,NORMAL,NORMAL2-IM-0629-0001.jpeg,JPEG,L,1558,1380,False,1,bc79aa8c5699,95.51785714285714,495303,2.15004,230.3692024334431
train,NORMAL,NORMAL2-IM-0630-0001.jpeg,JPEG,L,1600,1329,False,1,bc79aa8c5699,95.51785714285714,436556,2.1264,205.3028592927013
train,NORMAL,NORMAL2-IM-0633-0001.jpeg,JPEG,L,1670,1279,False,1,bc79aa8c5699,95.51785714285714,540325,2.13593,252.96943251885597
train,NORMAL,NORMAL2-IM-0634-0001.jpeg,JPEG,L,1418,1048,False,1,bc79aa8c5699,95.51785714285714,370415,1.486064,249.25911670022288
train,NORMAL,NORMAL2-IM-0635-0001.jpeg,JPEG,L,1400,1070,False,1,bc79aa8c5699,95.51785714285714,467044,1.498,311.7783711615487
train,NORMAL,NORMAL2-IM-0636-0001.jpeg,JPEG,L,1376,1051,False,1,bc79aa8c5699,95.51785714285714,436284,1.446176,301.6811231827938
train,NORMAL,NORMAL2-IM-0637-0001.jpeg,JPEG,L,1604,1248,False,1,bc79aa8c5699,95.51785714285714,535444,2.001792,267.4823358270989
train,NORMAL,NORMAL2-IM-0640-0001.jpeg,JPEG,L,1510,1136,False,1,bc79aa8c5699,95.51785714285714,418636,1.71536,244.05139445947208
train,NORMAL,NORMAL2-IM-0641-0001.jpeg,JPEG,L,1920,1816,False,1,bc79aa8c5699,95.51785714285714,836420,3.48672,239.887343979442
train,NORMAL,NORMAL2-IM-0642-0001.jpeg,JPEG,L,1546,1368,False,1,bc79aa8c5699,95.51785714285714,501700,2.114928,237.21847741388834
train,NORMAL,NORMAL2-IM-0643-0001.jpeg,JPEG,L,1902,1495,False,1,bc79aa8c5699,95.51785714285714,899911,2.84349,316.48115520012374
train,NORMAL,NORMAL2-IM-0645-0001.jpeg,JPEG,L,1510,1175,False,1,bc79aa8c5699,95.51785714285714,436067,1.77425,245.7753980555164
train,NORMAL,NORMAL2-IM-0647-0001.jpeg,JPEG,L,1682,1619,False,1,bc79aa8c5699,95.51785714285714,627454,2.723158,230.41410009995744
train,NORMAL,NORMAL2-IM-0648-0001.jpeg,JPEG,L,1462,1245,False,1,bc79aa8c5699,95.51785714285714,484485,1.82019,266.1727621841676
train,NORMAL,NORMAL2-IM-0649-0001.jpeg,JPEG,L,1518,1194,False,1,bc79aa8c5699,95.51785714285714,465980,1.812492,257.093548550835
train,NORMAL,NORMAL2-IM-0650-0001.jpeg,JPEG,L,1528,1327,False,1,bc79aa8c5699,95.51785714285714,691124,2.027656,340.8487435738607
train,NORMAL,NORMAL2-IM-0651-0001.jpeg,JPEG,L,1955,1672,False,1,bc79aa8c5699,95.51785714285714,1187656,3.26876,363.33533205252144
train,NORMAL,NORMAL2-IM-0651-0004.jpeg,JPEG,L,1686,1231,False,1,bc79aa8c5699,95.51785714285714,715592,2.075466,344.78618295842955
train,NORMAL,NORMAL2-IM-0652-0001.jpeg,JPEG,L,1422,1125,False,1,bc79aa8c5699,95.51785714285714,422254,1.59975,263.94999218627913
train,NORMAL,NORMAL2-IM-0653-0001.jpeg,JPEG,L,1966,1499,False,1,bc79aa8c5699,95.51785714285714,747088,2.947034,253.50504948365034
train,NORMAL,NORMAL2-IM-0654-0001.jpeg,JPEG,L,1670,1144,False,1,bc79aa8c5699,95.51785714285714,520982,1.91048,272.6969138645785
train,NORMAL,NORMAL2-IM-0655-0001.jpeg,JPEG,L,1802,1407,False,1,bc79aa8c5699,95.51785714285714,675757,2.535414,266.52728114619543
train,NORMAL,NORMAL2-IM-0657-0001.jpeg,JPEG,L,1524,1295,False,1,bc79aa8c5699,95.51785714285714,560646,1.97358,284.07563919374945
train,NORMAL,NORMAL2-IM-0659-0001.jpeg,JPEG,L,1438,1187,False,1,bc79aa8c5699,95.51785714285714,451095,1.706906,264.2764159244856
train,NORMAL,NORMAL2-IM-0660-0001.jpeg,JPEG,L,1264,950,False,1,bc79aa8c5699,95.51785714285714,348538,1.2008,290.2548301132578
train,NORMAL,NORMAL2-IM-0661-0001.jpeg,JPEG,L,2144,2028,False,1,bc79aa8c5699,95.51785714285714,1027568,4.348032,236.32944743736937
train,NORMAL,NORMAL2-IM-0662-0001.jpeg,JPEG,L,1418,1020,False,1,bc79aa8c5699,95.51785714285714,376994,1.44636,260.6501839099533
train,NORMAL,NORMAL2-IM-0663-0001.jpeg,JPEG,L,2090,1932,False,1,bc79aa8c5699,95.51785714285714,1002827,4.03788,248.3548297621524
train,NORMAL,NORMAL2-IM-0664-0001.jpeg,JPEG,L,1878,1647,False,1,bc79aa8c5699,95.51785714285714,1088652,3.093066,351.96533148662206
train,NORMAL,NORMAL2-IM-0665-0001.jpeg,JPEG,L,1186,769,False,1,bc79aa8c5699,95.51785714285714,260009,0.912034,285.0869594773879
train,NORMAL,NORMAL2-IM-0666-0001.jpeg,JPEG,L,1920,1750,False,1,bc79aa8c5699,95.51785714285714,963730,3.36,286.82440476190476
train,NORMAL,NORMAL2-IM-0667-0001.jpeg,JPEG,L,1566,1210,False,1,bc79aa8c5699,95.51785714285714,466876,1.89486,246.39076237822317
train,NORMAL,NORMAL2-IM-0668-0001.jpeg,JPEG,L,1600,1542,False,1,bc79aa8c5699,95.51785714285714,632470,2.4672,256.35132944228275
train,NORMAL,NORMAL2-IM-0669-0001.jpeg,JPEG,L,1692,1735,False,1,bc79aa8c5699,95.51785714285714,739927,2.93562,252.0513554206607
train,NORMAL,NORMAL2-IM-0671-0001.jpeg,JPEG,L,1546,1205,False,1,bc79aa8c5699,95.51785714285714,435104,1.86293,233.55896356814264
train,NORMAL,NORMAL2-IM-0672-0001.jpeg,JPEG,L,1576,1383,False,1,bc79aa8c5699,95.51785714285714,600566,2.179608,275.5385372048552
train,NORMAL,NORMAL2-IM-0673-0001.jpeg,JPEG,L,1616,1318,False,1,bc79aa8c5699,95.51785714285714,568258,2.129888,266.8018224432459
train,NORMAL,NORMAL2-IM-0675-0001.jpeg,JPEG,L,1460,1233,False,1,bc79aa8c5699,95.51785714285714,477789,1.80018,265.4117921541179
train,NORMAL,NORMAL2-IM-0678-0001.jpeg,JPEG,L,1634,1183,False,1,bc79aa8c5699,95.51785714285714,440503,1.933022,227.88307634367325
train,NORMAL,NORMAL2-IM-0680-0001.jpeg,JPEG,L,1592,1344,False,1,bc79aa8c5699,95.51785714285714,489789,2.139648,228.91101713926773
train,NORMAL,NORMAL2-IM-0682-0001.jpeg,JPEG,L,1778,1492,False,1,bc79aa8c5699,95.51785714285714,704127,2.652776,265.43025117838823
train,NORMAL,NORMAL2-IM-0683-0001.jpeg,JPEG,L,1538,1222,False,1,bc79aa8c5699,95.51785714285714,450107,1.879436,239.49046416052477
train,NORMAL,NORMAL2-IM-0684-0001-0001.jpeg,JPEG,L,1857,1815,False,1,bc79aa8c5699,95.51785714285714,1178390,3.370455,349.62341879657197
train,NORMAL,NORMAL2-IM-0686-0001.jpeg,JPEG,L,1512,1325,False,1,bc79aa8c5699,95.51785714285714,489126,2.0034,244.1479484875711
train,NORMAL,NORMAL2-IM-0687-0001.jpeg,JPEG,L,1504,1244,False,1,bc79aa8c5699,95.51785714285714,507131,1.870976,271.0515794964767
train,NORMAL,NORMAL2-IM-0689-0001.jpeg,JPEG,L,1244,1097,False,1,bc79aa8c5699,95.51785714285714,385063,1.364668,282.16606529939884
train,NORMAL,NORMAL2-IM-0690-0001.jpeg,JPEG,L,1198,897,False,1,bc79aa8c5699,95.51785714285714,280281,1.074606,260.82210596255743
train,NORMAL,NORMAL2-IM-0692-0001.jpeg,JPEG,L,1724,1534,False,1,bc79aa8c5699,95.51785714285714,612949,2.644616,231.77240098373449
train,NORMAL,NORMAL2-IM-0693-0001.jpeg,JPEG,L,2020,1700,False,1,bc79aa8c5699,95.51785714285714,1084523,3.434,315.81916132789746
train,NORMAL,NORMAL2-IM-0694-0001.jpeg,JPEG,L,2018,1881,False,1,bc79aa8c5699,95.51785714285714,952116,3.795858,250.83024707457443
train,NORMAL,NORMAL2-IM-0695-0001.jpeg,JPEG,L,1500,1294,False,1,bc79aa8c5699,95.51785714285714,531268,1.941,273.70839773312724
train,NORMAL,NORMAL2-IM-0696-0001.jpeg,JPEG,L,1802,1422,False,1,bc79aa8c5699,95.51785714285714,618241,2.562444,241.27005312116086
train,NORMAL,NORMAL2-IM-0698-0001.jpeg,JPEG,L,1554,1245,False,1,bc79aa8c5699,95.51785714285714,519714,1.93473,268.62352886449276
train,NORMAL,NORMAL2-IM-0699-0001.jpeg,JPEG,L,1920,1920,False,1,bc79aa8c5699,95.51785714285714,873832,3.6864,237.04210069444446
train,NORMAL,NORMAL2-IM-0700-0001.jpeg,JPEG,L,1874,1774,False,1,bc79aa8c5699,95.51785714285714,808216,3.324476,243.11079400182163
train,NORMAL,NORMAL2-IM-0702-0001.jpeg,JPEG,L,2514,2264,False,1,bc79aa8c5699,95.51785714285714,1383158,5.691696,243.01333029733138
train,NORMAL,NORMAL2-IM-0705-0001.jpeg,JPEG,L,1960,1648,False,1,8150a566ea61,89.18831168831169,868510,3.23008,268.8818852783832
train,NORMAL,NORMAL2-IM-0707-0001.jpeg,JPEG,L,1384,1208,False,1,8150a566ea61,89.18831168831169,147022,1.671872,87.93855031964169
train,NORMAL,NORMAL2-IM-0718-0001.jpeg,JPEG,L,1248,1136,False,1,84d411bec87f,91.82745825602969,402706,1.417728,284.0502550559769
train,NORMAL,NORMAL2-IM-0719-0001.jpeg,JPEG,L,1616,1408,False,1,8150a566ea61,89.18831168831169,250528,2.275328,110.10632313231322
train,NORMAL,NORMAL2-IM-0723-0001.jpeg,JPEG,L,1168,960,False,1,84d411bec87f,91.82745825602969,265501,1.12128,236.78385416666663
train,NORMAL,NORMAL2-IM-0725-0001.jpeg,JPEG,L,1088,824,False,1,84d411bec87f,91.82745825602969,152208,0.896512,169.77798400913764
train,NORMAL,NORMAL2-IM-0727-0001.jpeg,JPEG,L,1672,1432,False,1,8150a566ea61,89.18831168831169,270765,2.394304,113.08714348720964
train,NORMAL,NORMAL2-IM-0730-0001.jpeg,JPEG,L,1672,1328,False,1,8150a566ea61,89.18831168831169,239758,2.220416,107.97886522165216
train,NORMAL,NORMAL2-IM-0736-0001.jpeg,JPEG,L,1432,1184,False,1,8150a566ea61,89.18831168831169,209011,1.695488,123.27483296844329
train,NORMAL,NORMAL2-IM-0741-0001.jpeg,JPEG,L,1240,1064,False,1,84d411bec87f,91.82745825602969,273848,1.31936,207.56124181421293
train,NORMAL,NORMAL2-IM-0744-0001.jpeg,JPEG,L,1416,1296,False,1,8150a566ea61,89.18831168831169,176919,1.835136,96.40647886587152
train,NORMAL,NORMAL2-IM-0746-0001.jpeg,JPEG,L,1456,1272,False,1,8150a566ea61,89.18831168831169,199737,1.852032,107.84748859630935
train,NORMAL,NORMAL2-IM-0749-0001.jpeg,JPEG,L,1412,1066,False,1,bc79aa8c5699,95.51785714285714,408295,1.505192,271.25775316371596
train,NORMAL,NORMAL2-IM-0753-0001.jpeg,JPEG,L,1088,968,False,1,84d411bec87f,91.82745825602969,191655,1.053184,181.97674860233352
train,NORMAL,NORMAL2-IM-0757-0001.jpeg,JPEG,L,1160,904,False,1,84d411bec87f,91.82745825602969,180843,1.04864,172.45479859627707
train,NORMAL,NORMAL2-IM-0765-0001.jpeg,JPEG,L,1264,984,False,1,84d411bec87f,91.82745825602969,283659,1.243776,228.0627701451065
train,NORMAL,NORMAL2-IM-0771-0001.jpeg,JPEG,L,1336,1128,False,1,8150a566ea61,89.18831168831169,152375,1.507008,101.11094300760182
train,NORMAL,NORMAL2-IM-0772-0001.jpeg,JPEG,L,1376,1048,False,1,8150a566ea61,89.18831168831169,175559,1.442048,121.74282686845375
train,NORMAL,NORMAL2-IM-0774-0001.jpeg,JPEG,L,2510,2543,False,1,bc79aa8c5699,95.51785714285714,2237242,6.38293,350.5039221799393
train,NORMAL,NORMAL2-IM-0775-0001.jpeg,JPEG,L,1310,1136,False,1,bc79aa8c5699,95.51785714285714,410475,1.48816,275.8271960004301
train,NORMAL,NORMAL2-IM-0776-0001.jpeg,JPEG,L,1744,1769,False,1,bc79aa8c5699,95.51785714285714,668788,3.085136,216.77747755690513
train,NORMAL,NORMAL2-IM-0777-0001.jpeg,JPEG,L,1522,1407,False,1,bc79aa8c5699,95.51785714285714,533023,2.141454,248.9070510036639
train,NORMAL,NORMAL2-IM-0780-0001.jpeg,JPEG,L,1709,1787,False,1,bc79aa8c5699,95.51785714285714,1038338,3.053983,339.9946889029834
train,NORMAL,NORMAL2-IM-0781-0001.jpeg,JPEG,L,2276,2221,False,1,bc79aa8c5699,95.51785714285714,1177444,5.054996,232.92679163346517
train,NORMAL,NORMAL2-IM-0790-0001.jpeg,JPEG,L,1624,1280,False,1,8150a566ea61,89.18831168831169,223880,2.07872,107.70089285714285
train,NORMAL,NORMAL2-IM-0793-0001.jpeg,JPEG,L,2179,1604,False,1,bc79aa8c5699,95.51785714285714,511714,3.495116,146.40830232816307
train,NORMAL,NORMAL2-IM-0796-0001.jpeg,JPEG,L,1554,1136,False,1,bc79aa8c5699,95.51785714285714,469226,1.765344,265.7986205521417
train,NORMAL,NORMAL2-IM-0797-0001.jpeg,JPEG,L,1612,1515,False,1,bc79aa8c5699,95.51785714285714,593963,2.44218,243.21016468892546
train,NORMAL,NORMAL2-IM-0798-0001.jpeg,JPEG,L,1450,1051,False,1,bc79aa8c5699,95.51785714285714,360528,1.52395,236.57469077069462
train,NORMAL,NORMAL2-IM-0799-0001.jpeg,JPEG,L,1856,1333,False,1,bc79aa8c5699,95.51785714285714,661466,2.474048,267.36182968155833
train,NORMAL,NORMAL2-IM-0803-0001.jpeg,JPEG,L,1740,1279,False,1,bc79aa8c5699,95.51785714285714,496456,2.22546,223.08017218912045
train,NORMAL,NORMAL2-IM-0804-0001.jpeg,JPEG,L,1646,1391,False,1,bc79aa8c5699,95.51785714285714,545701,2.289586,238.34046853885377
train,NORMAL,NORMAL2-IM-0806-0001.jpeg,JPEG,L,1508,1337,False,1,bc79aa8c5699,95.51785714285714,492479,2.016196,244.2614706109922
train,NORMAL,NORMAL2-IM-0807-0001.jpeg,JPEG,L,1496,1337,False,1,bc79aa8c5699,95.51785714285714,485572,2.000152,242.76754966622536
train,NORMAL,NORMAL2-IM-0808-0001.jpeg,JPEG,L,1932,1908,False,1,bc79aa8c5699,95.51785714285714,859520,3.686256,233.1688303796589
train,NORMAL,NORMAL2-IM-0809-0001.jpeg,JPEG,L,1322,978,False,1,bc79aa8c5699,95.51785714285714,362899,1.292916,280.68258108028675
train,NORMAL,NORMAL2-IM-0810-0001.jpeg,JPEG,L,1638,1279,False,1,bc79aa8c5699,95.51785714285714,653800,2.095002,312.0760743903824
train,NORMAL,NORMAL2-IM-0811-0001.jpeg,JPEG,L,1678,1368,False,1,bc79aa8c5699,95.51785714285714,589836,2.295504,256.95272149384186
train,NORMAL,NORMAL2-IM-0812-0001.jpeg,JPEG,L,1754,1341,False,1,bc79aa8c5699,95.51785714285714,614204,2.352114,261.128499724078
train,NORMAL,NORMAL2-IM-0814-0001.jpeg,JPEG,L,1736,1399,False,1,bc79aa8c5699,95.51785714285714,603803,2.428664,248.61528807607806
train,NORMAL,NORMAL2-IM-0815-0001.jpeg,JPEG,L,1554,1067,False,1,bc79aa8c5699,95.51785714285714,389667,1.658118,235.00559067569375
train,NORMAL,NORMAL2-IM-0816-0001.jpeg,JPEG,L,1642,1422,False,1,bc79aa8c5699,95.51785714285714,605322,2.334924,259.24698191461476
train,NORMAL,NORMAL2-IM-0818-0001-0002.jpeg,JPEG,L,1679,1914,False,1,bc79aa8c5699,95.51785714285714,1085005,3.213606,337.6285082863301
train,NORMAL,NORMAL2-IM-0818-0001.jpeg,JPEG,L,1874,1670,False,1,bc79aa8c5699,95.51785714285714,777443,3.12958,248.41767904958493
train,NORMAL,NORMAL2-IM-0819-0001.jpeg,JPEG,L,1796,1283,False,1,bc79aa8c5699,95.51785714285714,568939,2.304268,246.906609821427
train,NORMAL,NORMAL2-IM-0820-0001.jpeg,JPEG,L,1620,1438,False,1,bc79aa8c5699,95.51785714285714,548283,2.32956,235.3590377582033
train,NORMAL,NORMAL2-IM-0821-0001.jpeg,JPEG,L,1836,1487,False,1,bc79aa8c5699,95.51785714285714,708365,2.730132,259.46181356798866
train,NORMAL,NORMAL2-IM-0822-0001.jpeg,JPEG,L,1904,1461,False,1,bc79aa8c5699,95.51785714285714,616892,2.781744,221.76447581085822
train,NORMAL,NORMAL2-IM-0824-0001.jpeg,JPEG,L,1230,993,False,1,bc79aa8c5699,95.51785714285714,329817,1.22139,270.0341414290276
train,NORMAL,NORMAL2-IM-0825-0001.jpeg,JPEG,L,1720,1507,False,1,bc79aa8c5699,95.51785714285714,660817,2.59204,254.94089597382757
train,NORMAL,NORMAL2-IM-0826-0001.jpeg,JPEG,L,1450,1020,False,1,bc79aa8c5699,95.51785714285714,350712,1.479,237.12778904665313
train,NORMAL,NORMAL2-IM-0827-0001.jpeg,JPEG,L,1646,1588,False,1,bc79aa8c5699,95.51785714285714,537143,2.613848,205.49894255519067
train,NORMAL,NORMAL2-IM-0828-0001.jpeg,JPEG,L,2553,2305,False,1,bc79aa8c5699,95.51785714285714,2047216,5.884665,347.88998184263676
train,NORMAL,NORMAL2-IM-0829-0001.jpeg,JPEG,L,1144,966,False,1,bc79aa8c5699,95.51785714285714,318674,1.105104,288.365619887359
train,NORMAL,NORMAL2-IM-0830-0001.jpeg,JPEG,L,1386,1158,False,1,bc79aa8c5699,95.51785714285714,603146,1.604988,375.79470999160117
train,NORMAL,NORMAL2-IM-0831-0001.jpeg,JPEG,L,2032,2016,False,1,bc79aa8c5699,95.51785714285714,990943,4.096512,241.89920595863018
train,NORMAL,NORMAL2-IM-0832-0001-0001.jpeg,JPEG,L,1632,1186,False,1,bc79aa8c5699,95.51785714285714,575253,1.935552,297.2035884336872
train,NORMAL,NORMAL2-IM-0832-0001-0002.jpeg,JPEG,L,1426,1206,False,1,bc79aa8c5699,95.51785714285714,500684,1.719756,291.13664961773645
train,NORMAL,NORMAL2-IM-0832-0001.jpeg,JPEG,L,1538,1164,False,1,bc79aa8c5699,95.51785714285714,561778,1.790232,313.8017865840852
train,NORMAL,NORMAL2-IM-0833-0001.jpeg,JPEG,L,1800,1499,False,1,bc79aa8c5699,95.51785714285714,657673,2.6982,243.74508931880513
train,NORMAL,NORMAL2-IM-0834-0001.jpeg,JPEG,L,2031,1693,False,1,bc79aa8c5699,95.51785714285714,1070142,3.438483,311.2250373202369
train,NORMAL,NORMAL2-IM-0836-0001.jpeg,JPEG,L,1666,1507,False,1,bc79aa8c5699,95.51785714285714,609646,2.510662,242.82280928296998
train,NORMAL,NORMAL2-IM-0837-0001.jpeg,JPEG,L,1566,1248,False,1,bc79aa8c5699,95.51785714285714,484551,1.954368,247.93232390215147
train,NORMAL,NORMAL2-IM-0838-0001.jpeg,JPEG,L,1300,1051,False,1,bc79aa8c5699,95.51785714285714,440189,1.3663,322.1759496450267
train,NORMAL,NORMAL2-IM-0839-0001.jpeg,JPEG,L,1882,1855,False,1,bc79aa8c5699,95.51785714285714,944713,3.49111,270.6053375573958
train,NORMAL,NORMAL2-IM-0840-0001.jpeg,JPEG,L,1786,1175,False,1,bc79aa8c5699,95.51785714285714,519680,2.09855,247.63765457101331
train,NORMAL,NORMAL2-IM-0841-0001.jpeg,JPEG,L,2132,2017,False,1,bc79aa8c5699,95.51785714285714,1106779,4.300244,257.3758605325651
train,NORMAL,NORMAL2-IM-0842-0001.jpeg,JPEG,L,1658,1294,False,1,bc79aa8c5699,95.51785714285714,559066,2.145452,260.5819193344806
train,NORMAL,NORMAL2-IM-0843-0001.jpeg,JPEG,L,1708,1468,False,1,bc79aa8c5699,95.51785714285714,672293,2.507344,268.12954265549524
train,NORMAL,NORMAL2-IM-0845-0001.jpeg,JPEG,L,1698,1473,False,1,bc79aa8c5699,95.51785714285714,581448,2.501154,232.47189097512586
train,NORMAL,NORMAL2-IM-0846-0001.jpeg,JPEG,L,1952,1967,False,1,bc79aa8c5699,95.51785714285714,1064201,3.839584,277.16570336786486
train,NORMAL,NORMAL2-IM-0847-0001.jpeg,JPEG,L,1566,1353,False,1,bc79aa8c5699,95.51785714285714,521889,2.118798,246.31371183095322
train,NORMAL,NORMAL2-IM-0848-0001.jpeg,JPEG,L,1514,1032,False,1,bc79aa8c5699,95.51785714285714,427630,1.562448,273.6923084800262
train,NORMAL,NORMAL2-IM-0849-0001.jpeg,JPEG,L,1704,1283,False,1,bc79aa8c5699,95.51785714285714,607450,2.186232,277.8524877506139
train,NORMAL,NORMAL2-IM-0851-0001-0001.jpeg,JPEG,L,1562,1164,False,1,bc79aa8c5699,95.51785714285714,495958,1.818168,272.7789731201957
train,NORMAL,NORMAL2-IM-0851-0001-0002.jpeg,JPEG,L,1782,1437,False,1,bc79aa8c5699,95.51785714285714,705337,2.560734,275.4432908689462
train,NORMAL,NORMAL2-IM-0851-0001.jpeg,JPEG,L,1442,1229,False,1,bc79aa8c5699,95.51785714285714,442263,1.772218,249.5533845159004
train,NORMAL,NORMAL2-IM-0852-0001.jpeg,JPEG,L,1360,1167,False,1,bc79aa8c5699,95.51785714285714,461212,1.58712,290.59680427440895
train,NORMAL,NORMAL2-IM-0853-0001.jpeg,JPEG,L,1554,1151,False,1,bc79aa8c5699,95.51785714285714,433110,1.788654,242.1429745495775
train,NORMAL,NORMAL2-IM-0854-0001.jpeg,JPEG,L,1662,1194,False,1,bc79aa8c5699,95.51785714285714,521045,1.984428,262.56684545874174
train,NORMAL,NORMAL2-IM-0855-0001.jpeg,JPEG,L,1675,1428,False,1,bc79aa8c5699,95.51785714285714,842967,2.3919,352.4256866925875
train,NORMAL,NORMAL2-IM-0856-0001.jpeg,JPEG,L,1395,1312,False,1,bc79aa8c5699,95.51785714285714,661197,1.83024,361.26245738263833
train,NORMAL,NORMAL2-IM-0857-0001.jpeg,JPEG,L,1586,1306,False,1,bc79aa8c5699,95.51785714285714,485716,2.071316,234.49632986951292
train,NORMAL,NORMAL2-IM-0858-0001.jpeg,JPEG,L,1558,1259,False,1,bc79aa8c5699,95.51785714285714,443594,1.961522,226.1478586526177
train,NORMAL,NORMAL2-IM-0859-0001.jpeg,JPEG,L,1906,1527,False,1,bc79aa8c5699,95.51785714285714,705644,2.910462,242.4508548814587
train,NORMAL,NORMAL2-IM-0860-0001.jpeg,JPEG,L,1704,1553,False,1,bc79aa8c5699,95.51785714285714,671495,2.646312,253.74747951110828
train,NORMAL,NORMAL2-IM-0862-0001.jpeg,JPEG,L,1570,1310,False,1,bc79aa8c5699,95.51785714285714,557930,2.0567,271.27437156610097
train,NORMAL,NORMAL2-IM-0863-0001.jpeg,JPEG,L,1770,1472,False,1,bc79aa8c5699,95.51785714285714,715328,2.60544,274.5517071972488
train,NORMAL,NORMAL2-IM-0865-0001.jpeg,JPEG,L,2180,2085,False,1,bc79aa8c5699,95.51785714285714,1550508,4.5453,341.1233581941786
train,NORMAL,NORMAL2-IM-0866-0001.jpeg,JPEG,L,1414,1206,False,1,bc79aa8c5699,95.51785714285714,457427,1.705284,268.240949894563
train,NORMAL,NORMAL2-IM-0867-0001.jpeg,JPEG,L,1334,994,False,1,bc79aa8c5699,95.51785714285714,311904,1.325996,235.22242902693523
train,NORMAL,NORMAL2-IM-0868-0001.jpeg,JPEG,L,1504,1283,False,1,bc79aa8c5699,95.51785714285714,627913,1.929632,325.4055695593771
train,NORMAL,NORMAL2-IM-0869-0001.jpeg,JPEG,L,1534,1063,False,1,bc79aa8c5699,95.51785714285714,364263,1.630642,223.38624909698143
train,NORMAL,NORMAL2-IM-0870-0001.jpeg,JPEG,L,1480,1228,False,1,bc79aa8c5699,95.51785714285714,499488,1.81744,274.8305308565895
train,NORMAL,NORMAL2-IM-0871-0001.jpeg,JPEG,L,1632,1260,False,1,bc79aa8c5699,95.51785714285714,490228,2.05632,238.400638032991
train,NORMAL,NORMAL2-IM-0872-0001.jpeg,JPEG,L,1156,804,False,1,bc79aa8c5699,95.51785714285714,231417,0.929424,248.98969684449722
train,NORMAL,NORMAL2-IM-0873-0001.jpeg,JPEG,L,1210,1017,False,1,bc79aa8c5699,95.51785714285714,392565,1.23057,319.01070235744413
train,NORMAL,NORMAL2-IM-0874-0001.jpeg,JPEG,L,1748,1299,False,1,bc79aa8c5699,95.51785714285714,546530,2.270652,240.69298157533603
train,NORMAL,NORMAL2-IM-0875-0001.jpeg,JPEG,L,2094,1912,False,1,bc79aa8c5699,95.51785714285714,931317,4.003728,232.61245519176128
train,NORMAL,NORMAL2-IM-0876-0001.jpeg,JPEG,L,1874,1187,False,1,bc79aa8c5699,95.51785714285714,537671,2.224438,241.71094002170437
train,NORMAL,NORMAL2-IM-0877-0001.jpeg,JPEG,L,1584,1407,False,1,bc79aa8c5699,95.51785714285714,564078,2.228688,253.0986840688333
train,NORMAL,NORMAL2-IM-0879-0001.jpeg,JPEG,L,1454,1078,False,1,bc79aa8c5699,95.51785714285714,363543,1.567412,231.93837995370714
train,NORMAL,NORMAL2-IM-0880-0001.jpeg,JPEG,L,1426,1055,False,1,bc79aa8c5699,95.51785714285714,368345,1.50443,244.8402384956429
train,NORMAL,NORMAL2-IM-0881-0001.jpeg,JPEG,L,1600,1464,False,1,bc79aa8c5699,95.51785714285714,596093,2.3424,254.47959357923494
train,NORMAL,NORMAL2-IM-0882-0001.jpeg,JPEG,L,2090,1743,False,1,bc79aa8c5699,95.51785714285714,875608,3.64287,240.3621320552202
train,NORMAL,NORMAL2-IM-0885-0001.jpeg,JPEG,L,1268,900,False,1,bc79aa8c5699,95.51785714285714,301194,1.1412,263.9274447949527
train,NORMAL,NORMAL2-IM-0886-0001.jpeg,JPEG,L,1816,1607,False,1,bc79aa8c5699,95.51785714285714,691251,2.918312,236.86672295491368
train,NORMAL,NORMAL2-IM-0887-0001.jpeg,JPEG,L,1496,1094,False,1,bc79aa8c5699,95.51785714285714,443982,1.636624,271.27916980320464
train,NORMAL,NORMAL2-IM-0888-0001.jpeg,JPEG,L,2450,2145,False,1,bc79aa8c5699,95.51785714285714,1183009,5.25525,225.10993768136623
train,NORMAL,NORMAL2-IM-0890-0001.jpeg,JPEG,L,1744,1532,False,1,bc79aa8c5699,95.51785714285714,892951,2.671808,334.21226375547946
train,NORMAL,NORMAL2-IM-0892-0001.jpeg,JPEG,L,2022,1947,False,1,bc79aa8c5699,95.51785714285714,864951,3.936834,219.70725715130482
train,NORMAL,NORMAL2-IM-0893-0001.jpeg,JPEG,L,1292,885,False,1,bc79aa8c5699,95.51785714285714,331398,1.14342,289.8305084745763
train,NORMAL,NORMAL2-IM-0894-0001.jpeg,JPEG,L,1808,1383,False,1,bc79aa8c5699,95.51785714285714,685443,2.500464,274.1263221546081
train,NORMAL,NORMAL2-IM-0895-0001.jpeg,JPEG,L,1434,1036,False,1,bc79aa8c5699,95.51785714285714,379272,1.485624,255.29474483449377
train,NORMAL,NORMAL2-IM-0896-0001.jpeg,JPEG,L,1732,1666,False,1,bc79aa8c5699,95.51785714285714,701330,2.885512,243.05218623246068
train,NORMAL,NORMAL2-IM-0897-0001.jpeg,JPEG,L,1676,1400,False,1,bc79aa8c5699,95.51785714285714,781648,2.3464,333.12649164677805
train,NORMAL,NORMAL2-IM-0898-0001.jpeg,JPEG,L,1418,1078,False,1,bc79aa8c5699,95.51785714285714,433223,1.528604,283.4108768523437
train,NORMAL,NORMAL2-IM-0899-0001.jpeg,JPEG,L,2427,2374,False,1,bc79aa8c5699,95.51785714285714,1813994,5.761698,314.8367026525861
train,NORMAL,NORMAL2-IM-0900-0001.jpeg,JPEG,L,1554,1271,False,1,bc79aa8c5699,95.51785714285714,583272,1.975134,295.30755887954945
train,NORMAL,NORMAL2-IM-0903-0001.jpeg,JPEG,L,1496,1155,False,1,bc79aa8c5699,95.51785714285714,419088,1.72788,242.5446211542468
train,NORMAL,NORMAL2-IM-0904-0001.jpeg,JPEG,L,2534,2169,False,1,bc79aa8c5699,95.51785714285714,1836822,5.496246,334.19574014700214
train,NORMAL,NORMAL2-IM-0905-0001.jpeg,JPEG,L,1546,1307,False,1,bc79aa8c5699,95.51785714285714,501832,2.020622,248.35520943551046
train,NORMAL,NORMAL2-IM-0906-0001.jpeg,JPEG,L,1824,1565,False,1,bc79aa8c5699,95.51785714285714,668507,2.85456,234.1891569979261
train,NORMAL,NORMAL2-IM-0907-0001.jpeg,JPEG,L,1720,1642,False,1,bc79aa8c5699,95.51785714285714,681473,2.82424,241.29429510239922
train,NORMAL,NORMAL2-IM-0908-0001.jpeg,JPEG,L,1402,1105,False,1,bc79aa8c5699,95.51785714285714,437869,1.54921,282.6401843520246
train,NORMAL,NORMAL2-IM-0909-0001.jpeg,JPEG,L,1948,1905,False,1,bc79aa8c5699,95.51785714285714,975882,3.71094,262.97434073307573
train,NORMAL,NORMAL2-IM-0910-0001.jpeg,JPEG,L,1754,1179,False,1,bc79aa8c5699,95.51785714285714,569177,2.067966,275.2351827834693
train,NORMAL,NORMAL2-IM-0911-0001.jpeg,JPEG,L,2251,1853,False,1,bc79aa8c5699,95.51785714285714,1513816,4.171103,362.929421786036
train,NORMAL,NORMAL2-IM-0912-0001.jpeg,JPEG,L,1244,1005,False,1,bc79aa8c5699,95.51785714285714,386976,1.25022,309.52632336708734
train,NORMAL,NORMAL2-IM-0913-0001.jpeg,JPEG,L,1508,1240,False,1,bc79aa8c5699,95.51785714285714,479699,1.86992,256.53450414991016
train,NORMAL,NORMAL2-IM-0914-0001.jpeg,JPEG,L,1430,1113,False,1,bc79aa8c5699,95.51785714285714,465117,1.59159,292.2341809134262
train,NORMAL,NORMAL2-IM-0915-0001.jpeg,JPEG,L,1276,1036,False,1,bc79aa8c5699,95.51785714285714,385359,1.321936,291.51108676970745
train,NORMAL,NORMAL2-IM-0917-0001.jpeg,JPEG,L,1492,1148,False,1,bc79aa8c5699,95.51785714285714,446665,1.712816,260.77815714005476
train,NORMAL,NORMAL2-IM-0918-0001.jpeg,JPEG,L,1450,1275,False,1,bc79aa8c5699,95.51785714285714,563870,1.84875,305.000676132522
train,NORMAL,NORMAL2-IM-0919-0001.jpeg,JPEG,L,2148,1773,False,1,bc79aa8c5699,95.51785714285714,844508,3.808404,221.74853298126985
train,NORMAL,NORMAL2-IM-0922-0001.jpeg,JPEG,L,1508,1140,False,1,bc79aa8c5699,95.51785714285714,455563,1.71912,264.9977895667551
train,NORMAL,NORMAL2-IM-0923-0001.jpeg,JPEG,L,1820,1619,False,1,bc79aa8c5699,95.51785714285714,737839,2.94658,250.40521553801358
train,NORMAL,NORMAL2-IM-0924-0001.jpeg,JPEG,L,1692,1364,False,1,bc79aa8c5699,95.51785714285714,502290,2.307888,217.64054408186186
train,NORMAL,NORMAL2-IM-0925-0001.jpeg,JPEG,L,1886,1916,False,1,bc79aa8c5699,95.51785714285714,739284,3.613576,204.58515332180642
train,NORMAL,NORMAL2-IM-0926-0001.jpeg,JPEG,L,1586,1217,False,1,bc79aa8c5699,95.51785714285714,543175,1.930162,281.4142025384398
train,NORMAL,NORMAL2-IM-0927-0001.jpeg,JPEG,L,2359,2234,False,1,bc79aa8c5699,95.51785714285714,2080997,5.270006,394.8756415078085
train,NORMAL,NORMAL2-IM-0929-0001.jpeg,JPEG,L,1906,1627,False,1,bc79aa8c5699,95.51785714285714,717753,3.101062,231.4539341683591
train,NORMAL,NORMAL2-IM-0930-0001.jpeg,JPEG,L,1666,1171,False,1,bc79aa8c5699,95.51785714285714,514953,1.950886,263.9585296116739
train,NORMAL,NORMAL2-IM-0931-0001.jpeg,JPEG,L,1774,1662,False,1,bc79aa8c5699,95.51785714285714,785915,2.948388,266.5575222799713
train,NORMAL,NORMAL2-IM-0932-0001.jpeg,JPEG,L,1650,1078,False,1,bc79aa8c5699,95.51785714285714,462560,1.7787,260.0550964187328
train,NORMAL,NORMAL2-IM-0933-0001.jpeg,JPEG,L,1372,1164,False,1,bc79aa8c5699,95.51785714285714,388678,1.597008,243.3788684840652
train,NORMAL,NORMAL2-IM-0934-0001.jpeg,JPEG,L,1508,1349,False,1,bc79aa8c5699,95.51785714285714,495251,2.034292,243.45128427973955
train,NORMAL,NORMAL2-IM-0935-0001.jpeg,JPEG,L,1662,1276,False,1,bc79aa8c5699,95.51785714285714,536109,2.120712,252.79670223962518
train,NORMAL,NORMAL2-IM-0936-0001.jpeg,JPEG,L,1582,1418,False,1,bc79aa8c5699,95.51785714285714,570467,2.243276,254.30085285983537
train,NORMAL,NORMAL2-IM-0937-0001.jpeg,JPEG,L,1642,1496,False,1,bc79aa8c5699,95.51785714285714,577267,2.456432,235.00223087795635
train,NORMAL,NORMAL2-IM-0939-0001.jpeg,JPEG,L,2342,2399,False,1,bc79aa8c5699,95.51785714285714,1536010,5.618458,273.38639890162034
train,NORMAL,NORMAL2-IM-0941-0001.jpeg,JPEG,L,1704,1499,False,1,bc79aa8c5699,95.51785714285714,945523,2.554296,370.1697062517422
train,NORMAL,NORMAL2-IM-0942-0001.jpeg,JPEG,L,1746,1812,False,1,bc79aa8c5699,95.51785714285714,791723,3.163752,250.24812311458038
train,NORMAL,NORMAL2-IM-0944-0001.jpeg,JPEG,L,2566,2321,False,1,bc79aa8c5699,95.51785714285714,1791254,5.955686,300.7636735717766
train,NORMAL,NORMAL2-IM-0945-0001.jpeg,JPEG,L,1268,924,False,1,bc79aa8c5699,95.51785714285714,363514,1.171632,310.26294945853306
train,NORMAL,NORMAL2-IM-0946-0001.jpeg,JPEG,L,1654,1313,False,1,bc79aa8c5699,95.51785714285714,559833,2.171702,257.78536834243374
train,NORMAL,NORMAL2-IM-0947-0001.jpeg,JPEG,L,1662,1241,False,1,bc79aa8c5699,95.51785714285714,579975,2.062542,281.19427386205956
train,NORMAL,NORMAL2-IM-0948-0001.jpeg,JPEG,L,1994,1839,False,1,bc79aa8c5699,95.51785714285714,807988,3.666966,220.34237568605764
train,NORMAL,NORMAL2-IM-0949-0001.jpeg,JPEG,L,1646,1410,False,1,bc79aa8c5699,95.51785714285714,596879,2.32086,257.1800970329964
train,NORMAL,NORMAL2-IM-0950-0001.jpeg,JPEG,L,1802,1437,False,1,bc79aa8c5699,95.51785714285714,554530,2.589474,214.14773811206445
train,NORMAL,NORMAL2-IM-0951-0001.jpeg,JPEG,L,1558,1279,False,1,bc79aa8c5699,95.51785714285714,462760,1.992682,232.22972857686273
train,NORMAL,NORMAL2-IM-0952-0001.jpeg,JPEG,L,1554,1229,False,1,bc79aa8c5699,95.51785714285714,516996,1.909866,270.69752537612584
train,NORMAL,NORMAL2-IM-0954-0001.jpeg,JPEG,L,1570,1499,False,1,bc79aa8c5699,95.51785714285714,549817,2.35343,233.6236896784693
train,NORMAL,NORMAL2-IM-0955-0001.jpeg,JPEG,L,1770,1325,False,1,bc79aa8c5699,95.51785714285714,545317,2.34525,232.51977401129943
train,NORMAL,NORMAL2-IM-0956-0001.jpeg,JPEG,L,1334,1171,False,1,bc79aa8c5699,95.51785714285714,434222,1.562114,277.9707498940538
train,NORMAL,NORMAL2-IM-0957-0001.jpeg,JPEG,L,2633,2578,False,1,bc79aa8c5699,95.51785714285714,2180310,6.787874,321.20661049394846
train,NORMAL,NORMAL2-IM-0959-0001.jpeg,JPEG,L,1128,966,False,1,bc79aa8c5699,95.51785714285714,330666,1.089648,303.4613012642615
train,NORMAL,NORMAL2-IM-0960-0001.jpeg,JPEG,L,1862,1429,False,1,bc79aa8c5699,95.51785714285714,701796,2.660798,263.75395651981097
train,NORMAL,NORMAL2-IM-0961-0001.jpeg,JPEG,L,1840,1642,False,1,bc79aa8c5699,95.51785714285714,759499,3.02128,251.38318858232273
train,NORMAL,NORMAL2-IM-0962-0001.jpeg,JPEG,L,1496,1137,False,1,bc79aa8c5699,95.51785714285714,494507,1.700952,290.72366533564735
train,NORMAL,NORMAL2-IM-0965-0001.jpeg,JPEG,L,1500,1249,False,1,bc79aa8c5699,95.51785714285714,474067,1.8735,253.0381638644249
train,NORMAL,NORMAL2-IM-0966-0001.jpeg,JPEG,L,1518,1071,False,1,bc79aa8c5699,95.51785714285714,425470,1.625778,261.7023972522694
train,NORMAL,NORMAL2-IM-0967-0001.jpeg,JPEG,L,1844,1256,False,1,bc79aa8c5699,95.51785714285714,540176,2.316064,233.23016980532492
train,NORMAL,NORMAL2-IM-0969-0001.jpeg,JPEG,L,1790,1472,False,1,bc79aa8c5699,95.51785714285714,630374,2.63488,239.24201481661405
train,NORMAL,NORMAL2-IM-0970-0001.jpeg,JPEG,L,1546,1294,False,1,bc79aa8c5699,95.51785714285714,558915,2.000524,279.38430131305597
train,NORMAL,NORMAL2-IM-0971-0001-0001.jpeg,JPEG,L,1850,1785,False,1,bc79aa8c5699,95.51785714285714,786553,3.30225,238.18699371640548
train,NORMAL,NORMAL2-IM-0971-0001-0002.jpeg,JPEG,L,1554,1353,False,1,bc79aa8c5699,95.51785714285714,477622,2.102562,227.16191008873938
train,NORMAL,NORMAL2-IM-0974-0001.jpeg,JPEG,L,1642,1507,False,1,bc79aa8c5699,95.51785714285714,556864,2.474494,225.04156405309533
train,NORMAL,NORMAL2-IM-0975-0001.jpeg,JPEG,L,1566,1383,False,1,bc79aa8c5699,95.51785714285714,604246,2.165778,278.99720100582795
train,NORMAL,NORMAL2-IM-0976-0001.jpeg,JPEG,L,1546,1236,False,1,bc79aa8c5699,95.51785714285714,471683,1.910856,246.84382287309978
train,NORMAL,NORMAL2-IM-0977-0001.jpeg,JPEG,L,1388,1094,False,1,bc79aa8c5699,95.51785714285714,420114,1.518472,276.6689145404064
train,NORMAL,NORMAL2-IM-0978-0001.jpeg,JPEG,L,1678,1129,False,1,bc79aa8c5699,95.51785714285714,521063,1.894462,275.0453690810372
train,NORMAL,NORMAL2-IM-0979-0001.jpeg,JPEG,L,1416,1079,False,1,bc79aa8c5699,95.51785714285714,403585,1.527864,264.1498196174528
train,NORMAL,NORMAL2-IM-0980-0001.jpeg,JPEG,L,1236,1013,False,1,bc79aa8c5699,95.51785714285714,355970,1.252068,284.30564474133996
train,NORMAL,NORMAL2-IM-0981-0001.jpeg,JPEG,L,1418,1137,False,1,bc79aa8c5699,95.51785714285714,443562,1.612266,275.1171332770151
train,NORMAL,NORMAL2-IM-0983-0001-0001.jpeg,JPEG,L,1882,1812,False,1,bc79aa8c5699,95.51785714285714,847106,3.410184,248.40477815859788
train,NORMAL,NORMAL2-IM-0983-0001-0002.jpeg,JPEG,L,1466,1178,False,1,bc79aa8c5699,95.51785714285714,429594,1.726948,248.75908249698313
train,NORMAL,NORMAL2-IM-0983-0001.jpeg,JPEG,L,1846,1676,False,1,bc79aa8c5699,95.51785714285714,726885,3.093896,234.9416399258411
train,NORMAL,NORMAL2-IM-0986-0001.jpeg,JPEG,L,1786,1449,False,1,bc79aa8c5699,95.51785714285714,647829,2.587914,250.3286430692828
train,NORMAL,NORMAL2-IM-0987-0001.jpeg,JPEG,L,1572,1322,False,1,bc79aa8c5699,95.51785714285714,533014,2.078184,256.48065811304485
train,NORMAL,NORMAL2-IM-0988-0001.jpeg,JPEG,L,1960,1920,False,1,bc79aa8c5699,95.51785714285714,870912,3.7632,231.42857142857144
train,NORMAL,NORMAL2-IM-0989-0001.jpeg,JPEG,L,1450,1160,False,1,bc79aa8c5699,95.51785714285714,524803,1.682,312.0112960760999
train,NORMAL,NORMAL2-IM-0992-0001.jpeg,JPEG,L,1408,1090,False,1,bc79aa8c5699,95.51785714285714,432985,1.53472,282.1263813594662
train,NORMAL,NORMAL2-IM-0993-0001.jpeg,JPEG,L,1846,1488,False,1,bc79aa8c5699,95.51785714285714,646188,2.746848,235.24709048334674
train,NORMAL,NORMAL2-IM-0994-0001.jpeg,JPEG,L,2373,2663,False,1,bc79aa8c5699,95.51785714285714,1992987,6.319299,315.38102564857275
train,NORMAL,NORMAL2-IM-0995-0001-0001.jpeg,JPEG,L,1172,967,False,1,bc79aa8c5699,95.51785714285714,360427,1.133324,318.0264425707035
train,NORMAL,NORMAL2-IM-0995-0001-0002.jpeg,JPEG,L,1692,1878,False,1,bc79aa8c5699,95.51785714285714,833891,3.177576,262.4299151302754
train,NORMAL,NORMAL2-IM-0995-0001.jpeg,JPEG,L,1774,1318,False,1,bc79aa8c5699,95.51785714285714,700814,2.338132,299.732435978807
train,NORMAL,NORMAL2-IM-0997-0001.jpeg,JPEG,L,1338,1102,False,1,bc79aa8c5699,95.51785714285714,383900,1.474476,260.3636817418527
train,NORMAL,NORMAL2-IM-0998-0001.jpeg,JPEG,L,1276,1059,False,1,bc79aa8c5699,95.51785714285714,344722,1.351284,255.1069945326075
train,NORMAL,NORMAL2-IM-0999-0001.jpeg,JPEG,L,1916,2059,False,1,bc79aa8c5699,95.51785714285714,880640,3.945044,223.22691457940644
train,NORMAL,NORMAL2-IM-1001-0001.jpeg,JPEG,L,1808,1665,False,1,bc79aa8c5699,95.51785714285714,806566,3.01032,267.93364160620797
train,NORMAL,NORMAL2-IM-1002-0001.jpeg,JPEG,L,1364,1090,False,1,bc79aa8c5699,95.51785714285714,367078,1.48676,246.89795259490432
train,NORMAL,NORMAL2-IM-1004-0001.jpeg,JPEG,L,1402,1117,False,1,bc79aa8c5699,95.51785714285714,407413,1.566034,260.1559097695197
train,NORMAL,NORMAL2-IM-1005-0001.jpeg,JPEG,L,1716,1569,False,1,bc79aa8c5699,95.51785714285714,685645,2.692404,254.6590333397217
train,NORMAL,NORMAL2-IM-1006-0001.jpeg,JPEG,L,1754,1352,False,1,bc79aa8c5699,95.51785714285714,644238,2.371408,271.66898315262495
train,NORMAL,NORMAL2-IM-1008-0001.jpeg,JPEG,L,1882,1329,False,1,bc79aa8c5699,95.51785714285714,518451,2.501178,207.28272837838813
train,NORMAL,NORMAL2-IM-1010-0001.jpeg,JPEG,L,1720,1348,False,1,bc79aa8c5699,95.51785714285714,574440,2.31856,247.75722862466358
train,NORMAL,NORMAL2-IM-1011-0001.jpeg,JPEG,L,1762,1391,False,1,bc79aa8c5699,95.51785714285714,593799,2.450942,242.27378697659918
train,NORMAL,NORMAL2-IM-1014-0001.jpeg,JPEG,L,1696,1542,False,1,bc79aa8c5699,95.51785714285714,678360,2.615232,259.3880772336833
train,NORMAL,NORMAL2-IM-1015-0001.jpeg,JPEG,L,1422,1066,False,1,bc79aa8c5699,95.51785714285714,426522,1.515852,281.3744349712241
train,NORMAL,NORMAL2-IM-1016-0001.jpeg,JPEG,L,1458,1233,False,1,bc79aa8c5699,95.51785714285714,449308,1.797714,249.9329704279991
train,NORMAL,NORMAL2-IM-1017-0001.jpeg,JPEG,L,1364,1067,False,1,bc79aa8c5699,95.51785714285714,405655,1.455388,278.7263602558218
train,NORMAL,NORMAL2-IM-1018-0001.jpeg,JPEG,L,2694,2625,False,1,bc79aa8c5699,95.51785714285714,2333158,7.07175,329.9265386926857
train,NORMAL,NORMAL2-IM-1019-0001.jpeg,JPEG,L,1414,1020,False,1,bc79aa8c5699,95.51785714285714,409021,1.44228,283.5933383254292
train,NORMAL,NORMAL2-IM-1020-0001-0001.jpeg,JPEG,L,1886,1357,False,1,bc79aa8c5699,95.51785714285714,543473,2.559302,212.35203973583418
train,NORMAL,NORMAL2-IM-1020-0001-0002.jpeg,JPEG,L,1870,1785,False,1,bc79aa8c5699,95.51785714285714,790277,3.33795,236.7551940562321
train,NORMAL,NORMAL2-IM-1020-0001.jpeg,JPEG,L,1720,1380,False,1,bc79aa8c5699,95.51785714285714,625950,2.3736,263.7133468149646
train,NORMAL,NORMAL2-IM-1022-0001.jpeg,JPEG,L,1804,1314,False,1,bc79aa8c5699,95.51785714285714,589621,2.370456,248.73737373737373
train,NORMAL,NORMAL2-IM-1023-0001.jpeg,JPEG,L,1974,1627,False,1,bc79aa8c5699,95.51785714285714,861164,3.211698,268.1335542756511
train,NORMAL,NORMAL2-IM-1024-0001.jpeg,JPEG,L,1974,2175,False,1,bc79aa8c5699,95.51785714285714,965894,4.29345,224.96919726560225
train,NORMAL,NORMAL2-IM-1025-0001.jpeg,JPEG,L,1740,1291,False,1,bc79aa8c5699,95.51785714285714,524725,2.24634,233.59108594424708
train,NORMAL,NORMAL2-IM-1026-0001.jpeg,JPEG,L,1836,1604,False,1,bc79aa8c5699,95.51785714285714,700924,2.944944,238.0092796331611
train,NORMAL,NORMAL2-IM-1027-0001.jpeg,JPEG,L,1372,1074,False,1,bc79aa8c5699,95.51785714285714,400818,1.473528,272.0124761796179
train,NORMAL,NORMAL2-IM-1028-0001.jpeg,JPEG,L,1850,1793,False,1,bc79aa8c5699,95.51785714285714,830504,3.31705,250.37427834973846
train,NORMAL,NORMAL2-IM-1030-0001.jpeg,JPEG,L,1646,1395,False,1,bc79aa8c5699,95.51785714285714,568577,2.29617,247.61973198848517
train,NORMAL,NORMAL2-IM-1033-0001.jpeg,JPEG,L,1530,1272,False,1,bc79aa8c5699,95.51785714285714,549649,1.94616,282.4274468697332
train,NORMAL,NORMAL2-IM-1035-0001.jpeg,JPEG,L,1812,1446,False,1,bc79aa8c5699,95.51785714285714,618719,2.620152,236.13859043292146
train,NORMAL,NORMAL2-IM-1037-0001.jpeg,JPEG,L,1920,1854,False,1,bc79aa8c5699,95.51785714285714,851271,3.55968,239.14256337648325
train,NORMAL,NORMAL2-IM-1038-0001.jpeg,JPEG,L,2309,2601,False,1,bc79aa8c5699,95.51785714285714,2032211,6.005709,338.3798648918887
train,NORMAL,NORMAL2-IM-1039-0001.jpeg,JPEG,L,1384,1090,False,1,bc79aa8c5699,95.51785714285714,376686,1.50856,249.6990507503845
train,NORMAL,NORMAL2-IM-1040-0001.jpeg,JPEG,L,1318,951,False,1,bc79aa8c5699,95.51785714285714,366425,1.253418,292.340623798286
train,NORMAL,NORMAL2-IM-1041-0001.jpeg,JPEG,L,1654,1541,False,1,bc79aa8c5699,95.51785714285714,583730,2.548814,229.02024235585648
train,NORMAL,NORMAL2-IM-1043-0001.jpeg,JPEG,L,1804,1612,False,1,bc79aa8c5699,95.51785714285714,700012,2.908048,240.71542147860006
train,NORMAL,NORMAL2-IM-1044-0001.jpeg,JPEG,L,1458,1248,False,1,bc79aa8c5699,95.51785714285714,431628,1.819584,237.21246174949877
train,NORMAL,NORMAL2-IM-1045-0001.jpeg,JPEG,L,1426,1067,False,1,bc79aa8c5699,95.51785714285714,443875,1.521542,291.72707687332985
train,NORMAL,NORMAL2-IM-1046-0001.jpeg,JPEG,L,1542,1461,False,1,bc79aa8c5699,95.51785714285714,640450,2.252862,284.28283667619235
train,NORMAL,NORMAL2-IM-1047-0001.jpeg,JPEG,L,1596,1233,False,1,bc79aa8c5699,95.51785714285714,557598,1.967868,283.3513223447914
train,NORMAL,NORMAL2-IM-1048-0001.jpeg,JPEG,L,1496,1012,False,1,bc79aa8c5699,95.51785714285714,361287,1.513952,238.638345205132
train,NORMAL,NORMAL2-IM-1049-0001.jpeg,JPEG,L,1812,1627,False,1,bc79aa8c5699,95.51785714285714,721710,2.948124,244.8031358246804
train,NORMAL,NORMAL2-IM-1050-0001.jpeg,JPEG,L,2564,2519,False,1,bc79aa8c5699,95.51785714285714,2296542,6.458716,355.5725317539895
train,NORMAL,NORMAL2-IM-1051-0001.jpeg,JPEG,L,1400,1125,False,1,bc79aa8c5699,95.51785714285714,444409,1.575,282.1644444444444
train,NORMAL,NORMAL2-IM-1052-0001.jpeg,JPEG,L,2340,2431,False,1,bc79aa8c5699,95.51785714285714,1847931,5.68854,324.8515436298242
train,NORMAL,NORMAL2-IM-1053-0001.jpeg,JPEG,L,1692,1372,False,1,bc79aa8c5699,95.51785714285714,542141,2.321424,233.53812142891604
train,NORMAL,NORMAL2-IM-1054-0001.jpeg,JPEG,L,1468,1163,False,1,bc79aa8c5699,95.51785714285714,427814,1.707284,250.58162555263215
train,NORMAL,NORMAL2-IM-1055-0001.jpeg,JPEG,L,2126,1345,False,1,bc79aa8c5699,95.51785714285714,841836,2.85947,294.4028089121411
train,NORMAL,NORMAL2-IM-1056-0001.jpeg,JPEG,L,1422,1067,False,1,bc79aa8c5699,95.51785714285714,366112,1.517274,241.29590304717541
train,NORMAL,NORMAL2-IM-1058-0001.jpeg,JPEG,L,1608,1469,False,1,bc79aa8c5699,95.51785714285714,583641,2.362152,247.0802048301718
train,NORMAL,NORMAL2-IM-1059-0001.jpeg,JPEG,L,1592,1337,False,1,bc79aa8c5699,95.51785714285714,532431,2.128504,250.14329312982267
train,NORMAL,NORMAL2-IM-1060-0001.jpeg,JPEG,L,1546,1271,False,1,bc79aa8c5699,95.51785714285714,668625,1.964966,340.2730632489315
train,NORMAL,NORMAL2-IM-1062-0001.jpeg,JPEG,L,1805,1421,False,1,bc79aa8c5699,95.51785714285714,985931,2.564905,384.39279427503163
train,NORMAL,NORMAL2-IM-1064-0001.jpeg,JPEG,L,1880,1552,False,1,8150a566ea61,89.18831168831169,277398,2.91776,95.07224720333407
train,NORMAL,NORMAL2-IM-1067-0001-0001.jpeg,JPEG,L,1304,968,False,1,8150a566ea61,89.18831168831169,147440,1.262272,116.80525275059574
train,NORMAL,NORMAL2-IM-1067-0001.jpeg,JPEG,L,1416,1160,False,1,8150a566ea61,89.18831168831169,153006,1.64256,93.15093512565751
train,NORMAL,NORMAL2-IM-1073-0001.jpeg,JPEG,L,1568,1560,False,1,8150a566ea61,89.18831168831169,275983,2.44608,112.82664508110938
train,NORMAL,NORMAL2-IM-1084-0001.jpeg,JPEG,L,1360,1128,False,1,8150a566ea61,89.18831168831169,173181,1.53408,112.88915832290363
train,NORMAL,NORMAL2-IM-1086-0001.jpeg,JPEG,L,1288,1008,False,1,84d411bec87f,91.82745825602969,263290,1.298304,202.79533915015284
train,NORMAL,NORMAL2-IM-1088-0001.jpeg,JPEG,L,1546,1152,False,1,bc79aa8c5699,95.51785714285714,425868,1.780992,239.1184238896076
train,NORMAL,NORMAL2-IM-1089-0001.jpeg,JPEG,L,1350,1152,False,1,bc79aa8c5699,95.51785714285714,428684,1.5552,275.6455761316873
train,NORMAL,NORMAL2-IM-1090-0001.jpeg,JPEG,L,1740,1541,False,1,bc79aa8c5699,95.51785714285714,659011,2.68134,245.7767384964234
train,NORMAL,NORMAL2-IM-1091-0001.jpeg,JPEG,L,1512,1164,False,1,bc79aa8c5699,95.51785714285714,433272,1.759968,246.18174875906834
train,NORMAL,NORMAL2-IM-1093-0001.jpeg,JPEG,L,1422,1186,False,1,bc79aa8c5699,95.51785714285714,477911,1.686492,283.3757883227433
train,NORMAL,NORMAL2-IM-1094-0001-0001.jpeg,JPEG,L,1638,1634,False,1,bc79aa8c5699,95.51785714285714,662733,2.676492,247.61254657215486
train,NORMAL,NORMAL2-IM-1094-0001-0002.jpeg,JPEG,L,1674,1337,False,1,bc79aa8c5699,95.51785714285714,491834,2.238138,219.75141836651716
train,NORMAL,NORMAL2-IM-1094-0001.jpeg,JPEG,L,1522,1256,False,1,bc79aa8c5699,95.51785714285714,494119,1.911632,258.48018865555713
train,NORMAL,NORMAL2-IM-1096-0001-0001.jpeg,JPEG,L,1674,1291,False,1,bc79aa8c5699,95.51785714285714,535916,2.161134,247.9790702473794
train,NORMAL,NORMAL2-IM-1096-0001-0003.jpeg,JPEG,L,1840,1511,False,1,bc79aa8c5699,95.51785714285714,658650,2.78024,236.90400828705435
train,NORMAL,NORMAL2-IM-1096-0001.jpeg,JPEG,L,1580,1329,False,1,bc79aa8c5699,95.51785714285714,515537,2.09982,245.5148536541228
train,NORMAL,NORMAL2-IM-1098-0001.jpeg,JPEG,L,1732,1267,False,1,bc79aa8c5699,95.51785714285714,598301,2.194444,272.64354888983274
train,NORMAL,NORMAL2-IM-1100-0001.jpeg,JPEG,L,2098,1770,False,1,bc79aa8c5699,95.51785714285714,877178,3.71346,236.21582028620207
train,NORMAL,NORMAL2-IM-1102-0001-0001.jpeg,JPEG,L,2114,1758,False,1,bc79aa8c5699,95.51785714285714,973572,3.716412,261.96557324645386
train,NORMAL,NORMAL2-IM-1102-0001-0002.jpeg,JPEG,L,1230,1136,False,1,bc79aa8c5699,95.51785714285714,437091,1.39728,312.8156131913432
train,NORMAL,NORMAL2-IM-1102-0001.jpeg,JPEG,L,1790,1441,False,1,bc79aa8c5699,95.51785714285714,611659,2.57939,237.1331981592547
train,NORMAL,NORMAL2-IM-1103-0001-0001.jpeg,JPEG,L,1418,1360,False,1,bc79aa8c5699,95.51785714285714,480958,1.92848,249.39745291628643
train,NORMAL,NORMAL2-IM-1104-0001.jpeg,JPEG,L,2268,1959,False,1,bc79aa8c5699,95.51785714285714,1065669,4.443012,239.85282956696943
train,NORMAL,NORMAL2-IM-1105-0001.jpeg,JPEG,L,1248,936,False,1,bc79aa8c5699,95.51785714285714,403292,1.168128,345.24641135218053
train,NORMAL,NORMAL2-IM-1106-0001.jpeg,JPEG,L,1778,1542,False,1,bc79aa8c5699,95.51785714285714,752378,2.741676,274.4226524213656
train,NORMAL,NORMAL2-IM-1108-0001.jpeg,JPEG,L,1620,1310,False,1,bc79aa8c5699,95.51785714285714,545082,2.1222,256.84761096974836
train,NORMAL,NORMAL2-IM-1109-0001.jpeg,JPEG,L,1500,1268,False,1,bc79aa8c5699,95.51785714285714,478396,1.902,251.5226077812829
train,NORMAL,NORMAL2-IM-1110-0001.jpeg,JPEG,L,1902,1665,False,1,bc79aa8c5699,95.51785714285714,673595,3.16683,212.70323951711964
train,NORMAL,NORMAL2-IM-1111-0001.jpeg,JPEG,L,1496,1201,False,1,bc79aa8c5699,95.51785714285714,493600,1.796696,274.72649797183277
train,NORMAL,NORMAL2-IM-1112-0001.jpeg,JPEG,L,2148,1820,False,1,bc79aa8c5699,95.51785714285714,906789,3.90936,231.9533120510774
train,NORMAL,NORMAL2-IM-1113-0001.jpeg,JPEG,L,2128,1630,False,1,bc79aa8c5699,95.51785714285714,807613,3.46864,232.8327528945062
train,NORMAL,NORMAL2-IM-1114-0001.jpeg,JPEG,L,1570,1286,False,1,bc79aa8c5699,95.51785714285714,532102,2.01902,263.5446899981179
train,NORMAL,NORMAL2-IM-1116-0001-0001.jpeg,JPEG,L,2272,1989,False,1,bc79aa8c5699,95.51785714285714,1066206,4.519008,235.93806428313468
train,NORMAL,NORMAL2-IM-1116-0001-0002.jpeg,JPEG,L,1940,1761,False,1,bc79aa8c5699,95.51785714285714,843243,3.41634,246.82642828289926
train,NORMAL,NORMAL2-IM-1116-0001.jpeg,JPEG,L,1878,1654,False,1,bc79aa8c5699,95.51785714285714,755371,3.106212,243.1807616479493
train,NORMAL,NORMAL2-IM-1117-0001.jpeg,JPEG,L,1466,1265,False,1,bc79aa8c5699,95.51785714285714,653104,1.85449,352.1744522752887
train,NORMAL,NORMAL2-IM-1118-0001.jpeg,JPEG,L,1304,1028,False,1,bc79aa8c5699,95.51785714285714,404220,1.340512,301.5415005609797
train,NORMAL,NORMAL2-IM-1120-0001.jpeg,JPEG,L,1500,1113,False,1,bc79aa8c5699,95.51785714285714,497101,1.6695,297.7544174902666
train,NORMAL,NORMAL2-IM-1122-0001.jpeg,JPEG,L,1624,1410,False,1,bc79aa8c5699,95.51785714285714,554306,2.28984,242.07193515704157
train,NORMAL,NORMAL2-IM-1123-0001.jpeg,JPEG,L,1384,950,False,1,bc79aa8c5699,95.51785714285714,390152,1.3148,296.7386674779434
train,NORMAL,NORMAL2-IM-1124-0001.jpeg,JPEG,L,1687,1595,False,1,bc79aa8c5699,95.51785714285714,912126,2.690765,338.98389491464326
train,NORMAL,NORMAL2-IM-1125-0001.jpeg,JPEG,L,1828,1704,False,1,bc79aa8c5699,95.51785714285714,778839,3.114912,250.03563503559653
train,NORMAL,NORMAL2-IM-1126-0001.jpeg,JPEG,L,1580,1410,False,1,bc79aa8c5699,95.51785714285714,659149,2.2278,295.8744052428405
train,NORMAL,NORMAL2-IM-1127-0001.jpeg,JPEG,L,1654,1291,False,1,bc79aa8c5699,95.51785714285714,498228,2.135314,233.32774477196327
train,NORMAL,NORMAL2-IM-1128-0001-0001.jpeg,JPEG,L,1860,1569,False,1,bc79aa8c5699,95.51785714285714,836936,2.91834,286.7849530897702
train,NORMAL,NORMAL2-IM-1128-0001-0002.jpeg,JPEG,L,1414,1164,False,1,bc79aa8c5699,95.51785714285714,428305,1.645896,260.226041013527
train,NORMAL,NORMAL2-IM-1128-0001.jpeg,JPEG,L,1666,1290,False,1,bc79aa8c5699,95.51785714285714,501928,2.14914,233.5483030421471
train,NORMAL,NORMAL2-IM-1130-0001.jpeg,JPEG,L,2056,1793,False,1,bc79aa8c5699,95.51785714285714,894213,3.686408,242.57027437006428
train,NORMAL,NORMAL2-IM-1131-0001.jpeg,JPEG,L,1716,1353,False,1,bc79aa8c5699,95.51785714285714,612818,2.321748,263.9468193791919
train,NORMAL,NORMAL2-IM-1132-0001.jpeg,JPEG,L,1500,1194,False,1,bc79aa8c5699,95.51785714285714,448551,1.791,250.44723618090453
train,NORMAL,NORMAL2-IM-1134-0001.jpeg,JPEG,L,1724,1410,False,1,bc79aa8c5699,95.51785714285714,572381,2.43084,235.46634085336757
train,NORMAL,NORMAL2-IM-1135-0001.jpeg,JPEG,L,1550,1194,False,1,bc79aa8c5699,95.51785714285714,536609,1.8507,289.94920840762956
train,NORMAL,NORMAL2-IM-1136-0001.jpeg,JPEG,L,1778,1473,False,1,bc79aa8c5699,95.51785714285714,655585,2.618994,250.3193974480278
train,NORMAL,NORMAL2-IM-1138-0001.jpeg,JPEG,L,1778,1356,False,1,bc79aa8c5699,95.51785714285714,565849,2.410968,234.69784750357536
train,NORMAL,NORMAL2-IM-1141-0001.jpeg,JPEG,L,1824,1090,False,1,bc79aa8c5699,95.51785714285714,496433,1.98816,249.69469258007405
train,NORMAL,NORMAL2-IM-1142-0001-0001.jpeg,JPEG,L,1604,1442,False,1,bc79aa8c5699,95.51785714285714,627907,2.312968,271.47241120499723
train,NORMAL,NORMAL2-IM-1142-0001-0002.jpeg,JPEG,L,1516,1283,False,1,bc79aa8c5699,95.51785714285714,529363,1.945028,272.16214882253627
train,NORMAL,NORMAL2-IM-1142-0001.jpeg,JPEG,L,1666,1433,False,1,bc79aa8c5699,95.51785714285714,599970,2.387378,251.3091768458954
train,NORMAL,NORMAL2-IM-1144-0001.jpeg,JPEG,L,1682,1241,False,1,bc79aa8c5699,95.51785714285714,573511,2.087362,274.75397175957016
train,NORMAL,NORMAL2-IM-1145-0001.jpeg,JPEG,L,1376,967,False,1,bc79aa8c5699,95.51785714285714,370286,1.330592,278.28665736754766
train,NORMAL,NORMAL2-IM-1147-0001.jpeg,JPEG,L,1890,1615,False,1,bc79aa8c5699,95.51785714285714,619866,3.05235,203.078283945157
train,NORMAL,NORMAL2-IM-1148-0001.jpeg,JPEG,L,1852,1453,False,1,bc79aa8c5699,95.51785714285714,637471,2.690956,236.8938771202502
train,NORMAL,NORMAL2-IM-1149-0001.jpeg,JPEG,L,1098,955,False,1,bc79aa8c5699,95.51785714285714,313904,1.04859,299.3581857542033
train,NORMAL,NORMAL2-IM-1150-0001.jpeg,JPEG,L,1696,1310,False,1,bc79aa8c5699,95.51785714285714,576950,2.22176,259.681513754861
train,NORMAL,NORMAL2-IM-1151-0001.jpeg,JPEG,L,1640,1469,False,1,bc79aa8c5699,95.51785714285714,614308,2.40916,254.98846070829666
train,NORMAL,NORMAL2-IM-1152-0001-0001.jpeg,JPEG,L,1636,1433,False,1,bc79aa8c5699,95.51785714285714,587213,2.344388,250.47603041817308
train,NORMAL,NORMAL2-IM-1152-0001-0002.jpeg,JPEG,L,1562,1133,False,1,bc79aa8c5699,95.51785714285714,422284,1.769746,238.61277268037333
train,NORMAL,NORMAL2-IM-1152-0001.jpeg,JPEG,L,1472,1175,False,1,bc79aa8c5699,95.51785714285714,461430,1.7296,266.78422756706755
train,NORMAL,NORMAL2-IM-1153-0001.jpeg,JPEG,L,1628,1283,False,1,bc79aa8c5699,95.51785714285714,517354,2.088724,247.6890197077259
train,NORMAL,NORMAL2-IM-1154-0001-0001.jpeg,JPEG,L,2026,1468,False,1,bc79aa8c5699,95.51785714285714,671508,2.974168,225.78011733029203
train,NORMAL,NORMAL2-IM-1154-0001-0002.jpeg,JPEG,L,1644,1487,False,1,bc79aa8c5699,95.51785714285714,607479,2.444628,248.4954766123926
train,NORMAL,NORMAL2-IM-1154-0001.jpeg,JPEG,L,1744,1422,False,1,bc79aa8c5699,95.51785714285714,653039,2.479968,263.32557516871185
train,NORMAL,NORMAL2-IM-1155-0001.jpeg,JPEG,L,1364,1114,False,1,bc79aa8c5699,95.51785714285714,441126,1.519496,290.31073461200293
train,NORMAL,NORMAL2-IM-1156-0001.jpeg,JPEG,L,1592,1148,False,1,bc79aa8c5699,95.51785714285714,423010,1.827616,231.45452874126732
train,NORMAL,NORMAL2-IM-1157-0001.jpeg,JPEG,L,1306,994,False,1,bc79aa8c5699,95.51785714285714,399871,1.298164,308.02810738858875
train,NORMAL,NORMAL2-IM-1158-0001.jpeg,JPEG,L,1716,1504,False,1,bc79aa8c5699,95.51785714285714,607282,2.580864,235.3018214055448
train,NORMAL,NORMAL2-IM-1160-0001.jpeg,JPEG,L,2091,2326,False,1,bc79aa8c5699,95.51785714285714,1653774,4.863666,340.0262271299057
train,NORMAL,NORMAL2-IM-1161-0001.jpeg,JPEG,L,1600,1380,False,1,bc79aa8c5699,95.51785714285714,587384,2.208,266.02536231884056
train,NORMAL,NORMAL2-IM-1162-0001.jpeg,JPEG,L,1670,1348,False,1,bc79aa8c5699,95.51785714285714,592785,2.25116,263.3242417242666
train,NORMAL,NORMAL2-IM-1163-0001.jpeg,JPEG,L,1616,1283,False,1,bc79aa8c5699,95.51785714285714,581699,2.073328,280.56294035483046
train,NORMAL,NORMAL2-IM-1164-0001.jpeg,JPEG,L,1492,1190,False,1,bc79aa8c5699,95.51785714285714,445185,1.77548,250.74064478338252
train,NORMAL,NORMAL2-IM-1167-0001.jpeg,JPEG,L,1870,1638,False,1,bc79aa8c5699,95.51785714285714,801423,3.06306,261.64129987659396
train,NORMAL,NORMAL2-IM-1168-0001.jpeg,JPEG,L,1982,1603,False,1,bc79aa8c5699,95.51785714285714,716717,3.177146,225.5851635398562
train,NORMAL,NORMAL2-IM-1169-0001.jpeg,JPEG,L,1782,1433,False,1,bc79aa8c5699,95.51785714285714,629185,2.553606,246.39079012189038
train,NORMAL,NORMAL2-IM-1170-0001.jpeg,JPEG,L,1666,1360,False,1,bc79aa8c5699,95.51785714285714,653457,2.26576,288.4052150271873
train,NORMAL,NORMAL2-IM-1171-0001.jpeg,JPEG,L,1790,1600,False,1,bc79aa8c5699,95.51785714285714,723768,2.864,252.7122905027933
train,NORMAL,NORMAL2-IM-1173-0001.jpeg,JPEG,L,1310,1306,False,1,bc79aa8c5699,95.51785714285714,593020,1.71086,346.62099762692446
train,NORMAL,NORMAL2-IM-1174-0001.jpeg,JPEG,L,1716,1523,False,1,bc79aa8c5699,95.51785714285714,635381,2.613468,243.11795667672226
train,NORMAL,NORMAL2-IM-1175-0001.jpeg,JPEG,L,1516,1291,False,1,bc79aa8c5699,95.51785714285714,497862,1.957156,254.38033554811167
train,NORMAL,NORMAL2-IM-1176-0001.jpeg,JPEG,L,2362,2187,False,1,bc79aa8c5699,95.51785714285714,1229508,5.165694,238.01409839607223
train,NORMAL,NORMAL2-IM-1177-0001.jpeg,JPEG,L,1518,1310,False,1,bc79aa8c5699,95.51785714285714,508313,1.98858,255.6160677468344
train,NORMAL,NORMAL2-IM-1178-0001.jpeg,JPEG,L,1588,1438,False,1,bc79aa8c5699,95.51785714285714,556958,2.283544,243.90070872293242
train,NORMAL,NORMAL2-IM-1179-0001.jpeg,JPEG,L,1742,1372,False,1,bc79aa8c5699,95.51785714285714,666243,2.390024,278.75996224305703
train,NORMAL,NORMAL2-IM-1180-0001.jpeg,JPEG,L,1696,1287,False,1,bc79aa8c5699,95.51785714285714,569503,2.182752,260.9105386228028
train,NORMAL,NORMAL2-IM-1181-0001.jpeg,JPEG,L,1862,1441,False,1,bc79aa8c5699,95.51785714285714,636538,2.683142,237.23604639635172
train,NORMAL,NORMAL2-IM-1182-0001.jpeg,JPEG,L,1716,1225,False,1,bc79aa8c5699,95.51785714285714,506902,2.1021,241.14076399790684
train,NORMAL,NORMAL2-IM-1183-0001.jpeg,JPEG,L,1836,1592,False,1,bc79aa8c5699,95.51785714285714,701747,2.922912,240.08488794736206
train,NORMAL,NORMAL2-IM-1184-0001.jpeg,JPEG,L,1464,1205,False,1,bc79aa8c5699,95.51785714285714,402248,1.76412,228.01623472326148
train,NORMAL,NORMAL2-IM-1185-0001.jpeg,JPEG,L,1754,1499,False,1,bc79aa8c5699,95.51785714285714,625585,2.629246,237.93323256933738
train,NORMAL,NORMAL2-IM-1187-0001.jpeg,JPEG,L,1692,1360,False,1,bc79aa8c5699,95.51785714285714,538468,2.30112,234.00257266026975
train,NORMAL,NORMAL2-IM-1188-0001.jpeg,JPEG,L,2078,2067,False,1,bc79aa8c5699,95.51785714285714,1009756,4.295226,235.08797907257963
train,NORMAL,NORMAL2-IM-1189-0001.jpeg,JPEG,L,1306,1047,False,1,bc79aa8c5699,95.51785714285714,382484,1.367382,279.71993195756556
train,NORMAL,NORMAL2-IM-1190-0001.jpeg,JPEG,L,1746,1576,False,1,bc79aa8c5699,95.51785714285714,671750,2.751696,244.12217047231962
train,NORMAL,NORMAL2-IM-1191-0001.jpeg,JPEG,L,1616,1187,False,1,bc79aa8c5699,95.51785714285714,500425,1.918192,260.88368630460354
train,NORMAL,NORMAL2-IM-1192-0001.jpeg,JPEG,L,1882,1418,False,1,bc79aa8c5699,95.51785714285714,585903,2.668676,219.54819543473994
train,NORMAL,NORMAL2-IM-1194-0001.jpeg,JPEG,L,1350,1090,False,1,bc79aa8c5699,95.51785714285714,439842,1.4715,298.9072375127421
train,NORMAL,NORMAL2-IM-1196-0001.jpeg,JPEG,L,1898,1804,False,1,bc79aa8c5699,95.51785714285714,807771,3.423992,235.91497877331486
train,NORMAL,NORMAL2-IM-1197-0001.jpeg,JPEG,L,1608,1348,False,1,bc79aa8c5699,95.51785714285714,538991,2.167584,248.65979819005858
train,NORMAL,NORMAL2-IM-1198-0001.jpeg,JPEG,L,2040,2059,False,1,bc79aa8c5699,95.51785714285714,1020377,4.20036,242.92608252625965
train,NORMAL,NORMAL2-IM-1200-0001.jpeg,JPEG,L,1828,1781,False,1,bc79aa8c5699,95.51785714285714,760504,3.255668,233.59384310685243
train,NORMAL,NORMAL2-IM-1201-0001.jpeg,JPEG,L,1636,1218,False,1,bc79aa8c5699,95.51785714285714,519371,1.992648,260.64362596906227
train,NORMAL,NORMAL2-IM-1202-0001.jpeg,JPEG,L,1898,1565,False,1,bc79aa8c5699,95.51785714285714,719554,2.97037,242.24389554163287
train,NORMAL,NORMAL2-IM-1203-0001.jpeg,JPEG,L,1376,1105,False,1,bc79aa8c5699,95.51785714285714,419821,1.52048,276.11083342102495
train,NORMAL,NORMAL2-IM-1204-0001.jpeg,JPEG,L,1592,1392,False,1,bc79aa8c5699,95.51785714285714,565158,2.216064,255.02783313117314
train,NORMAL,NORMAL2-IM-1205-0001.jpeg,JPEG,L,1558,1167,False,1,bc79aa8c5699,95.51785714285714,468179,1.818186,257.4978577549271
train,NORMAL,NORMAL2-IM-1206-0001.jpeg,JPEG,L,1692,1245,False,1,bc79aa8c5699,95.51785714285714,555139,2.10654,263.5311933312446
train,NORMAL,NORMAL2-IM-1209-0001.jpeg,JPEG,L,1434,978,False,1,bc79aa8c5699,95.51785714285714,388352,1.402452,276.909298856574
train,NORMAL,NORMAL2-IM-1214-0001.jpeg,JPEG,L,1392,1232,False,1,8150a566ea61,89.18831168831169,195543,1.714944,114.02296518137035
train,NORMAL,NORMAL2-IM-1218-0001.jpeg,JPEG,L,1982,1751,False,1,bc79aa8c5699,95.51785714285714,834503,3.470482,240.45737739022996
train,NORMAL,NORMAL2-IM-1219-0001.jpeg,JPEG,L,2566,1909,False,1,bc79aa8c5699,95.51785714285714,1127759,4.898494,230.22565711012405
train,NORMAL,NORMAL2-IM-1220-0001.jpeg,JPEG,L,1596,1510,False,1,bc79aa8c5699,95.51785714285714,596127,2.40996,247.3597072150575
train,NORMAL,NORMAL2-IM-1221-0001.jpeg,JPEG,L,1500,1206,False,1,bc79aa8c5699,95.51785714285714,495058,1.809,273.66390270867885
train,NORMAL,NORMAL2-IM-1222-0001.jpeg,JPEG,L,1364,1148,False,1,bc79aa8c5699,95.51785714285714,388508,1.565872,248.1096794629446
train,NORMAL,NORMAL2-IM-1223-0001.jpeg,JPEG,L,1716,1530,False,1,bc79aa8c5699,95.51785714285714,645487,2.62548,245.85485320779438
train,NORMAL,NORMAL2-IM-1224-0001.jpeg,JPEG,L,1786,1360,False,1,bc79aa8c5699,95.51785714285714,563945,2.42896,232.17549897898692
train,NORMAL,NORMAL2-IM-1225-0001.jpeg,JPEG,L,1676,1129,False,1,bc79aa8c5699,95.51785714285714,501152,1.892204,264.85093573420204
train,NORMAL,NORMAL2-IM-1226-0001.jpeg,JPEG,L,1902,1608,False,1,bc79aa8c5699,95.51785714285714,753293,3.058416,246.30168034695086
train,NORMAL,NORMAL2-IM-1227-0001.jpeg,JPEG,L,1172,986,False,1,bc79aa8c5699,95.51785714285714,299225,1.155592,258.9365450781937
train,NORMAL,NORMAL2-IM-1228-0001.jpeg,JPEG,L,1306,994,False,1,bc79aa8c5699,95.51785714285714,361309,1.298164,278.3230778237572
train,NORMAL,NORMAL2-IM-1231-0001.jpeg,JPEG,L,1414,1167,False,1,bc79aa8c5699,95.51785714285714,495779,1.650138,300.446992918168
train,NORMAL,NORMAL2-IM-1232-0001.jpeg,JPEG,L,1302,927,False,1,bc79aa8c5699,95.51785714285714,292277,1.206954,242.16084457236977
train,NORMAL,NORMAL2-IM-1234-0001.jpeg,JPEG,L,2114,1681,False,1,bc79aa8c5699,95.51785714285714,856249,3.553634,240.9502498006266
train,NORMAL,NORMAL2-IM-1236-0001.jpeg,JPEG,L,1886,1573,False,1,bc79aa8c5699,95.51785714285714,633228,2.966678,213.44682503460098
train,NORMAL,NORMAL2-IM-1237-0001.jpeg,JPEG,L,1762,1341,False,1,bc79aa8c5699,95.51785714285714,555548,2.362842,235.11855638252578
train,NORMAL,NORMAL2-IM-1240-0001.jpeg,JPEG,L,1570,1460,False,1,bc79aa8c5699,95.51785714285714,614758,2.2922,268.195619928453
train,NORMAL,NORMAL2-IM-1241-0001.jpeg,JPEG,L,1056,792,False,1,bc79aa8c5699,95.51785714285714,200137,0.836352,239.29756848790942
train,NORMAL,NORMAL2-IM-1242-0001.jpeg,JPEG,L,1354,1078,False,1,bc79aa8c5699,95.51785714285714,404247,1.459612,276.9551086179067
train,NORMAL,NORMAL2-IM-1243-0001.jpeg,JPEG,L,2024,1963,False,1,bc79aa8c5699,95.51785714285714,1016042,3.973112,255.72951379170786
train,NORMAL,NORMAL2-IM-1244-0001.jpeg,JPEG,L,1362,1093,False,1,bc79aa8c5699,95.51785714285714,389451,1.488666,261.6107306810258
train,NORMAL,NORMAL2-IM-1245-0001.jpeg,JPEG,L,1422,1402,False,1,bc79aa8c5699,95.51785714285714,477226,1.993644,239.373729713028
train,NORMAL,NORMAL2-IM-1247-0001.jpeg,JPEG,L,1316,1067,False,1,bc79aa8c5699,95.51785714285714,518768,1.404172,369.447617528337
train,NORMAL,NORMAL2-IM-1250-0001.jpeg,JPEG,L,1416,992,False,1,8150a566ea61,89.18831168831169,156380,1.404672,111.32848095498451
train,NORMAL,NORMAL2-IM-1252-0001.jpeg,JPEG,L,1873,1764,False,1,bc79aa8c5699,95.51785714285714,1030413,3.303972,311.87098437880223
train,NORMAL,NORMAL2-IM-1253-0001.jpeg,JPEG,L,1522,1090,False,1,bc79aa8c5699,95.51785714285714,433940,1.65898,261.57036251190493
train,NORMAL,NORMAL2-IM-1254-0001.jpeg,JPEG,L,1828,1515,False,1,bc79aa8c5699,95.51785714285714,695897,2.76942,251.278968159398
train,NORMAL,NORMAL2-IM-1256-0001.jpeg,JPEG,L,1720,1465,False,1,bc79aa8c5699,95.51785714285714,623435,2.5198,247.41447733947138
train,NORMAL,NORMAL2-IM-1257-0001.jpeg,JPEG,L,2916,2583,False,1,bc79aa8c5699,95.51785714285714,2414342,7.532028,320.54341805420796
train,NORMAL,NORMAL2-IM-1258-0001-0001.jpeg,JPEG,L,2048,1882,False,1,bc79aa8c5699,95.51785714285714,978842,3.854336,253.9586585082359
train,NORMAL,NORMAL2-IM-1258-0001-0002.jpeg,JPEG,L,1654,1446,False,1,bc79aa8c5699,95.51785714285714,648675,2.391684,271.2210308719713
train,NORMAL,NORMAL2-IM-1258-0001.jpeg,JPEG,L,2482,2570,False,1,bc79aa8c5699,95.51785714285714,2140883,6.37874,335.6278826225869
train,NORMAL,NORMAL2-IM-1260-0001.jpeg,JPEG,L,1854,1495,False,1,bc79aa8c5699,95.51785714285714,647301,2.77173,233.53681635657156
train,NORMAL,NORMAL2-IM-1261-0001.jpeg,JPEG,L,1682,1380,False,1,bc79aa8c5699,95.51785714285714,655801,2.32116,282.5315790380672
train,NORMAL,NORMAL2-IM-1262-0001.jpeg,JPEG,L,1392,1148,False,1,bc79aa8c5699,95.51785714285714,410168,1.598016,256.6732748608274
train,NORMAL,NORMAL2-IM-1264-0001.jpeg,JPEG,L,1206,978,False,1,bc79aa8c5699,95.51785714285714,294947,1.179468,250.06782718988563
train,NORMAL,NORMAL2-IM-1266-0001-0001.jpeg,JPEG,L,1654,1171,False,1,bc79aa8c5699,95.51785714285714,494973,1.936834,255.5577814102809
train,NORMAL,NORMAL2-IM-1266-0001-0002.jpeg,JPEG,L,1562,1156,False,1,bc79aa8c5699,95.51785714285714,435414,1.805672,241.13681776092224
train,NORMAL,NORMAL2-IM-1266-0001.jpeg,JPEG,L,1686,1337,False,1,bc79aa8c5699,95.51785714285714,562603,2.254182,249.58188824149954
train,NORMAL,NORMAL2-IM-1267-0001.jpeg,JPEG,L,1920,1708,False,1,bc79aa8c5699,95.51785714285714,867528,3.27936,264.54186182669787
train,NORMAL,NORMAL2-IM-1269-0001-0001.jpeg,JPEG,L,1902,1499,False,1,bc79aa8c5699,95.51785714285714,703836,2.851098,246.86489205211467
train,NORMAL,NORMAL2-IM-1269-0001-0002.jpeg,JPEG,L,1372,1047,False,1,bc79aa8c5699,95.51785714285714,322111,1.436484,224.23570328663595
train,NORMAL,NORMAL2-IM-1269-0001.jpeg,JPEG,L,1464,1164,False,1,bc79aa8c5699,95.51785714285714,483978,1.704096,284.00864740014646
train,NORMAL,NORMAL2-IM-1270-0001.jpeg,JPEG,L,1246,951,False,1,bc79aa8c5699,95.51785714285714,305832,1.184946,258.09783736980415
train,NORMAL,NORMAL2-IM-1271-0001.jpeg,JPEG,L,2414,1731,False,1,bc79aa8c5699,95.51785714285714,1166868,4.178634,279.2462800044225
train,NORMAL,NORMAL2-IM-1272-0001.jpeg,JPEG,L,1738,1296,False,1,bc79aa8c5699,95.51785714285714,541340,2.252448,240.33407208512696
train,NORMAL,NORMAL2-IM-1273-0001.jpeg,JPEG,L,1484,993,False,1,bc79aa8c5699,95.51785714285714,384977,1.473612,261.24719396964736
train,NORMAL,NORMAL2-IM-1274-0001.jpeg,JPEG,L,1322,1125,False,1,bc79aa8c5699,95.51785714285714,390544,1.48725,262.5947218019835
train,NORMAL,NORMAL2-IM-1275-0001.jpeg,JPEG,L,1740,1735,False,1,bc79aa8c5699,95.51785714285714,1070935,3.0189,354.743449600848
train,NORMAL,NORMAL2-IM-1276-0001.jpeg,JPEG,L,1990,1666,False,1,bc79aa8c5699,95.51785714285714,855793,3.31534,258.13129271809225
train,NORMAL,NORMAL2-IM-1277-0001-0001.jpeg,JPEG,L,1514,1152,False,1,bc79aa8c5699,95.51785714285714,421972,1.744128,241.93866505210627
train,NORMAL,NORMAL2-IM-1277-0001-0002.jpeg,JPEG,L,1742,1422,False,1,bc79aa8c5699,95.51785714285714,673508,2.477124,271.89111243522734
train,NORMAL,NORMAL2-IM-1277-0001.jpeg,JPEG,L,1724,1248,False,1,bc79aa8c5699,95.51785714285714,578370,2.151552,268.8152552204176
train,NORMAL,NORMAL2-IM-1278-0001.jpeg,JPEG,L,1570,1318,False,1,bc79aa8c5699,95.51785714285714,552949,2.06926,267.220648927636
train,NORMAL,NORMAL2-IM-1279-0001.jpeg,JPEG,L,1956,1476,False,1,bc79aa8c5699,95.51785714285714,731411,2.887056,253.341466185623
train,NORMAL,NORMAL2-IM-1280-0001.jpeg,JPEG,L,1720,1449,False,1,bc79aa8c5699,95.51785714285714,697945,2.49228,280.0427720801836
train,NORMAL,NORMAL2-IM-1281-0001.jpeg,JPEG,L,1766,1468,False,1,bc79aa8c5699,95.51785714285714,637016,2.592488,245.71608431745875
train,NORMAL,NORMAL2-IM-1282-0001.jpeg,JPEG,L,1480,1302,False,1,bc79aa8c5699,95.51785714285714,509105,1.92696,264.2011250882219
train,NORMAL,NORMAL2-IM-1285-0001.jpeg,JPEG,L,1962,2169,False,1,bc79aa8c5699,95.51785714285714,1022529,4.255578,240.27969878592285
train,NORMAL,NORMAL2-IM-1286-0001.jpeg,JPEG,L,1526,1356,False,1,bc79aa8c5699,95.51785714285714,523303,2.069256,252.89427697684576
train,NORMAL,NORMAL2-IM-1287-0001.jpeg,JPEG,L,2450,2325,False,1,bc79aa8c5699,95.51785714285714,1334931,5.69625,234.35260039499673
train,NORMAL,NORMAL2-IM-1288-0001.jpeg,JPEG,L,1836,1592,False,1,bc79aa8c5699,95.51785714285714,701514,2.922912,240.0051729234407
train,NORMAL,NORMAL2-IM-1289-0001.jpeg,JPEG,L,1944,1518,False,1,bc79aa8c5699,95.51785714285714,723235,2.950992,245.08199276717798
train,NORMAL,NORMAL2-IM-1290-0001.jpeg,JPEG,L,1412,1198,False,1,bc79aa8c5699,95.51785714285714,432892,1.691576,255.91046456085923
train,NORMAL,NORMAL2-IM-1291-0001.jpeg,JPEG,L,1978,1777,False,1,bc79aa8c5699,95.51785714285714,742197,3.514906,211.15699822413458
train,NORMAL,NORMAL2-IM-1292-0001.jpeg,JPEG,L,1542,1341,False,1,bc79aa8c5699,95.51785714285714,544971,2.067822,263.5483131526795
train,NORMAL,NORMAL2-IM-1293-0001.jpeg,JPEG,L,1530,1144,False,1,bc79aa8c5699,95.51785714285714,459021,1.75032,262.2497600438777
train,NORMAL,NORMAL2-IM-1294-0001-0001.jpeg,JPEG,L,1442,1399,False,1,bc79aa8c5699,95.51785714285714,536997,2.017358,266.1882521595076
train,NORMAL,NORMAL2-IM-1294-0001-0002.jpeg,JPEG,L,1400,1260,False,1,bc79aa8c5699,95.51785714285714,539739,1.764,305.9744897959184
train,NORMAL,NORMAL2-IM-1294-0001.jpeg,JPEG,L,1642,1364,False,1,bc79aa8c5699,95.51785714285714,534694,2.239688,238.73593107611416
train,NORMAL,NORMAL2-IM-1295-0001.jpeg,JPEG,L,1690,1306,False,1,bc79aa8c5699,95.51785714285714,441420,2.20714,199.9963753998387
train,NORMAL,NORMAL2-IM-1296-0001.jpeg,JPEG,L,1462,1171,False,1,bc79aa8c5699,95.51785714285714,428894,1.712002,250.52190359590702
train,NORMAL,NORMAL2-IM-1300-0001.jpeg,JPEG,L,1612,1437,False,1,bc79aa8c5699,95.51785714285714,598989,2.316444,258.58125644306534
train,NORMAL,NORMAL2-IM-1301-0001.jpeg,JPEG,L,1690,1383,False,1,bc79aa8c5699,95.51785714285714,535510,2.33727,229.11773137035942
train,NORMAL,NORMAL2-IM-1302-0001.jpeg,JPEG,L,2721,2438,False,1,bc79aa8c5699,95.51785714285714,2272982,6.633798,342.6366012350693
train,NORMAL,NORMAL2-IM-1303-0001.jpeg,JPEG,L,1322,1128,False,1,bc79aa8c5699,95.51785714285714,428173,1.491216,287.13010053540194
train,NORMAL,NORMAL2-IM-1304-0001.jpeg,JPEG,L,1898,1739,False,1,bc79aa8c5699,95.51785714285714,885846,3.300622,268.38759482303635
train,NORMAL,NORMAL2-IM-1305-0001.jpeg,JPEG,L,1140,846,False,1,bc79aa8c5699,95.51785714285714,273341,0.96444,283.41939363775873
train,NORMAL,NORMAL2-IM-1306-0001.jpeg,JPEG,L,1858,1692,False,1,bc79aa8c5699,95.51785714285714,761942,3.143736,242.3683159145679
train,NORMAL,NORMAL2-IM-1307-0001.jpeg,JPEG,L,1442,1214,False,1,bc79aa8c5699,95.51785714285714,430403,1.750588,245.86196180940348
train,NORMAL,NORMAL2-IM-1308-0001.jpeg,JPEG,L,1774,1804,False,1,bc79aa8c5699,95.51785714285714,958108,3.200296,299.3810572522042
train,NORMAL,NORMAL2-IM-1310-0001.jpeg,JPEG,L,1608,1468,False,1,bc79aa8c5699,95.51785714285714,620996,2.360544,263.0732576897529
train,NORMAL,NORMAL2-IM-1311-0001.jpeg,JPEG,L,1422,1156,False,1,bc79aa8c5699,95.51785714285714,492600,1.643832,299.6656592644504
train,NORMAL,NORMAL2-IM-1314-0001.jpeg,JPEG,L,1978,1619,False,1,bc79aa8c5699,95.51785714285714,744099,3.202382,232.3579760315915
train,NORMAL,NORMAL2-IM-1315-0001.jpeg,JPEG,L,1858,1295,False,1,bc79aa8c5699,95.51785714285714,571841,2.40611,237.66203540154027
train,NORMAL,NORMAL2-IM-1316-0001.jpeg,JPEG,L,1928,1738,False,1,bc79aa8c5699,95.51785714285714,914775,3.350864,272.99675546366547
train,NORMAL,NORMAL2-IM-1317-0001.jpeg,JPEG,L,1242,1083,False,1,bc79aa8c5699,95.51785714285714,377473,1.345086,280.6311269316609
train,NORMAL,NORMAL2-IM-1318-0001.jpeg,JPEG,L,2358,1959,False,1,bc79aa8c5699,95.51785714285714,969103,4.619322,209.7933419666349
train,NORMAL,NORMAL2-IM-1319-0001.jpeg,JPEG,L,1588,1453,False,1,bc79aa8c5699,95.51785714285714,616573,2.307364,267.2196497821756
train,NORMAL,NORMAL2-IM-1320-0001.jpeg,JPEG,L,1430,1198,False,1,bc79aa8c5699,95.51785714285714,417676,1.71314,243.80727786403912
train,NORMAL,NORMAL2-IM-1321-0001.jpeg,JPEG,L,1530,1399,False,1,bc79aa8c5699,95.51785714285714,521210,2.14047,243.50259522441334
train,NORMAL,NORMAL2-IM-1322-0001.jpeg,JPEG,L,1700,1178,False,1,bc79aa8c5699,95.51785714285714,520962,2.0026,260.1428143413562
train,NORMAL,NORMAL2-IM-1323-0001.jpeg,JPEG,L,1588,1248,False,1,bc79aa8c5699,95.51785714285714,519560,1.981824,262.1625331008202
train,NORMAL,NORMAL2-IM-1326-0001.jpeg,JPEG,L,1188,885,False,1,bc79aa8c5699,95.51785714285714,269565,1.05138,256.3915996119386
train,NORMAL,NORMAL2-IM-1327-0001.jpeg,JPEG,L,1456,1264,False,1,bc79aa8c5699,95.51785714285714,530374,1.840384,288.186595840868
train,NORMAL,NORMAL2-IM-1328-0001.jpeg,JPEG,L,2176,1658,False,1,bc79aa8c5699,95.51785714285714,884055,3.607808,245.03937016603987
train,NORMAL,NORMAL2-IM-1329-0001.jpeg,JPEG,L,1438,1175,False,1,bc79aa8c5699,95.51785714285714,546060,1.68965,323.1793566715
train,NORMAL,NORMAL2-IM-1330-0001.jpeg,JPEG,L,1488,1206,False,1,bc79aa8c5699,95.51785714285714,413174,1.794528,230.24104388452005
train,NORMAL,NORMAL2-IM-1332-0001.jpeg,JPEG,L,1620,1527,False,1,bc79aa8c5699,95.51785714285714,609187,2.47374,246.26153112291513
train,NORMAL,NORMAL2-IM-1333-0001.jpeg,JPEG,L,1364,1456,False,1,bc79aa8c5699,95.51785714285714,514439,1.985984,259.03481599046114
train,NORMAL,NORMAL2-IM-1334-0001.jpeg,JPEG,L,2056,1866,False,1,bc79aa8c5699,95.51785714285714,903609,3.836496,235.52976466025248
train,NORMAL,NORMAL2-IM-1335-0001.jpeg,JPEG,L,1450,1106,False,1,bc79aa8c5699,95.51785714285714,440203,1.6037,274.49211199102075
train,NORMAL,NORMAL2-IM-1336-0001.jpeg,JPEG,L,1462,1124,False,1,bc79aa8c5699,95.51785714285714,430025,1.643288,261.68571790215714
train,NORMAL,NORMAL2-IM-1337-0001.jpeg,JPEG,L,1360,1097,False,1,bc79aa8c5699,95.51785714285714,412457,1.49192,276.4605340768942
train,NORMAL,NORMAL2-IM-1338-0001.jpeg,JPEG,L,2252,1936,False,1,bc79aa8c5699,95.51785714285714,964120,4.359872,221.13493240168518
train,NORMAL,NORMAL2-IM-1341-0001.jpeg,JPEG,L,2134,2376,False,1,bc79aa8c5699,95.51785714285714,1160067,5.070384,228.7927304914184
train,NORMAL,NORMAL2-IM-1342-0001.jpeg,JPEG,L,1284,1078,False,1,bc79aa8c5699,95.51785714285714,412156,1.384152,297.7678752044573
train,NORMAL,NORMAL2-IM-1343-0001.jpeg,JPEG,L,1742,1684,False,1,bc79aa8c5699,95.51785714285714,755083,2.933528,257.3975772516915
train,NORMAL,NORMAL2-IM-1344-0001.jpeg,JPEG,L,1700,1379,False,1,bc79aa8c5699,95.51785714285714,669990,2.3443,285.7953333617711
train,NORMAL,NORMAL2-IM-1345-0001-0001.jpeg,JPEG,L,1318,1067,False,1,bc79aa8c5699,95.51785714285714,337426,1.406306,239.9378229204739
train,NORMAL,NORMAL2-IM-1345-0001-0002.jpeg,JPEG,L,1294,959,False,1,bc79aa8c5699,95.51785714285714,305910,1.240946,246.5135469230732
train,NORMAL,NORMAL2-IM-1345-0001.jpeg,JPEG,L,1464,1183,False,1,bc79aa8c5699,95.51785714285714,510543,1.731912,294.7857627870238
train,NORMAL,NORMAL2-IM-1346-0001.jpeg,JPEG,L,1802,1333,False,1,bc79aa8c5699,95.51785714285714,607775,2.402066,253.02177375642466
train,NORMAL,NORMAL2-IM-1347-0001.jpeg,JPEG,L,1932,1743,False,1,bc79aa8c5699,95.51785714285714,802321,3.367476,238.25589254385184
train,NORMAL,NORMAL2-IM-1348-0001.jpeg,JPEG,L,1782,1391,False,1,bc79aa8c5699,95.51785714285714,609693,2.478762,245.9667366209422
train,NORMAL,NORMAL2-IM-1349-0001.jpeg,JPEG,L,1620,1175,False,1,bc79aa8c5699,95.51785714285714,503961,1.9035,264.75492513790385
train,NORMAL,NORMAL2-IM-1350-0001.jpeg,JPEG,L,1704,1256,False,1,bc79aa8c5699,95.51785714285714,514442,2.140224,240.36829789779014
train,NORMAL,NORMAL2-IM-1351-0001.jpeg,JPEG,L,1874,1836,False,1,bc79aa8c5699,95.51785714285714,845998,3.440664,245.88219018189514
train,NORMAL,NORMAL2-IM-1356-0001.jpeg,JPEG,L,912,672,False,1,84d411bec87f,91.82745825602969,131499,0.612864,214.56473214285714
train,NORMAL,NORMAL2-IM-1357-0001.jpeg,JPEG,L,1600,1304,False,1,8150a566ea61,89.18831168831169,230475,2.0864,110.46539493865032
train,NORMAL,NORMAL2-IM-1360-0001.jpeg,JPEG,L,1184,984,False,1,84d411bec87f,91.82745825602969,248117,1.165056,212.96572868600305
train,NORMAL,NORMAL2-IM-1362-0001.jpeg,JPEG,L,992,816,False,1,84d411bec87f,91.82745825602969,138987,0.809472,171.70081238140418
train,NORMAL,NORMAL2-IM-1365-0001.jpeg,JPEG,L,1392,1048,False,1,8150a566ea61,89.18831168831169,288476,1.458816,197.7466657892428
train,NORMAL,NORMAL2-IM-1371-0001.jpeg,JPEG,L,1496,1304,False,1,8150a566ea61,89.18831168831169,218620,1.950784,112.06776352481874
train,NORMAL,NORMAL2-IM-1376-0001.jpeg,JPEG,L,1296,1200,False,1,84d411bec87f,91.82745825602969,309316,1.5552,198.8914609053498
train,NORMAL,NORMAL2-IM-1379-0001.jpeg,JPEG,L,1440,1328,False,1,8150a566ea61,89.18831168831169,207615,1.91232,108.56708082329318
train,NORMAL,NORMAL2-IM-1385-0001.jpeg,JPEG,L,1288,1080,False,1,84d411bec87f,91.82745825602969,269054,1.39104,193.41931216931215
train,NORMAL,NORMAL2-IM-1396-0001.jpeg,JPEG,L,1256,1032,False,1,84d411bec87f,91.82745825602969,227584,1.296192,175.57892657877846
train,NORMAL,NORMAL2-IM-1400-0001.jpeg,JPEG,L,1440,992,False,1,8150a566ea61,89.18831168831169,162862,1.42848,114.01069668458781
train,NORMAL,NORMAL2-IM-1401-0001.jpeg,JPEG,L,1272,1048,False,1,84d411bec87f,91.82745825602969,263052,1.333056,197.33004464928706
train,NORMAL,NORMAL2-IM-1406-0001.jpeg,JPEG,L,1376,936,False,1,bc79aa8c5699,95.51785714285714,288325,1.287936,223.86593743788512
train,NORMAL,NORMAL2-IM-1412-0001.jpeg,JPEG,L,1784,1216,False,1,8150a566ea61,89.18831168831169,258719,2.169344,119.26139883762094
train,NORMAL,NORMAL2-IM-1419-0001.jpeg,JPEG,L,976,800,False,1,84d411bec87f,91.82745825602969,175107,0.7808,224.26613729508196
train,NORMAL,NORMAL2-IM-1422-0001.jpeg,JPEG,L,1460,951,False,1,bc79aa8c5699,95.51785714285714,380035,1.38846,273.7097215620184
train,NORMAL,NORMAL2-IM-1423-0001.jpeg,JPEG,L,1400,1216,False,1,8150a566ea61,89.18831168831169,220281,1.7024,129.39438439849624
train,PNEUMONIA,person1000_bacteria_2931.jpeg,JPEG,L,1152,760,False,1,5fe3e571bb5a,75.0,69942,0.87552,79.88623903508771
train,PNEUMONIA,person1000_virus_1681.jpeg,JPEG,L,1072,768,False,1,5fe3e571bb5a,75.0,68494,0.823296,83.19486551616914
train,PNEUMONIA,person1001_bacteria_2932.jpeg,JPEG,L,1244,863,False,1,5fe3e571bb5a,75.0,105426,1.073572,98.20114533538505
train,PNEUMONIA,person1002_bacteria_2933.jpeg,JPEG,L,1242,940,False,1,5fe3e571bb5a,75.0,106265,1.16748,91.02083119196902
train,PNEUMONIA,person1003_bacteria_2934.jpeg,JPEG,L,1488,1280,False,1,5fe3e571bb5a,75.0,116695,1.90464,61.268796202956985
train,PNEUMONIA,person1003_virus_1685.jpeg,JPEG,L,1008,616,False,1,5fe3e571bb5a,75.0,53328,0.620928,85.8843537414966
train,PNEUMONIA,person1004_bacteria_2935.jpeg,JPEG,L,1184,816,False,1,5fe3e571bb5a,75.0,53005,0.966144,54.862422164811875
train,PNEUMONIA,person1004_virus_1686.jpeg,JPEG,L,856,480,False,1,5fe3e571bb5a,75.0,39690,0.41088,96.59754672897195
train,PNEUMONIA,person1005_bacteria_2936.jpeg,JPEG,L,1048,888,False,1,5fe3e571bb5a,75.0,56219,0.930624,60.41000447011898
train,PNEUMONIA,person1005_virus_1688.jpeg,JPEG,L,1216,792,False,1,5fe3e571bb5a,75.0,74882,0.963072,77.75327286018076
train,PNEUMONIA,person1006_bacteria_2937.jpeg,JPEG,L,1553,1044,False,1,5fe3e571bb5a,75.0,101105,1.621332,62.3592206901486
train,PNEUMONIA,person1007_bacteria_2938.jpeg,JPEG,L,992,776,False,1,5fe3e571bb5a,75.0,39880,0.769792,51.806202194878615
train,PNEUMONIA,person1007_virus_1690.jpeg,JPEG,L,1048,664,False,1,5fe3e571bb5a,75.0,57802,0.695872,83.06412673595143
train,PNEUMONIA,person1008_bacteria_2939.jpeg,JPEG,L,1240,792,False,1,5fe3e571bb5a,75.0,55815,0.98208,56.833455522971654
train,PNEUMONIA,person1008_virus_1691.jpeg,JPEG,L,1576,1328,False,1,5fe3e571bb5a,75.0,223871,2.092928,106.96545700568772
train,PNEUMONIA,person1009_virus_1694.jpeg,JPEG,L,1520,936,False,1,5fe3e571bb5a,75.0,99390,1.42272,69.85914304993253
train,PNEUMONIA,person100_virus_184.jpeg,JPEG,L,1104,792,False,1,5fe3e571bb5a,75.0,67529,0.874368,77.23178341384862
train,PNEUMONIA,person1010_bacteria_2941.jpeg,JPEG,L,1328,1368,False,1,5fe3e571bb5a,75.0,117253,1.816704,64.54160942013668
train,PNEUMONIA,person1010_virus_1695.jpeg,JPEG,RGB,502,307,False,2,2670630d69c8,75.0,15649,0.154114,101.54171587266568
train,PNEUMONIA,person1011_bacteria_2942.jpeg,JPEG,L,1128,520,False,1,5fe3e571bb5a,75.0,31573,0.58656,53.82740043644299
train,PNEUMONIA,person1012_bacteria_2943.jpeg,JPEG,L,992,680,False,1,5fe3e571bb5a,75.0,39500,0.67456,58.55668880455408
train,PNEUMONIA,person1014_bacteria_2945.jpeg,JPEG,L,1366,1044,False,1,5fe3e571bb5a,75.0,99667,1.426104,69.88760987978436
train,PNEUMONIA,person1015_virus_1701.jpeg,JPEG,L,1664,1496,False,1,5fe3e571bb5a,75.0,234401,2.489344,94.16175506478815
train,PNEUMONIA,person1015_virus_1702.jpeg,JPEG,L,1680,1600,False,1,5fe3e571bb5a,75.0,292307,2.688,108.74516369047619
train,PNEUMONIA,person1016_bacteria_2947.jpeg,JPEG,L,968,656,False,1,5fe3e571bb5a,75.0,37623,0.635008,59.24807246522878
train,PNEUMONIA,person1016_virus_1704.jpeg,JPEG,L,1336,944,False,1,5fe3e571bb5a,75.0,98554,1.261184,78.1440297371359
train,PNEUMONIA,person1017_bacteria_2948.jpeg,JPEG,L,1048,716,False,1,5fe3e571bb5a,75.0,60771,0.750368,80.9882617595633
train,PNEUMONIA,person1018_bacteria_2949.jpeg,JPEG,L,992,760,False,1,5fe3e571bb5a,75.0,51149,0.75392,67.84406833616299
train,PNEUMONIA,person1018_virus_1706.jpeg,JPEG,L,1280,784,False,1,5fe3e571bb5a,75.0,70377,1.00352,70.1301419005102
train,PNEUMONIA,person1019_bacteria_2950.jpeg,JPEG,L,904,624,False,1,5fe3e571bb5a,75.0,33161,0.564096,58.78609314726571
train,PNEUMONIA,person1019_virus_1707.jpeg,JPEG,L,1752,1408,False,1,5fe3e571bb5a,75.0,201380,2.466816,81.63559827729348
train,PNEUMONIA,person1019_virus_1708.jpeg,JPEG,L,1848,1448,False,1,5fe3e571bb5a,75.0,331921,2.675904,124.0406980220516
train,PNEUMONIA,person101_virus_187.jpeg,JPEG,L,1592,1312,False,1,5fe3e571bb5a,75.0,154862,2.088704,74.14262624096091
train,PNEUMONIA,person101_virus_188.jpeg,JPEG,L,1736,1752,False,1,5fe3e571bb5a,75.0,213351,3.041472,70.14728394672053
train,PNEUMONIA,person1020_bacteria_2951.jpeg,JPEG,L,1136,712,False,1,5fe3e571bb5a,75.0,45186,0.808832,55.86574220604526
train,PNEUMONIA,person1020_virus_1710.jpeg,JPEG,L,1272,728,False,1,5fe3e571bb5a,75.0,68460,0.926016,73.92960812772134
train,PNEUMONIA,person1021_virus_1711.jpeg,JPEG,L,1184,752,False,1,5fe3e571bb5a,75.0,73277,0.890368,82.29967833525014
train,PNEUMONIA,person1022_bacteria_2953.jpeg,JPEG,L,1080,984,False,1,5fe3e571bb5a,75.0,102695,1.06272,96.63410870219812
train,PNEUMONIA,person1022_virus_1712.jpeg,JPEG,L,1584,1328,False,1,5fe3e571bb5a,75.0,158392,2.103552,75.29740172812461
train,PNEUMONIA,person1023_bacteria_2954.jpeg,JPEG,L,1538,1299,False,1,5fe3e571bb5a,75.0,176330,1.997862,88.2593492443422
train,PNEUMONIA,person1023_virus_1714.jpeg,JPEG,L,1232,720,False,1,5fe3e571bb5a,75.0,71831,0.88704,80.97830988455988
train,PNEUMONIA,person1024_bacteria_2955.jpeg,JPEG,L,1136,704,False,1,5fe3e571bb5a,75.0,58664,0.799744,73.35347311139564
train,PNEUMONIA,person1024_virus_1716.jpeg,JPEG,L,1288,816,False,1,5fe3e571bb5a,75.0,78727,1.051008,74.90618530020704
train,PNEUMONIA,person1026_bacteria_2957.jpeg,JPEG,L,1128,832,False,1,5fe3e571bb5a,75.0,58067,0.938496,61.8724000954719
train,PNEUMONIA,person1026_virus_1718.jpeg,JPEG,L,1368,872,False,1,5fe3e571bb5a,75.0,110244,1.192896,92.41710928697891
train,PNEUMONIA,person1028_bacteria_2959.jpeg,JPEG,L,1008,728,False,1,5fe3e571bb5a,75.0,47326,0.733824,64.49230333158904
train,PNEUMONIA,person1028_bacteria_2960.jpeg,JPEG,L,912,480,False,1,5fe3e571bb5a,75.0,40411,0.43776,92.31313961988305
train,PNEUMONIA,person1029_bacteria_2961.jpeg,JPEG,L,1056,656,False,1,5fe3e571bb5a,75.0,53018,0.692736,76.5342063932003
train,PNEUMONIA,person1029_virus_1721.jpeg,JPEG,L,1296,696,False,1,5fe3e571bb5a,75.0,67426,0.902016,74.7503370228466
train,PNEUMONIA,person102_virus_189.jpeg,JPEG,L,1612,1086,False,1,5fe3e571bb5a,75.0,138527,1.750632,79.12970858524235
train,PNEUMONIA,person1030_virus_1722.jpeg,JPEG,L,1784,1184,False,1,5fe3e571bb5a,75.0,178157,2.112256,84.34441658586839
train,PNEUMONIA,person1031_bacteria_2963.jpeg,JPEG,L,1096,744,False,1,5fe3e571bb5a,75.0,55928,0.815424,68.5876304842634
train,PNEUMONIA,person1031_bacteria_2964.jpeg,JPEG,L,1032,680,False,1,5fe3e571bb5a,75.0,62064,0.70176,88.44049247606019
train,PNEUMONIA,person1031_virus_1723.jpeg,JPEG,L,1504,1296,False,1,5fe3e571bb5a,75.0,133589,1.949184,68.5358591082217
train,PNEUMONIA,person1033_bacteria_2966.jpeg,JPEG,L,848,704,False,1,5fe3e571bb5a,75.0,39143,0.596992,65.56704277444254
train,PNEUMONIA,person1034_bacteria_2968.jpeg,JPEG,L,1088,712,False,1,5fe3e571bb5a,75.0,48508,0.774656,62.61876239259749
train,PNEUMONIA,person1034_virus_1728.jpeg,JPEG,L,1144,928,False,1,5fe3e571bb5a,75.0,89573,1.061632,84.3729277188329
train,PNEUMONIA,person1035_bacteria_2969.jpeg,JPEG,RGB,860,500,False,2,2670630d69c8,75.0,28265,0.43,65.73255813953489
train,PNEUMONIA,person1035_virus_1729.jpeg,JPEG,L,1248,840,False,1,5fe3e571bb5a,75.0,103705,1.04832,98.9249465811966
train,PNEUMONIA,person1036_bacteria_2970.jpeg,JPEG,L,920,736,False,1,5fe3e571bb5a,75.0,48908,0.67712,72.22944234404537
train,PNEUMONIA,person1036_virus_1730.jpeg,JPEG,L,1136,840,False,1,5fe3e571bb5a,75.0,84749,0.95424,88.8130868544601
train,PNEUMONIA,person1037_bacteria_2971.jpeg,JPEG,L,1152,672,False,1,5fe3e571bb5a,75.0,48533,0.774144,62.692470651455025
train,PNEUMONIA,person1038_bacteria_2972.jpeg,JPEG,L,2093,1404,False,1,5fe3e571bb5a,75.0,166551,2.938572,56.67752908555583
train,PNEUMONIA,person1038_virus_1733.jpeg,JPEG,L,1368,928,False,1,5fe3e571bb5a,75.0,109929,1.269504,86.59208635813673
train,PNEUMONIA,person1039_bacteria_2973.jpeg,JPEG,L,1532,1066,False,1,5fe3e571bb5a,75.0,104487,1.633112,63.98030263692876
train,PNEUMONIA,person103_virus_190.jpeg,JPEG,L,1328,912,False,1,5fe3e571bb5a,75.0,75841,1.211136,62.6197223102938
train,PNEUMONIA,person1040_bacteria_2974.jpeg,JPEG,L,1467,1044,False,1,5fe3e571bb5a,75.0,92353,1.531548,60.30042806363235
train,PNEUMONIA,person1040_virus_1735.jpeg,JPEG,L,1040,520,False,1,5fe3e571bb5a,75.0,45965,0.5408,84.99445266272191
train,PNEUMONIA,person1041_bacteria_2975.jpeg,JPEG,L,1000,728,False,1,5fe3e571bb5a,75.0,69226,0.728,95.09065934065934
train,PNEUMONIA,person1041_virus_1736.jpeg,JPEG,L,1304,760,False,1,5fe3e571bb5a,75.0,74629,0.99104,75.3037213432354
train,PNEUMONIA,person1042_virus_1737.jpeg,JPEG,L,1408,1056,False,1,5fe3e571bb5a,75.0,121656,1.486848,81.82141012396696
train,PNEUMONIA,person1043_bacteria_2977.jpeg,JPEG,L,1336,896,False,1,5fe3e571bb5a,75.0,114381,1.197056,95.55192071214714
train,PNEUMONIA,person1043_virus_1738.jpeg,JPEG,L,1160,768,False,1,5fe3e571bb5a,75.0,67419,0.89088,75.67685883620689
train,PNEUMONIA,person1044_bacteria_2978.jpeg,JPEG,L,1168,828,False,1,5fe3e571bb5a,75.0,100522,0.967104,103.94125140626035
train,PNEUMONIA,person1044_virus_1740.jpeg,JPEG,L,1488,1088,False,1,5fe3e571bb5a,75.0,123183,1.618944,76.08848731024669
train,PNEUMONIA,person1045_bacteria_2979.jpeg,JPEG,L,1008,760,False,1,5fe3e571bb5a,75.0,59252,0.76608,77.34440267335005
train,PNEUMONIA,person1045_virus_1741.jpeg,JPEG,L,1120,872,False,1,5fe3e571bb5a,75.0,80638,0.97664,82.56675950196593
train,PNEUMONIA,person1046_bacteria_2980.jpeg,JPEG,L,1088,872,False,1,5fe3e571bb5a,75.0,67784,0.948736,71.44664058283864
train,PNEUMONIA,person1046_virus_1742.jpeg,JPEG,L,1128,648,False,1,5fe3e571bb5a,75.0,57177,0.730944,78.22350275807722
train,PNEUMONIA,person1048_bacteria_2982.jpeg,JPEG,L,976,608,False,1,5fe3e571bb5a,75.0,37308,0.593408,62.87073986194995
train,PNEUMONIA,person1048_virus_1744.jpeg,JPEG,L,1344,1040,False,1,5fe3e571bb5a,75.0,107041,1.39776,76.58038576007327
train,PNEUMONIA,person1049_bacteria_2983.jpeg,JPEG,L,1464,967,False,1,5fe3e571bb5a,75.0,121890,1.415688,86.09947954634072
train,PNEUMONIA,person1049_virus_1746.jpeg,JPEG,L,1016,704,False,1,5fe3e571bb5a,75.0,64880,0.715264,90.707766642806
train,PNEUMONIA,person104_virus_191.jpeg,JPEG,L,1644,1138,False,1,5fe3e571bb5a,75.0,168119,1.870872,89.86130531645136
train,PNEUMONIA,person1050_bacteria_2984.jpeg,JPEG,L,944,616,False,1,5fe3e571bb5a,75.0,37565,0.581504,64.59972760290556
train,PNEUMONIA,person1051_bacteria_2985.jpeg,JPEG,L,1088,728,False,1,5fe3e571bb5a,75.0,43631,0.792064,55.08519513574661
train,PNEUMONIA,person1051_virus_1750.jpeg,JPEG,L,1616,1352,False,1,5fe3e571bb5a,75.0,233461,2.184832,106.85535546897886
train,PNEUMONIA,person1052_bacteria_2986.jpeg,JPEG,L,1048,856,False,1,5fe3e571bb5a,75.0,80536,0.897088,89.77491617321823
train,PNEUMONIA,person1052_virus_1751.jpeg,JPEG,RGB,836,521,False,2,2670630d69c8,75.0,36415,0.435556,83.60578203491629
train,PNEUMONIA,person1053_bacteria_2987.jpeg,JPEG,L,1016,696,False,1,5fe3e571bb5a,75.0,67100,0.707136,94.88980903249163
train,PNEUMONIA,person1054_bacteria_2988.jpeg,JPEG,L,1344,1072,False,1,5fe3e571bb5a,75.0,124728,1.440768,86.57049573560766
train,PNEUMONIA,person1055_bacteria_2989.jpeg,JPEG,L,1064,880,False,1,5fe3e571bb5a,75.0,90827,0.93632,97.00422932330827
train,PNEUMONIA,person1056_bacteria_2990.jpeg,JPEG,L,1016,664,False,1,5fe3e571bb5a,75.0,40933,0.674624,60.67527985959586
train,PNEUMONIA,person1056_virus_1755.jpeg,JPEG,L,1816,1184,False,1,5fe3e571bb5a,75.0,164464,2.150144,76.48976068579593
train,PNEUMONIA,person1057_bacteria_2991.jpeg,JPEG,L,1400,910,False,1,5fe3e571bb5a,75.0,109223,1.274,85.73233908948194
train,PNEUMONIA,person1057_virus_1756.jpeg,JPEG,L,1016,664,False,1,5fe3e571bb5a,75.0,62652,0.674624,92.86950953419979
train,PNEUMONIA,person1058_bacteria_2992.jpeg,JPEG,L,1112,728,False,1,5fe3e571bb5a,75.0,56047,0.809536,69.23348683690409
train,PNEUMONIA,person1058_virus_1757.jpeg,JPEG,L,1376,952,False,1,5fe3e571bb5a,75.0,97019,1.309952,74.06301910299004
train,PNEUMONIA,person1059_bacteria_2993.jpeg,JPEG,L,1088,688,False,1,5fe3e571bb5a,75.0,45215,0.748544,60.40393083105336
train,PNEUMONIA,person1059_virus_1758.jpeg,JPEG,L,936,568,False,1,5fe3e571bb5a,75.0,46740,0.531648,87.91531238714337
train,PNEUMONIA,person105_virus_192.jpeg,JPEG,L,1096,650,False,1,5fe3e571bb5a,75.0,70309,0.7124,98.69314991577764
train,PNEUMONIA,person105_virus_193.jpeg,JPEG,L,1101,823,False,1,5fe3e571bb5a,75.0,106457,0.906123,117.48625738448311
train,PNEUMONIA,person1060_virus_1760.jpeg,JPEG,L,1312,920,False,1,5fe3e571bb5a,75.0,87435,1.20704,72.43753313891835
train,PNEUMONIA,person1062_bacteria_2996.jpeg,JPEG,L,952,800,False,1,5fe3e571bb5a,75.0,58682,0.7616,77.05094537815125
train,PNEUMONIA,person1062_virus_1762.jpeg,JPEG,L,1104,632,False,1,5fe3e571bb5a,75.0,61265,0.697728,87.80642313337002
train,PNEUMONIA,person1063_bacteria_2997.jpeg,JPEG,L,1232,976,False,1,5fe3e571bb5a,75.0,78354,1.202432,65.16293644879711
train,PNEUMONIA,person1063_virus_1765.jpeg,JPEG,L,1072,728,False,1,5fe3e571bb5a,75.0,72052,0.780416,92.32511891093982
train,PNEUMONIA,person1065_bacteria_2999.jpeg,JPEG,L,1000,720,False,1,5fe3e571bb5a,75.0,41174,0.72,57.18611111111111
train,PNEUMONIA,person1065_virus_1768.jpeg,JPEG,L,1344,912,False,1,5fe3e571bb5a,75.0,111400,1.225728,90.88476399331664
train,PNEUMONIA,person1066_bacteria_3000.jpeg,JPEG,L,1272,1128,False,1,5fe3e571bb5a,75.0,91293,1.434816,63.62697377224676
train,PNEUMONIA,person1066_virus_1769.jpeg,JPEG,L,1392,904,False,1,5fe3e571bb5a,75.0,93745,1.258368,74.49728537280033
train,PNEUMONIA,person1067_bacteria_3001.jpeg,JPEG,L,1136,904,False,1,5fe3e571bb5a,75.0,66308,1.026944,64.56827246665836
train,PNEUMONIA,person1067_virus_1770.jpeg,JPEG,L,992,624,False,1,5fe3e571bb5a,75.0,55265,0.619008,89.27994468569065
train,PNEUMONIA,person1068_bacteria_3002.jpeg,JPEG,L,1368,1120,False,1,5fe3e571bb5a,75.0,148767,1.53216,97.09625626566417
train,PNEUMONIA,person1068_virus_1771.jpeg,JPEG,L,952,560,False,1,5fe3e571bb5a,75.0,44807,0.53312,84.04674369747899
train,PNEUMONIA,person1069_bacteria_3003.jpeg,JPEG,L,1248,1016,False,1,5fe3e571bb5a,75.0,104043,1.267968,82.05490990308904
train,PNEUMONIA,person1069_virus_1772.jpeg,JPEG,L,1408,792,False,1,5fe3e571bb5a,75.0,77847,1.115136,69.80942234848484
train,PNEUMONIA,person106_virus_194.jpeg,JPEG,L,1541,881,False,1,5fe3e571bb5a,75.0,155154,1.357621,114.28373603531472
train,PNEUMONIA,person1070_virus_1773.jpeg,JPEG,L,1376,752,False,1,5fe3e571bb5a,75.0,74810,1.034752,72.29751669965364
train,PNEUMONIA,person1071_bacteria_3005.jpeg,JPEG,L,1056,840,False,1,5fe3e571bb5a,75.0,69070,0.88704,77.86571067821066
train,PNEUMONIA,person1071_virus_1774.jpeg,JPEG,L,1024,640,False,1,5fe3e571bb5a,75.0,53634,0.65536,81.8389892578125
train,PNEUMONIA,person1072_bacteria_3006.jpeg,JPEG,L,1008,680,False,1,5fe3e571bb5a,75.0,60722,0.68544,88.58835200746965
train,PNEUMONIA,person1072_bacteria_3007.jpeg,JPEG,L,1072,664,False,1,5fe3e571bb5a,75.0,65526,0.711808,92.05572289156626
train,PNEUMONIA,person1072_virus_1775.jpeg,JPEG,L,1288,760,False,1,5fe3e571bb5a,75.0,66801,0.97888,68.24227688787185
train,PNEUMONIA,person1073_bacteria_3008.jpeg,JPEG,RGB,978,626,False,2,2670630d69c8,75.0,43551,0.612228,71.135263333268
train,PNEUMONIA,person1073_bacteria_3011.jpeg,JPEG,L,1016,680,False,1,5fe3e571bb5a,75.0,60974,0.69088,88.25555812876331
train,PNEUMONIA,person1073_virus_1776.jpeg,JPEG,L,1152,736,False,1,5fe3e571bb5a,75.0,61794,0.847872,72.8812839673913
train,PNEUMONIA,person1074_bacteria_3012.jpeg,JPEG,L,1338,1044,False,1,5fe3e571bb5a,75.0,73678,1.396872,52.74499023532579
train,PNEUMONIA,person1074_bacteria_3014.jpeg,JPEG,L,992,520,False,1,5fe3e571bb5a,75.0,41019,0.51584,79.51884305210919
train,PNEUMONIA,person1075_bacteria_3015.jpeg,JPEG,L,1690,1267,False,1,5fe3e571bb5a,75.0,138715,2.14123,64.78285845051676
train,PNEUMONIA,person1076_bacteria_3016.jpeg,JPEG,L,1292,867,False,1,5fe3e571bb5a,75.0,94749,1.120164,84.5849357772612
train,PNEUMONIA,person1077_bacteria_3017.jpeg,JPEG,L,1048,640,False,1,5fe3e571bb5a,75.0,44396,0.67072,66.19155534351145
train,PNEUMONIA,person1077_virus_1787.jpeg,JPEG,L,1696,1320,False,1,5fe3e571bb5a,75.0,167769,2.23872,74.93969768439109
train,PNEUMONIA,person1078_bacteria_3018.jpeg,JPEG,L,1072,840,False,1,5fe3e571bb5a,75.0,67628,0.90048,75.10216773276476
train,PNEUMONIA,person1078_virus_1788.jpeg,JPEG,L,1176,704,False,1,5fe3e571bb5a,75.0,64682,0.827904,78.1274157390229
train,PNEUMONIA,person1079_bacteria_3019.jpeg,JPEG,L,1248,832,False,1,5fe3e571bb5a,75.0,65583,1.038336,63.16163553994083
train,PNEUMONIA,person1079_virus_1789.jpeg,JPEG,L,1568,1152,False,1,5fe3e571bb5a,75.0,173365,1.806336,95.97605318168935
train,PNEUMONIA,person107_virus_197.jpeg,JPEG,L,1616,1024,False,1,5fe3e571bb5a,75.0,99503,1.654784,60.130506458849005
train,PNEUMONIA,person1080_bacteria_3020.jpeg,JPEG,L,1432,800,False,1,5fe3e571bb5a,75.0,64054,1.1456,55.91305865921788
train,PNEUMONIA,person1080_virus_1791.jpeg,JPEG,L,1568,1016,False,1,5fe3e571bb5a,75.0,115393,1.593088,72.4335378836574
train,PNEUMONIA,person1081_bacteria_3021.jpeg,JPEG,L,944,560,False,1,5fe3e571bb5a,75.0,35988,0.52864,68.07657384987894
train,PNEUMONIA,person1081_virus_1793.jpeg,JPEG,L,976,576,False,1,5fe3e571bb5a,75.0,47202,0.562176,83.9630293715847
train,PNEUMONIA,person1082_bacteria_3022.jpeg,JPEG,L,1280,984,False,1,5fe3e571bb5a,75.0,77816,1.25952,61.78226626016261
train,PNEUMONIA,person1082_virus_1794.jpeg,JPEG,L,1232,688,False,1,5fe3e571bb5a,75.0,65574,0.847616,77.3628624282694
train,PNEUMONIA,person1083_bacteria_3023.jpeg,JPEG,L,1104,752,False,1,5fe3e571bb5a,75.0,44471,0.830208,53.56609427998767
train,PNEUMONIA,person1083_virus_1795.jpeg,JPEG,L,1152,696,False,1,5fe3e571bb5a,75.0,62644,0.801792,78.12998882503193
train,PNEUMONIA,person1084_bacteria_3024.jpeg,JPEG,L,1096,776,False,1,5fe3e571bb5a,75.0,80277,0.850496,94.38845097449018
train,PNEUMONIA,person1084_virus_1796.jpeg,JPEG,L,1544,1080,False,1,5fe3e571bb5a,75.0,126423,1.66752,75.81498272884284
train,PNEUMONIA,person1085_bacteria_3025.jpeg,JPEG,L,1080,752,False,1,5fe3e571bb5a,75.0,58632,0.81216,72.19267139479905
train,PNEUMONIA,person1085_virus_1797.jpeg,JPEG,L,1320,776,False,1,5fe3e571bb5a,75.0,84145,1.02432,82.14718056857232
train,PNEUMONIA,person1086_bacteria_3026.jpeg,JPEG,L,1468,821,False,1,5fe3e571bb5a,75.0,116399,1.205228,96.57840674129709
train,PNEUMONIA,person1086_virus_1798.jpeg,JPEG,L,1128,728,False,1,5fe3e571bb5a,75.0,72297,0.821184,88.03995206920739
train,PNEUMONIA,person1087_bacteria_3027.jpeg,JPEG,L,1160,752,False,1,5fe3e571bb5a,75.0,56475,0.87232,64.74115003668379
train,PNEUMONIA,person1087_virus_1799.jpeg,JPEG,L,904,472,False,1,5fe3e571bb5a,75.0,40046,0.426688,93.8531198440078
train,PNEUMONIA,person1088_bacteria_3028.jpeg,JPEG,L,1000,824,False,1,5fe3e571bb5a,75.0,80779,0.824,98.03276699029126
train,PNEUMONIA,person1088_virus_1800.jpeg,JPEG,L,2080,1736,False,1,5fe3e571bb5a,75.0,221506,3.61088,61.34404909606523
train,PNEUMONIA,person1089_bacteria_3029.jpeg,JPEG,L,1136,688,False,1,5fe3e571bb5a,75.0,61863,0.781568,79.15242179823125
train,PNEUMONIA,person1089_virus_1808.jpeg,JPEG,L,1064,576,False,1,5fe3e571bb5a,75.0,47733,0.612864,77.88514254385964
train,PNEUMONIA,person108_virus_199.jpeg,JPEG,L,2064,1632,False,1,5fe3e571bb5a,75.0,111566,3.368448,33.12089128286974
train,PNEUMONIA,person108_virus_200.jpeg,JPEG,L,2048,1448,False,1,5fe3e571bb5a,75.0,205050,2.965504,69.14507618266575
train,PNEUMONIA,person108_virus_201.jpeg,JPEG,L,1968,1688,False,1,5fe3e571bb5a,75.0,164663,3.321984,49.56766799599276
train,PNEUMONIA,person1090_virus_1809.jpeg,JPEG,L,1136,656,False,1,5fe3e571bb5a,75.0,63429,0.745216,85.11491970113363
train,PNEUMONIA,person1091_bacteria_3031.jpeg,JPEG,L,1112,784,False,1,5fe3e571bb5a,75.0,57016,0.871808,65.39972103949493
train,PNEUMONIA,person1091_virus_1810.jpeg,JPEG,L,976,512,False,1,5fe3e571bb5a,75.0,42731,0.499712,85.51125448258198
train,PNEUMONIA,person1092_bacteria_3032.jpeg,JPEG,L,1216,760,False,1,5fe3e571bb5a,75.0,86017,0.92416,93.07587430747922
train,PNEUMONIA,person1092_virus_1811.jpeg,JPEG,L,1352,960,False,1,5fe3e571bb5a,75.0,95556,1.29792,73.62241124260355
train,PNEUMONIA,person1093_bacteria_3033.jpeg,JPEG,L,1208,856,False,1,5fe3e571bb5a,75.0,59044,1.034048,57.099863836108185
train,PNEUMONIA,person1094_virus_1814.jpeg,JPEG,L,952,584,False,1,5fe3e571bb5a,75.0,50193,0.555968,90.28037584896971
train,PNEUMONIA,person1095_virus_1815.jpeg,JPEG,L,1088,712,False,1,5fe3e571bb5a,75.0,63615,0.774656,82.12032179444812
train,PNEUMONIA,person1096_bacteria_3037.jpeg,JPEG,L,1088,672,False,1,5fe3e571bb5a,75.0,44881,0.731136,61.38529630602241
train,PNEUMONIA,person1096_virus_1816.jpeg,JPEG,L,1000,608,False,1,5fe3e571bb5a,75.0,54440,0.608,89.53947368421052
train,PNEUMONIA,person1097_bacteria_3038.jpeg,JPEG,L,936,792,False,1,5fe3e571bb5a,75.0,51894,0.741312,70.00291375291376
train,PNEUMONIA,person1097_virus_1817.jpeg,JPEG,L,1288,840,False,1,5fe3e571bb5a,75.0,81295,1.08192,75.13956669624372
train,PNEUMONIA,person1098_bacteria_3039.jpeg,JPEG,L,1480,1137,False,1,5fe3e571bb5a,75.0,137986,1.68276,81.99980983622144
train,PNEUMONIA,person1098_virus_1818.jpeg,JPEG,L,1000,488,False,1,5fe3e571bb5a,75.0,42027,0.488,86.12090163934427
train,PNEUMONIA,person1099_bacteria_3040.jpeg,JPEG,L,1662,1099,False,1,5fe3e571bb5a,75.0,156683,1.826538,85.7814072305093
train,PNEUMONIA,person1099_virus_1819.jpeg,JPEG,RGB,759,504,False,2,2670630d69c8,75.0,32699,0.382536,85.47953656649308
train,PNEUMONIA,person109_virus_203.jpeg,JPEG,L,1380,844,False,1,5fe3e571bb5a,75.0,99061,1.16472,85.05134281200633
train,PNEUMONIA,person10_bacteria_43.jpeg,JPEG,L,1028,650,False,1,5fe3e571bb5a,75.0,63136,0.6682,94.48668063454056
train,PNEUMONIA,person1100_bacteria_3041.jpeg,JPEG,L,1256,816,False,1,5fe3e571bb5a,75.0,82866,1.024896,80.85308167853128
train,PNEUMONIA,person1100_virus_1820.jpeg,JPEG,L,1152,616,False,1,5fe3e571bb5a,75.0,66155,0.709632,93.22437545093794
train,PNEUMONIA,person1101_bacteria_3042.jpeg,JPEG,L,1072,624,False,1,5fe3e571bb5a,75.0,39350,0.668928,58.82546402602373
train,PNEUMONIA,person1102_bacteria_3043.jpeg,JPEG,L,976,616,False,1,5fe3e571bb5a,75.0,34160,0.601216,56.81818181818181
train,PNEUMONIA,person1102_virus_1822.jpeg,JPEG,L,1096,664,False,1,5fe3e571bb5a,75.0,58807,0.727744,80.80726189429251
train,PNEUMONIA,person1103_bacteria_3044.jpeg,JPEG,L,1336,848,False,1,5fe3e571bb5a,75.0,53984,1.132928,47.6499830527624
train,PNEUMONIA,person1103_virus_1825.jpeg,JPEG,L,1616,872,False,1,5fe3e571bb5a,75.0,95008,1.409152,67.4221091833954
train,PNEUMONIA,person1104_virus_1826.jpeg,JPEG,RGB,858,522,False,2,2670630d69c8,75.0,40897,0.447876,91.31322062356544
train,PNEUMONIA,person1105_bacteria_3046.jpeg,JPEG,L,1136,760,False,1,5fe3e571bb5a,75.0,52214,0.86336,60.477668643439586
train,PNEUMONIA,person1106_virus_1829.jpeg,JPEG,L,1624,1208,False,1,5fe3e571bb5a,75.0,164064,1.961792,83.62966104459596
train,PNEUMONIA,person1107_bacteria_3048.jpeg,JPEG,L,1482,1044,False,1,5fe3e571bb5a,75.0,88764,1.547208,57.37043758822343
train,PNEUMONIA,person1107_virus_1831.jpeg,JPEG,L,1024,744,False,1,5fe3e571bb5a,75.0,64281,0.761856,84.37421244959678
train,PNEUMONIA,person1107_virus_1832.jpeg,JPEG,L,1392,832,False,1,5fe3e571bb5a,75.0,73741,1.158144,63.671702309902734
train,PNEUMONIA,person1108_bacteria_3049.jpeg,JPEG,L,1467,1044,False,1,5fe3e571bb5a,75.0,88070,1.531548,57.50391107559149
train,PNEUMONIA,person1108_virus_1833.jpeg,JPEG,RGB,869,563,False,2,2670630d69c8,75.0,60237,0.489247,123.1218586930528
train,PNEUMONIA,person1109_bacteria_3050.jpeg,JPEG,L,1128,752,False,1,5fe3e571bb5a,75.0,47015,0.848256,55.42548475931794
train,PNEUMONIA,person110_virus_205.jpeg,JPEG,L,1192,864,False,1,5fe3e571bb5a,75.0,85320,1.029888,82.84395973154362
train,PNEUMONIA,person110_virus_206.jpeg,JPEG,L,1192,840,False,1,5fe3e571bb5a,75.0,76226,1.00128,76.12855544902526
train,PNEUMONIA,person110_virus_207.jpeg,JPEG,L,1168,784,False,1,5fe3e571bb5a,75.0,58195,0.915712,63.55164069052279
train,PNEUMONIA,person110_virus_208.jpeg,JPEG,L,1353,835,False,1,5fe3e571bb5a,75.0,99323,1.129755,87.91552150687538
train,PNEUMONIA,person1110_bacteria_3051.jpeg,JPEG,L,1232,952,False,1,5fe3e571bb5a,75.0,66147,1.172864,56.39784322820038
train,PNEUMONIA,person1110_virus_1835.jpeg,JPEG,L,1328,784,False,1,5fe3e571bb5a,75.0,79470,1.041152,76.32891258913203
train,PNEUMONIA,person1111_bacteria_3052.jpeg,JPEG,L,1192,752,False,1,5fe3e571bb5a,75.0,55792,0.896384,62.241182350421255
train,PNEUMONIA,person1111_virus_1836.jpeg,JPEG,L,1072,664,False,1,5fe3e571bb5a,75.0,55244,0.711808,77.61081639992807
train,PNEUMONIA,person1112_bacteria_3053.jpeg,JPEG,L,1224,792,False,1,5fe3e571bb5a,75.0,67023,0.969408,69.13807189542483
train,PNEUMONIA,person1112_virus_1837.jpeg,JPEG,L,1352,792,False,1,5fe3e571bb5a,75.0,82440,1.070784,76.99031737493276
train,PNEUMONIA,person1113_virus_1838.jpeg,JPEG,L,1232,712,False,1,5fe3e571bb5a,75.0,68110,0.877184,77.64619509703779
train,PNEUMONIA,person1114_bacteria_3055.jpeg,JPEG,L,1218,739,False,1,5fe3e571bb5a,75.0,82563,0.900102,91.72627102261744
train,PNEUMONIA,person1115_bacteria_3056.jpeg,JPEG,L,1312,888,False,1,5fe3e571bb5a,75.0,76515,1.165056,65.67495468029004
train,PNEUMONIA,person1115_virus_1840.jpeg,JPEG,L,1072,520,False,1,5fe3e571bb5a,75.0,45759,0.55744,82.08775832376578
train,PNEUMONIA,person1116_virus_1841.jpeg,JPEG,L,1160,760,False,1,5fe3e571bb5a,75.0,68888,0.8816,78.13974591651542
train,PNEUMONIA,person1118_bacteria_3059.jpeg,JPEG,L,1056,960,False,1,5fe3e571bb5a,75.0,63247,1.01376,62.388533775252526
train,PNEUMONIA,person1119_virus_1844.jpeg,JPEG,L,1232,808,False,1,5fe3e571bb5a,75.0,78124,0.995456,78.48061591873473
train,PNEUMONIA,person111_virus_209.jpeg,JPEG,L,1520,1376,False,1,5fe3e571bb5a,75.0,120637,2.09152,57.67910419216646
train,PNEUMONIA,person111_virus_210.jpeg,JPEG,L,1568,1504,False,1,5fe3e571bb5a,75.0,177450,2.358272,75.24577317629179
train,PNEUMONIA,person111_virus_212.jpeg,JPEG,L,1693,1456,False,1,5fe3e571bb5a,75.0,278629,2.465008,113.03371023542317
train,PNEUMONIA,person1120_virus_1845.jpeg,JPEG,L,1104,536,False,1,5fe3e571bb5a,75.0,46044,0.591744,77.81067488643737
train,PNEUMONIA,person1121_virus_1846.jpeg,JPEG,L,1320,736,False,1,5fe3e571bb5a,75.0,79555,0.97152,81.88714591567853
train,PNEUMONIA,person1122_bacteria_3063.jpeg,JPEG,L,1820,1153,False,1,5fe3e571bb5a,75.0,158936,2.09846,75.73935171506723
train,PNEUMONIA,person1122_virus_1847.jpeg,JPEG,L,1304,848,False,1,5fe3e571bb5a,75.0,99190,1.105792,89.7004138210441
train,PNEUMONIA,person1123_virus_1848.jpeg,JPEG,L,1208,864,False,1,5fe3e571bb5a,75.0,87786,1.043712,84.10940949227374
train,PNEUMONIA,person1124_bacteria_3065.jpeg,JPEG,L,1546,1231,False,1,5fe3e571bb5a,75.0,107179,1.903126,56.31734315016452
train,PNEUMONIA,person1124_virus_1851.jpeg,JPEG,L,1520,960,False,1,5fe3e571bb5a,75.0,109152,1.4592,74.80263157894737
train,PNEUMONIA,person1125_bacteria_3066.jpeg,JPEG,L,1294,1138,False,1,5fe3e571bb5a,75.0,109469,1.472572,74.33864014798597
train,PNEUMONIA,person1125_virus_1852.jpeg,JPEG,L,1272,952,False,1,5fe3e571bb5a,75.0,101207,1.210944,83.57694492891495
train,PNEUMONIA,person1126_virus_1853.jpeg,JPEG,L,1016,512,False,1,5fe3e571bb5a,75.0,45455,0.520192,87.38119771161418
train,PNEUMONIA,person1127_bacteria_3068.jpeg,JPEG,RGB,861,543,False,2,2670630d69c8,75.0,31635,0.467523,67.66512021868442
train,PNEUMONIA,person1127_virus_1854.jpeg,JPEG,L,1072,712,False,1,5fe3e571bb5a,75.0,59826,0.763264,78.38179188328023
train,PNEUMONIA,person1128_bacteria_3069.jpeg,JPEG,L,920,760,False,1,5fe3e571bb5a,75.0,44728,0.6992,63.97025171624714
train,PNEUMONIA,person1129_bacteria_3070.jpeg,JPEG,L,1296,784,False,1,5fe3e571bb5a,75.0,54955,1.016064,54.08615992693373
train,PNEUMONIA,person1129_virus_1857.jpeg,JPEG,RGB,926,628,False,2,2670630d69c8,75.0,78534,0.581528,135.04766752417768
train,PNEUMONIA,person112_virus_213.jpeg,JPEG,L,1746,1270,False,1,5fe3e571bb5a,75.0,241218,2.21742,108.78318045295883
train,PNEUMONIA,person1130_bacteria_3072.jpeg,JPEG,L,1616,1208,False,1,5fe3e571bb5a,75.0,94815,1.952128,48.57007327388368
train,PNEUMONIA,person1130_virus_1860.jpeg,JPEG,L,992,496,False,1,5fe3e571bb5a,75.0,50746,0.492032,103.13556841831425
train,PNEUMONIA,person1131_bacteria_3073.jpeg,JPEG,RGB,720,441,False,2,2670630d69c8,75.0,20368,0.31752,64.14714033761652
train,PNEUMONIA,person1132_virus_1863.jpeg,JPEG,RGB,790,472,False,2,2670630d69c8,75.0,32536,0.37288,87.25595365801331
train,PNEUMONIA,person1133_bacteria_3075.jpeg,JPEG,L,1048,528,False,1,5fe3e571bb5a,75.0,58499,0.553344,105.71904637982884
train,PNEUMONIA,person1133_virus_1865.jpeg,JPEG,RGB,722,427,False,2,2670630d69c8,75.0,28233,0.308294,91.57816889073416
train,PNEUMONIA,person1134_bacteria_3076.jpeg,JPEG,L,1008,656,False,1,5fe3e571bb5a,75.0,41376,0.661248,62.5725900116144
train,PNEUMONIA,person1135_bacteria_3077.jpeg,JPEG,L,1597,1231,False,1,5fe3e571bb5a,75.0,92561,1.965907,47.08310209994674
train,PNEUMONIA,person1136_bacteria_3078.jpeg,JPEG,L,896,680,False,1,5fe3e571bb5a,75.0,41168,0.60928,67.56827731092436
train,PNEUMONIA,person1137_virus_1876.jpeg,JPEG,L,1804,1396,False,1,5fe3e571bb5a,75.0,180400,2.518384,71.63323782234957
train,PNEUMONIA,person1138_bacteria_3080.jpeg,JPEG,L,1280,792,False,1,5fe3e571bb5a,75.0,60918,1.01376,60.091145833333336
train,PNEUMONIA,person1138_virus_1877.jpeg,JPEG,L,1928,964,False,1,5fe3e571bb5a,75.0,164483,1.858592,88.49871300425268
train,PNEUMONIA,person1138_virus_1879.jpeg,JPEG,L,1560,792,False,1,5fe3e571bb5a,75.0,64933,1.23552,52.55519943019944
train,PNEUMONIA,person1139_bacteria_3081.jpeg,JPEG,L,904,600,False,1,5fe3e571bb5a,75.0,46967,0.5424,86.59107669616519
train,PNEUMONIA,person1139_bacteria_3082.jpeg,JPEG,L,856,624,False,1,5fe3e571bb5a,75.0,33275,0.534144,62.29593517852864
train,PNEUMONIA,person1139_virus_1882.jpeg,JPEG,L,1364,805,False,1,5fe3e571bb5a,75.0,110824,1.09802,100.93076628841004
train,PNEUMONIA,person113_virus_215.jpeg,JPEG,L,960,672,False,1,5fe3e571bb5a,75.0,71345,0.64512,110.59182787698413
train,PNEUMONIA,person113_virus_216.jpeg,JPEG,L,1072,592,False,1,5fe3e571bb5a,75.0,64773,0.634624,102.0651598426785
train,PNEUMONIA,person1140_bacteria_3083.jpeg,JPEG,L,1152,784,False,1,5fe3e571bb5a,75.0,84389,0.903168,93.43665851757369
train,PNEUMONIA,person1140_virus_1885.jpeg,JPEG,L,1330,844,False,1,5fe3e571bb5a,75.0,105579,1.12252,94.05533977122901
train,PNEUMONIA,person1141_bacteria_3084.jpeg,JPEG,L,992,528,False,1,5fe3e571bb5a,75.0,47061,0.523776,89.84947763929618
train,PNEUMONIA,person1141_bacteria_3085.jpeg,JPEG,L,952,440,False,1,5fe3e571bb5a,75.0,31440,0.41888,75.05729564553094
train,PNEUMONIA,person1141_virus_1886.jpeg,JPEG,L,1152,712,False,1,5fe3e571bb5a,75.0,53705,0.820224,65.47601630774032
train,PNEUMONIA,person1141_virus_1890.jpeg,JPEG,L,1164,735,False,1,5fe3e571bb5a,75.0,99404,0.85554,116.18860602660308
train,PNEUMONIA,person1142_bacteria_3086.jpeg,JPEG,L,1870,1605,False,1,5fe3e571bb5a,75.0,141583,3.00135,47.17310543588719
train,PNEUMONIA,person1142_virus_1892.jpeg,JPEG,RGB,941,609,False,2,2670630d69c8,75.0,38189,0.573069,66.63944481380078
train,PNEUMONIA,person1143_virus_1896.jpeg,JPEG,L,928,720,False,1,5fe3e571bb5a,75.0,49145,0.66816,73.55274185823755
train,PNEUMONIA,person1143_virus_1897.jpeg,JPEG,L,1168,880,False,1,5fe3e571bb5a,75.0,68959,1.02784,67.09118150684931
train,PNEUMONIA,person1144_bacteria_3089.jpeg,JPEG,RGB,750,440,False,2,2670630d69c8,75.0,22675,0.33,68.7121212121212
train,PNEUMONIA,person1145_bacteria_3090.jpeg,JPEG,L,976,672,False,1,5fe3e571bb5a,75.0,36843,0.655872,56.174070550351296
train,PNEUMONIA,person1145_virus_1902.jpeg,JPEG,L,1128,720,False,1,5fe3e571bb5a,75.0,52817,0.81216,65.03275216706068
train,PNEUMONIA,person1145_virus_1905.jpeg,JPEG,L,1056,672,False,1,5fe3e571bb5a,75.0,46350,0.709632,65.31554383116882
train,PNEUMONIA,person1145_virus_1906.jpeg,JPEG,L,1136,840,False,1,5fe3e571bb5a,75.0,60222,0.95424,63.109909456740446
train,PNEUMONIA,person1146_bacteria_3091.jpeg,JPEG,L,832,584,False,1,5fe3e571bb5a,75.0,30005,0.485888,61.75291425184405
train,PNEUMONIA,person1147_virus_1917.jpeg,JPEG,L,1624,1944,False,1,5fe3e571bb5a,75.0,186676,3.157056,59.129771533986094
train,PNEUMONIA,person1147_virus_1919.jpeg,JPEG,L,1632,1064,False,1,5fe3e571bb5a,75.0,139863,1.736448,80.5454583149049
train,PNEUMONIA,person1147_virus_1920.jpeg,JPEG,L,1664,832,False,1,5fe3e571bb5a,75.0,129642,1.384448,93.64165356878699
train,PNEUMONIA,person1149_bacteria_3094.jpeg,JPEG,L,1008,712,False,1,5fe3e571bb5a,75.0,41809,0.717696,58.25446985910469
train,PNEUMONIA,person1149_virus_1924.jpeg,JPEG,L,1432,1024,False,1,5fe3e571bb5a,75.0,80024,1.466368,54.572931215083806
train,PNEUMONIA,person1149_virus_1925.jpeg,JPEG,L,1272,882,False,1,5fe3e571bb5a,75.0,135810,1.121904,121.05313823642665
train,PNEUMONIA,person114_virus_217.jpeg,JPEG,L,1456,896,True,1,8150a566ea61,89.18831168831169,127977,1.304576,98.09853929552591
train,PNEUMONIA,person1150_bacteria_3095.jpeg,JPEG,L,1697,1159,False,1,5fe3e571bb5a,75.0,90512,1.966823,46.01939269573317
train,PNEUMONIA,person1151_virus_1928.jpeg,JPEG,L,1604,1462,False,1,5fe3e571bb5a,75.0,185358,2.345048,79.04230531741781
train,PNEUMONIA,person1152_virus_1930.jpeg,JPEG,L,1430,933,False,1,5fe3e571bb5a,75.0,126634,1.33419,94.914517422556
train,PNEUMONIA,person1153_virus_1932.jpeg,JPEG,L,1118,712,False,1,5fe3e571bb5a,75.0,67975,0.796016,85.39401218065969
train,PNEUMONIA,person1154_bacteria_3099.jpeg,JPEG,L,1404,1072,False,1,5fe3e571bb5a,75.0,111092,1.505088,73.81096653484713
train,PNEUMONIA,person1154_virus_1933.jpeg,JPEG,L,1574,1164,False,1,5fe3e571bb5a,75.0,170944,1.832136,93.30311723583839
train,PNEUMONIA,person1155_bacteria_3100.jpeg,JPEG,L,1192,728,False,1,5fe3e571bb5a,75.0,50463,0.867776,58.15210376871451
train,PNEUMONIA,person1155_virus_1934.jpeg,JPEG,L,1078,639,False,1,5fe3e571bb5a,75.0,62647,0.688842,90.94538370192294
train,PNEUMONIA,person1156_bacteria_3101.jpeg,JPEG,L,1312,912,False,1,5fe3e571bb5a,75.0,134026,1.196544,112.01092479674797
train,PNEUMONIA,person1156_virus_1935.jpeg,JPEG,L,1458,944,False,1,5fe3e571bb5a,75.0,116243,1.376352,84.45731905791541
train,PNEUMONIA,person1156_virus_1936.jpeg,JPEG,L,1492,990,False,1,5fe3e571bb5a,75.0,132058,1.47708,89.40477157635334
train,PNEUMONIA,person1157_bacteria_3102.jpeg,JPEG,L,1176,800,False,1,5fe3e571bb5a,75.0,66430,0.9408,70.61011904761905
train,PNEUMONIA,person1157_virus_1937.jpeg,JPEG,L,1152,720,False,1,5fe3e571bb5a,75.0,51310,0.82944,61.86101466049384
train,PNEUMONIA,person1158_bacteria_3103.jpeg,JPEG,L,1596,1148,False,1,5fe3e571bb5a,75.0,169181,1.832208,92.33722372132422
train,PNEUMONIA,person1158_virus_1938.jpeg,JPEG,L,1334,1006,False,1,5fe3e571bb5a,75.0,113539,1.342004,84.60406973451644
train,PNEUMONIA,person1158_virus_1940.jpeg,JPEG,L,1136,688,False,1,5fe3e571bb5a,75.0,57824,0.781568,73.98460530625613
train,PNEUMONIA,person1158_virus_1941.jpeg,JPEG,L,1234,906,False,1,5fe3e571bb5a,75.0,92548,1.118004,82.7796680512771
train,PNEUMONIA,person1158_virus_1942.jpeg,JPEG,L,1024,672,False,1,5fe3e571bb5a,75.0,44952,0.688128,65.32505580357143
train,PNEUMONIA,person1158_virus_1943.jpeg,JPEG,L,1184,728,False,1,5fe3e571bb5a,75.0,61918,0.861952,71.83462652212651
train,PNEUMONIA,person1159_bacteria_3104.jpeg,JPEG,L,968,664,False,1,5fe3e571bb5a,75.0,45342,0.642752,70.54353778751369
train,PNEUMONIA,person1159_virus_1944.jpeg,JPEG,L,1360,920,False,1,5fe3e571bb5a,75.0,84549,1.2512,67.57432864450128
train,PNEUMONIA,person1159_virus_1945.jpeg,JPEG,L,1360,920,False,1,5fe3e571bb5a,75.0,84549,1.2512,67.57432864450128
train,PNEUMONIA,person1159_virus_1946.jpeg,JPEG,RGB,620,359,False,2,2670630d69c8,75.0,20346,0.22258,91.40983017342079
train,PNEUMONIA,person115_virus_218.jpeg,JPEG,L,1568,1192,False,1,5fe3e571bb5a,75.0,167662,1.869056,89.70410731406656
train,PNEUMONIA,person115_virus_219.jpeg,JPEG,L,1712,1048,True,1,8150a566ea61,89.18831168831169,171986,1.794176,95.8579314403938
train,PNEUMONIA,person1160_bacteria_3105.jpeg,JPEG,L,912,480,False,1,5fe3e571bb5a,75.0,41349,0.43776,94.45586622807018
train,PNEUMONIA,person1160_virus_1947.jpeg,JPEG,L,1056,643,False,1,5fe3e571bb5a,75.0,53620,0.679008,78.96814175974363
train,PNEUMONIA,person1161_virus_1948.jpeg,JPEG,L,1418,1010,False,1,5fe3e571bb5a,75.0,115336,1.43218,80.53177673197503
train,PNEUMONIA,person1162_bacteria_3107.jpeg,JPEG,L,1218,767,False,1,5fe3e571bb5a,75.0,90978,0.934206,97.3853732474422
train,PNEUMONIA,person1162_virus_1949.jpeg,JPEG,L,1148,689,False,1,5fe3e571bb5a,75.0,65894,0.790972,83.307626565795
train,PNEUMONIA,person1162_virus_1950.jpeg,JPEG,L,1056,642,False,1,5fe3e571bb5a,75.0,75818,0.677952,111.8338761446238
train,PNEUMONIA,person1163_virus_1951.jpeg,JPEG,L,1468,913,False,1,5fe3e571bb5a,75.0,137140,1.340284,102.32159751216905
train,PNEUMONIA,person1164_bacteria_3110.jpeg,JPEG,L,1362,844,False,1,5fe3e571bb5a,75.0,96581,1.149528,84.01796215490184
train,PNEUMONIA,person1164_virus_1952.jpeg,JPEG,L,1472,960,False,1,5fe3e571bb5a,75.0,80295,1.41312,56.82107676630435
train,PNEUMONIA,person1164_virus_1955.jpeg,JPEG,L,1392,1016,False,1,5fe3e571bb5a,75.0,103735,1.414272,73.3486910580143
train,PNEUMONIA,person1164_virus_1956.jpeg,JPEG,L,1480,1392,False,1,5fe3e571bb5a,75.0,111978,2.06016,54.35403075489282
train,PNEUMONIA,person1164_virus_1957.jpeg,JPEG,L,1512,1088,False,1,5fe3e571bb5a,75.0,123738,1.645056,75.21810807656395
train,PNEUMONIA,person1164_virus_1958.jpeg,JPEG,L,1778,1380,False,1,5fe3e571bb5a,75.0,193616,2.45364,78.90970150470322
train,PNEUMONIA,person1165_bacteria_3111.jpeg,JPEG,L,1478,928,False,1,5fe3e571bb5a,75.0,120568,1.371584,87.90420419019178
train,PNEUMONIA,person1165_virus_1959.jpeg,JPEG,RGB,923,586,False,2,2670630d69c8,75.0,43959,0.540878,81.27341100950677
train,PNEUMONIA,person1167_bacteria_3113.jpeg,JPEG,RGB,790,519,False,2,2670630d69c8,75.0,26309,0.41001,64.16672764078925
train,PNEUMONIA,person1168_bacteria_3114.jpeg,JPEG,L,1216,872,False,1,5fe3e571bb5a,75.0,67378,1.060352,63.54304985514245
train,PNEUMONIA,person1168_bacteria_3115.jpeg,JPEG,L,1104,744,False,1,5fe3e571bb5a,75.0,48245,0.821376,58.73680263362942
train,PNEUMONIA,person1168_virus_1965.jpeg,JPEG,RGB,1015,607,False,2,2670630d69c8,75.0,50221,0.616105,81.51370302140056
train,PNEUMONIA,person1168_virus_1966.jpeg,JPEG,L,960,664,False,1,5fe3e571bb5a,75.0,48964,0.63744,76.81350401606426
train,PNEUMONIA,person1169_virus_1968.jpeg,JPEG,L,1192,856,False,1,5fe3e571bb5a,75.0,68066,1.020352,66.7083516276736
train,PNEUMONIA,person116_virus_221.jpeg,JPEG,L,1728,1168,False,1,5fe3e571bb5a,75.0,123750,2.018304,61.3138555936073
train,PNEUMONIA,person1170_bacteria_3117.jpeg,JPEG,L,1064,952,False,1,5fe3e571bb5a,75.0,65868,1.012928,65.02732672016174
train,PNEUMONIA,person1170_virus_1969.jpeg,JPEG,RGB,937,515,False,2,2670630d69c8,75.0,37090,0.482555,76.86170488338118
train,PNEUMONIA,person1170_virus_1970.jpeg,JPEG,RGB,828,525,False,2,2670630d69c8,75.0,36840,0.4347,84.7481021394065
train,PNEUMONIA,person1171_bacteria_3118.jpeg,JPEG,L,1040,627,False,1,5fe3e571bb5a,75.0,59220,0.65208,90.81707765918293
train,PNEUMONIA,person1172_bacteria_3119.jpeg,JPEG,L,1456,1112,False,1,5fe3e571bb5a,75.0,110828,1.619072,68.45155743537039
train,PNEUMONIA,person1172_virus_1977.jpeg,JPEG,L,1592,1384,False,1,5fe3e571bb5a,75.0,157476,2.203328,71.47188253405757
train,PNEUMONIA,person1173_virus_1978.jpeg,JPEG,L,1650,978,False,1,5fe3e571bb5a,75.0,128080,1.6137,79.37039102683276
train,PNEUMONIA,person1174_virus_1980.jpeg,JPEG,L,1272,848,False,1,5fe3e571bb5a,75.0,114002,1.078656,105.68893141094101
train,PNEUMONIA,person1175_bacteria_3122.jpeg,JPEG,L,1310,928,False,1,5fe3e571bb5a,75.0,120051,1.21568,98.75213872071598
train,PNEUMONIA,person1175_virus_1981.jpeg,JPEG,L,1794,1176,False,1,5fe3e571bb5a,75.0,161499,2.109744,76.54909790002958
train,PNEUMONIA,person1176_bacteria_3123.jpeg,JPEG,L,1064,856,False,1,5fe3e571bb5a,75.0,45154,0.910784,49.57706766917293
train,PNEUMONIA,person1176_bacteria_3124.jpeg,JPEG,L,1096,832,False,1,5fe3e571bb5a,75.0,57103,0.911872,62.621727610892755
train,PNEUMONIA,person1176_virus_1996.jpeg,JPEG,L,1032,768,False,1,5fe3e571bb5a,75.0,56600,0.792576,71.41270994832043
train,PNEUMONIA,person1176_virus_1997.jpeg,JPEG,L,1080,752,False,1,5fe3e571bb5a,75.0,55350,0.81216,68.15159574468085
train,PNEUMONIA,person1176_virus_1998.jpeg,JPEG,L,952,664,False,1,5fe3e571bb5a,75.0,56065,0.632128,88.69248000404981
train,PNEUMONIA,person1177_bacteria_3125.jpeg,JPEG,L,1032,744,False,1,5fe3e571bb5a,75.0,46790,0.767808,60.93971409519046
train,PNEUMONIA,person1177_virus_1999.jpeg,JPEG,RGB,763,440,False,2,2670630d69c8,75.0,21308,0.33572,63.469557964970804
train,PNEUMONIA,person1177_virus_2000.jpeg,JPEG,L,1088,608,False,1,5fe3e571bb5a,75.0,59614,0.661504,90.11888061145511
train,PNEUMONIA,person1177_virus_2001.jpeg,JPEG,RGB,862,528,False,2,2670630d69c8,75.0,31799,0.455136,69.86702875623989
train,PNEUMONIA,person1177_virus_2002.jpeg,JPEG,RGB,692,383,False,2,2670630d69c8,75.0,19271,0.265036,72.71087701293409
train,PNEUMONIA,person1178_bacteria_3126.jpeg,JPEG,L,1152,720,False,1,5fe3e571bb5a,75.0,38489,0.82944,46.40359760802469
train,PNEUMONIA,person1178_virus_2004.jpeg,JPEG,L,1516,910,False,1,5fe3e571bb5a,75.0,123477,1.37956,89.50462466293602
train,PNEUMONIA,person1179_bacteria_3127.jpeg,JPEG,L,1430,963,False,1,5fe3e571bb5a,75.0,126821,1.37709,92.09347246730425
train,PNEUMONIA,person1179_virus_2006.jpeg,JPEG,L,1226,624,False,1,5fe3e571bb5a,75.0,72310,0.765024,94.51991048646839
train,PNEUMONIA,person117_virus_223.jpeg,JPEG,L,1568,968,True,1,8150a566ea61,89.18831168831169,147386,1.517824,97.10348498903693
train,PNEUMONIA,person1180_bacteria_3128.jpeg,JPEG,L,960,696,False,1,5fe3e571bb5a,75.0,48143,0.66816,72.05310105363985
train,PNEUMONIA,person1180_virus_2007.jpeg,JPEG,L,1048,696,False,1,5fe3e571bb5a,75.0,55508,0.729408,76.10007019391068
train,PNEUMONIA,person1180_virus_2008.jpeg,JPEG,L,952,544,False,1,5fe3e571bb5a,75.0,51067,0.517888,98.60626235788433
train,PNEUMONIA,person1180_virus_2009.jpeg,JPEG,L,928,584,False,1,5fe3e571bb5a,75.0,41634,0.541952,76.8223016060463
train,PNEUMONIA,person1180_virus_2010.jpeg,JPEG,L,1024,712,False,1,5fe3e571bb5a,75.0,63700,0.729088,87.36942591292136
train,PNEUMONIA,person1180_virus_2011.jpeg,JPEG,L,936,592,False,1,5fe3e571bb5a,75.0,58472,0.554112,105.52379302379302
train,PNEUMONIA,person1180_virus_2012.jpeg,JPEG,L,968,744,False,1,5fe3e571bb5a,75.0,56703,0.720192,78.73317115435884
train,PNEUMONIA,person1180_virus_2013.jpeg,JPEG,L,920,744,False,1,5fe3e571bb5a,75.0,56065,0.68448,81.908894343151
train,PNEUMONIA,person1180_virus_2014.jpeg,JPEG,L,952,672,False,1,5fe3e571bb5a,75.0,50282,0.639744,78.59706382553021
train,PNEUMONIA,person1180_virus_2015.jpeg,JPEG,L,1086,898,False,1,5fe3e571bb5a,75.0,112956,0.975228,115.82522240952885
train,PNEUMONIA,person1181_bacteria_3129.jpeg,JPEG,L,1928,1349,False,1,5fe3e571bb5a,75.0,207236,2.600872,79.67943059097102
train,PNEUMONIA,person1181_virus_2016.jpeg,JPEG,L,1664,1096,False,1,5fe3e571bb5a,75.0,108650,1.823744,59.5752474031443
train,PNEUMONIA,person1182_virus_2017.jpeg,JPEG,L,1098,863,False,1,5fe3e571bb5a,75.0,81428,0.947574,85.93313028850517
train,PNEUMONIA,person1183_bacteria_3131.jpeg,JPEG,L,1550,955,False,1,5fe3e571bb5a,75.0,125528,1.48025,84.80189157236953
train,PNEUMONIA,person1183_virus_2018.jpeg,JPEG,L,1574,1071,False,1,5fe3e571bb5a,75.0,171135,1.685754,101.51837100786948
train,PNEUMONIA,person1184_bacteria_3132.jpeg,JPEG,L,1016,608,False,1,5fe3e571bb5a,75.0,37043,0.617728,59.96652248238706
train,PNEUMONIA,person1184_virus_2019.jpeg,JPEG,L,1592,1481,False,1,5fe3e571bb5a,75.0,220667,2.357752,93.59211655848452
train,PNEUMONIA,person1185_bacteria_3133.jpeg,JPEG,L,1160,800,False,1,5fe3e571bb5a,75.0,60919,0.928,65.64547413793103
train,PNEUMONIA,person1186_bacteria_3134.jpeg,JPEG,L,1666,1276,False,1,5fe3e571bb5a,75.0,156591,2.125816,73.661596299962
train,PNEUMONIA,person1186_bacteria_3135.jpeg,JPEG,L,1168,808,False,1,5fe3e571bb5a,75.0,92749,0.943744,98.2777109046521
train,PNEUMONIA,person1186_virus_2021.jpeg,JPEG,RGB,925,635,False,2,2670630d69c8,75.0,46486,0.587375,79.141945094701
train,PNEUMONIA,person1186_virus_2022.jpeg,JPEG,L,1072,640,False,1,5fe3e571bb5a,75.0,44806,0.68608,65.30725279850746
train,PNEUMONIA,person1187_bacteria_3136.jpeg,JPEG,L,992,736,False,1,5fe3e571bb5a,75.0,47488,0.730112,65.04207573632539
train,PNEUMONIA,person1187_virus_2023.jpeg,JPEG,L,1832,1048,False,1,5fe3e571bb5a,75.0,153858,1.919936,80.13704623487449
train,PNEUMONIA,person1188_bacteria_3137.jpeg,JPEG,L,976,624,False,1,5fe3e571bb5a,75.0,37626,0.609024,61.78081651954602
train,PNEUMONIA,person1188_virus_2024.jpeg,JPEG,L,1248,1048,False,1,5fe3e571bb5a,75.0,95278,1.307904,72.8478542767665
train,PNEUMONIA,person118_virus_224.jpeg,JPEG,L,1256,784,False,1,5fe3e571bb5a,75.0,94714,0.984704,96.18524957753802
train,PNEUMONIA,person1190_virus_2031.jpeg,JPEG,L,2206,1720,False,1,5fe3e571bb5a,75.0,340973,3.79432,89.8640599633136
train,PNEUMONIA,person1191_virus_2032.jpeg,JPEG,L,1704,1234,False,1,5fe3e571bb5a,75.0,199123,2.102736,94.69709939811749
train,PNEUMONIA,person1192_bacteria_3141.jpeg,JPEG,L,1160,929,False,1,5fe3e571bb5a,75.0,82464,1.07764,76.5227719832226
train,PNEUMONIA,person1193_virus_2034.jpeg,JPEG,RGB,989,651,False,2,2670630d69c8,75.0,47214,0.643839,73.3319975956722
train,PNEUMONIA,person1194_bacteria_3143.jpeg,JPEG,L,1008,584,False,1,5fe3e571bb5a,75.0,35325,0.588672,60.00795009784736
train,PNEUMONIA,person1195_bacteria_3144.jpeg,JPEG,L,1096,680,False,1,5fe3e571bb5a,75.0,51314,0.74528,68.85197509660799
train,PNEUMONIA,person1196_bacteria_3146.jpeg,JPEG,L,1832,1224,False,1,5fe3e571bb5a,75.0,117423,2.242368,52.365624197277164
train,PNEUMONIA,person1197_bacteria_3147.jpeg,JPEG,L,1216,768,False,1,5fe3e571bb5a,75.0,61506,0.933888,65.86014597039474
train,PNEUMONIA,person1197_virus_2039.jpeg,JPEG,RGB,1010,562,False,2,2670630d69c8,75.0,39423,0.56762,69.4531552799408
train,PNEUMONIA,person1198_bacteria_3148.jpeg,JPEG,L,1128,704,False,1,5fe3e571bb5a,75.0,48650,0.794112,61.26339861379755
train,PNEUMONIA,person1199_bacteria_3149.jpeg,JPEG,L,1628,1442,False,1,5fe3e571bb5a,75.0,205220,2.347576,87.41783013627673
train,PNEUMONIA,person119_virus_225.jpeg,JPEG,L,920,512,False,1,5fe3e571bb5a,75.0,47381,0.47104,100.58806046195652
train,PNEUMONIA,person11_bacteria_45.jpeg,JPEG,RGB,856,485,False,2,2670630d69c8,75.0,30727,0.41516,74.0124289430581
train,PNEUMONIA,person1200_virus_2042.jpeg,JPEG,L,1576,1176,False,1,5fe3e571bb5a,75.0,86202,1.853376,46.51079975137263
train,PNEUMONIA,person1201_bacteria_3151.jpeg,JPEG,RGB,846,539,False,2,2670630d69c8,75.0,30040,0.455994,65.87805979903244
train,PNEUMONIA,person1202_bacteria_3152.jpeg,JPEG,L,1008,800,False,1,5fe3e571bb5a,75.0,54892,0.8064,68.0704365079365
train,PNEUMONIA,person1202_bacteria_3153.jpeg,JPEG,L,920,640,False,1,5fe3e571bb5a,75.0,55009,0.5888,93.42561141304348
train,PNEUMONIA,person1202_virus_2045.jpeg,JPEG,L,1408,968,False,1,5fe3e571bb5a,75.0,86896,1.362944,63.756104432757326
train,PNEUMONIA,person1203_bacteria_3154.jpeg,JPEG,L,1040,720,False,1,5fe3e571bb5a,75.0,49765,0.7488,66.45966880341881
train,PNEUMONIA,person1203_bacteria_3155.jpeg,JPEG,RGB,713,353,False,2,2670630d69c8,75.0,21955,0.251689,87.23066959620802
train,PNEUMONIA,person1204_bacteria_3156.jpeg,JPEG,L,1280,808,False,1,5fe3e571bb5a,75.0,62903,1.03424,60.820505878712865
train,PNEUMONIA,person1205_bacteria_3157.jpeg,JPEG,L,1508,933,False,1,5fe3e571bb5a,75.0,112195,1.406964,79.74262312326398
train,PNEUMONIA,person1206_bacteria_3158.jpeg,JPEG,L,1096,656,False,1,5fe3e571bb5a,75.0,41887,0.718976,58.2592464838882
train,PNEUMONIA,person1206_virus_2051.jpeg,JPEG,L,1160,1024,False,1,5fe3e571bb5a,75.0,73650,1.18784,62.003300107758626
train,PNEUMONIA,person1207_bacteria_3159.jpeg,JPEG,L,1008,688,False,1,5fe3e571bb5a,75.0,44354,0.693504,63.9563722775932
train,PNEUMONIA,person1208_bacteria_3160.jpeg,JPEG,L,1750,1334,False,1,5fe3e571bb5a,75.0,194694,2.3345,83.39858642107518
train,PNEUMONIA,person1209_bacteria_3161.jpeg,JPEG,L,1576,1376,False,1,5fe3e571bb5a,75.0,124696,2.168576,57.50132806044151
train,PNEUMONIA,person120_virus_226.jpeg,JPEG,L,1680,1336,True,1,8150a566ea61,89.18831168831169,195637,2.24448,87.16361919019106
train,PNEUMONIA,person1211_bacteria_3163.jpeg,JPEG,L,1368,1141,False,1,5fe3e571bb5a,75.0,129532,1.560888,82.98609509458718
train,PNEUMONIA,person1211_virus_2056.jpeg,JPEG,L,1525,1073,False,1,5fe3e571bb5a,75.0,84509,1.636325,51.64560829908484
train,PNEUMONIA,person1212_bacteria_3164.jpeg,JPEG,L,1000,624,False,1,5fe3e571bb5a,75.0,59232,0.624,94.92307692307692
train,PNEUMONIA,person1212_virus_2057.jpeg,JPEG,L,1368,912,False,1,5fe3e571bb5a,75.0,78765,1.247616,63.13240612496153
train,PNEUMONIA,person1213_virus_2058.jpeg,JPEG,L,1208,656,False,1,5fe3e571bb5a,75.0,63042,0.792448,79.55348489743176
train,PNEUMONIA,person1214_bacteria_3166.jpeg,JPEG,L,1816,1110,False,1,5fe3e571bb5a,75.0,166082,2.01576,82.39175298646663
train,PNEUMONIA,person1214_virus_2059.jpeg,JPEG,L,1160,856,False,1,5fe3e571bb5a,75.0,90580,0.99296,91.22220431840155
train,PNEUMONIA,person1215_bacteria_3167.jpeg,JPEG,L,1264,848,False,1,5fe3e571bb5a,75.0,72841,1.071872,67.956808275615
train,PNEUMONIA,person1216_bacteria_3168.jpeg,JPEG,L,1827,1044,False,1,5fe3e571bb5a,75.0,129596,1.907388,67.9442252965836
train,PNEUMONIA,person1216_virus_2062.jpeg,JPEG,L,1216,880,True,1,84d411bec87f,91.82745825602969,123838,1.07008,115.72779605263158
train,PNEUMONIA,person1217_bacteria_3169.jpeg,JPEG,L,880,576,False,1,5fe3e571bb5a,75.0,29761,0.50688,58.71409406565657
train,PNEUMONIA,person1217_virus_2063.jpeg,JPEG,L,1080,728,False,1,5fe3e571bb5a,75.0,65815,0.78624,83.70853683353683
train,PNEUMONIA,person1218_bacteria_3171.jpeg,JPEG,L,1280,768,False,1,5fe3e571bb5a,75.0,69617,0.98304,70.81807454427084
train,PNEUMONIA,person1218_virus_2066.jpeg,JPEG,L,1392,888,False,1,5fe3e571bb5a,75.0,94512,1.236096,76.46008077042559
train,PNEUMONIA,person1219_bacteria_3172.jpeg,JPEG,L,1132,825,False,1,5fe3e571bb5a,75.0,87099,0.9339,93.26373273369741
train,PNEUMONIA,person1219_virus_2067.jpeg,JPEG,L,1288,768,False,1,5fe3e571bb5a,75.0,113663,0.989184,114.90582136387164
train,PNEUMONIA,person1220_bacteria_3173.jpeg,JPEG,L,976,728,False,1,5fe3e571bb5a,75.0,46192,0.710528,65.01080886326787
train,PNEUMONIA,person1220_bacteria_3174.jpeg,JPEG,L,984,520,False,1,5fe3e571bb5a,75.0,45498,0.51168,88.91885553470918
train,PNEUMONIA,person1220_virus_2068.jpeg,JPEG,RGB,877,531,False,2,2670630d69c8,75.0,43064,0.465687,92.47412961925069
train,PNEUMONIA,person1222_bacteria_3177.jpeg,JPEG,L,1192,712,False,1,5fe3e571bb5a,75.0,49423,0.848704,58.23349483447704
train,PNEUMONIA,person1222_virus_2071.jpeg,JPEG,L,1288,728,False,1,5fe3e571bb5a,75.0,80246,0.937664,85.58076240529655
train,PNEUMONIA,person1223_bacteria_3178.jpeg,JPEG,L,1272,936,False,1,5fe3e571bb5a,75.0,81385,1.190592,68.35675025533516
train,PNEUMONIA,person1223_virus_2073.jpeg,JPEG,L,1024,584,False,1,5fe3e571bb5a,75.0,70991,0.598016,118.71087061215754
train,PNEUMONIA,person1224_virus_2074.jpeg,JPEG,L,1320,752,False,1,5fe3e571bb5a,75.0,110309,0.99264,111.12689393939394
train,PNEUMONIA,person1225_bacteria_3180.jpeg,JPEG,L,1350,855,False,1,5fe3e571bb5a,75.0,113729,1.15425,98.530647606671
train,PNEUMONIA,person1225_virus_2076.jpeg,JPEG,L,1232,728,False,1,5fe3e571bb5a,75.0,83735,0.896896,93.36088019123733
train,PNEUMONIA,person1226_virus_2077.jpeg,JPEG,L,1152,672,False,1,5fe3e571bb5a,75.0,55729,0.774144,71.98789889219576
train,PNEUMONIA,person1227_bacteria_3182.jpeg,JPEG,L,1798,1130,False,1,5fe3e571bb5a,75.0,111127,2.03174,54.69548268971423
train,PNEUMONIA,person1227_virus_2078.jpeg,JPEG,L,1640,1304,False,1,5fe3e571bb5a,75.0,189160,2.13856,88.45204249588508
train,PNEUMONIA,person1228_bacteria_3183.jpeg,JPEG,L,1136,648,False,1,5fe3e571bb5a,75.0,67283,0.736128,91.40122370022605
train,PNEUMONIA,person1228_virus_2079.jpeg,JPEG,L,1000,600,False,1,5fe3e571bb5a,75.0,52509,0.6,87.515
train,PNEUMONIA,person1229_virus_2080.jpeg,JPEG,L,1160,824,True,1,84d411bec87f,91.82745825602969,108398,0.95584,113.4060093739538
train,PNEUMONIA,person122_virus_229.jpeg,JPEG,L,1080,752,False,1,5fe3e571bb5a,75.0,67347,0.81216,82.92331560283688
train,PNEUMONIA,person1230_bacteria_3185.jpeg,JPEG,L,880,584,False,1,5fe3e571bb5a,75.0,32340,0.51392,62.928082191780824
train,PNEUMONIA,person1230_virus_2081.jpeg,JPEG,L,1424,1016,False,1,5fe3e571bb5a,75.0,168017,1.446784,116.13136446076263
train,PNEUMONIA,person1231_bacteria_3186.jpeg,JPEG,L,992,592,False,1,5fe3e571bb5a,75.0,38095,0.587264,64.8686110505667
train,PNEUMONIA,person1231_virus_2088.jpeg,JPEG,L,1704,1288,True,1,8150a566ea61,89.18831168831169,213361,2.194752,97.21417271746421
train,PNEUMONIA,person1232_virus_2089.jpeg,JPEG,L,1192,776,False,1,5fe3e571bb5a,75.0,77631,0.924992,83.92613125302705
train,PNEUMONIA,person1233_bacteria_3188.jpeg,JPEG,L,1320,1016,False,1,5fe3e571bb5a,75.0,87368,1.34112,65.14554998806966
train,PNEUMONIA,person1233_virus_2090.jpeg,JPEG,L,1224,656,False,1,5fe3e571bb5a,75.0,87852,0.802944,109.41236250597801
train,PNEUMONIA,person1234_bacteria_3189.jpeg,JPEG,L,1040,680,False,1,5fe3e571bb5a,75.0,48778,0.7072,68.97341628959275
train,PNEUMONIA,person1234_bacteria_3190.jpeg,JPEG,L,936,584,False,1,5fe3e571bb5a,75.0,67987,0.546624,124.37617082308863
train,PNEUMONIA,person1234_virus_2093.jpeg,JPEG,L,1576,944,False,1,5fe3e571bb5a,75.0,151641,1.487744,101.92680998881528
train,PNEUMONIA,person1235_bacteria_3191.jpeg,JPEG,L,1232,1088,False,1,5fe3e571bb5a,75.0,82366,1.340416,61.4480877578304
train,PNEUMONIA,person1235_virus_2095.jpeg,JPEG,L,1216,680,False,1,5fe3e571bb5a,75.0,79546,0.82688,96.20017414860682
train,PNEUMONIA,person1236_bacteria_3192.jpeg,JPEG,L,888,584,False,1,5fe3e571bb5a,75.0,46185,0.518592,89.05845057386153
train,PNEUMONIA,person1236_virus_2096.jpeg,JPEG,L,1360,952,False,1,5fe3e571bb5a,75.0,129275,1.29472,99.84784354918438
train,PNEUMONIA,person1237_bacteria_3193.jpeg,JPEG,L,904,576,False,1,5fe3e571bb5a,75.0,35384,0.520704,67.95415437561456
train,PNEUMONIA,person1237_virus_2097.jpeg,JPEG,L,1224,584,False,1,5fe3e571bb5a,75.0,75612,0.714816,105.77827021219446
train,PNEUMONIA,person1238_bacteria_3194.jpeg,JPEG,L,904,608,False,1,5fe3e571bb5a,75.0,32510,0.549632,59.14866674429436
train,PNEUMONIA,person1238_virus_2098.jpeg,JPEG,L,1168,608,False,1,5fe3e571bb5a,75.0,68483,0.710144,96.43537085436193
train,PNEUMONIA,person1239_bacteria_3195.jpeg,JPEG,L,848,648,False,1,5fe3e571bb5a,75.0,32910,0.549504,59.890373864430465
train,PNEUMONIA,person1239_virus_2099.jpeg,JPEG,L,1440,928,False,1,5fe3e571bb5a,75.0,149828,1.33632,112.11985153256705
train,PNEUMONIA,person123_virus_230.jpeg,JPEG,L,1216,752,False,1,5fe3e571bb5a,75.0,70381,0.914432,76.96690404535275
train,PNEUMONIA,person1240_bacteria_3196.jpeg,JPEG,RGB,869,553,False,2,2670630d69c8,75.0,33980,0.480557,70.70961405202712
train,PNEUMONIA,person1241_bacteria_3197.jpeg,JPEG,L,992,592,False,1,5fe3e571bb5a,75.0,52940,0.587264,90.14685047951177
train,PNEUMONIA,person1241_virus_2106.jpeg,JPEG,L,1056,632,False,1,5fe3e571bb5a,75.0,66278,0.667392,99.30895186037593
train,PNEUMONIA,person1242_bacteria_3198.jpeg,JPEG,L,1546,1210,False,1,5fe3e571bb5a,75.0,112732,1.87066,60.26322260592518
train,PNEUMONIA,person1242_virus_2108.jpeg,JPEG,L,1168,608,False,1,5fe3e571bb5a,75.0,53977,0.710144,76.0085278478731
train,PNEUMONIA,person1242_virus_2109.jpeg,JPEG,L,1120,592,False,1,5fe3e571bb5a,75.0,59352,0.66304,89.51496138996139
train,PNEUMONIA,person1243_bacteria_3199.jpeg,JPEG,L,1633,1080,False,1,5fe3e571bb5a,75.0,106455,1.76364,60.36095801864326
train,PNEUMONIA,person1243_virus_2110.jpeg,JPEG,L,1312,1024,False,1,5fe3e571bb5a,75.0,101032,1.343488,75.20126714939025
train,PNEUMONIA,person1244_bacteria_3200.jpeg,JPEG,L,1260,770,False,1,5fe3e571bb5a,75.0,91423,0.9702,94.23108637394353
train,PNEUMONIA,person1244_virus_2111.jpeg,JPEG,L,1248,816,False,1,5fe3e571bb5a,75.0,82905,1.018368,81.40966723227753
train,PNEUMONIA,person1246_bacteria_3202.jpeg,JPEG,L,1048,632,False,1,5fe3e571bb5a,75.0,41730,0.662336,63.00427577543723
train,PNEUMONIA,person1247_bacteria_3203.jpeg,JPEG,L,1000,536,False,1,5fe3e571bb5a,75.0,37364,0.536,69.7089552238806
train,PNEUMONIA,person1247_virus_2115.jpeg,JPEG,L,1232,808,False,1,5fe3e571bb5a,75.0,84946,0.995456,85.33375658994471
train,PNEUMONIA,person1248_bacteria_3204.jpeg,JPEG,L,1064,632,False,1,5fe3e571bb5a,75.0,39642,0.672448,58.95177024840582
train,PNEUMONIA,person1248_virus_2117.jpeg,JPEG,L,1088,800,False,1,5fe3e571bb5a,75.0,81313,0.8704,93.42026654411765
train,PNEUMONIA,person1249_bacteria_3205.jpeg,JPEG,L,1064,544,False,1,5fe3e571bb5a,75.0,34521,0.578816,59.64071483856701
train,PNEUMONIA,person1249_virus_2118.jpeg,JPEG,L,1664,1264,False,1,5fe3e571bb5a,75.0,184869,2.103296,87.89490399829602
train,PNEUMONIA,person124_virus_231.jpeg,JPEG,L,1360,1208,True,1,8150a566ea61,89.18831168831169,148814,1.64288,90.58117452278925
train,PNEUMONIA,person124_virus_233.jpeg,JPEG,L,1352,1080,False,1,5fe3e571bb5a,75.0,123931,1.46016,84.87494521148368
train,PNEUMONIA,person124_virus_234.jpeg,JPEG,L,1536,1192,False,1,5fe3e571bb5a,75.0,148619,1.830912,81.17211531739373
train,PNEUMONIA,person124_virus_236.jpeg,JPEG,L,1448,1112,False,1,5fe3e571bb5a,75.0,137155,1.610176,85.18012937716125
train,PNEUMONIA,person124_virus_237.jpeg,JPEG,L,1336,992,False,1,5fe3e571bb5a,75.0,115383,1.325312,87.06100903032643
train,PNEUMONIA,person124_virus_238.jpeg,JPEG,L,1336,1256,False,1,5fe3e571bb5a,75.0,117756,1.678016,70.17573133986804
train,PNEUMONIA,person124_virus_239.jpeg,JPEG,L,1328,1224,False,1,5fe3e571bb5a,75.0,131983,1.625472,81.19672316717852
train,PNEUMONIA,person124_virus_240.jpeg,JPEG,L,1328,1136,False,1,5fe3e571bb5a,75.0,125952,1.508608,83.48888511793653
train,PNEUMONIA,person124_virus_242.jpeg,JPEG,L,1416,1072,False,1,5fe3e571bb5a,75.0,152770,1.517952,100.6421810439329
train,PNEUMONIA,person124_virus_244.jpeg,JPEG,L,1416,864,False,1,5fe3e571bb5a,75.0,126276,1.223424,103.21523854362836
train,PNEUMONIA,person124_virus_245.jpeg,JPEG,L,1184,1048,False,1,5fe3e571bb5a,75.0,120007,1.240832,96.71494610068085
train,PNEUMONIA,person124_virus_246.jpeg,JPEG,L,1296,888,False,1,5fe3e571bb5a,75.0,109365,1.150848,95.02992575909241
train,PNEUMONIA,person124_virus_247.jpeg,JPEG,L,1296,888,False,1,5fe3e571bb5a,75.0,109365,1.150848,95.02992575909241
train,PNEUMONIA,person124_virus_249.jpeg,JPEG,L,1224,952,False,1,5fe3e571bb5a,75.0,116199,1.165248,99.72040286702915
train,PNEUMONIA,person124_virus_250.jpeg,JPEG,L,1304,968,False,1,5fe3e571bb5a,75.0,120927,1.262272,95.80106347918674
train,PNEUMONIA,person124_virus_251.jpeg,JPEG,L,1472,1024,False,1,5fe3e571bb5a,75.0,121777,1.507328,80.7899806810462
train,PNEUMONIA,person1250_bacteria_3207.jpeg,JPEG,L,904,416,False,1,5fe3e571bb5a,75.0,24620,0.376064,65.4675799863853
train,PNEUMONIA,person1251_bacteria_3208.jpeg,JPEG,L,1940,1816,False,1,5fe3e571bb5a,75.0,287954,3.52304,81.73452472864345
train,PNEUMONIA,person1252_bacteria_3209.jpeg,JPEG,L,1008,528,False,1,5fe3e571bb5a,75.0,44826,0.532224,84.22393578643579
train,PNEUMONIA,person1252_virus_2124.jpeg,JPEG,L,1328,1152,False,1,5fe3e571bb5a,75.0,138566,1.529856,90.57453773427041
train,PNEUMONIA,person1253_bacteria_3211.jpeg,JPEG,RGB,711,537,False,2,2670630d69c8,75.0,27363,0.381807,71.6670988221798
train,PNEUMONIA,person1253_virus_2129.jpeg,JPEG,L,1064,632,False,1,5fe3e571bb5a,75.0,57174,0.672448,85.02367469306176
train,PNEUMONIA,person1254_virus_2130.jpeg,JPEG,L,1072,656,False,1,5fe3e571bb5a,75.0,64419,0.703232,91.60419321077539
train,PNEUMONIA,person1255_virus_2132.jpeg,JPEG,L,1152,512,False,1,5fe3e571bb5a,75.0,49449,0.589824,83.83687337239583
train,PNEUMONIA,person1256_bacteria_3214.jpeg,JPEG,L,920,672,False,1,5fe3e571bb5a,75.0,39898,0.61824,64.53480848861284
train,PNEUMONIA,person1257_bacteria_3215.jpeg,JPEG,L,816,576,False,1,5fe3e571bb5a,75.0,32443,0.470016,69.02530977668845
train,PNEUMONIA,person1258_bacteria_3216.jpeg,JPEG,L,1496,1044,False,1,5fe3e571bb5a,75.0,103345,1.561824,66.16942754113138
train,PNEUMONIA,person1258_virus_2138.jpeg,JPEG,L,1568,1120,True,1,8150a566ea61,89.18831168831169,218032,1.75616,124.15269679300293
train,PNEUMONIA,person1259_bacteria_3217.jpeg,JPEG,L,1082,612,False,1,5fe3e571bb5a,75.0,66336,0.662184,100.17759414301764
train,PNEUMONIA,person1259_virus_2139.jpeg,JPEG,L,1416,816,False,1,5fe3e571bb5a,75.0,108883,1.155456,94.233791680514
train,PNEUMONIA,person125_virus_254.jpeg,JPEG,L,1400,1088,False,1,5fe3e571bb5a,75.0,129710,1.5232,85.15625
train,PNEUMONIA,person1260_bacteria_3218.jpeg,JPEG,L,992,600,False,1,5fe3e571bb5a,75.0,38773,0.5952,65.14280913978496
train,PNEUMONIA,person1260_virus_2140.jpeg,JPEG,L,1144,632,False,1,5fe3e571bb5a,75.0,65438,0.723008,90.50798884659645
train,PNEUMONIA,person1261_bacteria_3219.jpeg,JPEG,L,1538,1353,False,1,5fe3e571bb5a,75.0,177722,2.080914,85.40573997772134
train,PNEUMONIA,person1261_virus_2145.jpeg,JPEG,L,1144,840,False,1,5fe3e571bb5a,75.0,59523,0.96096,61.941183816183816
train,PNEUMONIA,person1261_virus_2147.jpeg,JPEG,L,1184,808,False,1,5fe3e571bb5a,75.0,80363,0.956672,84.00266758094729
train,PNEUMONIA,person1261_virus_2148.jpeg,JPEG,L,1184,808,False,1,5fe3e571bb5a,75.0,80363,0.956672,84.00266758094729
train,PNEUMONIA,person1262_bacteria_3220.jpeg,JPEG,L,1176,960,False,1,5fe3e571bb5a,75.0,87613,1.12896,77.60505243764173
train,PNEUMONIA,person1263_bacteria_3221.jpeg,JPEG,RGB,735,467,False,2,2670630d69c8,75.0,23596,0.343245,68.743900129645
train,PNEUMONIA,person1264_bacteria_3222.jpeg,JPEG,L,1152,674,False,1,5fe3e571bb5a,75.0,67777,0.776448,87.29109998351467
train,PNEUMONIA,person1264_virus_2155.jpeg,JPEG,L,1072,568,False,1,5fe3e571bb5a,75.0,49004,0.608896,80.48008198444397
train,PNEUMONIA,person1265_bacteria_3223.jpeg,JPEG,L,928,480,False,1,5fe3e571bb5a,75.0,32474,0.44544,72.90319683908045
train,PNEUMONIA,person1265_virus_2156.jpeg,JPEG,L,1128,720,False,1,5fe3e571bb5a,75.0,73247,0.81216,90.18789401103231
train,PNEUMONIA,person1266_bacteria_3224.jpeg,JPEG,L,840,528,False,1,5fe3e571bb5a,75.0,27314,0.44352,61.58459595959596
train,PNEUMONIA,person1266_bacteria_3225.jpeg,JPEG,L,816,368,False,1,5fe3e571bb5a,75.0,25738,0.300288,85.71105072463769
train,PNEUMONIA,person1266_virus_2158.jpeg,JPEG,L,1176,856,False,1,5fe3e571bb5a,75.0,100536,1.006656,99.87125691398055
train,PNEUMONIA,person1267_bacteria_3226.jpeg,JPEG,L,1000,744,False,1,5fe3e571bb5a,75.0,50738,0.744,68.19623655913979
train,PNEUMONIA,person1267_virus_2160.jpeg,JPEG,L,1144,720,False,1,5fe3e571bb5a,75.0,74465,0.82368,90.40525446775447
train,PNEUMONIA,person1268_bacteria_3227.jpeg,JPEG,L,1168,1024,False,1,5fe3e571bb5a,75.0,79282,1.196032,66.28752407962328
train,PNEUMONIA,person1268_bacteria_3228.jpeg,JPEG,L,1256,864,False,1,5fe3e571bb5a,75.0,112070,1.085184,103.2728090351498
train,PNEUMONIA,person1268_virus_2161.jpeg,JPEG,L,1208,984,False,1,5fe3e571bb5a,75.0,113150,1.188672,95.19026274699834
train,PNEUMONIA,person1269_bacteria_3229.jpeg,JPEG,L,1328,1040,False,1,5fe3e571bb5a,75.0,87313,1.38112,63.218981696014836
train,PNEUMONIA,person1269_virus_2162.jpeg,JPEG,L,1304,864,False,1,5fe3e571bb5a,75.0,107538,1.126656,95.44883265167006
train,PNEUMONIA,person126_virus_255.jpeg,JPEG,L,1416,1432,False,1,5fe3e571bb5a,75.0,205900,2.027712,101.54301991604329
train,PNEUMONIA,person1270_bacteria_3230.jpeg,JPEG,L,1208,952,False,1,5fe3e571bb5a,75.0,56900,1.150016,49.47757248594802
train,PNEUMONIA,person1270_virus_2163.jpeg,JPEG,L,1280,920,False,1,5fe3e571bb5a,75.0,107297,1.1776,91.11497961956522
train,PNEUMONIA,person1271_bacteria_3231.jpeg,JPEG,L,1422,971,False,1,5fe3e571bb5a,75.0,131262,1.380762,95.06489894710312
train,PNEUMONIA,person1271_virus_2164.jpeg,JPEG,L,1320,1240,False,1,5fe3e571bb5a,75.0,153893,1.6368,94.02065004887585
train,PNEUMONIA,person1272_bacteria_3232.jpeg,JPEG,L,1164,836,False,1,5fe3e571bb5a,75.0,87370,0.973104,89.78485341751755
train,PNEUMONIA,person1272_virus_2190.jpeg,JPEG,L,1264,832,False,1,5fe3e571bb5a,75.0,100750,1.051648,95.8020174050633
train,PNEUMONIA,person1273_bacteria_3233.jpeg,JPEG,L,960,616,False,1,5fe3e571bb5a,75.0,41161,0.59136,69.60396374458875
train,PNEUMONIA,person1273_bacteria_3234.jpeg,JPEG,L,920,560,False,1,5fe3e571bb5a,75.0,49514,0.5152,96.10636645962734
train,PNEUMONIA,person1273_virus_2191.jpeg,JPEG,L,1376,1080,True,1,8150a566ea61,89.18831168831169,164442,1.48608,110.6548772609819
train,PNEUMONIA,person1274_bacteria_3235.jpeg,JPEG,L,1248,1152,False,1,5fe3e571bb5a,75.0,98284,1.437696,68.36215722934473
train,PNEUMONIA,person1274_bacteria_3236.jpeg,JPEG,L,1304,816,False,1,5fe3e571bb5a,75.0,103739,1.064064,97.49319589799111
train,PNEUMONIA,person1274_virus_2193.jpeg,JPEG,L,1096,600,False,1,5fe3e571bb5a,75.0,61678,0.6576,93.79257907542579
train,PNEUMONIA,person1275_bacteria_3237.jpeg,JPEG,L,952,664,False,1,5fe3e571bb5a,75.0,45294,0.632128,71.6532094765617
train,PNEUMONIA,person1276_bacteria_3239.jpeg,JPEG,L,1128,568,False,1,5fe3e571bb5a,75.0,63835,0.640704,99.63259164918588
train,PNEUMONIA,person1276_virus_2198.jpeg,JPEG,L,856,608,False,1,5fe3e571bb5a,75.0,51158,0.520448,98.29608337432366
train,PNEUMONIA,person1277_bacteria_3240.jpeg,JPEG,RGB,824,529,False,2,2670630d69c8,75.0,28781,0.435896,66.02721750142236
train,PNEUMONIA,person1278_virus_2201.jpeg,JPEG,L,1320,960,False,1,5fe3e571bb5a,75.0,89482,1.2672,70.61395202020202
train,PNEUMONIA,person1279_bacteria_3242.jpeg,JPEG,L,1132,766,False,1,5fe3e571bb5a,75.0,77239,0.867112,89.07615163900397
train,PNEUMONIA,person1280_bacteria_3243.jpeg,JPEG,L,1368,1044,False,1,5fe3e571bb5a,75.0,106934,1.428192,74.87368645112142
train,PNEUMONIA,person1281_bacteria_3244.jpeg,JPEG,L,1176,727,False,1,5fe3e571bb5a,75.0,72368,0.854952,84.64568771112296
train,PNEUMONIA,person1281_virus_2204.jpeg,JPEG,L,1560,1256,True,1,8150a566ea61,89.18831168831169,187090,1.95936,95.48526049322228
train,PNEUMONIA,person1282_bacteria_3245.jpeg,JPEG,L,1008,808,False,1,5fe3e571bb5a,75.0,53268,0.814464,65.40252239509665
train,PNEUMONIA,person1283_bacteria_3246.jpeg,JPEG,L,1096,960,False,1,5fe3e571bb5a,75.0,98806,1.05216,93.9077706812652
train,PNEUMONIA,person1283_virus_2206.jpeg,JPEG,L,1408,784,False,1,5fe3e571bb5a,75.0,93377,1.103872,84.59042352736549
train,PNEUMONIA,person1284_bacteria_3247.jpeg,JPEG,L,1434,986,False,1,5fe3e571bb5a,75.0,123110,1.413924,87.0697434939926
train,PNEUMONIA,person1284_virus_2207.jpeg,JPEG,L,1408,800,False,1,5fe3e571bb5a,75.0,95907,1.1264,85.14470880681817
train,PNEUMONIA,person1285_virus_2208.jpeg,JPEG,L,944,552,False,1,5fe3e571bb5a,75.0,46457,0.521088,89.15384733480718
train,PNEUMONIA,person1286_bacteria_3249.jpeg,JPEG,L,1072,504,False,1,5fe3e571bb5a,75.0,31196,0.540288,57.73957592987444
train,PNEUMONIA,person1286_virus_2209.jpeg,JPEG,L,1048,776,False,1,5fe3e571bb5a,75.0,77486,0.813248,95.27966868655074
train,PNEUMONIA,person1287_bacteria_3250.jpeg,JPEG,RGB,635,448,False,2,2670630d69c8,75.0,16178,0.28448,56.86867266591676
train,PNEUMONIA,person1287_virus_2210.jpeg,JPEG,L,1384,1184,True,1,8150a566ea61,89.18831168831169,174040,1.638656,106.20899078269021
train,PNEUMONIA,person1288_bacteria_3251.jpeg,JPEG,L,1184,664,False,1,5fe3e571bb5a,75.0,46475,0.786176,59.11526172256594
train,PNEUMONIA,person1288_virus_2211.jpeg,JPEG,L,1304,880,True,1,8150a566ea61,89.18831168831169,107131,1.14752,93.35872141662018
train,PNEUMONIA,person1289_bacteria_3252.jpeg,JPEG,L,1120,736,False,1,5fe3e571bb5a,75.0,50565,0.82432,61.34146933229813
train,PNEUMONIA,person128_virus_261.jpeg,JPEG,L,1312,960,True,1,8150a566ea61,89.18831168831169,129505,1.25952,102.82091590447155
train,PNEUMONIA,person1290_bacteria_3253.jpeg,JPEG,L,1272,1075,False,1,5fe3e571bb5a,75.0,107942,1.3674,78.93959338891327
train,PNEUMONIA,person1290_virus_2215.jpeg,JPEG,L,1392,1264,False,1,5fe3e571bb5a,75.0,129665,1.759488,73.69473392259566
train,PNEUMONIA,person1290_virus_2216.jpeg,JPEG,L,1392,1056,False,1,5fe3e571bb5a,75.0,127153,1.469952,86.5014639933821
train,PNEUMONIA,person1291_virus_2217.jpeg,JPEG,L,1264,760,False,1,5fe3e571bb5a,75.0,81715,0.96064,85.06308294470352
train,PNEUMONIA,person1292_bacteria_3255.jpeg,JPEG,L,1032,536,False,1,5fe3e571bb5a,75.0,48806,0.553152,88.23252921439315
train,PNEUMONIA,person1292_virus_2218.jpeg,JPEG,L,1216,936,False,1,5fe3e571bb5a,75.0,102229,1.138176,89.8182706365272
train,PNEUMONIA,person1293_virus_2219.jpeg,JPEG,L,1320,984,True,1,8150a566ea61,89.18831168831169,139371,1.29888,107.3009053954176
train,PNEUMONIA,person1294_bacteria_3257.jpeg,JPEG,L,840,536,False,1,5fe3e571bb5a,75.0,32183,0.45024,71.4796552949538
train,PNEUMONIA,person1294_virus_2221.jpeg,JPEG,L,1336,784,False,1,5fe3e571bb5a,75.0,96172,1.047424,91.8176402297446
train,PNEUMONIA,person1294_virus_2222.jpeg,JPEG,L,1216,800,False,1,5fe3e571bb5a,75.0,77613,0.9728,79.78310032894737
train,PNEUMONIA,person1295_bacteria_3258.jpeg,JPEG,L,1168,648,False,1,5fe3e571bb5a,75.0,42710,0.756864,56.4302173177744
train,PNEUMONIA,person1295_virus_2223.jpeg,JPEG,L,1296,1120,False,1,5fe3e571bb5a,75.0,108882,1.45152,75.0124007936508
train,PNEUMONIA,person1296_virus_2224.jpeg,JPEG,L,1592,1056,True,1,8150a566ea61,89.18831168831169,148708,1.681152,88.456011116187
train,PNEUMONIA,person1297_bacteria_3260.jpeg,JPEG,L,984,608,False,1,5fe3e571bb5a,75.0,42176,0.598272,70.49636285836543
train,PNEUMONIA,person1298_bacteria_3261.jpeg,JPEG,L,984,584,False,1,5fe3e571bb5a,75.0,29817,0.574656,51.886693952555966
train,PNEUMONIA,person1298_virus_2226.jpeg,JPEG,L,1288,880,False,1,5fe3e571bb5a,75.0,84105,1.13344,74.20331027667984
train,PNEUMONIA,person1298_virus_2228.jpeg,JPEG,RGB,714,503,False,2,2670630d69c8,75.0,28529,0.359142,79.43654599016544
train,PNEUMONIA,person12_bacteria_46.jpeg,JPEG,L,1646,1310,False,1,5fe3e571bb5a,75.0,211497,2.15626,98.08511032992311
train,PNEUMONIA,person12_bacteria_47.jpeg,JPEG,L,1264,1152,False,1,5fe3e571bb5a,75.0,132399,1.456128,90.92538568037975
train,PNEUMONIA,person12_bacteria_48.jpeg,JPEG,L,1736,1365,False,1,5fe3e571bb5a,75.0,196263,2.36964,82.82397326176128
train,PNEUMONIA,person1300_bacteria_3264.jpeg,JPEG,L,1512,1488,False,1,5fe3e571bb5a,75.0,148686,2.249856,66.08689622802527
train,PNEUMONIA,person1300_virus_2240.jpeg,JPEG,L,1400,1024,True,1,8150a566ea61,89.18831168831169,153795,1.4336,107.27887834821428
train,PNEUMONIA,person1301_virus_2241.jpeg,JPEG,L,984,712,False,1,5fe3e571bb5a,75.0,62115,0.700608,88.65870786516854
train,PNEUMONIA,person1302_bacteria_3266.jpeg,JPEG,L,1056,624,False,1,5fe3e571bb5a,75.0,37111,0.658944,56.318898115773116
train,PNEUMONIA,person1303_bacteria_3267.jpeg,JPEG,RGB,671,393,False,2,2670630d69c8,75.0,24244,0.263703,91.93676219079798
train,PNEUMONIA,person1303_virus_2243.jpeg,JPEG,L,1424,1112,False,1,5fe3e571bb5a,75.0,149020,1.583488,94.10870180260287
train,PNEUMONIA,person1304_bacteria_3269.jpeg,JPEG,L,1544,1008,False,1,5fe3e571bb5a,75.0,82783,1.556352,53.19040936754668
train,PNEUMONIA,person1305_bacteria_3271.jpeg,JPEG,L,1144,600,False,1,5fe3e571bb5a,75.0,58545,0.6864,85.29283216783217
train,PNEUMONIA,person1306_bacteria_3272.jpeg,JPEG,L,1096,536,False,1,5fe3e571bb5a,75.0,56323,0.587456,95.87611667937685
train,PNEUMONIA,person1306_bacteria_3274.jpeg,JPEG,L,1064,760,False,1,5fe3e571bb5a,75.0,59044,0.80864,73.0164226355362
train,PNEUMONIA,person1306_bacteria_3275.jpeg,JPEG,L,1056,688,False,1,5fe3e571bb5a,75.0,55239,0.726528,76.03148123678648
train,PNEUMONIA,person1306_bacteria_3276.jpeg,JPEG,L,1120,568,False,1,5fe3e571bb5a,75.0,50569,0.63616,79.49100855130786
train,PNEUMONIA,person1306_bacteria_3277.jpeg,JPEG,L,1136,528,False,1,5fe3e571bb5a,75.0,56375,0.599808,93.98840962441315
train,PNEUMONIA,person1306_virus_2249.jpeg,JPEG,L,1160,664,False,1,5fe3e571bb5a,75.0,66853,0.77024,86.79502492729537
train,PNEUMONIA,person1307_bacteria_3278.jpeg,JPEG,L,1328,936,False,1,5fe3e571bb5a,75.0,112594,1.243008,90.58187879724025
train,PNEUMONIA,person1307_virus_2251.jpeg,JPEG,L,1504,1016,False,1,5fe3e571bb5a,75.0,129398,1.528064,84.68100812531412
train,PNEUMONIA,person1308_bacteria_3280.jpeg,JPEG,RGB,940,696,False,2,2670630d69c8,75.0,56484,0.65424,86.33528980190755
train,PNEUMONIA,person1308_bacteria_3283.jpeg,JPEG,L,1496,984,False,1,5fe3e571bb5a,75.0,122155,1.472064,82.98212577714013
train,PNEUMONIA,person1308_bacteria_3285.jpeg,JPEG,L,1472,808,False,1,5fe3e571bb5a,75.0,86493,1.189376,72.72132614076625
train,PNEUMONIA,person1308_bacteria_3286.jpeg,JPEG,L,1480,856,False,1,5fe3e571bb5a,75.0,96128,1.26688,75.87774690578429
train,PNEUMONIA,person1308_bacteria_3288.jpeg,JPEG,L,1440,792,False,1,5fe3e571bb5a,75.0,65230,1.14048,57.19521604938272
train,PNEUMONIA,person1308_bacteria_3290.jpeg,JPEG,L,1416,928,False,1,5fe3e571bb5a,75.0,85068,1.314048,64.7373611922852
train,PNEUMONIA,person1308_bacteria_3292.jpeg,JPEG,RGB,482,209,False,2,2670630d69c8,75.0,11893,0.100738,118.05872659770893
train,PNEUMONIA,person1308_virus_2252.jpeg,JPEG,L,960,464,False,1,5fe3e571bb5a,75.0,37945,0.44544,85.18543462643679
train,PNEUMONIA,person1308_virus_2253.jpeg,JPEG,L,1016,808,False,1,5fe3e571bb5a,75.0,66410,0.820928,80.89625399547829
train,PNEUMONIA,person1309_bacteria_3294.jpeg,JPEG,L,1216,872,True,1,84d411bec87f,91.82745825602969,121012,1.060352,114.12436624818929
train,PNEUMONIA,person1309_virus_2254.jpeg,JPEG,L,1192,664,False,1,5fe3e571bb5a,75.0,75204,0.791488,95.01596991994825
train,PNEUMONIA,person130_virus_263.jpeg,JPEG,L,1568,1144,False,1,5fe3e571bb5a,75.0,158463,1.793792,88.339673719138
train,PNEUMONIA,person1310_bacteria_3295.jpeg,JPEG,L,1472,904,False,1,5fe3e571bb5a,75.0,84757,1.330688,63.6941191323586
train,PNEUMONIA,person1310_bacteria_3297.jpeg,JPEG,L,1440,736,False,1,5fe3e571bb5a,75.0,72157,1.05984,68.0829181763285
train,PNEUMONIA,person1310_bacteria_3300.jpeg,JPEG,L,1392,832,False,1,5fe3e571bb5a,75.0,86111,1.158144,74.35258482537577
train,PNEUMONIA,person1310_bacteria_3301.jpeg,JPEG,L,1280,752,False,1,5fe3e571bb5a,75.0,80076,0.96256,83.19065824468085
train,PNEUMONIA,person1310_bacteria_3302.jpeg,JPEG,L,1400,888,True,1,8150a566ea61,89.18831168831169,131868,1.2432,106.07142857142856
train,PNEUMONIA,person1310_bacteria_3304.jpeg,JPEG,L,1296,824,True,1,84d411bec87f,91.82745825602969,134955,1.067904,126.37371898597628
train,PNEUMONIA,person1310_virus_2255.jpeg,JPEG,L,1056,736,False,1,5fe3e571bb5a,75.0,64578,0.777216,83.08887104743083
train,PNEUMONIA,person1311_bacteria_3312.jpeg,JPEG,RGB,490,189,False,2,2670630d69c8,75.0,9099,0.09261,98.25072886297376
train,PNEUMONIA,person1311_virus_2257.jpeg,JPEG,L,1240,904,True,1,84d411bec87f,91.82745825602969,118765,1.12096,105.9493648301456
train,PNEUMONIA,person1311_virus_2259.jpeg,JPEG,L,1200,840,False,1,5fe3e571bb5a,75.0,96115,1.008,95.35218253968253
train,PNEUMONIA,person1312_bacteria_3313.jpeg,JPEG,L,1424,1264,False,1,5fe3e571bb5a,75.0,112444,1.799936,62.4711100839141
train,PNEUMONIA,person1312_bacteria_3314.jpeg,JPEG,L,1512,1200,False,1,5fe3e571bb5a,75.0,124726,1.8144,68.74228395061728
train,PNEUMONIA,person1312_bacteria_3316.jpeg,JPEG,L,1528,1416,False,1,5fe3e571bb5a,75.0,148594,2.163648,68.6775298015204
train,PNEUMONIA,person1312_bacteria_3317.jpeg,JPEG,L,1624,1136,False,1,5fe3e571bb5a,75.0,115180,1.844864,62.432786373412895
train,PNEUMONIA,person1312_bacteria_3318.jpeg,JPEG,L,1624,1136,False,1,5fe3e571bb5a,75.0,115180,1.844864,62.432786373412895
train,PNEUMONIA,person1312_bacteria_3319.jpeg,JPEG,L,1488,1168,False,1,5fe3e571bb5a,75.0,118576,1.737984,68.22617469435852
train,PNEUMONIA,person1312_virus_2261.jpeg,JPEG,L,1432,936,False,1,5fe3e571bb5a,75.0,117215,1.340352,87.4509084180872
train,PNEUMONIA,person1313_bacteria_3320.jpeg,JPEG,L,1288,744,False,1,5fe3e571bb5a,75.0,78592,0.958272,82.01429239297401
train,PNEUMONIA,person1313_virus_2264.jpeg,JPEG,L,1184,832,False,1,5fe3e571bb5a,75.0,94840,0.985088,96.27566268191269
train,PNEUMONIA,person1314_virus_2266.jpeg,JPEG,L,1144,624,False,1,5fe3e571bb5a,75.0,51389,0.713856,71.98790792540792
train,PNEUMONIA,person1314_virus_2268.jpeg,JPEG,L,1264,672,False,1,5fe3e571bb5a,75.0,55437,0.849408,65.26545547016275
train,PNEUMONIA,person1314_virus_2269.jpeg,JPEG,L,1216,768,False,1,5fe3e571bb5a,75.0,66571,0.933888,71.28370853892544
train,PNEUMONIA,person1315_bacteria_3322.jpeg,JPEG,L,1160,776,False,1,5fe3e571bb5a,75.0,82724,0.90016,91.89921791681479
train,PNEUMONIA,person1315_virus_2270.jpeg,JPEG,L,1720,1240,False,1,5fe3e571bb5a,75.0,160176,2.1328,75.1012753188297
train,PNEUMONIA,person1316_bacteria_3326.jpeg,JPEG,L,920,536,False,1,5fe3e571bb5a,75.0,49325,0.49312,100.0263627514601
train,PNEUMONIA,person1316_virus_2271.jpeg,JPEG,L,1216,672,False,1,5fe3e571bb5a,75.0,75558,0.817152,92.46504934210527
train,PNEUMONIA,person1317_bacteria_3332.jpeg,JPEG,RGB,679,542,False,2,2670630d69c8,75.0,35896,0.368018,97.53870734583634
train,PNEUMONIA,person1317_virus_2273.jpeg,JPEG,L,1200,784,False,1,5fe3e571bb5a,75.0,80995,0.9408,86.09162414965988
train,PNEUMONIA,person1318_bacteria_3334.jpeg,JPEG,L,1824,1672,False,1,5fe3e571bb5a,75.0,183188,3.049728,60.06699613867203
train,PNEUMONIA,person1318_bacteria_3335.jpeg,JPEG,L,1848,1472,False,1,5fe3e571bb5a,75.0,143448,2.720256,52.73327216261999
train,PNEUMONIA,person1318_virus_2274.jpeg,JPEG,L,984,624,False,1,5fe3e571bb5a,75.0,56413,0.614016,91.87545601417553
train,PNEUMONIA,person1319_virus_2276.jpeg,JPEG,L,1096,696,False,1,5fe3e571bb5a,75.0,60683,0.762816,79.55129415219398
train,PNEUMONIA,person131_virus_265.jpeg,JPEG,L,1184,800,False,1,5fe3e571bb5a,75.0,70482,0.9472,74.41089527027026
train,PNEUMONIA,person1320_bacteria_3339.jpeg,JPEG,L,1512,1152,False,1,5fe3e571bb5a,75.0,154912,1.741824,88.93665490887713
train,PNEUMONIA,person1320_bacteria_3340.jpeg,JPEG,L,1640,1160,False,1,5fe3e571bb5a,75.0,116333,1.9024,61.150651808242216
train,PNEUMONIA,person1320_bacteria_3342.jpeg,JPEG,L,1296,1048,False,1,5fe3e571bb5a,75.0,115411,1.358208,84.9729938271605
train,PNEUMONIA,person1320_bacteria_3344.jpeg,JPEG,L,1456,1056,False,1,5fe3e571bb5a,75.0,103133,1.537536,67.0768034049284
train,PNEUMONIA,person1320_bacteria_3345.jpeg,JPEG,L,1616,1104,False,1,5fe3e571bb5a,75.0,147484,1.784064,82.66743793944612
train,PNEUMONIA,person1320_bacteria_3346.jpeg,JPEG,L,1600,1208,False,1,5fe3e571bb5a,75.0,132771,1.9328,68.69360513245032
train,PNEUMONIA,person1320_bacteria_3347.jpeg,JPEG,L,1440,1040,False,1,5fe3e571bb5a,75.0,92535,1.4976,61.788862179487175
train,PNEUMONIA,person1320_bacteria_3348.jpeg,JPEG,L,1544,824,False,1,5fe3e571bb5a,75.0,93113,1.272256,73.18731450274159
train,PNEUMONIA,person1320_bacteria_3350.jpeg,JPEG,L,1544,1104,False,1,5fe3e571bb5a,75.0,134035,1.704576,78.63245757302695
train,PNEUMONIA,person1320_bacteria_3351.jpeg,JPEG,L,1312,1056,False,1,5fe3e571bb5a,75.0,114243,1.385472,82.45781942904655
train,PNEUMONIA,person1320_bacteria_3352.jpeg,JPEG,L,1600,1128,False,1,5fe3e571bb5a,75.0,107436,1.8048,59.527925531914896
train,PNEUMONIA,person1320_bacteria_3353.jpeg,JPEG,L,1456,976,False,1,5fe3e571bb5a,75.0,88214,1.421056,62.076371374527106
train,PNEUMONIA,person1320_bacteria_3355.jpeg,JPEG,L,1608,944,False,1,5fe3e571bb5a,75.0,91825,1.517952,60.49269015094022
train,PNEUMONIA,person1320_virus_2277.jpeg,JPEG,L,1008,568,False,1,5fe3e571bb5a,75.0,41960,0.572544,73.28694388553544
train,PNEUMONIA,person1321_bacteria_3358.jpeg,JPEG,L,1016,648,False,1,5fe3e571bb5a,75.0,45295,0.658368,68.79890881695344
train,PNEUMONIA,person1321_bacteria_3359.jpeg,JPEG,L,968,576,False,1,5fe3e571bb5a,75.0,53438,0.557568,95.84122474747475
train,PNEUMONIA,person1321_virus_2279.jpeg,JPEG,L,1632,1088,False,1,5fe3e571bb5a,75.0,155997,1.775616,87.85514435553634
train,PNEUMONIA,person1322_bacteria_3360.jpeg,JPEG,RGB,803,452,False,2,2670630d69c8,75.0,27604,0.362956,76.05329571628516
train,PNEUMONIA,person1323_bacteria_3361.jpeg,JPEG,L,1792,1592,False,1,5fe3e571bb5a,75.0,228281,2.852864,80.01818523420675
train,PNEUMONIA,person1323_bacteria_3362.jpeg,JPEG,L,1888,1440,False,1,5fe3e571bb5a,75.0,163265,2.71872,60.05215689736347
train,PNEUMONIA,person1323_bacteria_3363.jpeg,JPEG,L,1800,1384,False,1,5fe3e571bb5a,75.0,158968,2.4912,63.81181759794476
train,PNEUMONIA,person1323_virus_2282.jpeg,JPEG,L,1056,592,False,1,5fe3e571bb5a,75.0,49667,0.625152,79.44787827600328
train,PNEUMONIA,person1323_virus_2283.jpeg,JPEG,L,1112,712,False,1,5fe3e571bb5a,75.0,62532,0.791744,78.98007436747231
train,PNEUMONIA,person1324_virus_2284.jpeg,JPEG,L,1224,992,False,1,5fe3e571bb5a,75.0,113737,1.214208,93.67175969850305
train,PNEUMONIA,person1324_virus_2285.jpeg,JPEG,L,1424,896,True,1,8150a566ea61,89.18831168831169,128212,1.275904,100.48718398876404
train,PNEUMONIA,person1325_bacteria_3366.jpeg,JPEG,RGB,749,459,False,2,2670630d69c8,75.0,32298,0.343791,93.946612913078
train,PNEUMONIA,person1325_virus_2287.jpeg,JPEG,L,1336,816,False,1,5fe3e571bb5a,75.0,91740,1.090176,84.15154984149348
train,PNEUMONIA,person1326_bacteria_3372.jpeg,JPEG,L,1216,920,False,1,5fe3e571bb5a,75.0,74030,1.11872,66.17384153318078
train,PNEUMONIA,person1327_bacteria_3373.jpeg,JPEG,L,1448,1080,False,1,5fe3e571bb5a,75.0,112384,1.56384,71.86412932269286
train,PNEUMONIA,person1327_bacteria_3374.jpeg,JPEG,L,1448,1008,True,1,8150a566ea61,89.18831168831169,186326,1.459584,127.65692142418662
train,PNEUMONIA,person1328_bacteria_3376.jpeg,JPEG,L,1072,584,False,1,5fe3e571bb5a,75.0,51321,0.626048,81.97614240441627
train,PNEUMONIA,person1328_virus_2293.jpeg,JPEG,L,1208,768,False,1,5fe3e571bb5a,75.0,60248,0.927744,64.94032836644591
train,PNEUMONIA,person1328_virus_2294.jpeg,JPEG,L,1248,824,False,1,5fe3e571bb5a,75.0,110953,1.028352,107.89398960667165
train,PNEUMONIA,person1328_virus_2295.jpeg,JPEG,L,1192,792,False,1,5fe3e571bb5a,75.0,65250,0.944064,69.11607687614399
train,PNEUMONIA,person1329_bacteria_3377.jpeg,JPEG,L,1064,592,False,1,5fe3e571bb5a,75.0,49777,0.629888,79.0251600284495
train,PNEUMONIA,person132_virus_266.jpeg,JPEG,L,1496,1008,False,1,5fe3e571bb5a,75.0,100073,1.507968,66.36281406501995
train,PNEUMONIA,person1331_bacteria_3380.jpeg,JPEG,L,976,680,False,1,5fe3e571bb5a,75.0,57807,0.66368,87.10071118611378
train,PNEUMONIA,person1331_virus_2299.jpeg,JPEG,L,1104,776,False,1,5fe3e571bb5a,75.0,72999,0.856704,85.2091270730614
train,PNEUMONIA,person1332_virus_2300.jpeg,JPEG,L,1536,896,False,1,5fe3e571bb5a,75.0,121683,1.376256,88.41596330915179
train,PNEUMONIA,person1333_bacteria_3383.jpeg,JPEG,L,1096,640,False,1,5fe3e571bb5a,75.0,57921,0.70144,82.57441833941607
train,PNEUMONIA,person1333_bacteria_3384.jpeg,JPEG,L,1256,752,False,1,5fe3e571bb5a,75.0,69328,0.944512,73.40086732619596
train,PNEUMONIA,person1333_bacteria_3385.jpeg,JPEG,L,1360,784,False,1,5fe3e571bb5a,75.0,69959,1.06624,65.61280762304922
train,PNEUMONIA,person1333_bacteria_3386.jpeg,JPEG,L,1136,688,False,1,5fe3e571bb5a,75.0,65633,0.781568,83.97605838519488
train,PNEUMONIA,person1333_virus_2301.jpeg,JPEG,L,1400,1072,False,1,5fe3e571bb5a,75.0,113064,1.5008,75.33582089552239
train,PNEUMONIA,person1336_virus_2306.jpeg,JPEG,L,1152,776,False,1,5fe3e571bb5a,75.0,48547,0.893952,54.30604775200458
train,PNEUMONIA,person1337_virus_2307.jpeg,JPEG,L,2008,1440,False,1,5fe3e571bb5a,75.0,256476,2.89152,88.69936918990705
train,PNEUMONIA,person1338_bacteria_3394.jpeg,JPEG,L,1448,1080,False,1,5fe3e571bb5a,75.0,100638,1.56384,64.35313075506447
train,PNEUMONIA,person1338_bacteria_3395.jpeg,JPEG,L,1440,992,True,1,8150a566ea61,89.18831168831169,127999,1.42848,89.60503472222221
train,PNEUMONIA,person1338_bacteria_3397.jpeg,JPEG,L,1472,1048,True,1,8150a566ea61,89.18831168831169,140108,1.542656,90.82258131430468
train,PNEUMONIA,person1338_virus_2308.jpeg,JPEG,L,1096,488,False,1,5fe3e571bb5a,75.0,46326,0.534848,86.61526265406246
train,PNEUMONIA,person1339_bacteria_3399.jpeg,JPEG,L,1344,712,False,1,5fe3e571bb5a,75.0,53502,0.956928,55.910162520064205
train,PNEUMONIA,person1339_bacteria_3402.jpeg,JPEG,L,1208,672,False,1,5fe3e571bb5a,75.0,61839,0.811776,76.17741840113528
train,PNEUMONIA,person133_virus_267.jpeg,JPEG,L,1552,1000,False,1,5fe3e571bb5a,75.0,127083,1.552,81.88337628865979
train,PNEUMONIA,person1340_bacteria_3405.jpeg,JPEG,L,992,776,False,1,5fe3e571bb5a,75.0,51271,0.769792,66.60370593614898
train,PNEUMONIA,person1340_virus_2311.jpeg,JPEG,L,1032,744,False,1,5fe3e571bb5a,75.0,65312,0.767808,85.0629323997666
train,PNEUMONIA,person1340_virus_2312.jpeg,JPEG,RGB,911,630,False,2,2670630d69c8,75.0,58265,0.57393,101.51934904953565
train,PNEUMONIA,person1341_bacteria_3406.jpeg,JPEG,L,1088,544,False,1,5fe3e571bb5a,75.0,36498,0.591872,61.66536007785467
train,PNEUMONIA,person1341_virus_2313.jpeg,JPEG,L,1056,728,False,1,5fe3e571bb5a,75.0,59761,0.768768,77.73606601731602
train,PNEUMONIA,person1342_bacteria_3407.jpeg,JPEG,L,1048,648,False,1,5fe3e571bb5a,75.0,62712,0.679104,92.34520780322308
train,PNEUMONIA,person1342_virus_2315.jpeg,JPEG,L,1448,880,False,1,5fe3e571bb5a,75.0,111788,1.27424,87.7291562029131
train,PNEUMONIA,person1343_bacteria_3409.jpeg,JPEG,L,1312,832,False,1,5fe3e571bb5a,75.0,69329,1.091584,63.51229039634145
train,PNEUMONIA,person1343_bacteria_3411.jpeg,JPEG,L,1448,888,False,1,5fe3e571bb5a,75.0,77718,1.285824,60.44217560101538
train,PNEUMONIA,person1343_bacteria_3413.jpeg,JPEG,L,1384,864,False,1,5fe3e571bb5a,75.0,85785,1.195776,71.74002488760436
train,PNEUMONIA,person1343_bacteria_3414.jpeg,JPEG,L,1384,864,False,1,5fe3e571bb5a,75.0,85785,1.195776,71.74002488760436
train,PNEUMONIA,person1343_bacteria_3415.jpeg,JPEG,L,1376,1120,False,1,5fe3e571bb5a,75.0,83191,1.54112,53.98087105481728
train,PNEUMONIA,person1343_bacteria_3416.jpeg,JPEG,L,1416,888,False,1,5fe3e571bb5a,75.0,79576,1.257408,63.28574337048912
train,PNEUMONIA,person1343_bacteria_3417.jpeg,JPEG,L,1136,760,False,1,5fe3e571bb5a,75.0,62267,0.86336,72.1217105263158
train,PNEUMONIA,person1343_bacteria_3418.jpeg,JPEG,L,1152,912,False,1,5fe3e571bb5a,75.0,73268,1.050624,69.73760355750487
train,PNEUMONIA,person1343_bacteria_3419.jpeg,JPEG,L,1216,712,False,1,5fe3e571bb5a,75.0,68904,0.865792,79.58493494973388
train,PNEUMONIA,person1343_virus_2316.jpeg,JPEG,L,1184,840,True,1,84d411bec87f,91.82745825602969,119160,0.99456,119.81177606177606
train,PNEUMONIA,person1343_virus_2317.jpeg,JPEG,L,1280,872,True,1,84d411bec87f,91.82745825602969,122168,1.11616,109.45384174311927
train,PNEUMONIA,person1344_bacteria_3421.jpeg,JPEG,L,1144,760,False,1,5fe3e571bb5a,75.0,63337,0.86944,72.84804011777696
train,PNEUMONIA,person1344_virus_2319.jpeg,JPEG,L,992,560,False,1,5fe3e571bb5a,75.0,48861,0.55552,87.95542914746542
train,PNEUMONIA,person1344_virus_2320.jpeg,JPEG,L,984,656,False,1,5fe3e571bb5a,75.0,46779,0.645504,72.46895449137419
train,PNEUMONIA,person1345_bacteria_3422.jpeg,JPEG,L,1376,1048,True,1,8150a566ea61,89.18831168831169,163385,1.442048,113.30066682939818
train,PNEUMONIA,person1345_bacteria_3424.jpeg,JPEG,L,1320,856,False,1,5fe3e571bb5a,75.0,100572,1.12992,89.00807136788445
train,PNEUMONIA,person1345_bacteria_3425.jpeg,JPEG,L,1552,840,False,1,5fe3e571bb5a,75.0,88612,1.30368,67.9706676485027
train,PNEUMONIA,person1345_bacteria_3426.jpeg,JPEG,L,1384,1008,False,1,5fe3e571bb5a,75.0,95054,1.395072,68.1355514267364
train,PNEUMONIA,person1345_bacteria_3427.jpeg,JPEG,L,1464,1048,False,1,5fe3e571bb5a,75.0,131157,1.534272,85.48484232261295
train,PNEUMONIA,person1345_bacteria_3428.jpeg,JPEG,L,1408,848,False,1,5fe3e571bb5a,75.0,106532,1.193984,89.22397620068611
train,PNEUMONIA,person1345_virus_2321.jpeg,JPEG,L,1272,840,False,1,5fe3e571bb5a,75.0,90587,1.06848,84.78118448637316
train,PNEUMONIA,person1346_bacteria_3430.jpeg,JPEG,L,1248,936,True,1,84d411bec87f,91.82745825602969,128898,1.168128,110.34578402366863
train,PNEUMONIA,person1346_virus_2322.jpeg,JPEG,L,944,640,False,1,5fe3e571bb5a,75.0,58723,0.60416,97.19776218220338
train,PNEUMONIA,person1347_virus_2323.jpeg,JPEG,L,1320,1000,False,1,5fe3e571bb5a,75.0,121071,1.32,91.72045454545454
train,PNEUMONIA,person1348_virus_2324.jpeg,JPEG,L,1432,1008,False,1,5fe3e571bb5a,75.0,87379,1.443456,60.53457812361444
train,PNEUMONIA,person1348_virus_2326.jpeg,JPEG,L,1432,968,False,1,5fe3e571bb5a,75.0,101447,1.386176,73.18479038736784
train,PNEUMONIA,person1349_bacteria_3434.jpeg,JPEG,L,1512,872,False,1,5fe3e571bb5a,75.0,99532,1.318464,75.49087422940633
train,PNEUMONIA,person1349_bacteria_3436.jpeg,JPEG,L,1480,1208,False,1,5fe3e571bb5a,75.0,121620,1.78784,68.02622158582423
train,PNEUMONIA,person1349_bacteria_3437.jpeg,JPEG,L,1480,1208,False,1,5fe3e571bb5a,75.0,121620,1.78784,68.02622158582423
train,PNEUMONIA,person1349_bacteria_3438.jpeg,JPEG,L,1336,904,False,1,5fe3e571bb5a,75.0,92963,1.207744,76.97243786762758
train,PNEUMONIA,person1349_bacteria_3439.jpeg,JPEG,L,1504,992,False,1,5fe3e571bb5a,75.0,120199,1.491968,80.56406035518188
train,PNEUMONIA,person134_virus_268.jpeg,JPEG,L,1216,1008,True,1,84d411bec87f,91.82745825602969,127780,1.225728,104.2482508354219
train,PNEUMONIA,person1350_virus_2329.jpeg,JPEG,L,1280,792,False,1,5fe3e571bb5a,75.0,85659,1.01376,84.49633049242425
train,PNEUMONIA,person1351_bacteria_3441.jpeg,JPEG,L,1112,680,False,1,5fe3e571bb5a,75.0,67096,0.75616,88.73254337706305
train,PNEUMONIA,person1351_virus_2330.jpeg,JPEG,L,1224,776,False,1,5fe3e571bb5a,75.0,84697,0.949824,89.17125699076882
train,PNEUMONIA,person1352_bacteria_3442.jpeg,JPEG,L,1296,696,False,1,5fe3e571bb5a,75.0,63692,0.902016,70.61072087413083
train,PNEUMONIA,person1352_bacteria_3443.jpeg,JPEG,L,1232,824,False,1,5fe3e571bb5a,75.0,77484,1.015168,76.3262829403606
train,PNEUMONIA,person1352_bacteria_3444.jpeg,JPEG,L,1384,960,False,1,5fe3e571bb5a,75.0,106584,1.32864,80.22037572254335
train,PNEUMONIA,person1352_bacteria_3445.jpeg,JPEG,L,1320,1008,True,1,8150a566ea61,89.18831168831169,138836,1.33056,104.3440355940356
train,PNEUMONIA,person1353_bacteria_3446.jpeg,JPEG,L,1296,904,True,1,84d411bec87f,91.82745825602969,119259,1.171584,101.79295722713864
train,PNEUMONIA,person1353_virus_2333.jpeg,JPEG,L,1408,1024,True,1,8150a566ea61,89.18831168831169,152643,1.441792,105.87033358487216
train,PNEUMONIA,person1354_bacteria_3448.jpeg,JPEG,L,1312,936,True,1,8150a566ea61,89.18831168831169,130554,1.228032,106.31156191369607
train,PNEUMONIA,person1355_bacteria_3449.jpeg,JPEG,RGB,841,528,False,2,2670630d69c8,75.0,43747,0.444048,98.51862861672612
train,PNEUMONIA,person1355_bacteria_3452.jpeg,JPEG,L,800,472,False,1,5fe3e571bb5a,75.0,32026,0.3776,84.8146186440678
train,PNEUMONIA,person1355_virus_2336.jpeg,JPEG,L,1416,1104,True,1,8150a566ea61,89.18831168831169,163919,1.563264,104.85688917546877
train,PNEUMONIA,person1356_virus_2337.jpeg,JPEG,L,1328,1104,False,1,5fe3e571bb5a,75.0,128206,1.466112,87.44625240090797
train,PNEUMONIA,person1357_virus_2338.jpeg,JPEG,L,1416,1088,False,1,5fe3e571bb5a,75.0,143797,1.540608,93.33782506646726
train,PNEUMONIA,person1358_bacteria_3463.jpeg,JPEG,L,1472,976,False,1,5fe3e571bb5a,75.0,100765,1.436672,70.13779067177477
train,PNEUMONIA,person1358_bacteria_3465.jpeg,JPEG,L,1440,912,False,1,5fe3e571bb5a,75.0,116746,1.31328,88.89650341130604
train,PNEUMONIA,person1358_virus_2339.jpeg,JPEG,L,1760,1360,True,1,8150a566ea61,89.18831168831169,241393,2.3936,100.84934826203208
train,PNEUMONIA,person1359_virus_2340.jpeg,JPEG,L,1408,976,False,1,5fe3e571bb5a,75.0,128711,1.374208,93.66194928278689
train,PNEUMONIA,person135_virus_270.jpeg,JPEG,L,992,568,False,1,5fe3e571bb5a,75.0,49581,0.563456,87.99444854611541
train,PNEUMONIA,person135_virus_271.jpeg,JPEG,L,1072,624,False,1,5fe3e571bb5a,75.0,52678,0.668928,78.74988040566399
train,PNEUMONIA,person1360_virus_2341.jpeg,JPEG,L,1632,1200,False,1,5fe3e571bb5a,75.0,166652,1.9584,85.09599673202614
train,PNEUMONIA,person1361_bacteria_3476.jpeg,JPEG,L,1240,920,False,1,5fe3e571bb5a,75.0,86702,1.1408,76.00105189340813
train,PNEUMONIA,person1361_bacteria_3477.jpeg,JPEG,L,1192,760,False,1,5fe3e571bb5a,75.0,67355,0.90592,74.34983221476512
train,PNEUMONIA,person1361_virus_2342.jpeg,JPEG,L,1416,904,True,1,8150a566ea61,89.18831168831169,132520,1.280064,103.52607369631518
train,PNEUMONIA,person1361_virus_2344.jpeg,JPEG,L,1232,880,False,1,5fe3e571bb5a,75.0,73366,1.08416,67.67082349468713
train,PNEUMONIA,person1362_virus_2345.jpeg,JPEG,L,1360,1296,True,1,8150a566ea61,89.18831168831169,172324,1.76256,97.76915395787945
train,PNEUMONIA,person1363_bacteria_3483.jpeg,JPEG,L,1320,944,False,1,5fe3e571bb5a,75.0,82960,1.24608,66.57678479712376
train,PNEUMONIA,person1363_bacteria_3484.jpeg,JPEG,L,1216,872,False,1,5fe3e571bb5a,75.0,97527,1.060352,91.97606077981652
train,PNEUMONIA,person1363_virus_2346.jpeg,JPEG,L,1504,1056,False,1,5fe3e571bb5a,75.0,151000,1.588224,95.07475016118633
train,PNEUMONIA,person1365_bacteria_3489.jpeg,JPEG,L,1000,568,False,1,5fe3e571bb5a,75.0,51182,0.568,90.10915492957747
train,PNEUMONIA,person1365_virus_2348.jpeg,JPEG,L,1152,840,False,1,5fe3e571bb5a,75.0,87875,0.96768,90.80997850529101
train,PNEUMONIA,person1366_bacteria_3490.jpeg,JPEG,L,1816,1488,False,1,5fe3e571bb5a,75.0,186974,2.702208,69.19304509497418
train,PNEUMONIA,person1366_virus_2349.jpeg,JPEG,L,1192,672,False,1,5fe3e571bb5a,75.0,60901,0.801024,76.02893296580378
train,PNEUMONIA,person1367_virus_2351.jpeg,JPEG,L,1296,848,True,1,84d411bec87f,91.82745825602969,113028,1.099008,102.84547519217331
train,PNEUMONIA,person1368_virus_2352.jpeg,JPEG,L,1312,824,False,1,5fe3e571bb5a,75.0,104113,1.081088,96.30390865498461
train,PNEUMONIA,person1368_virus_2353.jpeg,JPEG,L,1320,1048,False,1,5fe3e571bb5a,75.0,123601,1.38336,89.3483981031691
train,PNEUMONIA,person1368_virus_2354.jpeg,JPEG,L,1296,928,True,1,84d411bec87f,91.82745825602969,174146,1.202688,144.7973206683695
train,PNEUMONIA,person1369_virus_2355.jpeg,JPEG,RGB,852,444,False,2,2670630d69c8,75.0,28624,0.378288,75.66721651228693
train,PNEUMONIA,person1369_virus_2356.jpeg,JPEG,RGB,1003,413,False,2,2670630d69c8,75.0,38985,0.414239,94.11233611514125
train,PNEUMONIA,person1371_virus_2361.jpeg,JPEG,L,1120,680,False,1,5fe3e571bb5a,75.0,58319,0.7616,76.57431722689076
train,PNEUMONIA,person1371_virus_2362.jpeg,JPEG,L,1072,648,False,1,5fe3e571bb5a,75.0,75802,0.694656,109.12163718444813
train,PNEUMONIA,person1372_bacteria_3498.jpeg,JPEG,L,1856,1312,True,1,8150a566ea61,89.18831168831169,215914,2.435072,88.66842541000841
train,PNEUMONIA,person1372_bacteria_3499.jpeg,JPEG,L,1688,1392,False,1,5fe3e571bb5a,75.0,177075,2.349696,75.36081263278314
train,PNEUMONIA,person1372_bacteria_3500.jpeg,JPEG,L,1624,1288,False,1,5fe3e571bb5a,75.0,133309,2.091712,63.73200517088395
train,PNEUMONIA,person1372_bacteria_3501.jpeg,JPEG,L,1800,1512,False,1,5fe3e571bb5a,75.0,151687,2.7216,55.73449441504997
train,PNEUMONIA,person1372_bacteria_3502.jpeg,JPEG,L,1800,1512,False,1,5fe3e571bb5a,75.0,151687,2.7216,55.73449441504997
train,PNEUMONIA,person1372_bacteria_3503.jpeg,JPEG,L,1800,1512,False,1,5fe3e571bb5a,75.0,151687,2.7216,55.73449441504997
train,PNEUMONIA,person1374_bacteria_3506.jpeg,JPEG,L,1552,840,False,1,5fe3e571bb5a,75.0,97701,1.30368,74.94247054491899
train,PNEUMONIA,person1374_bacteria_3507.jpeg,JPEG,L,1416,1016,False,1,5fe3e571bb5a,75.0,123510,1.438656,85.85096089683705
train,PNEUMONIA,person1374_virus_2365.jpeg,JPEG,L,1136,576,False,1,5fe3e571bb5a,75.0,56147,0.654336,85.80759732003129
train,PNEUMONIA,person1375_bacteria_3509.jpeg,JPEG,L,1320,800,False,1,5fe3e571bb5a,75.0,81651,1.056,77.32102272727272
train,PNEUMONIA,person1375_bacteria_3510.jpeg,JPEG,L,1312,816,False,1,5fe3e571bb5a,75.0,99063,1.070592,92.53104824246772
train,PNEUMONIA,person1375_virus_2366.jpeg,JPEG,L,1512,1056,False,1,5fe3e571bb5a,75.0,120079,1.596672,75.2058030703864
train,PNEUMONIA,person1376_bacteria_3511.jpeg,JPEG,L,1416,856,False,1,5fe3e571bb5a,75.0,114411,1.212096,94.39103833359734
train,PNEUMONIA,person1376_virus_2367.jpeg,JPEG,L,1264,712,False,1,5fe3e571bb5a,75.0,95981,0.899968,106.6493475323567
train,PNEUMONIA,person1377_bacteria_3512.jpeg,JPEG,L,1400,1072,False,1,5fe3e571bb5a,75.0,131799,1.5008,87.81916311300641
train,PNEUMONIA,person1377_virus_2369.jpeg,JPEG,L,1584,720,False,1,5fe3e571bb5a,75.0,85860,1.14048,75.2840909090909
train,PNEUMONIA,person1378_bacteria_3513.jpeg,JPEG,L,928,504,False,1,5fe3e571bb5a,75.0,39915,0.467712,85.3409790640394
train,PNEUMONIA,person1379_bacteria_3514.jpeg,JPEG,L,1216,720,False,1,5fe3e571bb5a,75.0,67938,0.87552,77.59731359649123
train,PNEUMONIA,person137_virus_281.jpeg,JPEG,L,1320,1000,False,1,5fe3e571bb5a,75.0,112588,1.32,85.29393939393938
train,PNEUMONIA,person1380_bacteria_3515.jpeg,JPEG,L,1064,688,False,1,5fe3e571bb5a,75.0,59017,0.732032,80.62079253365974
train,PNEUMONIA,person1381_bacteria_3516.jpeg,JPEG,L,1944,1560,False,1,5fe3e571bb5a,75.0,321753,3.03264,106.09666824944603
train,PNEUMONIA,person1381_bacteria_3517.jpeg,JPEG,L,1984,1576,False,1,5fe3e571bb5a,75.0,213786,3.126784,68.37248751432783
train,PNEUMONIA,person1381_virus_2375.jpeg,JPEG,L,1352,840,False,1,5fe3e571bb5a,75.0,91573,1.13568,80.6327486615948
train,PNEUMONIA,person1383_bacteria_3521.jpeg,JPEG,L,1224,680,False,1,5fe3e571bb5a,75.0,67205,0.83232,80.74418492887351
train,PNEUMONIA,person1383_virus_2377.jpeg,JPEG,L,1240,960,False,1,5fe3e571bb5a,75.0,86838,1.1904,72.94858870967742
train,PNEUMONIA,person1384_bacteria_3522.jpeg,JPEG,L,1104,848,False,1,5fe3e571bb5a,75.0,86960,0.936192,92.88692917692096
train,PNEUMONIA,person1385_bacteria_3524.jpeg,JPEG,L,1288,784,False,1,5fe3e571bb5a,75.0,84247,1.009792,83.43005292178984
train,PNEUMONIA,person1385_virus_2380.jpeg,JPEG,L,1320,856,False,1,5fe3e571bb5a,75.0,82093,1.12992,72.65381619937695
train,PNEUMONIA,person1387_virus_2382.jpeg,JPEG,L,1368,760,False,1,5fe3e571bb5a,75.0,73256,1.03968,70.46014158202524
train,PNEUMONIA,person1388_bacteria_3529.jpeg,JPEG,L,1128,680,False,1,5fe3e571bb5a,75.0,55573,0.76704,72.45124113475177
train,PNEUMONIA,person1389_bacteria_3531.jpeg,JPEG,L,1056,744,False,1,5fe3e571bb5a,75.0,52853,0.785664,67.27175993809058
train,PNEUMONIA,person1389_virus_2387.jpeg,JPEG,L,1392,776,False,1,5fe3e571bb5a,75.0,88045,1.080192,81.50865772010901
train,PNEUMONIA,person138_virus_282.jpeg,JPEG,L,928,496,False,1,5fe3e571bb5a,75.0,36703,0.460288,79.73920675750836
train,PNEUMONIA,person1390_bacteria_3534.jpeg,JPEG,L,1128,688,False,1,5fe3e571bb5a,75.0,57962,0.776064,74.68713920501402
train,PNEUMONIA,person1390_bacteria_3535.jpeg,JPEG,L,1056,584,False,1,5fe3e571bb5a,75.0,53829,0.616704,87.28498599003736
train,PNEUMONIA,person1391_bacteria_3536.jpeg,JPEG,L,1576,1200,False,1,5fe3e571bb5a,75.0,135812,1.8912,71.81260575296109
train,PNEUMONIA,person1391_bacteria_3537.jpeg,JPEG,L,1384,1072,False,1,5fe3e571bb5a,75.0,111508,1.483648,75.15798895694935
train,PNEUMONIA,person1392_bacteria_3538.jpeg,JPEG,L,1232,832,True,1,84d411bec87f,91.82745825602969,120173,1.025024,117.23920610639361
train,PNEUMONIA,person1393_virus_2396.jpeg,JPEG,L,1240,720,False,1,5fe3e571bb5a,75.0,71910,0.8928,80.54435483870967
train,PNEUMONIA,person1394_virus_2397.jpeg,JPEG,L,1440,896,False,1,5fe3e571bb5a,75.0,84289,1.29024,65.32815600198413
train,PNEUMONIA,person1395_bacteria_3544.jpeg,JPEG,L,1848,1448,False,1,5fe3e571bb5a,75.0,177497,2.675904,66.33160232953051
train,PNEUMONIA,person1395_virus_2398.jpeg,JPEG,L,1208,728,False,1,5fe3e571bb5a,75.0,71330,0.879424,81.10990830361692
train,PNEUMONIA,person1396_bacteria_3545.jpeg,JPEG,L,1160,856,True,1,84d411bec87f,91.82745825602969,116165,0.99296,116.98859974218499
train,PNEUMONIA,person1396_virus_2399.jpeg,JPEG,L,1432,1128,False,1,5fe3e571bb5a,75.0,134521,1.615296,83.27947323586511
train,PNEUMONIA,person1397_virus_2400.jpeg,JPEG,L,1176,696,False,1,5fe3e571bb5a,75.0,93393,0.818496,114.10318437719916
train,PNEUMONIA,person1398_bacteria_3548.jpeg,JPEG,L,1544,1280,True,1,8150a566ea61,89.18831168831169,189843,1.97632,96.05883662564766
train,PNEUMONIA,person1398_virus_2401.jpeg,JPEG,L,1144,696,False,1,5fe3e571bb5a,75.0,63134,0.796224,79.29175709348122
train,PNEUMONIA,person1399_bacteria_3549.jpeg,JPEG,L,1696,1432,True,1,8150a566ea61,89.18831168831169,220744,2.428672,90.89082428586487
train,PNEUMONIA,person1399_virus_2402.jpeg,JPEG,L,872,608,False,1,5fe3e571bb5a,75.0,48770,0.530176,91.98832085948818
train,PNEUMONIA,person139_virus_283.jpeg,JPEG,L,1576,1064,False,1,5fe3e571bb5a,75.0,129546,1.676864,77.2549234762032
train,PNEUMONIA,person13_bacteria_49.jpeg,JPEG,L,1666,1392,False,1,5fe3e571bb5a,75.0,208017,2.319072,89.6983793517407
train,PNEUMONIA,person13_bacteria_50.jpeg,JPEG,L,1762,1535,False,1,5fe3e571bb5a,75.0,219016,2.70467,80.97697685854466
train,PNEUMONIA,person1400_bacteria_3550.jpeg,JPEG,L,1272,784,False,1,5fe3e571bb5a,75.0,84974,0.997248,85.20849377486844
train,PNEUMONIA,person1400_bacteria_3551.jpeg,JPEG,L,1168,872,False,1,5fe3e571bb5a,75.0,80956,1.018496,79.48583008671609
train,PNEUMONIA,person1400_bacteria_3553.jpeg,JPEG,L,1240,1048,False,1,5fe3e571bb5a,75.0,105310,1.29952,81.03761388820487
train,PNEUMONIA,person1400_bacteria_3554.jpeg,JPEG,L,1576,960,False,1,5fe3e571bb5a,75.0,117114,1.51296,77.40720177664974
train,PNEUMONIA,person1401_bacteria_3555.jpeg,JPEG,L,1088,560,False,1,5fe3e571bb5a,75.0,51389,0.60928,84.3438156512605
train,PNEUMONIA,person1402_virus_2405.jpeg,JPEG,L,1136,648,False,1,5fe3e571bb5a,75.0,53548,0.736128,72.74278386367588
train,PNEUMONIA,person1403_bacteria_3557.jpeg,JPEG,L,1208,920,True,1,84d411bec87f,91.82745825602969,131717,1.11136,118.51875179959691
train,PNEUMONIA,person1403_bacteria_3559.jpeg,JPEG,L,1304,768,False,1,5fe3e571bb5a,75.0,122401,1.001472,122.22109055470348
train,PNEUMONIA,person1403_virus_2406.jpeg,JPEG,L,1064,600,False,1,5fe3e571bb5a,75.0,51778,0.6384,81.10588972431079
train,PNEUMONIA,person1404_bacteria_3561.jpeg,JPEG,L,1392,968,False,1,5fe3e571bb5a,75.0,97746,1.347456,72.54114420062696
train,PNEUMONIA,person1405_bacteria_3564.jpeg,JPEG,L,1432,1016,False,1,5fe3e571bb5a,75.0,89516,1.454912,61.52674526019444
train,PNEUMONIA,person1405_bacteria_3566.jpeg,JPEG,L,1392,936,False,1,5fe3e571bb5a,75.0,115730,1.302912,88.82411091462815
train,PNEUMONIA,person1405_bacteria_3567.jpeg,JPEG,L,1488,816,False,1,5fe3e571bb5a,75.0,112910,1.214208,92.99065728441914
train,PNEUMONIA,person1405_bacteria_3571.jpeg,JPEG,L,1216,824,False,1,5fe3e571bb5a,75.0,103867,1.001984,103.66133590955545
train,PNEUMONIA,person1405_bacteria_3573.jpeg,JPEG,L,1352,944,False,1,5fe3e571bb5a,75.0,126969,1.276288,99.48303204292446
train,PNEUMONIA,person1405_virus_2408.jpeg,JPEG,L,1816,1216,False,1,5fe3e571bb5a,75.0,147479,2.208256,66.78528214120102
train,PNEUMONIA,person1406_bacteria_3574.jpeg,JPEG,L,1304,824,False,1,5fe3e571bb5a,75.0,104702,1.074496,97.44289415688844
train,PNEUMONIA,person1406_bacteria_3575.jpeg,JPEG,L,1240,848,False,1,5fe3e571bb5a,75.0,92804,1.05152,88.25699939135727
train,PNEUMONIA,person1406_virus_2409.jpeg,JPEG,L,1488,1048,False,1,5fe3e571bb5a,75.0,116249,1.559424,74.546114462776
train,PNEUMONIA,person1407_virus_2410.jpeg,JPEG,L,1208,776,False,1,5fe3e571bb5a,75.0,72581,0.937408,77.42733153546801
train,PNEUMONIA,person1408_bacteria_3579.jpeg,JPEG,L,1744,1224,False,1,5fe3e571bb5a,75.0,184569,2.134656,86.4631116207951
train,PNEUMONIA,person1408_bacteria_3581.jpeg,JPEG,L,1576,1288,True,1,8150a566ea61,89.18831168831169,192563,2.029888,94.86385455749281
train,PNEUMONIA,person1408_virus_2411.jpeg,JPEG,L,1392,1120,False,1,5fe3e571bb5a,75.0,99113,1.55904,63.57309626436782
train,PNEUMONIA,person1409_bacteria_3583.jpeg,JPEG,L,1712,1272,True,1,8150a566ea61,89.18831168831169,226678,2.177664,104.09227502498089
train,PNEUMONIA,person1409_bacteria_3585.jpeg,JPEG,L,1680,1256,True,1,8150a566ea61,89.18831168831169,217309,2.11008,102.98614270548984
train,PNEUMONIA,person1409_virus_2413.jpeg,JPEG,L,984,672,False,1,5fe3e571bb5a,75.0,61722,0.661248,93.341681184669
train,PNEUMONIA,person140_virus_284.jpeg,JPEG,L,1896,1360,False,1,5fe3e571bb5a,75.0,162846,2.57856,63.15385331347729
train,PNEUMONIA,person140_virus_285.jpeg,JPEG,L,2048,1656,True,1,8150a566ea61,89.18831168831169,246184,3.391488,72.58878698671498
train,PNEUMONIA,person1411_bacteria_3591.jpeg,JPEG,L,1672,1488,False,1,5fe3e571bb5a,75.0,244453,2.487936,98.25534097340125
train,PNEUMONIA,person1411_bacteria_3593.jpeg,JPEG,L,1904,1480,False,1,5fe3e571bb5a,75.0,200710,2.81792,71.2262945718828
train,PNEUMONIA,person1411_bacteria_3598.jpeg,JPEG,L,1648,1240,False,1,5fe3e571bb5a,75.0,185208,2.04352,90.63185092389602
train,PNEUMONIA,person1411_bacteria_3599.jpeg,JPEG,L,1712,1488,False,1,5fe3e571bb5a,75.0,171437,2.547456,67.29733506682746
train,PNEUMONIA,person1411_bacteria_3601.jpeg,JPEG,L,1808,1352,False,1,5fe3e571bb5a,75.0,152456,2.444416,62.369089385767396
train,PNEUMONIA,person1411_bacteria_3602.jpeg,JPEG,L,1624,1312,False,1,5fe3e571bb5a,75.0,155690,2.130688,73.07029466538508
train,PNEUMONIA,person1411_bacteria_3603.jpeg,JPEG,L,1656,1264,False,1,5fe3e571bb5a,75.0,158580,2.093184,75.76018161805175
train,PNEUMONIA,person1411_bacteria_3604.jpeg,JPEG,L,1648,1208,False,1,5fe3e571bb5a,75.0,133613,1.990784,67.11576946569794
train,PNEUMONIA,person1411_bacteria_3607.jpeg,JPEG,L,1816,1608,False,1,5fe3e571bb5a,75.0,253166,2.920128,86.69688452013062
train,PNEUMONIA,person1411_bacteria_3609.jpeg,JPEG,L,1616,1216,False,1,5fe3e571bb5a,75.0,168540,1.965056,85.76854807191245
train,PNEUMONIA,person1411_bacteria_3610.jpeg,JPEG,L,1656,1288,True,1,8150a566ea61,89.18831168831169,200066,2.132928,93.7987592642602
train,PNEUMONIA,person1411_virus_2415.jpeg,JPEG,L,1440,1224,False,1,5fe3e571bb5a,75.0,128418,1.76256,72.8587962962963
train,PNEUMONIA,person1412_bacteria_3612.jpeg,JPEG,L,1256,784,False,1,5fe3e571bb5a,75.0,72585,0.984704,73.71250649941504
train,PNEUMONIA,person1413_bacteria_3613.jpeg,JPEG,L,1224,848,False,1,5fe3e571bb5a,75.0,82576,1.037952,79.55666543346898
train,PNEUMONIA,person1413_bacteria_3615.jpeg,JPEG,L,1400,704,False,1,5fe3e571bb5a,75.0,63693,0.9856,64.62357954545455
train,PNEUMONIA,person1413_bacteria_3617.jpeg,JPEG,L,1440,856,False,1,5fe3e571bb5a,75.0,111372,1.23264,90.35241433021807
train,PNEUMONIA,person1413_bacteria_3620.jpeg,JPEG,L,1408,800,False,1,5fe3e571bb5a,75.0,126589,1.1264,112.3837002840909
train,PNEUMONIA,person1413_virus_2422.jpeg,JPEG,L,1136,968,False,1,5fe3e571bb5a,75.0,137855,1.099648,125.3628433826097
train,PNEUMONIA,person1413_virus_2423.jpeg,JPEG,L,1336,1056,False,1,5fe3e571bb5a,75.0,111430,1.410816,78.98265968063872
train,PNEUMONIA,person1414_bacteria_3627.jpeg,JPEG,L,1232,704,False,1,5fe3e571bb5a,75.0,64709,0.867328,74.60729966056671
train,PNEUMONIA,person1414_bacteria_3628.jpeg,JPEG,L,1288,896,False,1,5fe3e571bb5a,75.0,81445,1.154048,70.57332104037266
train,PNEUMONIA,person1414_virus_2424.jpeg,JPEG,L,1064,592,False,1,5fe3e571bb5a,75.0,45544,0.629888,72.30491769965454
train,PNEUMONIA,person1415_bacteria_3629.jpeg,JPEG,L,1136,1008,False,1,5fe3e571bb5a,75.0,112116,1.145088,97.9103789403085
train,PNEUMONIA,person1415_virus_2425.jpeg,JPEG,L,1600,1088,False,1,5fe3e571bb5a,75.0,129753,1.7408,74.5364200367647
train,PNEUMONIA,person1416_virus_2427.jpeg,JPEG,L,1528,952,False,1,5fe3e571bb5a,75.0,103261,1.454656,70.98654252276827
train,PNEUMONIA,person1417_bacteria_3635.jpeg,JPEG,L,1528,1056,False,1,5fe3e571bb5a,75.0,128807,1.613568,79.82743832302079
train,PNEUMONIA,person1418_bacteria_3636.jpeg,JPEG,L,1408,1152,False,1,5fe3e571bb5a,75.0,106080,1.622016,65.4000946969697
train,PNEUMONIA,person1418_bacteria_3637.jpeg,JPEG,L,1216,1032,False,1,5fe3e571bb5a,75.0,120623,1.254912,96.12068415952673
train,PNEUMONIA,person1418_bacteria_3638.jpeg,JPEG,L,1464,1080,False,1,5fe3e571bb5a,75.0,111897,1.58112,70.77071948998179
train,PNEUMONIA,person1418_bacteria_3639.jpeg,JPEG,L,1352,1088,False,1,5fe3e571bb5a,75.0,163893,1.470976,111.41786133832231
train,PNEUMONIA,person1418_bacteria_3643.jpeg,JPEG,L,1296,1040,True,1,84d411bec87f,91.82745825602969,149585,1.34784,110.98127374169042
train,PNEUMONIA,person1418_virus_2429.jpeg,JPEG,L,1496,976,False,1,5fe3e571bb5a,75.0,105651,1.460096,72.35894078197597
train,PNEUMONIA,person1419_bacteria_3645.jpeg,JPEG,L,1096,592,False,1,5fe3e571bb5a,75.0,52005,0.648832,80.15171878082462
train,PNEUMONIA,person141_virus_287.jpeg,JPEG,L,1608,1168,False,1,5fe3e571bb5a,75.0,141647,1.878144,75.41860475022149
train,PNEUMONIA,person1420_bacteria_3647.jpeg,JPEG,L,944,808,False,1,5fe3e571bb5a,75.0,43400,0.762752,56.89922805839906
train,PNEUMONIA,person1420_virus_2431.jpeg,JPEG,L,1328,952,False,1,5fe3e571bb5a,75.0,98524,1.264256,77.93041915561405
train,PNEUMONIA,person1422_bacteria_3649.jpeg,JPEG,L,880,424,False,1,5fe3e571bb5a,75.0,35064,0.37312,93.97512864493996
train,PNEUMONIA,person1422_virus_2434.jpeg,JPEG,L,1104,824,False,1,5fe3e571bb5a,75.0,65042,0.909696,71.49861052483467
train,PNEUMONIA,person1423_bacteria_3650.jpeg,JPEG,L,1232,776,False,1,5fe3e571bb5a,75.0,79404,0.956032,83.05579729548802
train,PNEUMONIA,person1424_bacteria_3651.jpeg,JPEG,L,1192,872,False,1,5fe3e571bb5a,75.0,101173,1.039424,97.33563973893234
train,PNEUMONIA,person1424_virus_2437.jpeg,JPEG,L,1152,664,False,1,5fe3e571bb5a,75.0,59876,0.764928,78.27664825970548
train,PNEUMONIA,person1425_virus_2438.jpeg,JPEG,L,984,504,False,1,5fe3e571bb5a,75.0,43726,0.495936,88.1686346625371
train,PNEUMONIA,person1426_bacteria_3667.jpeg,JPEG,L,1360,864,False,1,5fe3e571bb5a,75.0,98569,1.17504,83.88565495642702
train,PNEUMONIA,person1426_bacteria_3668.jpeg,JPEG,L,1352,800,False,1,5fe3e571bb5a,75.0,85510,1.0816,79.05880177514794
train,PNEUMONIA,person1426_virus_2439.jpeg,JPEG,L,952,584,False,1,5fe3e571bb5a,75.0,54658,0.555968,98.31141360653851
train,PNEUMONIA,person1427_virus_2441.jpeg,JPEG,L,1712,1136,False,1,5fe3e571bb5a,75.0,126128,1.944832,64.85290246149796
train,PNEUMONIA,person1428_virus_2442.jpeg,JPEG,L,1680,1032,False,1,5fe3e571bb5a,75.0,123002,1.73376,70.94522886674049
train,PNEUMONIA,person1429_bacteria_3688.jpeg,JPEG,L,1824,1632,True,1,8150a566ea61,89.18831168831169,252179,2.976768,84.71570508685932
train,PNEUMONIA,person1429_bacteria_3690.jpeg,JPEG,L,1688,1528,False,1,5fe3e571bb5a,75.0,140132,2.579264,54.33022753777823
train,PNEUMONIA,person1429_bacteria_3691.jpeg,JPEG,L,1704,1344,True,1,8150a566ea61,89.18831168831169,196845,2.290176,85.95190937290408
train,PNEUMONIA,person1429_virus_2443.jpeg,JPEG,L,1512,1088,False,1,5fe3e571bb5a,75.0,111776,1.645056,67.94662309368191
train,PNEUMONIA,person142_virus_288.jpeg,JPEG,L,1720,1192,False,1,5fe3e571bb5a,75.0,170936,2.05024,83.3736538161386
train,PNEUMONIA,person1430_bacteria_3693.jpeg,JPEG,L,984,520,False,1,5fe3e571bb5a,75.0,46849,0.51168,91.55917761100687
train,PNEUMONIA,person1430_bacteria_3694.jpeg,JPEG,L,976,568,False,1,5fe3e571bb5a,75.0,49899,0.554368,90.01060667282384
train,PNEUMONIA,person1430_bacteria_3695.jpeg,JPEG,L,1144,792,False,1,5fe3e571bb5a,75.0,63070,0.906048,69.60999858727132
train,PNEUMONIA,person1430_bacteria_3696.jpeg,JPEG,L,1144,792,False,1,5fe3e571bb5a,75.0,63070,0.906048,69.60999858727132
train,PNEUMONIA,person1430_bacteria_3697.jpeg,JPEG,L,1144,888,False,1,5fe3e571bb5a,75.0,91467,1.015872,90.03791816291815
train,PNEUMONIA,person1430_virus_2444.jpeg,JPEG,L,1200,864,False,1,5fe3e571bb5a,75.0,84056,1.0368,81.07253086419753
train,PNEUMONIA,person1431_bacteria_3698.jpeg,JPEG,L,1376,1024,True,1,8150a566ea61,89.18831168831169,136155,1.409024,96.63071743277617
train,PNEUMONIA,person1432_bacteria_3699.jpeg,JPEG,L,976,632,False,1,5fe3e571bb5a,75.0,58317,0.616832,94.54276042747458
train,PNEUMONIA,person1433_bacteria_3701.jpeg,JPEG,L,1232,704,False,1,5fe3e571bb5a,75.0,68604,0.867328,79.09810360094451
train,PNEUMONIA,person1433_bacteria_3704.jpeg,JPEG,L,1240,824,False,1,5fe3e571bb5a,75.0,67240,1.02176,65.80801753836516
train,PNEUMONIA,person1433_bacteria_3705.jpeg,JPEG,L,1232,824,True,1,84d411bec87f,91.82745825602969,105757,1.015168,104.17684560585046
train,PNEUMONIA,person1433_virus_2447.jpeg,JPEG,L,1280,856,False,1,5fe3e571bb5a,75.0,74554,1.09568,68.04358936915888
train,PNEUMONIA,person1436_bacteria_3711.jpeg,JPEG,L,1384,912,False,1,5fe3e571bb5a,75.0,85953,1.262208,68.09733419531489
train,PNEUMONIA,person1436_bacteria_3712.jpeg,JPEG,L,1480,1088,True,1,8150a566ea61,89.18831168831169,146820,1.61024,91.17895468998411
train,PNEUMONIA,person1438_bacteria_3715.jpeg,JPEG,L,944,632,False,1,5fe3e571bb5a,75.0,49037,0.596608,82.19299774726453
train,PNEUMONIA,person1438_bacteria_3718.jpeg,JPEG,L,976,568,False,1,5fe3e571bb5a,75.0,39872,0.554368,71.92334333872085
train,PNEUMONIA,person1438_bacteria_3721.jpeg,JPEG,L,984,672,False,1,5fe3e571bb5a,75.0,60298,0.661248,91.18817750677508
train,PNEUMONIA,person1438_virus_2452.jpeg,JPEG,L,1088,592,False,1,5fe3e571bb5a,75.0,50104,0.644096,77.78964626391097
train,PNEUMONIA,person1439_bacteria_3722.jpeg,JPEG,L,1168,760,False,1,5fe3e571bb5a,75.0,81747,0.88768,92.0906182408075
train,PNEUMONIA,person1439_virus_2453.jpeg,JPEG,L,968,576,False,1,5fe3e571bb5a,75.0,49538,0.557568,88.84656221303949
train,PNEUMONIA,person143_virus_289.jpeg,JPEG,L,1368,992,True,1,8150a566ea61,89.18831168831169,140093,1.357056,103.23302796642142
train,PNEUMONIA,person1440_bacteria_3723.jpeg,JPEG,L,1272,984,True,1,84d411bec87f,91.82745825602969,136266,1.251648,108.86926675870531
train,PNEUMONIA,person1441_bacteria_3724.jpeg,JPEG,L,1576,1144,False,1,5fe3e571bb5a,75.0,149925,1.802944,83.15566096340208
train,PNEUMONIA,person1441_virus_2454.jpeg,JPEG,L,1760,1232,False,1,5fe3e571bb5a,75.0,263730,2.16832,121.62872638724912
train,PNEUMONIA,person1441_virus_2457.jpeg,JPEG,L,1760,1280,True,1,8150a566ea61,89.18831168831169,236965,2.2528,105.18687855113636
train,PNEUMONIA,person1442_bacteria_3726.jpeg,JPEG,L,1136,760,False,1,5fe3e571bb5a,75.0,92924,0.86336,107.63065233506302
train,PNEUMONIA,person1444_bacteria_3732.jpeg,JPEG,L,1752,1480,True,1,8150a566ea61,89.18831168831169,241394,2.59296,93.09592126372948
train,PNEUMONIA,person1445_bacteria_3734.jpeg,JPEG,L,1552,1544,False,1,5fe3e571bb5a,75.0,217510,2.396288,90.76955691469472
train,PNEUMONIA,person1445_bacteria_3735.jpeg,JPEG,L,1576,1544,False,1,5fe3e571bb5a,75.0,197587,2.433344,81.1997810420557
train,PNEUMONIA,person1446_bacteria_3737.jpeg,JPEG,L,1224,768,False,1,5fe3e571bb5a,75.0,76884,0.940032,81.78870506535948
train,PNEUMONIA,person1446_bacteria_3739.jpeg,JPEG,L,1248,712,False,1,5fe3e571bb5a,75.0,79023,0.888576,88.93217912705272
train,PNEUMONIA,person1446_bacteria_3740.jpeg,JPEG,L,1248,792,False,1,5fe3e571bb5a,75.0,109745,0.988416,111.03118524993526
train,PNEUMONIA,person1447_bacteria_3741.jpeg,JPEG,L,1552,1104,False,1,5fe3e571bb5a,75.0,123979,1.713408,72.35813069624982
train,PNEUMONIA,person1448_virus_2468.jpeg,JPEG,L,1408,839,False,1,5fe3e571bb5a,75.0,103672,1.181312,87.76004984288656
train,PNEUMONIA,person1449_bacteria_3743.jpeg,JPEG,L,1632,1400,False,1,5fe3e571bb5a,75.0,201889,2.2848,88.36178221288515
train,PNEUMONIA,person1449_bacteria_3745.jpeg,JPEG,L,1472,1168,False,1,5fe3e571bb5a,75.0,253553,1.719296,147.4748967019059
train,PNEUMONIA,person1449_bacteria_3746.jpeg,JPEG,L,1512,1136,False,1,5fe3e571bb5a,75.0,168602,1.717632,98.15955920709442
train,PNEUMONIA,person1449_bacteria_3747.jpeg,JPEG,L,1592,1152,True,1,8150a566ea61,89.18831168831169,154847,1.833984,84.43203430346176
train,PNEUMONIA,person1449_virus_2474.jpeg,JPEG,L,896,600,False,1,5fe3e571bb5a,75.0,35795,0.5376,66.58296130952381
train,PNEUMONIA,person1449_virus_2476.jpeg,JPEG,L,1190,709,False,1,5fe3e571bb5a,75.0,70884,0.84371,84.01464958338767
train,PNEUMONIA,person1450_bacteria_3753.jpeg,JPEG,L,1192,888,False,1,5fe3e571bb5a,75.0,109256,1.058496,103.21815103694297
train,PNEUMONIA,person1451_virus_2479.jpeg,JPEG,L,880,560,False,1,5fe3e571bb5a,75.0,36799,0.4928,74.67329545454545
train,PNEUMONIA,person1451_virus_2480.jpeg,JPEG,L,912,584,False,1,5fe3e571bb5a,75.0,43763,0.532608,82.1673726267724
train,PNEUMONIA,person1451_virus_2482.jpeg,JPEG,L,912,528,False,1,5fe3e571bb5a,75.0,34829,0.481536,72.3289639819245
train,PNEUMONIA,person1452_virus_2484.jpeg,JPEG,L,1136,680,False,1,5fe3e571bb5a,75.0,64056,0.77248,82.9225352112676
train,PNEUMONIA,person1453_bacteria_3770.jpeg,JPEG,L,1208,1120,False,1,5fe3e571bb5a,75.0,131852,1.35296,97.45447019867551
train,PNEUMONIA,person1453_bacteria_3771.jpeg,JPEG,L,1360,832,True,1,8150a566ea61,89.18831168831169,151774,1.13152,134.13284785067873
train,PNEUMONIA,person1453_bacteria_3772.jpeg,JPEG,L,1360,848,False,1,5fe3e571bb5a,75.0,146564,1.15328,127.0844894561598
train,PNEUMONIA,person1453_virus_2485.jpeg,JPEG,L,904,544,False,1,5fe3e571bb5a,75.0,38320,0.491776,77.92165538781884
train,PNEUMONIA,person1454_bacteria_3774.jpeg,JPEG,L,1344,848,False,1,5fe3e571bb5a,75.0,97909,1.139712,85.90679048742139
train,PNEUMONIA,person1454_bacteria_3778.jpeg,JPEG,L,1456,976,False,1,5fe3e571bb5a,75.0,136298,1.421056,95.91318005764727
train,PNEUMONIA,person1454_bacteria_3779.jpeg,JPEG,L,1440,1008,False,1,5fe3e571bb5a,75.0,140059,1.45152,96.491264329806
train,PNEUMONIA,person1454_bacteria_3780.jpeg,JPEG,L,1456,1104,False,1,5fe3e571bb5a,75.0,199331,1.607424,124.00648491001752
train,PNEUMONIA,person1454_bacteria_3781.jpeg,JPEG,L,1408,856,False,1,5fe3e571bb5a,75.0,120068,1.205248,99.62099086661001
train,PNEUMONIA,person1454_bacteria_3782.jpeg,JPEG,L,1624,1016,False,1,5fe3e571bb5a,75.0,138217,1.649984,83.76869109033785
train,PNEUMONIA,person1454_virus_2486.jpeg,JPEG,L,1248,848,False,1,5fe3e571bb5a,75.0,86459,1.058304,81.69580763183359
train,PNEUMONIA,person1455_bacteria_3784.jpeg,JPEG,L,856,456,False,1,5fe3e571bb5a,75.0,31823,0.390336,81.52719708148877
train,PNEUMONIA,person1455_virus_2487.jpeg,JPEG,L,896,536,False,1,5fe3e571bb5a,75.0,31324,0.480256,65.2235474413646
train,PNEUMONIA,person1455_virus_2488.jpeg,JPEG,L,904,608,False,1,5fe3e571bb5a,75.0,39520,0.549632,71.90265486725664
train,PNEUMONIA,person1455_virus_2489.jpeg,JPEG,L,936,424,False,1,5fe3e571bb5a,75.0,26415,0.396864,66.55932510885341
train,PNEUMONIA,person1455_virus_2490.jpeg,JPEG,L,1040,736,False,1,5fe3e571bb5a,75.0,45171,0.76544,59.013116638795985
train,PNEUMONIA,person1455_virus_2492.jpeg,JPEG,L,832,512,False,1,5fe3e571bb5a,75.0,30198,0.425984,70.88998647836539
train,PNEUMONIA,person1455_virus_2496.jpeg,JPEG,L,1148,677,False,1,5fe3e571bb5a,75.0,74022,0.777196,95.24238416049492
train,PNEUMONIA,person1457_virus_2498.jpeg,JPEG,L,1592,1080,False,1,5fe3e571bb5a,75.0,110404,1.71936,64.21226502884794
train,PNEUMONIA,person1458_virus_2501.jpeg,JPEG,L,1160,960,False,1,5fe3e571bb5a,75.0,77453,1.1136,69.5519037356322
train,PNEUMONIA,person1458_virus_2502.jpeg,JPEG,L,1288,984,False,1,5fe3e571bb5a,75.0,72846,1.267392,57.47708680502954
train,PNEUMONIA,person1458_virus_2503.jpeg,JPEG,L,1192,800,False,1,5fe3e571bb5a,75.0,82444,0.9536,86.45553691275168
train,PNEUMONIA,person1459_bacteria_3796.jpeg,JPEG,L,1248,816,False,1,5fe3e571bb5a,75.0,96686,1.018368,94.94210344394169
train,PNEUMONIA,person1459_bacteria_3797.jpeg,JPEG,L,1336,824,False,1,5fe3e571bb5a,75.0,106922,1.100864,97.12553049241322
train,PNEUMONIA,person1459_virus_2506.jpeg,JPEG,L,1426,947,False,1,5fe3e571bb5a,75.0,111232,1.350422,82.36832634539425
train,PNEUMONIA,person145_virus_294.jpeg,JPEG,L,904,600,False,1,5fe3e571bb5a,75.0,46712,0.5424,86.12094395280236
train,PNEUMONIA,person145_virus_295.jpeg,JPEG,L,968,552,False,1,5fe3e571bb5a,75.0,43126,0.534336,80.70951610971373
train,PNEUMONIA,person1460_bacteria_3801.jpeg,JPEG,L,1392,920,False,1,5fe3e571bb5a,75.0,122720,1.28064,95.82708645677161
train,PNEUMONIA,person1460_bacteria_3805.jpeg,JPEG,L,1248,856,False,1,5fe3e571bb5a,75.0,101556,1.068288,95.0642523364486
train,PNEUMONIA,person1460_virus_2507.jpeg,JPEG,L,1280,920,False,1,5fe3e571bb5a,75.0,82877,1.1776,70.37788722826086
train,PNEUMONIA,person1460_virus_2509.jpeg,JPEG,L,1272,992,False,1,5fe3e571bb5a,75.0,108152,1.261824,85.71084398458105
train,PNEUMONIA,person1461_virus_2510.jpeg,JPEG,L,1500,1195,False,1,5fe3e571bb5a,75.0,160514,1.7925,89.54755927475594
train,PNEUMONIA,person1462_virus_2512.jpeg,JPEG,L,1816,1550,False,1,5fe3e571bb5a,75.0,273188,2.8148,97.0541423902231
train,PNEUMONIA,person1463_bacteria_3808.jpeg,JPEG,L,1432,736,False,1,5fe3e571bb5a,75.0,145159,1.053952,137.72828364100073
train,PNEUMONIA,person1463_bacteria_3809.jpeg,JPEG,L,1448,928,True,1,8150a566ea61,89.18831168831169,133203,1.343744,99.12825657268051
train,PNEUMONIA,person1463_bacteria_3811.jpeg,JPEG,L,1328,800,False,1,5fe3e571bb5a,75.0,79094,1.0624,74.44841867469879
train,PNEUMONIA,person1463_virus_2516.jpeg,JPEG,L,1168,744,False,1,5fe3e571bb5a,75.0,57096,0.868992,65.70371188687582
train,PNEUMONIA,person1465_virus_2530.jpeg,JPEG,L,1008,560,False,1,5fe3e571bb5a,75.0,53170,0.56448,94.19288548752836
train,PNEUMONIA,person1465_virus_2531.jpeg,JPEG,L,1000,760,False,1,5fe3e571bb5a,75.0,54411,0.76,71.59342105263158
train,PNEUMONIA,person1465_virus_2532.jpeg,JPEG,L,1152,920,False,1,5fe3e571bb5a,75.0,70021,1.05984,66.06751962560388
train,PNEUMONIA,person1465_virus_2537.jpeg,JPEG,L,1136,912,False,1,5fe3e571bb5a,75.0,73494,1.036032,70.9379633061527
train,PNEUMONIA,person1466_virus_2541.jpeg,JPEG,L,984,672,False,1,5fe3e571bb5a,75.0,42312,0.661248,63.98809523809524
train,PNEUMONIA,person1466_virus_2542.jpeg,JPEG,L,1112,704,False,1,5fe3e571bb5a,75.0,54047,0.782848,69.03894498037933
train,PNEUMONIA,person1466_virus_2543.jpeg,JPEG,L,1090,751,False,1,5fe3e571bb5a,75.0,74985,0.81859,91.60263379713898
train,PNEUMONIA,person1467_virus_2544.jpeg,JPEG,L,1056,544,False,1,5fe3e571bb5a,75.0,45352,0.574464,78.94663547237076
train,PNEUMONIA,person1468_bacteria_3822.jpeg,JPEG,L,1312,928,False,1,5fe3e571bb5a,75.0,115023,1.217536,94.47194990538267
train,PNEUMONIA,person1468_virus_2545.jpeg,JPEG,L,1708,1214,False,1,5fe3e571bb5a,75.0,141219,2.073512,68.10618892005448
train,PNEUMONIA,person1468_virus_2546.jpeg,JPEG,L,1670,1245,False,1,5fe3e571bb5a,75.0,176479,2.07915,84.88035976240292
train,PNEUMONIA,person1469_bacteria_3824.jpeg,JPEG,L,1272,712,False,1,5fe3e571bb5a,75.0,52500,0.905664,57.968518125927496
train,PNEUMONIA,person1469_bacteria_3827.jpeg,JPEG,L,1040,696,False,1,5fe3e571bb5a,75.0,63795,0.72384,88.13411803713528
train,PNEUMONIA,person1469_virus_2547.jpeg,JPEG,L,1686,1195,False,1,5fe3e571bb5a,75.0,174178,2.01477,86.4505625952342
train,PNEUMONIA,person146_virus_296.jpeg,JPEG,L,1360,816,False,1,5fe3e571bb5a,75.0,88878,1.10976,80.0875865051903
train,PNEUMONIA,person1470_bacteria_3829.jpeg,JPEG,L,1040,640,False,1,5fe3e571bb5a,75.0,43324,0.6656,65.09014423076923
train,PNEUMONIA,person1470_bacteria_3830.jpeg,JPEG,L,904,528,False,1,5fe3e571bb5a,75.0,32680,0.477312,68.4667471171896
train,PNEUMONIA,person1471_bacteria_3831.jpeg,JPEG,L,1000,632,False,1,5fe3e571bb5a,75.0,49104,0.632,77.69620253164557
train,PNEUMONIA,person1471_virus_2549.jpeg,JPEG,L,1448,1152,False,1,5fe3e571bb5a,75.0,121856,1.668096,73.05095150399018
train,PNEUMONIA,person1472_bacteria_3833.jpeg,JPEG,L,1456,1104,False,1,5fe3e571bb5a,75.0,126997,1.607424,79.00653467908903
train,PNEUMONIA,person1472_bacteria_3834.jpeg,JPEG,L,1368,936,True,1,8150a566ea61,89.18831168831169,122312,1.280448,95.52281701404507
train,PNEUMONIA,person1472_virus_2550.jpeg,JPEG,L,1296,968,False,1,5fe3e571bb5a,75.0,97802,1.254528,77.95920059177635
train,PNEUMONIA,person1473_bacteria_3836.jpeg,JPEG,L,1048,680,False,1,5fe3e571bb5a,75.0,65850,0.71264,92.40289627301301
train,PNEUMONIA,person1473_virus_2551.jpeg,JPEG,L,2088,1840,False,1,5fe3e571bb5a,75.0,291731,3.84192,75.9336477594536
train,PNEUMONIA,person1473_virus_2553.jpeg,JPEG,L,1912,1768,False,1,5fe3e571bb5a,75.0,172703,3.380416,51.08927421950435
train,PNEUMONIA,person1474_bacteria_3837.jpeg,JPEG,L,872,552,False,1,5fe3e571bb5a,75.0,42818,0.481344,88.95509240792447
train,PNEUMONIA,person1474_virus_2556.jpeg,JPEG,L,1056,896,False,1,5fe3e571bb5a,75.0,72264,0.946176,76.37479707792207
train,PNEUMONIA,person1474_virus_2557.jpeg,JPEG,L,1088,688,False,1,5fe3e571bb5a,75.0,53904,0.748544,72.01179890560876
train,PNEUMONIA,person1475_virus_2558.jpeg,JPEG,L,1358,870,False,1,5fe3e571bb5a,75.0,108775,1.18146,92.0682883889425
train,PNEUMONIA,person1476_bacteria_3842.jpeg,JPEG,L,1152,736,False,1,5fe3e571bb5a,75.0,86371,0.847872,101.86797063707729
train,PNEUMONIA,person1476_bacteria_3843.jpeg,JPEG,L,1072,768,False,1,5fe3e571bb5a,75.0,81698,0.823296,99.23283970771143
train,PNEUMONIA,person1476_virus_2560.jpeg,JPEG,L,1580,805,False,1,5fe3e571bb5a,75.0,97147,1.2719,76.37943234531016
train,PNEUMONIA,person1477_virus_2561.jpeg,JPEG,L,1566,1222,False,1,5fe3e571bb5a,75.0,164528,1.913652,85.9759245672672
train,PNEUMONIA,person1478_bacteria_3848.jpeg,JPEG,RGB,647,329,False,2,2670630d69c8,75.0,18209,0.212863,85.54328370830065
train,PNEUMONIA,person147_virus_297.jpeg,JPEG,L,1168,688,False,1,5fe3e571bb5a,75.0,61236,0.803584,76.20360783689073
train,PNEUMONIA,person1480_bacteria_3858.jpeg,JPEG,L,1152,728,False,1,5fe3e571bb5a,75.0,72351,0.838656,86.27017513736264
train,PNEUMONIA,person1480_bacteria_3859.jpeg,JPEG,L,1320,824,False,1,5fe3e571bb5a,75.0,84899,1.08768,78.05512650779642
train,PNEUMONIA,person1480_virus_2566.jpeg,JPEG,L,1686,1160,False,1,5fe3e571bb5a,75.0,156952,1.95576,80.25115556100953
train,PNEUMONIA,person1481_bacteria_3862.jpeg,JPEG,L,1440,1168,False,1,5fe3e571bb5a,75.0,137950,1.68192,82.01935882800608
train,PNEUMONIA,person1481_bacteria_3863.jpeg,JPEG,L,1440,1168,False,1,5fe3e571bb5a,75.0,137950,1.68192,82.01935882800608
train,PNEUMONIA,person1481_bacteria_3864.jpeg,JPEG,L,1656,1200,False,1,5fe3e571bb5a,75.0,179067,1.9872,90.11020531400966
train,PNEUMONIA,person1481_bacteria_3865.jpeg,JPEG,L,1656,1200,False,1,5fe3e571bb5a,75.0,179067,1.9872,90.11020531400966
train,PNEUMONIA,person1481_bacteria_3866.jpeg,JPEG,L,1600,1176,False,1,5fe3e571bb5a,75.0,174073,1.8816,92.51328656462586
train,PNEUMONIA,person1481_bacteria_3867.jpeg,JPEG,L,1600,1176,False,1,5fe3e571bb5a,75.0,174073,1.8816,92.51328656462586
train,PNEUMONIA,person1481_bacteria_3868.jpeg,JPEG,L,1352,992,False,1,5fe3e571bb5a,75.0,133242,1.341184,99.34654752815423
train,PNEUMONIA,person1481_virus_2567.jpeg,JPEG,L,1716,1489,False,1,5fe3e571bb5a,75.0,215259,2.555124,84.24600919563981
train,PNEUMONIA,person1482_bacteria_3870.jpeg,JPEG,RGB,668,408,False,2,2670630d69c8,75.0,26105,0.272544,95.78269930726782
train,PNEUMONIA,person1482_bacteria_3874.jpeg,JPEG,L,1192,832,False,1,5fe3e571bb5a,75.0,85180,0.991744,85.88910041300981
train,PNEUMONIA,person1482_virus_2569.jpeg,JPEG,L,1168,672,False,1,5fe3e571bb5a,75.0,56026,0.784896,71.38015737116764
train,PNEUMONIA,person1482_virus_2570.jpeg,JPEG,L,1088,656,False,1,5fe3e571bb5a,75.0,50631,0.713728,70.93878900645623
train,PNEUMONIA,person1482_virus_2571.jpeg,JPEG,L,1104,680,False,1,5fe3e571bb5a,75.0,50005,0.75072,66.6093883205456
train,PNEUMONIA,person1482_virus_2572.jpeg,JPEG,L,1056,664,False,1,5fe3e571bb5a,75.0,45208,0.701184,64.47380430814165
train,PNEUMONIA,person1482_virus_2573.jpeg,JPEG,L,1024,728,False,1,5fe3e571bb5a,75.0,55328,0.745472,74.21875
train,PNEUMONIA,person1483_bacteria_3876.jpeg,JPEG,L,984,616,False,1,5fe3e571bb5a,75.0,50867,0.606144,83.91900274522224
train,PNEUMONIA,person1483_virus_2574.jpeg,JPEG,L,1642,1133,False,1,5fe3e571bb5a,75.0,166775,1.860386,89.64537466955782
train,PNEUMONIA,person1484_bacteria_3878.jpeg,JPEG,L,1152,760,False,1,5fe3e571bb5a,75.0,67911,0.87552,77.56647478070175
train,PNEUMONIA,person1484_virus_2576.jpeg,JPEG,L,1040,688,False,1,5fe3e571bb5a,75.0,60286,0.71552,84.2548076923077
train,PNEUMONIA,person1484_virus_2577.jpeg,JPEG,L,1104,736,False,1,5fe3e571bb5a,75.0,64500,0.812544,79.38031663516068
train,PNEUMONIA,person1486_bacteria_3881.jpeg,JPEG,L,1304,960,False,1,5fe3e571bb5a,75.0,123696,1.25184,98.81134969325153
train,PNEUMONIA,person1486_bacteria_3883.jpeg,JPEG,L,1240,904,False,1,5fe3e571bb5a,75.0,91089,1.12096,81.25981301741365
train,PNEUMONIA,person1486_bacteria_3884.jpeg,JPEG,RGB,663,431,False,2,2670630d69c8,75.0,30225,0.285753,105.77316773577182
train,PNEUMONIA,person1486_bacteria_3885.jpeg,JPEG,L,1448,1032,False,1,5fe3e571bb5a,75.0,128154,1.494336,85.75982911473724
train,PNEUMONIA,person1486_virus_2580.jpeg,JPEG,L,1064,512,False,1,5fe3e571bb5a,75.0,40415,0.544768,74.18754405545113
train,PNEUMONIA,person1488_bacteria_3887.jpeg,JPEG,L,1400,1032,False,1,5fe3e571bb5a,75.0,104843,1.4448,72.56575304540421
train,PNEUMONIA,person1488_virus_2585.jpeg,JPEG,L,1472,1088,False,1,5fe3e571bb5a,75.0,170416,1.601536,106.40784846547314
train,PNEUMONIA,person1488_virus_2587.jpeg,JPEG,L,1552,1144,False,1,5fe3e571bb5a,75.0,136776,1.775488,77.03572200994883
train,PNEUMONIA,person1488_virus_2589.jpeg,JPEG,L,1520,904,False,1,5fe3e571bb5a,75.0,129662,1.37408,94.36277363763392
train,PNEUMONIA,person1488_virus_2592.jpeg,JPEG,L,1504,1096,False,1,5fe3e571bb5a,75.0,105386,1.648384,63.93291854325205
train,PNEUMONIA,person1488_virus_2593.jpeg,JPEG,L,1754,1395,False,1,5fe3e571bb5a,75.0,201290,2.44683,82.26562531929068
train,PNEUMONIA,person1489_bacteria_3889.jpeg,JPEG,L,1000,544,False,1,5fe3e571bb5a,75.0,51454,0.544,94.5845588235294
train,PNEUMONIA,person1489_virus_2594.jpeg,JPEG,L,1878,1331,False,1,5fe3e571bb5a,75.0,201841,2.499618,80.74873840722863
train,PNEUMONIA,person148_virus_298.jpeg,JPEG,L,1536,1104,True,1,8150a566ea61,89.18831168831169,166696,1.695744,98.30257397342996
train,PNEUMONIA,person1490_bacteria_3891.jpeg,JPEG,L,1056,696,False,1,5fe3e571bb5a,75.0,52104,0.734976,70.89211076280041
train,PNEUMONIA,person1490_virus_2596.jpeg,JPEG,L,1094,829,False,1,5fe3e571bb5a,75.0,88456,0.906926,97.53386715123395
train,PNEUMONIA,person1491_bacteria_3892.jpeg,JPEG,L,1328,968,False,1,5fe3e571bb5a,75.0,119835,1.285504,93.22024668923628
train,PNEUMONIA,person1491_bacteria_3893.jpeg,JPEG,L,1576,1056,False,1,5fe3e571bb5a,75.0,128202,1.664256,77.0326199815413
train,PNEUMONIA,person1491_virus_2597.jpeg,JPEG,L,1272,824,False,1,5fe3e571bb5a,75.0,123523,1.048128,117.85106399218417
train,PNEUMONIA,person1492_bacteria_3894.jpeg,JPEG,L,864,520,False,1,5fe3e571bb5a,75.0,49715,0.44928,110.6548254985755
train,PNEUMONIA,person1492_virus_2599.jpeg,JPEG,L,1136,744,False,1,5fe3e571bb5a,75.0,62135,0.845184,73.51653604422232
train,PNEUMONIA,person1493_bacteria_3895.jpeg,JPEG,L,1272,952,False,1,5fe3e571bb5a,75.0,115410,1.210944,95.30581100364674
train,PNEUMONIA,person1493_bacteria_3896.jpeg,JPEG,L,1416,856,False,1,5fe3e571bb5a,75.0,125289,1.212096,103.36557500396007
train,PNEUMONIA,person1493_bacteria_3897.jpeg,JPEG,L,1304,1024,False,1,5fe3e571bb5a,75.0,134640,1.335296,100.83157592024538
train,PNEUMONIA,person1493_bacteria_3898.jpeg,JPEG,L,1296,728,False,1,5fe3e571bb5a,75.0,94390,0.943488,100.04366775200108
train,PNEUMONIA,person1493_bacteria_3899.jpeg,JPEG,L,1224,672,False,1,5fe3e571bb5a,75.0,79354,0.822528,96.47574307500777
train,PNEUMONIA,person1494_bacteria_3901.jpeg,JPEG,L,1080,728,False,1,5fe3e571bb5a,75.0,61867,0.78624,78.6871693121693
train,PNEUMONIA,person1494_virus_2601.jpeg,JPEG,L,1680,1232,False,1,5fe3e571bb5a,75.0,245799,2.06976,118.75724721706865
train,PNEUMONIA,person1495_virus_2603.jpeg,JPEG,L,1376,936,False,1,5fe3e571bb5a,75.0,78576,1.287936,61.0092426952892
train,PNEUMONIA,person1496_bacteria_3905.jpeg,JPEG,L,1304,1224,False,1,5fe3e571bb5a,75.0,133505,1.596096,83.64471811219376
train,PNEUMONIA,person1496_bacteria_3906.jpeg,JPEG,L,1288,968,False,1,5fe3e571bb5a,75.0,87139,1.246784,69.89101560494841
train,PNEUMONIA,person1496_bacteria_3907.jpeg,JPEG,L,1248,824,False,1,5fe3e571bb5a,75.0,89987,1.028352,87.50602906397809
train,PNEUMONIA,person1496_bacteria_3908.jpeg,JPEG,L,1336,912,False,1,5fe3e571bb5a,75.0,100213,1.218432,82.2475115558357
train,PNEUMONIA,person1496_bacteria_3909.jpeg,JPEG,L,1296,1000,False,1,5fe3e571bb5a,75.0,89830,1.296,69.31327160493827
train,PNEUMONIA,person1496_bacteria_3910.jpeg,JPEG,L,1296,1000,False,1,5fe3e571bb5a,75.0,89830,1.296,69.31327160493827
train,PNEUMONIA,person1496_bacteria_3911.jpeg,JPEG,L,1256,872,True,1,84d411bec87f,91.82745825602969,118661,1.095232,108.34325512768072
train,PNEUMONIA,person1496_virus_2605.jpeg,JPEG,L,1192,688,False,1,5fe3e571bb5a,75.0,52982,0.820096,64.60463165287966
train,PNEUMONIA,person1496_virus_2606.jpeg,JPEG,L,888,704,False,1,5fe3e571bb5a,75.0,48147,0.625152,77.01646959459458
train,PNEUMONIA,person1497_bacteria_3912.jpeg,JPEG,L,856,472,False,1,5fe3e571bb5a,75.0,36433,0.404032,90.17355060985268
train,PNEUMONIA,person1497_virus_2607.jpeg,JPEG,L,1454,794,False,1,5fe3e571bb5a,75.0,103256,1.154476,89.43971117632587
train,PNEUMONIA,person1499_bacteria_3915.jpeg,JPEG,L,1120,744,False,1,5fe3e571bb5a,75.0,67271,0.83328,80.73036674347158
train,PNEUMONIA,person1499_virus_2609.jpeg,JPEG,L,1016,640,False,1,5fe3e571bb5a,75.0,81619,0.65024,125.52134596456692
train,PNEUMONIA,person149_virus_299.jpeg,JPEG,L,1528,1032,True,1,8150a566ea61,89.18831168831169,142369,1.576896,90.2843307358253
train,PNEUMONIA,person14_bacteria_51.jpeg,JPEG,RGB,981,663,False,2,2670630d69c8,75.0,36563,0.650403,56.21591536324403
train,PNEUMONIA,person1500_bacteria_3916.jpeg,JPEG,L,1736,1424,True,1,8150a566ea61,89.18831168831169,214236,2.472064,86.66280484647646
train,PNEUMONIA,person1500_virus_2610.jpeg,JPEG,L,1560,1304,True,1,8150a566ea61,89.18831168831169,178786,2.03424,87.8883514236275
train,PNEUMONIA,person1501_virus_2611.jpeg,JPEG,L,1024,640,False,1,5fe3e571bb5a,75.0,71114,0.65536,108.5113525390625
train,PNEUMONIA,person1502_bacteria_3922.jpeg,JPEG,L,1168,872,False,1,5fe3e571bb5a,75.0,76842,1.018496,75.44654078170164
train,PNEUMONIA,person1502_bacteria_3923.jpeg,JPEG,L,992,528,False,1,5fe3e571bb5a,75.0,43950,0.523776,83.90991568914956
train,PNEUMONIA,person1502_bacteria_3924.jpeg,JPEG,L,1008,536,False,1,5fe3e571bb5a,75.0,45476,0.540288,84.16992418858091
train,PNEUMONIA,person1502_bacteria_3925.jpeg,JPEG,L,1224,824,False,1,5fe3e571bb5a,75.0,77430,1.008576,76.77160670093281
train,PNEUMONIA,person1502_bacteria_3927.jpeg,JPEG,L,1008,600,False,1,5fe3e571bb5a,75.0,50806,0.6048,84.00462962962962
train,PNEUMONIA,person1502_bacteria_3928.jpeg,JPEG,L,1176,776,False,1,5fe3e571bb5a,75.0,71673,0.912576,78.53921207658321
train,PNEUMONIA,person1502_bacteria_3929.jpeg,JPEG,L,960,520,False,1,5fe3e571bb5a,75.0,44802,0.4992,89.74759615384616
train,PNEUMONIA,person1502_virus_2612.jpeg,JPEG,L,1656,1008,False,1,5fe3e571bb5a,75.0,170200,1.669248,101.96208112874778
train,PNEUMONIA,person1503_virus_2613.jpeg,JPEG,L,1232,768,False,1,5fe3e571bb5a,75.0,92279,0.946176,97.52836681547619
train,PNEUMONIA,person1504_bacteria_3931.jpeg,JPEG,L,1064,816,False,1,5fe3e571bb5a,75.0,64903,0.868224,74.75375018428424
train,PNEUMONIA,person1504_virus_2614.jpeg,JPEG,L,1088,776,False,1,5fe3e571bb5a,75.0,71850,0.844288,85.10129244996966
train,PNEUMONIA,person1505_virus_2615.jpeg,JPEG,L,1400,1072,False,1,5fe3e571bb5a,75.0,152251,1.5008,101.4465618336887
train,PNEUMONIA,person1506_bacteria_3933.jpeg,JPEG,L,1648,1208,False,1,5fe3e571bb5a,75.0,147050,1.990784,73.86537163248248
train,PNEUMONIA,person1506_virus_2616.jpeg,JPEG,L,1144,952,True,1,84d411bec87f,91.82745825602969,173735,1.089088,159.523381030734
train,PNEUMONIA,person1507_bacteria_3935.jpeg,JPEG,L,1776,1352,False,1,5fe3e571bb5a,75.0,197689,2.401152,82.33089783570551
train,PNEUMONIA,person1507_bacteria_3942.jpeg,JPEG,L,1752,1176,False,1,5fe3e571bb5a,75.0,189714,2.060352,92.07844096542726
train,PNEUMONIA,person1507_bacteria_3943.jpeg,JPEG,L,1592,1200,False,1,5fe3e571bb5a,75.0,152246,1.9104,79.69325795644892
train,PNEUMONIA,person1507_bacteria_3944.jpeg,JPEG,L,1648,1176,False,1,5fe3e571bb5a,75.0,118331,1.938048,61.05679529093191
train,PNEUMONIA,person1507_bacteria_3945.jpeg,JPEG,L,1664,1088,False,1,5fe3e571bb5a,75.0,164276,1.810432,90.73856405542986
train,PNEUMONIA,person1507_bacteria_3946.jpeg,JPEG,L,1416,1176,False,1,5fe3e571bb5a,75.0,194879,1.665216,117.0292622698797
train,PNEUMONIA,person1507_bacteria_3947.jpeg,JPEG,L,1568,1112,False,1,5fe3e571bb5a,75.0,161359,1.743616,92.54273876816914
train,PNEUMONIA,person1507_bacteria_3948.jpeg,JPEG,L,1552,1064,False,1,5fe3e571bb5a,75.0,151707,1.651328,91.86969517866832
train,PNEUMONIA,person1508_bacteria_3949.jpeg,JPEG,L,1760,1328,False,1,5fe3e571bb5a,75.0,156102,2.33728,66.78789019715225
train,PNEUMONIA,person1509_bacteria_3951.jpeg,JPEG,L,1704,1392,False,1,5fe3e571bb5a,75.0,207732,2.371968,87.57790998866764
train,PNEUMONIA,person1509_virus_2621.jpeg,JPEG,L,1656,1336,False,1,5fe3e571bb5a,75.0,222692,2.212416,100.65557291214672
train,PNEUMONIA,person1510_virus_2628.jpeg,JPEG,L,1264,880,False,1,5fe3e571bb5a,75.0,77562,1.11232,69.72993383199079
train,PNEUMONIA,person1510_virus_2629.jpeg,JPEG,L,1312,712,False,1,5fe3e571bb5a,75.0,103657,0.934144,110.96469066867635
train,PNEUMONIA,person1511_bacteria_3955.jpeg,JPEG,L,1192,808,False,1,5fe3e571bb5a,75.0,68531,0.963136,71.15402186191774
train,PNEUMONIA,person1512_bacteria_3958.jpeg,JPEG,L,1312,648,False,1,5fe3e571bb5a,75.0,69296,0.850176,81.50782896717857
train,PNEUMONIA,person1512_virus_2631.jpeg,JPEG,L,1360,1040,False,1,5fe3e571bb5a,75.0,154538,1.4144,109.26046380090497
train,PNEUMONIA,person1513_bacteria_3962.jpeg,JPEG,L,1304,800,False,1,5fe3e571bb5a,75.0,81077,1.0432,77.71951687116565
train,PNEUMONIA,person1513_virus_2632.jpeg,JPEG,L,1376,1208,True,1,8150a566ea61,89.18831168831169,220849,1.662208,132.86484002002157
train,PNEUMONIA,person1514_bacteria_3964.jpeg,JPEG,L,1360,936,True,1,8150a566ea61,89.18831168831169,137872,1.27296,108.30819507290096
train,PNEUMONIA,person1514_virus_2633.jpeg,JPEG,L,1200,784,False,1,5fe3e571bb5a,75.0,87745,0.9408,93.26636904761905
train,PNEUMONIA,person1516_virus_2643.jpeg,JPEG,L,1152,752,False,1,5fe3e571bb5a,75.0,116662,0.866304,134.66635268912532
train,PNEUMONIA,person1517_bacteria_3968.jpeg,JPEG,L,1328,984,False,1,5fe3e571bb5a,75.0,107408,1.306752,82.19463218728573
train,PNEUMONIA,person1517_virus_2644.jpeg,JPEG,L,1376,824,False,1,5fe3e571bb5a,75.0,104668,1.133824,92.31415104989841
train,PNEUMONIA,person1518_bacteria_3969.jpeg,JPEG,L,1896,1640,True,1,8150a566ea61,89.18831168831169,235545,3.10944,75.75158227848101
train,PNEUMONIA,person1518_virus_2645.jpeg,JPEG,L,1464,1056,True,1,8150a566ea61,89.18831168831169,158577,1.545984,102.5735065822156
train,PNEUMONIA,person1519_bacteria_3970.jpeg,JPEG,L,1256,984,False,1,5fe3e571bb5a,75.0,115597,1.235904,93.53234555434727
train,PNEUMONIA,person1519_virus_2646.jpeg,JPEG,L,1248,808,False,1,5fe3e571bb5a,75.0,74584,1.008384,73.96388677329271
train,PNEUMONIA,person151_virus_301.jpeg,JPEG,L,1368,984,True,1,8150a566ea61,89.18831168831169,120253,1.346112,89.33357699805069
train,PNEUMONIA,person151_virus_302.jpeg,JPEG,L,1264,704,False,1,5fe3e571bb5a,75.0,69875,0.889856,78.52394095224396
train,PNEUMONIA,person1520_bacteria_3971.jpeg,JPEG,L,1008,776,False,1,5fe3e571bb5a,75.0,60844,0.782208,77.78493699885452
train,PNEUMONIA,person1520_virus_2647.jpeg,JPEG,L,1536,1208,True,1,8150a566ea61,89.18831168831169,168721,1.855488,90.9307955642936
train,PNEUMONIA,person1521_virus_2649.jpeg,JPEG,L,1288,976,False,1,5fe3e571bb5a,75.0,129041,1.257088,102.65072930455148
train,PNEUMONIA,person1522_bacteria_3977.jpeg,JPEG,L,1232,904,False,1,5fe3e571bb5a,75.0,115104,1.113728,103.35018963337546
train,PNEUMONIA,person1522_virus_2651.jpeg,JPEG,L,1008,520,False,1,5fe3e571bb5a,75.0,53183,0.52416,101.46329365079366
train,PNEUMONIA,person1523_bacteria_3979.jpeg,JPEG,L,1248,784,False,1,5fe3e571bb5a,75.0,72464,0.978432,74.06135531135531
train,PNEUMONIA,person1523_bacteria_3980.jpeg,JPEG,L,1088,792,False,1,5fe3e571bb5a,75.0,85154,0.861696,98.8213940879382
train,PNEUMONIA,person1524_bacteria_3983.jpeg,JPEG,L,1632,1136,False,1,5fe3e571bb5a,75.0,130844,1.853952,70.57572148577741
train,PNEUMONIA,person1524_bacteria_3984.jpeg,JPEG,L,1664,1264,False,1,5fe3e571bb5a,75.0,189731,2.103296,90.20651396665045
train,PNEUMONIA,person1524_virus_2658.jpeg,JPEG,L,1320,992,True,1,8150a566ea61,89.18831168831169,134120,1.30944,102.42546432062562
train,PNEUMONIA,person1525_bacteria_3985.jpeg,JPEG,L,1184,848,True,1,84d411bec87f,91.82745825602969,114492,1.004032,114.03222208057113
train,PNEUMONIA,person1525_virus_2659.jpeg,JPEG,L,1216,816,False,1,5fe3e571bb5a,75.0,113623,0.992256,114.50976360939113
train,PNEUMONIA,person1526_bacteria_3986.jpeg,JPEG,L,1192,888,False,1,5fe3e571bb5a,75.0,94651,1.058496,89.42027178184895
train,PNEUMONIA,person1526_virus_2660.jpeg,JPEG,L,920,568,False,1,5fe3e571bb5a,75.0,52782,0.52256,101.00658297611757
train,PNEUMONIA,person1527_bacteria_3988.jpeg,JPEG,L,1216,792,False,1,5fe3e571bb5a,75.0,86396,0.963072,89.70876528442318
train,PNEUMONIA,person1527_bacteria_3989.jpeg,JPEG,L,1240,952,False,1,5fe3e571bb5a,75.0,88931,1.18048,75.33460965031173
train,PNEUMONIA,person1527_bacteria_3990.jpeg,JPEG,L,1184,712,False,1,5fe3e571bb5a,75.0,76534,0.843008,90.78680154873976
train,PNEUMONIA,person1527_virus_2661.jpeg,JPEG,L,1120,768,False,1,5fe3e571bb5a,75.0,89631,0.86016,104.20270647321428
train,PNEUMONIA,person1528_bacteria_3991.jpeg,JPEG,L,1080,760,False,1,5fe3e571bb5a,75.0,74198,0.8208,90.39717348927874
train,PNEUMONIA,person1528_bacteria_3996.jpeg,JPEG,L,1168,688,False,1,5fe3e571bb5a,75.0,60225,0.803584,74.94549418604652
train,PNEUMONIA,person1528_virus_2662.jpeg,JPEG,L,1352,840,True,1,8150a566ea61,89.18831168831169,120357,1.13568,105.97791631445477
train,PNEUMONIA,person1529_virus_2663.jpeg,JPEG,L,1104,704,False,1,5fe3e571bb5a,75.0,80427,0.777216,103.48088562252966
train,PNEUMONIA,person152_virus_303.jpeg,JPEG,L,1344,1032,True,1,8150a566ea61,89.18831168831169,129639,1.387008,93.46665628460687
train,PNEUMONIA,person1530_bacteria_4000.jpeg,JPEG,L,1336,752,False,1,5fe3e571bb5a,75.0,76429,1.004672,76.07358421454963
train,PNEUMONIA,person1530_virus_2664.jpeg,JPEG,L,1080,632,False,1,5fe3e571bb5a,75.0,88742,0.68256,130.01347866854198
train,PNEUMONIA,person1531_bacteria_4003.jpeg,JPEG,L,1336,864,False,1,5fe3e571bb5a,75.0,95141,1.154304,82.42282795520072
train,PNEUMONIA,person1531_virus_2666.jpeg,JPEG,L,1336,936,False,1,5fe3e571bb5a,75.0,121047,1.250496,96.7991900813757
train,PNEUMONIA,person1532_virus_2667.jpeg,JPEG,L,1232,800,False,1,5fe3e571bb5a,75.0,105144,0.9856,106.6801948051948
train,PNEUMONIA,person1534_virus_2670.jpeg,JPEG,L,1336,1056,True,1,8150a566ea61,89.18831168831169,134151,1.410816,95.08752381600436
train,PNEUMONIA,person1535_bacteria_4015.jpeg,JPEG,L,920,552,False,1,5fe3e571bb5a,75.0,44748,0.50784,88.11436672967864
train,PNEUMONIA,person1535_bacteria_4016.jpeg,JPEG,L,920,648,False,1,5fe3e571bb5a,75.0,57933,0.59616,97.17693236714976
train,PNEUMONIA,person1535_bacteria_4017.jpeg,JPEG,L,888,672,False,1,5fe3e571bb5a,75.0,50687,0.596736,84.94040915915915
train,PNEUMONIA,person1535_virus_2672.jpeg,JPEG,L,1304,896,False,1,5fe3e571bb5a,75.0,105151,1.168384,89.99695305652935
train,PNEUMONIA,person1536_bacteria_4018.jpeg,JPEG,L,1792,1600,False,1,5fe3e571bb5a,75.0,201288,2.8672,70.20368303571429
train,PNEUMONIA,person1536_virus_2673.jpeg,JPEG,L,992,464,False,1,5fe3e571bb5a,75.0,51973,0.460288,112.91408857063404
train,PNEUMONIA,person1537_bacteria_4019.jpeg,JPEG,L,1256,976,False,1,5fe3e571bb5a,75.0,97060,1.225856,79.17732588493264
train,PNEUMONIA,person1537_bacteria_4020.jpeg,JPEG,L,1336,928,False,1,5fe3e571bb5a,75.0,113107,1.239808,91.22944843072476
train,PNEUMONIA,person1537_virus_2674.jpeg,JPEG,L,1456,1312,True,1,8150a566ea61,89.18831168831169,197563,1.910272,103.42139758107746
train,PNEUMONIA,person1538_bacteria_4021.jpeg,JPEG,L,1200,808,False,1,5fe3e571bb5a,75.0,111475,0.9696,114.9700907590759
train,PNEUMONIA,person1539_bacteria_4022.jpeg,JPEG,L,1392,864,True,1,8150a566ea61,89.18831168831169,118761,1.202688,98.74630826947637
train,PNEUMONIA,person1539_virus_2678.jpeg,JPEG,L,1112,624,False,1,5fe3e571bb5a,75.0,75414,0.693888,108.68324571112342
train,PNEUMONIA,person1539_virus_2679.jpeg,JPEG,L,1152,584,False,1,5fe3e571bb5a,75.0,69596,0.672768,103.44725076103501
train,PNEUMONIA,person153_virus_304.jpeg,JPEG,L,1160,752,False,1,5fe3e571bb5a,75.0,59337,0.87232,68.02205612619223
train,PNEUMONIA,person1540_bacteria_4023.jpeg,JPEG,L,1320,1000,True,1,8150a566ea61,89.18831168831169,125716,1.32,95.23939393939393
train,PNEUMONIA,person1540_virus_2680.jpeg,JPEG,L,1472,944,False,1,5fe3e571bb5a,75.0,138403,1.389568,99.6014588706706
train,PNEUMONIA,person1541_virus_2681.jpeg,JPEG,L,1400,1080,True,1,8150a566ea61,89.18831168831169,136338,1.512,90.17063492063491
train,PNEUMONIA,person1542_bacteria_4029.jpeg,JPEG,L,1144,760,False,1,5fe3e571bb5a,75.0,68916,0.86944,79.26481413323518
train,PNEUMONIA,person1542_virus_2683.jpeg,JPEG,L,1104,728,False,1,5fe3e571bb5a,75.0,86767,0.803712,107.95782568880395
train,PNEUMONIA,person1543_virus_2684.jpeg,JPEG,L,1128,704,False,1,5fe3e571bb5a,75.0,61411,0.794112,77.33292029335912
train,PNEUMONIA,person1544_bacteria_4033.jpeg,JPEG,L,2192,2272,True,1,8150a566ea61,89.18831168831169,295636,4.980224,59.3619885370618
train,PNEUMONIA,person1544_bacteria_4035.jpeg,JPEG,L,2056,2104,True,1,8150a566ea61,89.18831168831169,297422,4.325824,68.75499326833454
train,PNEUMONIA,person1544_bacteria_4037.jpeg,JPEG,L,1856,1496,False,1,5fe3e571bb5a,75.0,192244,2.776576,69.23779503964596
train,PNEUMONIA,person1544_bacteria_4038.jpeg,JPEG,L,2008,2096,True,1,8150a566ea61,89.18831168831169,325910,4.208768,77.43596225783888
train,PNEUMONIA,person1544_virus_2685.jpeg,JPEG,L,1720,1152,True,1,8150a566ea61,89.18831168831169,196303,1.98144,99.07087774547803
train,PNEUMONIA,person1545_bacteria_4041.jpeg,JPEG,L,912,536,False,1,5fe3e571bb5a,75.0,43345,0.488832,88.67054529981671
train,PNEUMONIA,person1545_bacteria_4042.jpeg,JPEG,L,920,544,False,1,5fe3e571bb5a,75.0,45176,0.50048,90.26534526854219
train,PNEUMONIA,person1546_bacteria_4044.jpeg,JPEG,L,1216,856,True,1,84d411bec87f,91.82745825602969,111956,1.040896,107.55733521888834
train,PNEUMONIA,person1546_bacteria_4045.jpeg,JPEG,L,1288,776,False,1,5fe3e571bb5a,75.0,79494,0.999488,79.5347217775501
train,PNEUMONIA,person1546_virus_2687.jpeg,JPEG,L,976,504,False,1,5fe3e571bb5a,75.0,55730,0.491904,113.29446396044756
train,PNEUMONIA,person1547_virus_2688.jpeg,JPEG,L,1016,552,False,1,5fe3e571bb5a,75.0,51258,0.560832,91.39635398836016
train,PNEUMONIA,person1548_bacteria_4048.jpeg,JPEG,L,1088,696,False,1,5fe3e571bb5a,75.0,57122,0.757248,75.43367562542258
train,PNEUMONIA,person1548_virus_2689.jpeg,JPEG,L,1384,1048,True,1,8150a566ea61,89.18831168831169,142626,1.450432,98.33346203062261
train,PNEUMONIA,person1549_bacteria_4050.jpeg,JPEG,L,1416,960,True,1,8150a566ea61,89.18831168831169,138701,1.35936,102.03404543314501
train,PNEUMONIA,person1549_virus_2690.jpeg,JPEG,L,1320,1032,False,1,5fe3e571bb5a,75.0,91147,1.36224,66.90964881371859
train,PNEUMONIA,person154_virus_305.jpeg,JPEG,L,1336,728,False,1,5fe3e571bb5a,75.0,67955,0.972608,69.86884746989537
train,PNEUMONIA,person154_virus_306.jpeg,JPEG,L,1448,1176,False,1,5fe3e571bb5a,75.0,117766,1.702848,69.15825722554216
train,PNEUMONIA,person1550_bacteria_4051.jpeg,JPEG,L,1600,984,False,1,5fe3e571bb5a,75.0,120437,1.5744,76.49707825203252
train,PNEUMONIA,person1550_virus_2691.jpeg,JPEG,L,1000,640,False,1,5fe3e571bb5a,75.0,62737,0.64,98.0265625
train,PNEUMONIA,person1551_bacteria_4053.jpeg,JPEG,L,1376,952,False,1,5fe3e571bb5a,75.0,107917,1.309952,82.38240790502248
train,PNEUMONIA,person1551_bacteria_4054.jpeg,JPEG,L,1424,1016,False,1,5fe3e571bb5a,75.0,118323,1.446784,81.78345903742368
train,PNEUMONIA,person1551_virus_2692.jpeg,JPEG,L,1120,816,False,1,5fe3e571bb5a,75.0,78880,0.91392,86.30952380952381
train,PNEUMONIA,person1552_bacteria_4055.jpeg,JPEG,L,1136,864,True,1,84d411bec87f,91.82745825602969,100954,0.981504,102.85643257694313
train,PNEUMONIA,person1554_bacteria_4057.jpeg,JPEG,L,1248,824,True,1,84d411bec87f,91.82745825602969,114356,1.028352,111.20316778690565
train,PNEUMONIA,person1554_virus_2696.jpeg,JPEG,L,1344,784,False,1,5fe3e571bb5a,75.0,91751,1.053696,87.07539935617105
train,PNEUMONIA,person1555_bacteria_4058.jpeg,JPEG,L,1112,568,False,1,5fe3e571bb5a,75.0,60251,0.631616,95.39182034653967
train,PNEUMONIA,person1555_bacteria_4059.jpeg,JPEG,L,1144,736,False,1,5fe3e571bb5a,75.0,73914,0.841984,87.78551611432047
train,PNEUMONIA,person1555_bacteria_4060.jpeg,JPEG,L,1000,624,False,1,5fe3e571bb5a,75.0,52087,0.624,83.47275641025641
train,PNEUMONIA,person1556_bacteria_4061.jpeg,JPEG,L,1416,1216,False,1,5fe3e571bb5a,75.0,231953,1.721856,134.71103274606006
train,PNEUMONIA,person1556_bacteria_4062.jpeg,JPEG,L,1688,1136,False,1,5fe3e571bb5a,75.0,171584,1.917568,89.4800080101462
train,PNEUMONIA,person1556_virus_2699.jpeg,JPEG,L,1128,736,False,1,5fe3e571bb5a,75.0,94863,0.830208,114.26413621646624
train,PNEUMONIA,person1557_bacteria_4063.jpeg,JPEG,L,1696,1736,False,1,5fe3e571bb5a,75.0,189795,2.944256,64.46280486479435
train,PNEUMONIA,person1557_bacteria_4065.jpeg,JPEG,L,1592,1728,False,1,5fe3e571bb5a,75.0,273068,2.750976,99.26222547924809
train,PNEUMONIA,person1558_bacteria_4066.jpeg,JPEG,L,1408,1184,False,1,5fe3e571bb5a,75.0,154000,1.667072,92.37753378378378
train,PNEUMONIA,person1559_bacteria_4067.jpeg,JPEG,L,856,528,False,1,5fe3e571bb5a,75.0,36158,0.451968,80.00123902577174
train,PNEUMONIA,person155_virus_307.jpeg,JPEG,L,1536,1064,False,1,5fe3e571bb5a,75.0,124790,1.634304,76.35666314223059
train,PNEUMONIA,person1561_bacteria_4077.jpeg,JPEG,L,1536,856,True,1,8150a566ea61,89.18831168831169,131319,1.314816,99.87633250584112
train,PNEUMONIA,person1562_bacteria_4078.jpeg,JPEG,L,1448,1008,False,1,5fe3e571bb5a,75.0,116505,1.459584,79.82068863456985
train,PNEUMONIA,person1562_bacteria_4081.jpeg,JPEG,L,1656,1216,False,1,5fe3e571bb5a,75.0,228909,2.013696,113.67604643401984
train,PNEUMONIA,person1562_bacteria_4087.jpeg,JPEG,L,1624,1312,False,1,5fe3e571bb5a,75.0,169893,2.130688,79.73621665865673
train,PNEUMONIA,person1562_bacteria_4089.jpeg,JPEG,L,1568,1256,False,1,5fe3e571bb5a,75.0,141443,1.969408,71.82005963213311
train,PNEUMONIA,person1563_bacteria_4092.jpeg,JPEG,L,1272,872,True,1,84d411bec87f,91.82745825602969,114358,1.109184,103.10101840632393
train,PNEUMONIA,person1564_bacteria_4094.jpeg,JPEG,L,1168,560,False,1,5fe3e571bb5a,75.0,54252,0.65408,82.94398238747554
train,PNEUMONIA,person1564_virus_2719.jpeg,JPEG,L,1064,560,False,1,5fe3e571bb5a,75.0,54079,0.59584,90.7609425349087
train,PNEUMONIA,person1565_bacteria_4095.jpeg,JPEG,L,1960,1600,False,1,5fe3e571bb5a,75.0,194000,3.136,61.86224489795918
train,PNEUMONIA,person1566_bacteria_4099.jpeg,JPEG,L,888,440,False,1,5fe3e571bb5a,75.0,32819,0.39072,83.99621212121212
train,PNEUMONIA,person1567_bacteria_4100.jpeg,JPEG,L,1176,800,False,1,5fe3e571bb5a,75.0,74747,0.9408,79.45046768707483
train,PNEUMONIA,person1567_virus_2722.jpeg,JPEG,L,1528,1376,True,1,8150a566ea61,89.18831168831169,208217,2.102528,99.03173703275296
train,PNEUMONIA,person1568_virus_2723.jpeg,JPEG,L,1400,1104,True,1,8150a566ea61,89.18831168831169,168898,1.5456,109.27665631469978
train,PNEUMONIA,person156_virus_308.jpeg,JPEG,L,1264,800,False,1,5fe3e571bb5a,75.0,83773,1.0112,82.84513449367087
train,PNEUMONIA,person1571_bacteria_4108.jpeg,JPEG,L,1352,928,True,1,8150a566ea61,89.18831168831169,108590,1.254656,86.5496199755152
train,PNEUMONIA,person1571_bacteria_4110.jpeg,JPEG,L,1296,848,True,1,84d411bec87f,91.82745825602969,133012,1.099008,121.02914628464943
train,PNEUMONIA,person1571_virus_2728.jpeg,JPEG,L,1304,712,False,1,5fe3e571bb5a,75.0,103689,0.928448,111.67992176190803
train,PNEUMONIA,person1574_bacteria_4118.jpeg,JPEG,L,1096,600,False,1,5fe3e571bb5a,75.0,52358,0.6576,79.6198296836983
train,PNEUMONIA,person1575_bacteria_4119.jpeg,JPEG,L,1360,888,True,1,8150a566ea61,89.18831168831169,132803,1.20768,109.96538818229993
train,PNEUMONIA,person1576_bacteria_4120.jpeg,JPEG,L,1264,984,False,1,5fe3e571bb5a,75.0,111560,1.243776,89.69460738911187
train,PNEUMONIA,person1576_bacteria_4121.jpeg,JPEG,L,1280,1016,False,1,5fe3e571bb5a,75.0,124029,1.30048,95.37170890748031
train,PNEUMONIA,person1576_bacteria_4122.jpeg,JPEG,L,1440,992,False,1,5fe3e571bb5a,75.0,122769,1.42848,85.94380040322581
train,PNEUMONIA,person1576_bacteria_4124.jpeg,JPEG,L,1528,1080,False,1,5fe3e571bb5a,75.0,144789,1.65024,87.7381471785922
train,PNEUMONIA,person1576_bacteria_4126.jpeg,JPEG,L,1416,1056,False,1,5fe3e571bb5a,75.0,164143,1.495296,109.77291452662216
train,PNEUMONIA,person1576_bacteria_4127.jpeg,JPEG,L,1296,944,False,1,5fe3e571bb5a,75.0,110236,1.223424,90.1044936179117
train,PNEUMONIA,person1576_bacteria_4128.jpeg,JPEG,L,1536,1176,False,1,5fe3e571bb5a,75.0,152357,1.806336,84.34588027919501
train,PNEUMONIA,person1576_bacteria_4129.jpeg,JPEG,L,1384,1088,False,1,5fe3e571bb5a,75.0,138042,1.505792,91.67401606596395
train,PNEUMONIA,person1576_virus_2734.jpeg,JPEG,L,968,440,False,1,5fe3e571bb5a,75.0,47454,0.42592,111.41528925619835
train,PNEUMONIA,person1577_virus_2735.jpeg,JPEG,L,1392,712,False,1,5fe3e571bb5a,75.0,81936,0.991104,82.67144517628827
train,PNEUMONIA,person1579_bacteria_4133.jpeg,JPEG,L,936,632,False,1,5fe3e571bb5a,75.0,55933,0.591552,94.55297251974467
train,PNEUMONIA,person157_virus_311.jpeg,JPEG,L,1768,1216,False,1,5fe3e571bb5a,75.0,157820,2.149888,73.40847523219814
train,PNEUMONIA,person1580_virus_2739.jpeg,JPEG,L,1616,1024,False,1,5fe3e571bb5a,75.0,160535,1.654784,97.01266147122524
train,PNEUMONIA,person1581_bacteria_4135.jpeg,JPEG,L,1024,592,False,1,5fe3e571bb5a,75.0,48334,0.606208,79.73170924831082
train,PNEUMONIA,person1581_virus_2741.jpeg,JPEG,L,1144,656,False,1,5fe3e571bb5a,75.0,63541,0.750464,84.66895147535391
train,PNEUMONIA,person1582_bacteria_4136.jpeg,JPEG,L,1304,1024,True,1,8150a566ea61,89.18831168831169,128013,1.335296,95.86863137461657
train,PNEUMONIA,person1582_bacteria_4137.jpeg,JPEG,L,1248,1064,False,1,5fe3e571bb5a,75.0,109230,1.327872,82.25943464430307
train,PNEUMONIA,person1582_bacteria_4140.jpeg,JPEG,L,1144,736,False,1,5fe3e571bb5a,75.0,74975,0.841984,89.04563507145029
train,PNEUMONIA,person1582_bacteria_4142.jpeg,JPEG,L,1240,696,False,1,5fe3e571bb5a,75.0,68395,0.86304,79.24893400074156
train,PNEUMONIA,person1582_bacteria_4143.jpeg,JPEG,L,1352,864,False,1,5fe3e571bb5a,75.0,102112,1.168128,87.41507779969318
train,PNEUMONIA,person1583_bacteria_4144.jpeg,JPEG,L,1496,1024,False,1,5fe3e571bb5a,75.0,126005,1.531904,82.25384880514706
train,PNEUMONIA,person1584_bacteria_4146.jpeg,JPEG,L,1120,640,False,1,5fe3e571bb5a,75.0,55896,0.7168,77.97991071428572
train,PNEUMONIA,person1584_bacteria_4148.jpeg,JPEG,L,1064,656,False,1,5fe3e571bb5a,75.0,59580,0.697984,85.36012286814596
train,PNEUMONIA,person1585_bacteria_4149.jpeg,JPEG,L,1192,696,False,1,5fe3e571bb5a,75.0,75614,0.829632,91.14161459538687
train,PNEUMONIA,person1585_bacteria_4151.jpeg,JPEG,L,1336,808,False,1,5fe3e571bb5a,75.0,89914,1.079488,83.29319084603071
train,PNEUMONIA,person1585_bacteria_4155.jpeg,JPEG,L,1128,752,False,1,5fe3e571bb5a,75.0,78574,0.848256,92.63005507771238
train,PNEUMONIA,person1588_virus_2762.jpeg,JPEG,L,1376,832,True,1,8150a566ea61,89.18831168831169,162891,1.144832,142.28375866502682
train,PNEUMONIA,person1589_bacteria_4171.jpeg,JPEG,L,1136,712,False,1,5fe3e571bb5a,75.0,45170,0.808832,55.84596059503086
train,PNEUMONIA,person1589_bacteria_4172.jpeg,JPEG,L,1032,840,False,1,5fe3e571bb5a,75.0,72933,0.86688,84.13275193798451
train,PNEUMONIA,person1589_virus_2763.jpeg,JPEG,L,1168,800,False,1,5fe3e571bb5a,75.0,102889,0.9344,110.11237157534246
train,PNEUMONIA,person158_virus_312.jpeg,JPEG,L,1552,1176,False,1,5fe3e571bb5a,75.0,183903,1.825152,100.76037502629917
train,PNEUMONIA,person1590_bacteria_4174.jpeg,JPEG,L,1960,1992,False,1,5fe3e571bb5a,75.0,315991,3.90432,80.93368371444964
train,PNEUMONIA,person1590_bacteria_4175.jpeg,JPEG,L,2000,1896,False,1,5fe3e571bb5a,75.0,161498,3.792,42.58913502109704
train,PNEUMONIA,person1590_bacteria_4176.jpeg,JPEG,L,1984,1840,False,1,5fe3e571bb5a,75.0,240470,3.65056,65.87208537868163
train,PNEUMONIA,person1590_virus_2764.jpeg,JPEG,L,1280,856,True,1,84d411bec87f,91.82745825602969,119744,1.09568,109.28738317757009
train,PNEUMONIA,person1591_bacteria_4177.jpeg,JPEG,L,1160,664,False,1,5fe3e571bb5a,75.0,62755,0.77024,81.47460531782302
train,PNEUMONIA,person1591_virus_2765.jpeg,JPEG,L,1720,1240,False,1,5fe3e571bb5a,75.0,182777,2.1328,85.69814328582144
train,PNEUMONIA,person1592_bacteria_4178.jpeg,JPEG,L,952,736,False,1,5fe3e571bb5a,75.0,53174,0.700672,75.89000274022654
train,PNEUMONIA,person1592_virus_2766.jpeg,JPEG,L,1056,760,False,1,5fe3e571bb5a,75.0,92322,0.80256,115.0343899521531
train,PNEUMONIA,person1593_virus_2767.jpeg,JPEG,L,1176,760,False,1,5fe3e571bb5a,75.0,98102,0.89376,109.76324740422486
train,PNEUMONIA,person1594_bacteria_4182.jpeg,JPEG,L,1240,848,True,1,84d411bec87f,91.82745825602969,122430,1.05152,116.43145161290323
train,PNEUMONIA,person1594_virus_2768.jpeg,JPEG,L,1272,776,False,1,5fe3e571bb5a,75.0,104420,0.987072,105.78762238215653
train,PNEUMONIA,person1595_bacteria_4183.jpeg,JPEG,L,1416,800,False,1,5fe3e571bb5a,75.0,78650,1.1328,69.42973163841808
train,PNEUMONIA,person1595_virus_2771.jpeg,JPEG,L,1336,832,True,1,8150a566ea61,89.18831168831169,115722,1.111552,104.10848975126669
train,PNEUMONIA,person1596_bacteria_4184.jpeg,JPEG,L,1696,1224,False,1,5fe3e571bb5a,75.0,172866,2.075904,83.27263688494267
train,PNEUMONIA,person1597_bacteria_4187.jpeg,JPEG,L,1768,1488,False,1,5fe3e571bb5a,75.0,170668,2.630784,64.87343696783925
train,PNEUMONIA,person1597_bacteria_4188.jpeg,JPEG,L,1856,1536,False,1,5fe3e571bb5a,75.0,245415,2.850816,86.0858785695043
train,PNEUMONIA,person1597_bacteria_4189.jpeg,JPEG,L,1824,1776,False,1,5fe3e571bb5a,75.0,278396,3.239424,85.939969574838
train,PNEUMONIA,person1597_bacteria_4190.jpeg,JPEG,L,1664,1456,False,1,5fe3e571bb5a,75.0,240347,2.422784,99.20281791525782
train,PNEUMONIA,person1597_bacteria_4191.jpeg,JPEG,L,1544,1336,False,1,5fe3e571bb5a,75.0,206021,2.062784,99.87521718221586
train,PNEUMONIA,person1597_bacteria_4192.jpeg,JPEG,L,1632,1144,False,1,5fe3e571bb5a,75.0,180403,1.867008,96.62679538598655
train,PNEUMONIA,person1597_bacteria_4193.jpeg,JPEG,L,1736,1368,False,1,5fe3e571bb5a,75.0,254835,2.374848,107.30581494057725
train,PNEUMONIA,person1597_bacteria_4194.jpeg,JPEG,L,1768,1560,True,1,8150a566ea61,89.18831168831169,212097,2.75808,76.90023494604942
train,PNEUMONIA,person1598_bacteria_4195.jpeg,JPEG,L,1288,824,True,1,84d411bec87f,91.82745825602969,116887,1.061312,110.13443737562564
train,PNEUMONIA,person1598_bacteria_4197.jpeg,JPEG,L,1264,920,False,1,5fe3e571bb5a,75.0,104222,1.16288,89.62403687396808
train,PNEUMONIA,person1598_bacteria_4198.jpeg,JPEG,L,1208,808,False,1,5fe3e571bb5a,75.0,83525,0.976064,85.57328207986362
train,PNEUMONIA,person1599_bacteria_4200.jpeg,JPEG,L,1624,864,True,1,8150a566ea61,89.18831168831169,124379,1.403136,88.64358123517607
train,PNEUMONIA,person1599_bacteria_4201.jpeg,JPEG,L,1520,1152,False,1,5fe3e571bb5a,75.0,173772,1.75104,99.23930921052632
train,PNEUMONIA,person1599_virus_2775.jpeg,JPEG,L,1136,888,True,1,84d411bec87f,91.82745825602969,119384,1.008768,118.34633929704351
train,PNEUMONIA,person1599_virus_2776.jpeg,JPEG,L,1112,832,True,1,84d411bec87f,91.82745825602969,109838,0.925184,118.72016809629218
train,PNEUMONIA,person15_bacteria_52.jpeg,JPEG,L,1280,751,False,1,5fe3e571bb5a,75.0,83308,0.96128,86.66361517976033
train,PNEUMONIA,person1600_bacteria_4202.jpeg,JPEG,L,1848,1488,True,1,8150a566ea61,89.18831168831169,330343,2.749824,120.13241574733512
train,PNEUMONIA,person1600_virus_2777.jpeg,JPEG,L,1296,832,True,1,84d411bec87f,91.82745825602969,121573,1.078272,112.74798937559355
train,PNEUMONIA,person1601_bacteria_4209.jpeg,JPEG,L,1256,840,False,1,5fe3e571bb5a,75.0,95831,1.05504,90.83162723688201
train,PNEUMONIA,person1601_bacteria_4212.jpeg,JPEG,L,1400,880,False,1,5fe3e571bb5a,75.0,101174,1.232,82.12175324675326
train,PNEUMONIA,person1602_bacteria_4218.jpeg,JPEG,L,1568,992,False,1,5fe3e571bb5a,75.0,130817,1.555456,84.10202538676762
train,PNEUMONIA,person1602_virus_2780.jpeg,JPEG,L,1216,880,False,1,5fe3e571bb5a,75.0,81649,1.07008,76.30177183014355
train,PNEUMONIA,person1603_virus_2781.jpeg,JPEG,L,1616,1232,False,1,5fe3e571bb5a,75.0,205187,1.990912,103.06181287771635
train,PNEUMONIA,person1604_virus_2782.jpeg,JPEG,L,1016,656,False,1,5fe3e571bb5a,75.0,56578,0.666496,84.88873151526792
train,PNEUMONIA,person1605_bacteria_4226.jpeg,JPEG,L,1136,888,False,1,5fe3e571bb5a,75.0,93756,1.008768,92.94109250095164
train,PNEUMONIA,person1607_bacteria_4232.jpeg,JPEG,L,1064,624,False,1,5fe3e571bb5a,75.0,85347,0.663936,128.54702862926547
train,PNEUMONIA,person1607_virus_2785.jpeg,JPEG,L,1056,568,False,1,5fe3e571bb5a,75.0,50977,0.599808,84.98886310285957
train,PNEUMONIA,person1608_bacteria_4235.jpeg,JPEG,L,1168,640,False,1,5fe3e571bb5a,75.0,69910,0.74752,93.52258133561644
train,PNEUMONIA,person1609_bacteria_4236.jpeg,JPEG,L,1312,824,False,1,5fe3e571bb5a,75.0,144474,1.081088,133.63759471939377
train,PNEUMONIA,person1609_bacteria_4237.jpeg,JPEG,L,1560,1160,False,1,5fe3e571bb5a,75.0,149167,1.8096,82.43092396109637
train,PNEUMONIA,person1609_bacteria_4239.jpeg,JPEG,L,1480,1008,True,1,8150a566ea61,89.18831168831169,134051,1.49184,89.85615079365078
train,PNEUMONIA,person1609_virus_2790.jpeg,JPEG,L,1416,824,True,1,8150a566ea61,89.18831168831169,107886,1.166784,92.46441500740497
train,PNEUMONIA,person1609_virus_2791.jpeg,JPEG,L,1408,976,True,1,8150a566ea61,89.18831168831169,122063,1.374208,88.82425367921013
train,PNEUMONIA,person160_virus_316.jpeg,JPEG,L,1536,1120,False,1,5fe3e571bb5a,75.0,139673,1.72032,81.19012741815476
train,PNEUMONIA,person1610_bacteria_4240.jpeg,JPEG,L,1112,736,False,1,5fe3e571bb5a,75.0,66782,0.818432,81.59749374413512
train,PNEUMONIA,person1611_bacteria_4241.jpeg,JPEG,L,1144,632,False,1,5fe3e571bb5a,75.0,87681,0.723008,121.2725170399221
train,PNEUMONIA,person1613_bacteria_4247.jpeg,JPEG,L,1376,800,False,1,5fe3e571bb5a,75.0,87654,1.1008,79.62754360465117
train,PNEUMONIA,person1614_bacteria_4248.jpeg,JPEG,L,1392,824,True,1,8150a566ea61,89.18831168831169,114128,1.147008,99.50061377078451
train,PNEUMONIA,person1615_bacteria_4249.jpeg,JPEG,L,1224,1072,False,1,5fe3e571bb5a,75.0,126722,1.312128,96.57746805189737
train,PNEUMONIA,person1616_bacteria_4251.jpeg,JPEG,L,1008,696,False,1,5fe3e571bb5a,75.0,68286,0.701568,97.3334017515052
train,PNEUMONIA,person1617_bacteria_4254.jpeg,JPEG,L,816,456,False,1,5fe3e571bb5a,75.0,33862,0.372096,91.00339697282422
train,PNEUMONIA,person1617_bacteria_4255.jpeg,JPEG,L,944,440,False,1,5fe3e571bb5a,75.0,35607,0.41536,85.72563559322033
train,PNEUMONIA,person1617_bacteria_4256.jpeg,JPEG,L,864,528,False,1,5fe3e571bb5a,75.0,36957,0.456192,81.01194234006735
train,PNEUMONIA,person1618_bacteria_4258.jpeg,JPEG,L,1248,760,False,1,5fe3e571bb5a,75.0,78711,0.94848,82.98646255060729
train,PNEUMONIA,person1619_bacteria_4261.jpeg,JPEG,L,1400,1040,False,1,5fe3e571bb5a,75.0,153137,1.456,105.17651098901099
train,PNEUMONIA,person1619_bacteria_4262.jpeg,JPEG,L,1424,904,False,1,5fe3e571bb5a,75.0,116894,1.287296,90.80584418812768
train,PNEUMONIA,person1619_bacteria_4266.jpeg,JPEG,L,1352,968,False,1,5fe3e571bb5a,75.0,141857,1.308736,108.39237248765221
train,PNEUMONIA,person1619_bacteria_4267.jpeg,JPEG,L,1512,1272,False,1,5fe3e571bb5a,75.0,147167,1.923264,76.51939619313833
train,PNEUMONIA,person1619_bacteria_4268.jpeg,JPEG,L,1512,1272,False,1,5fe3e571bb5a,75.0,147167,1.923264,76.51939619313833
train,PNEUMONIA,person1619_bacteria_4269.jpeg,JPEG,L,1392,888,False,1,5fe3e571bb5a,75.0,104972,1.236096,84.92220668944806
train,PNEUMONIA,person1619_bacteria_4270.jpeg,JPEG,L,1352,880,False,1,5fe3e571bb5a,75.0,123588,1.18976,103.87641204948898
train,PNEUMONIA,person1619_bacteria_4271.jpeg,JPEG,L,1504,912,False,1,5fe3e571bb5a,75.0,132105,1.371648,96.3111527155655
train,PNEUMONIA,person161_virus_317.jpeg,JPEG,L,1264,904,False,1,5fe3e571bb5a,75.0,93249,1.142656,81.6072378738658
train,PNEUMONIA,person1620_bacteria_4272.jpeg,JPEG,L,1224,656,False,1,5fe3e571bb5a,75.0,81715,0.802944,101.76923919974494
train,PNEUMONIA,person1625_bacteria_4290.jpeg,JPEG,L,1040,824,False,1,5fe3e571bb5a,75.0,67473,0.85696,78.73529686333083
train,PNEUMONIA,person1626_bacteria_4291.jpeg,JPEG,L,896,648,False,1,5fe3e571bb5a,75.0,47128,0.580608,81.17008377425044
train,PNEUMONIA,person1628_bacteria_4293.jpeg,JPEG,L,1144,896,False,1,5fe3e571bb5a,75.0,90508,1.025024,88.29842032967034
train,PNEUMONIA,person1628_bacteria_4294.jpeg,JPEG,L,1328,1000,False,1,5fe3e571bb5a,75.0,111917,1.328,84.27484939759036
train,PNEUMONIA,person1628_bacteria_4295.jpeg,JPEG,L,1240,744,False,1,5fe3e571bb5a,75.0,82803,0.92256,89.75351196670134
train,PNEUMONIA,person1628_bacteria_4296.jpeg,JPEG,L,1280,848,False,1,5fe3e571bb5a,75.0,88859,1.08544,81.86449734669812
train,PNEUMONIA,person1628_bacteria_4297.jpeg,JPEG,L,1304,968,False,1,5fe3e571bb5a,75.0,99508,1.262272,78.83245449475231
train,PNEUMONIA,person1628_bacteria_4298.jpeg,JPEG,L,1304,968,False,1,5fe3e571bb5a,75.0,99508,1.262272,78.83245449475231
train,PNEUMONIA,person1629_bacteria_4299.jpeg,JPEG,L,1792,1216,False,1,5fe3e571bb5a,75.0,223697,2.179072,102.65700261395676
train,PNEUMONIA,person162_virus_319.jpeg,JPEG,L,1576,1112,False,1,5fe3e571bb5a,75.0,132965,1.752512,75.87109246612862
train,PNEUMONIA,person162_virus_320.jpeg,JPEG,L,1720,1128,False,1,5fe3e571bb5a,75.0,112319,1.94016,57.89161718621145
train,PNEUMONIA,person162_virus_321.jpeg,JPEG,L,1424,1224,False,1,5fe3e571bb5a,75.0,150493,1.742976,86.3425543438349
train,PNEUMONIA,person162_virus_322.jpeg,JPEG,L,1424,1224,False,1,5fe3e571bb5a,75.0,150493,1.742976,86.3425543438349
train,PNEUMONIA,person1630_bacteria_4303.jpeg,JPEG,L,1552,1096,False,1,5fe3e571bb5a,75.0,178688,1.700992,105.04928888554443
train,PNEUMONIA,person1630_bacteria_4304.jpeg,JPEG,L,1792,1232,False,1,5fe3e571bb5a,75.0,191781,2.207744,86.86740854012059
train,PNEUMONIA,person1634_bacteria_4326.jpeg,JPEG,L,1648,1096,False,1,5fe3e571bb5a,75.0,200567,1.806208,111.04313567429665
train,PNEUMONIA,person1634_bacteria_4331.jpeg,JPEG,L,1720,1112,False,1,5fe3e571bb5a,75.0,182436,1.91264,95.38439016228878
train,PNEUMONIA,person1634_bacteria_4334.jpeg,JPEG,L,1824,976,False,1,5fe3e571bb5a,75.0,125574,1.780224,70.53831427955133
train,PNEUMONIA,person1635_bacteria_4335.jpeg,JPEG,L,1224,848,False,1,5fe3e571bb5a,75.0,95538,1.037952,92.0447188309286
train,PNEUMONIA,person1636_bacteria_4337.jpeg,JPEG,L,1608,1024,False,1,5fe3e571bb5a,75.0,123004,1.646592,74.7021727300995
train,PNEUMONIA,person1636_bacteria_4338.jpeg,JPEG,L,1624,864,False,1,5fe3e571bb5a,75.0,101042,1.403136,72.01155126801679
train,PNEUMONIA,person1637_bacteria_4339.jpeg,JPEG,L,1936,1536,False,1,5fe3e571bb5a,75.0,186326,2.973696,62.65805247073003
train,PNEUMONIA,person1638_bacteria_4340.jpeg,JPEG,L,1976,1496,False,1,5fe3e571bb5a,75.0,247880,2.956096,83.85383965879322
train,PNEUMONIA,person1638_bacteria_4341.jpeg,JPEG,L,1736,1328,False,1,5fe3e571bb5a,75.0,223979,2.305408,97.1537359113875
train,PNEUMONIA,person1638_bacteria_4342.jpeg,JPEG,L,1656,1088,False,1,5fe3e571bb5a,75.0,184505,1.801728,102.40446948707019
train,PNEUMONIA,person1639_bacteria_4343.jpeg,JPEG,RGB,832,583,False,2,2670630d69c8,75.0,40759,0.485056,84.02947288560496
train,PNEUMONIA,person1639_bacteria_4344.jpeg,JPEG,L,1248,688,False,1,5fe3e571bb5a,75.0,72864,0.858624,84.86135957066189
train,PNEUMONIA,person1639_bacteria_4345.jpeg,JPEG,RGB,781,476,False,2,2670630d69c8,75.0,28488,0.371756,76.63090844532435
train,PNEUMONIA,person1639_bacteria_4347.jpeg,JPEG,RGB,809,476,False,2,2670630d69c8,75.0,31891,0.385084,82.81569735434347
train,PNEUMONIA,person1640_bacteria_4348.jpeg,JPEG,RGB,855,507,False,2,2670630d69c8,75.0,36234,0.433485,83.58766739333541
train,PNEUMONIA,person1641_bacteria_4350.jpeg,JPEG,L,1072,648,False,1,5fe3e571bb5a,75.0,63393,0.694656,91.25811912658926
train,PNEUMONIA,person1642_bacteria_4352.jpeg,JPEG,RGB,724,286,False,2,2670630d69c8,75.0,18392,0.207064,88.82277943051423
train,PNEUMONIA,person1642_bacteria_4353.jpeg,JPEG,RGB,698,413,False,2,2670630d69c8,75.0,40485,0.288274,140.43930427301805
train,PNEUMONIA,person1643_bacteria_4354.jpeg,JPEG,L,1088,664,False,1,5fe3e571bb5a,75.0,64351,0.722432,89.07551160524451
train,PNEUMONIA,person1644_bacteria_4356.jpeg,JPEG,RGB,741,421,False,2,2670630d69c8,75.0,24718,0.311961,79.23426325726614
train,PNEUMONIA,person1644_bacteria_4357.jpeg,JPEG,RGB,645,329,False,2,2670630d69c8,75.0,23283,0.212205,109.71937513253694
train,PNEUMONIA,person1644_bacteria_4358.jpeg,JPEG,L,1040,536,False,1,5fe3e571bb5a,75.0,54314,0.55744,97.4347014925373
train,PNEUMONIA,person1644_bacteria_4360.jpeg,JPEG,RGB,718,401,False,2,2670630d69c8,75.0,24655,0.287918,85.63202022798158
train,PNEUMONIA,person1644_bacteria_4361.jpeg,JPEG,RGB,720,325,False,2,2670630d69c8,75.0,19784,0.234,84.54700854700853
train,PNEUMONIA,person1644_bacteria_4362.jpeg,JPEG,L,1048,680,False,1,5fe3e571bb5a,75.0,52383,0.71264,73.50555680287383
train,PNEUMONIA,person1645_bacteria_4363.jpeg,JPEG,L,1152,664,False,1,5fe3e571bb5a,75.0,59025,0.764928,77.16412525100401
train,PNEUMONIA,person1646_bacteria_4368.jpeg,JPEG,L,976,712,False,1,5fe3e571bb5a,75.0,59231,0.694912,85.23525280898878
train,PNEUMONIA,person1647_bacteria_4372.jpeg,JPEG,L,936,776,False,1,5fe3e571bb5a,75.0,68252,0.726336,93.96753017887038
train,PNEUMONIA,person1648_bacteria_4373.jpeg,JPEG,L,1056,720,False,1,5fe3e571bb5a,75.0,54258,0.76032,71.36205808080808
train,PNEUMONIA,person1648_bacteria_4375.jpeg,JPEG,L,1144,656,False,1,5fe3e571bb5a,75.0,83539,0.750464,111.31646554664847
train,PNEUMONIA,person1648_bacteria_4376.jpeg,JPEG,L,1144,824,False,1,5fe3e571bb5a,75.0,70714,0.942656,75.01570031909837
train,PNEUMONIA,person1649_bacteria_4377.jpeg,JPEG,L,1040,728,False,1,5fe3e571bb5a,75.0,62809,0.75712,82.95778740490279
train,PNEUMONIA,person1649_bacteria_4378.jpeg,JPEG,L,1032,888,False,1,5fe3e571bb5a,75.0,73541,0.916416,80.2484897688386
train,PNEUMONIA,person1649_bacteria_4379.jpeg,JPEG,L,1152,832,False,1,5fe3e571bb5a,75.0,61538,0.958464,64.20481103098291
train,PNEUMONIA,person1651_bacteria_4381.jpeg,JPEG,L,1176,816,False,1,5fe3e571bb5a,75.0,72968,0.959616,76.03874883286649
train,PNEUMONIA,person1652_bacteria_4383.jpeg,JPEG,L,1232,624,False,1,5fe3e571bb5a,75.0,58017,0.768768,75.46750124875125
train,PNEUMONIA,person1657_bacteria_4398.jpeg,JPEG,L,1552,1120,False,1,5fe3e571bb5a,75.0,185198,1.73824,106.54340022091311
train,PNEUMONIA,person1657_bacteria_4399.jpeg,JPEG,L,1456,1160,False,1,5fe3e571bb5a,75.0,158797,1.68896,94.02058071239105
train,PNEUMONIA,person1657_bacteria_4400.jpeg,JPEG,L,1504,1200,False,1,5fe3e571bb5a,75.0,127174,1.8048,70.46431737588652
train,PNEUMONIA,person1658_bacteria_4402.jpeg,JPEG,L,1680,1168,False,1,5fe3e571bb5a,75.0,190277,1.96224,96.96928000652315
train,PNEUMONIA,person1660_bacteria_4404.jpeg,JPEG,L,1032,552,False,1,5fe3e571bb5a,75.0,44022,0.569664,77.27713178294574
train,PNEUMONIA,person1661_bacteria_4406.jpeg,JPEG,RGB,607,347,False,2,2670630d69c8,75.0,19836,0.210629,94.17506611150411
train,PNEUMONIA,person1663_bacteria_4411.jpeg,JPEG,L,1416,864,False,1,5fe3e571bb5a,75.0,125894,1.223424,102.9030001046244
train,PNEUMONIA,person1663_bacteria_4412.jpeg,JPEG,L,1272,952,False,1,5fe3e571bb5a,75.0,110126,1.210944,90.94227313566937
train,PNEUMONIA,person1665_bacteria_4415.jpeg,JPEG,L,1160,784,False,1,5fe3e571bb5a,75.0,73288,0.90944,80.58585503166783
train,PNEUMONIA,person1666_bacteria_4416.jpeg,JPEG,L,1824,1040,False,1,5fe3e571bb5a,75.0,134629,1.89696,70.97092189608637
train,PNEUMONIA,person1667_bacteria_4417.jpeg,JPEG,L,1024,648,False,1,5fe3e571bb5a,75.0,64330,0.663552,96.94794077932099
train,PNEUMONIA,person1667_bacteria_4418.jpeg,JPEG,L,1144,752,False,1,5fe3e571bb5a,75.0,76464,0.860288,88.88186281803303
train,PNEUMONIA,person1668_bacteria_4420.jpeg,JPEG,RGB,571,310,False,2,2670630d69c8,75.0,15687,0.17701,88.62211174509915
train,PNEUMONIA,person1668_bacteria_4421.jpeg,JPEG,RGB,469,270,False,2,2670630d69c8,75.0,11820,0.12663,93.34280976072021
train,PNEUMONIA,person1669_bacteria_4422.jpeg,JPEG,RGB,482,163,False,2,2670630d69c8,75.0,8468,0.078566,107.7819922103709
train,PNEUMONIA,person1669_bacteria_4423.jpeg,JPEG,L,920,696,False,1,5fe3e571bb5a,75.0,45956,0.64032,71.77036481759122
train,PNEUMONIA,person1669_bacteria_4424.jpeg,JPEG,L,1032,680,False,1,5fe3e571bb5a,75.0,54903,0.70176,78.2361491108071
train,PNEUMONIA,person1670_bacteria_4425.jpeg,JPEG,L,1328,928,False,1,5fe3e571bb5a,75.0,98831,1.232384,80.19497169713337
train,PNEUMONIA,person1670_bacteria_4426.jpeg,JPEG,RGB,444,262,False,2,2670630d69c8,75.0,10938,0.116328,94.02723334021044
train,PNEUMONIA,person1670_bacteria_4427.jpeg,JPEG,L,1488,1088,False,1,5fe3e571bb5a,75.0,117592,1.618944,72.63500158127768
train,PNEUMONIA,person1670_bacteria_4428.jpeg,JPEG,L,1352,816,False,1,5fe3e571bb5a,75.0,93132,1.103232,84.41742081447964
train,PNEUMONIA,person1670_bacteria_4429.jpeg,JPEG,L,1288,976,False,1,5fe3e571bb5a,75.0,102144,1.257088,81.2544547398432
train,PNEUMONIA,person1670_bacteria_4430.jpeg,JPEG,L,1464,1104,False,1,5fe3e571bb5a,75.0,134971,1.616256,83.50842935772552
train,PNEUMONIA,person1670_bacteria_4431.jpeg,JPEG,L,1568,832,False,1,5fe3e571bb5a,75.0,102878,1.304576,78.85933820643642
train,PNEUMONIA,person1671_bacteria_4432.jpeg,JPEG,L,1528,1024,False,1,5fe3e571bb5a,75.0,129462,1.564672,82.74066385798429
train,PNEUMONIA,person1673_bacteria_4434.jpeg,JPEG,L,896,624,False,1,5fe3e571bb5a,75.0,46409,0.559104,83.00602392399267
train,PNEUMONIA,person1674_bacteria_4437.jpeg,JPEG,L,1160,936,False,1,5fe3e571bb5a,75.0,91399,1.08576,84.17974506336574
train,PNEUMONIA,person1676_bacteria_4441.jpeg,JPEG,RGB,407,178,False,2,2670630d69c8,75.0,7536,0.072446,104.02230626949728
train,PNEUMONIA,person1677_bacteria_4443.jpeg,JPEG,RGB,499,261,False,2,2670630d69c8,75.0,12267,0.130239,94.18837675350701
train,PNEUMONIA,person1677_bacteria_4444.jpeg,JPEG,RGB,500,198,False,2,2670630d69c8,75.0,8958,0.099,90.48484848484848
train,PNEUMONIA,person1678_bacteria_4446.jpeg,JPEG,L,1144,928,False,1,5fe3e571bb5a,75.0,79863,1.061632,75.2266322040029
train,PNEUMONIA,person1679_bacteria_4448.jpeg,JPEG,RGB,480,167,False,2,2670630d69c8,75.0,5762,0.08016,71.8812375249501
train,PNEUMONIA,person1679_bacteria_4449.jpeg,JPEG,RGB,438,168,False,2,2670630d69c8,75.0,6063,0.073584,82.39562948467058
train,PNEUMONIA,person1679_bacteria_4450.jpeg,JPEG,RGB,549,229,False,2,2670630d69c8,75.0,9803,0.125721,77.97424455739296
train,PNEUMONIA,person1679_bacteria_4452.jpeg,JPEG,L,1080,672,False,1,5fe3e571bb5a,75.0,83875,0.72576,115.56850749559084
train,PNEUMONIA,person1679_bacteria_4453.jpeg,JPEG,L,1160,632,False,1,5fe3e571bb5a,75.0,59166,0.73312,80.70438673068529
train,PNEUMONIA,person1680_bacteria_4455.jpeg,JPEG,L,984,544,False,1,5fe3e571bb5a,75.0,46778,0.535296,87.38716523194644
train,PNEUMONIA,person1682_bacteria_4459.jpeg,JPEG,L,1120,744,False,1,5fe3e571bb5a,75.0,63994,0.83328,76.79771505376344
train,PNEUMONIA,person1683_bacteria_4460.jpeg,JPEG,L,2072,1440,False,1,5fe3e571bb5a,75.0,177145,2.98368,59.37131327756328
train,PNEUMONIA,person1684_bacteria_4461.jpeg,JPEG,RGB,499,188,False,2,2670630d69c8,75.0,8225,0.093812,87.67535070140279
train,PNEUMONIA,person1684_bacteria_4462.jpeg,JPEG,RGB,494,151,False,2,2670630d69c8,75.0,7170,0.074594,96.1203313939459
train,PNEUMONIA,person1684_bacteria_4463.jpeg,JPEG,L,984,568,False,1,5fe3e571bb5a,75.0,49721,0.558912,88.9603372266117
train,PNEUMONIA,person1685_bacteria_4465.jpeg,JPEG,L,1248,744,False,1,5fe3e571bb5a,75.0,74122,0.928512,79.82880135097876
train,PNEUMONIA,person1686_bacteria_4466.jpeg,JPEG,RGB,503,260,False,2,2670630d69c8,75.0,11447,0.13078,87.528674109191
train,PNEUMONIA,person1687_bacteria_4468.jpeg,JPEG,L,1096,784,False,1,5fe3e571bb5a,75.0,71363,0.859264,83.05130902726053
train,PNEUMONIA,person1689_bacteria_4472.jpeg,JPEG,L,1024,632,False,1,5fe3e571bb5a,75.0,46287,0.647168,71.5223867681962
train,PNEUMONIA,person1689_bacteria_4473.jpeg,JPEG,RGB,567,258,False,2,2670630d69c8,75.0,12495,0.146286,85.41487223657766
train,PNEUMONIA,person1689_bacteria_4474.jpeg,JPEG,RGB,437,144,False,2,2670630d69c8,75.0,7838,0.062928,124.55504703788458
train,PNEUMONIA,person1690_bacteria_4475.jpeg,JPEG,L,1664,1472,False,1,5fe3e571bb5a,75.0,183397,2.449408,74.87401037311872
train,PNEUMONIA,person1691_bacteria_4479.jpeg,JPEG,L,1336,816,False,1,5fe3e571bb5a,75.0,79883,1.090176,73.2753243512974
train,PNEUMONIA,person1691_bacteria_4481.jpeg,JPEG,L,1320,1016,False,1,5fe3e571bb5a,75.0,107463,1.34112,80.12929491768074
train,PNEUMONIA,person1693_bacteria_4485.jpeg,JPEG,RGB,399,164,False,2,2670630d69c8,75.0,7004,0.065436,107.03588238889908
train,PNEUMONIA,person1695_bacteria_4492.jpeg,JPEG,L,824,640,False,1,5fe3e571bb5a,75.0,46757,0.52736,88.6623938106796
train,PNEUMONIA,person1696_bacteria_4495.jpeg,JPEG,L,1072,648,False,1,5fe3e571bb5a,75.0,69679,0.694656,100.30720241385664
train,PNEUMONIA,person1697_bacteria_4496.jpeg,JPEG,L,1320,688,False,1,5fe3e571bb5a,75.0,68309,0.90816,75.21692212825934
train,PNEUMONIA,person1698_bacteria_4497.jpeg,JPEG,L,1152,696,False,1,5fe3e571bb5a,75.0,68141,0.801792,84.98588162515965
train,PNEUMONIA,person1699_bacteria_4498.jpeg,JPEG,L,1384,808,False,1,5fe3e571bb5a,75.0,86686,1.118272,77.51781319750474
train,PNEUMONIA,person16_bacteria_53.jpeg,JPEG,L,1470,1033,False,1,5fe3e571bb5a,75.0,122357,1.51851,80.57701299299971
train,PNEUMONIA,person16_bacteria_54.jpeg,JPEG,L,1460,924,False,1,5fe3e571bb5a,75.0,120265,1.34904,89.14857973077152
train,PNEUMONIA,person16_bacteria_55.jpeg,JPEG,L,1488,936,False,1,5fe3e571bb5a,75.0,127634,1.392768,91.64053166069296
train,PNEUMONIA,person1700_bacteria_4500.jpeg,JPEG,L,1168,864,False,1,5fe3e571bb5a,75.0,77220,1.009152,76.51969178082192
train,PNEUMONIA,person1700_bacteria_4502.jpeg,JPEG,RGB,550,276,False,2,2670630d69c8,75.0,12085,0.1518,79.61133069828723
train,PNEUMONIA,person1701_bacteria_4504.jpeg,JPEG,L,1408,864,False,1,5fe3e571bb5a,75.0,83543,1.216512,68.67420954335017
train,PNEUMONIA,person1702_bacteria_4506.jpeg,JPEG,RGB,438,179,False,2,2670630d69c8,75.0,7670,0.078402,97.82913701181093
train,PNEUMONIA,person1702_bacteria_4508.jpeg,JPEG,L,1048,816,False,1,5fe3e571bb5a,75.0,55538,0.855168,64.94396422691213
train,PNEUMONIA,person1702_bacteria_4509.jpeg,JPEG,L,1064,648,False,1,5fe3e571bb5a,75.0,53498,0.689472,77.59270862341037
train,PNEUMONIA,person1702_bacteria_4510.jpeg,JPEG,L,968,656,False,1,5fe3e571bb5a,75.0,59783,0.635008,94.14527061076396
train,PNEUMONIA,person1702_bacteria_4511.jpeg,JPEG,L,1064,776,False,1,5fe3e571bb5a,75.0,73881,0.825664,89.48070885977832
train,PNEUMONIA,person1705_bacteria_4515.jpeg,JPEG,RGB,446,232,False,2,2670630d69c8,75.0,12284,0.103472,118.71810731405598
train,PNEUMONIA,person1706_bacteria_4516.jpeg,JPEG,RGB,461,175,False,2,2670630d69c8,75.0,9079,0.080675,112.53796095444687
train,PNEUMONIA,person1707_bacteria_4520.jpeg,JPEG,RGB,514,269,False,2,2670630d69c8,75.0,12062,0.138266,87.23764338304427
train,PNEUMONIA,person1708_bacteria_4521.jpeg,JPEG,L,1616,1328,False,1,5fe3e571bb5a,75.0,149872,2.146048,69.83627579625433
train,PNEUMONIA,person1709_bacteria_4522.jpeg,JPEG,L,1288,848,False,1,5fe3e571bb5a,75.0,115430,1.092224,105.6834495488105
train,PNEUMONIA,person1709_bacteria_4523.jpeg,JPEG,RGB,441,255,False,2,2670630d69c8,75.0,10573,0.112455,94.01983015428394
train,PNEUMONIA,person1709_bacteria_4524.jpeg,JPEG,L,1168,1016,False,1,5fe3e571bb5a,75.0,106687,1.186688,89.90315904433179
train,PNEUMONIA,person1710_bacteria_4525.jpeg,JPEG,L,968,584,False,1,5fe3e571bb5a,75.0,54781,0.565312,96.90401052869919
train,PNEUMONIA,person1710_bacteria_4526.jpeg,JPEG,RGB,450,230,False,2,2670630d69c8,75.0,10198,0.1035,98.53140096618358
train,PNEUMONIA,person1711_bacteria_4527.jpeg,JPEG,L,1168,784,False,1,5fe3e571bb5a,75.0,71009,0.915712,77.5451233575622
train,PNEUMONIA,person1712_bacteria_4529.jpeg,JPEG,L,1328,1064,False,1,5fe3e571bb5a,75.0,130081,1.412992,92.0606769181991
train,PNEUMONIA,person1713_bacteria_4530.jpeg,JPEG,L,1104,744,False,1,5fe3e571bb5a,75.0,66863,0.821376,81.40364461586411
train,PNEUMONIA,person1715_bacteria_4532.jpeg,JPEG,L,1216,984,False,1,5fe3e571bb5a,75.0,86464,1.196544,72.2614462986735
train,PNEUMONIA,person1716_bacteria_4533.jpeg,JPEG,RGB,564,194,False,2,2670630d69c8,75.0,9671,0.109416,88.38743876581121
train,PNEUMONIA,person1717_bacteria_4534.jpeg,JPEG,L,1184,816,False,1,5fe3e571bb5a,75.0,76402,0.966144,79.07930908850027
train,PNEUMONIA,person1717_bacteria_4536.jpeg,JPEG,L,1352,680,False,1,5fe3e571bb5a,75.0,75453,0.91936,82.07122345979813
train,PNEUMONIA,person1718_bacteria_4538.jpeg,JPEG,L,1664,1248,False,1,5fe3e571bb5a,75.0,220788,2.076672,106.31818602071007
train,PNEUMONIA,person1718_bacteria_4540.jpeg,JPEG,L,1800,1256,False,1,5fe3e571bb5a,75.0,222040,2.2608,98.21302193913658
train,PNEUMONIA,person1719_bacteria_4541.jpeg,JPEG,RGB,557,177,False,2,2670630d69c8,75.0,7375,0.098589,74.80550568521844
train,PNEUMONIA,person1719_bacteria_4542.jpeg,JPEG,RGB,481,234,False,2,2670630d69c8,75.0,10634,0.112554,94.47909447909448
train,PNEUMONIA,person1719_bacteria_4544.jpeg,JPEG,RGB,462,200,False,2,2670630d69c8,75.0,8185,0.0924,88.58225108225109
train,PNEUMONIA,person1720_bacteria_4545.jpeg,JPEG,L,1152,648,False,1,5fe3e571bb5a,75.0,58957,0.746496,78.97832004458161
train,PNEUMONIA,person1721_bacteria_4546.jpeg,JPEG,L,1160,816,False,1,5fe3e571bb5a,75.0,89255,0.94656,94.29407538877619
train,PNEUMONIA,person1722_bacteria_4547.jpeg,JPEG,RGB,415,354,False,2,2670630d69c8,75.0,13500,0.14691,91.89299571166019
train,PNEUMONIA,person1723_bacteria_4548.jpeg,JPEG,RGB,457,295,False,2,2670630d69c8,75.0,12131,0.134815,89.98256870526278
train,PNEUMONIA,person1724_bacteria_4549.jpeg,JPEG,L,1160,736,False,1,5fe3e571bb5a,75.0,77587,0.85376,90.87682721139431
train,PNEUMONIA,person1725_bacteria_4550.jpeg,JPEG,RGB,514,275,False,2,2670630d69c8,75.0,11993,0.14135,84.8461266360099
train,PNEUMONIA,person1725_bacteria_4551.jpeg,JPEG,RGB,450,250,False,2,2670630d69c8,75.0,11398,0.1125,101.31555555555555
train,PNEUMONIA,person1726_bacteria_4552.jpeg,JPEG,L,1136,792,False,1,5fe3e571bb5a,75.0,71936,0.899712,79.95447432067152
train,PNEUMONIA,person1728_bacteria_4555.jpeg,JPEG,RGB,486,186,False,2,2670630d69c8,75.0,8433,0.090396,93.289526085225
train,PNEUMONIA,person1728_bacteria_4556.jpeg,JPEG,RGB,455,178,False,2,2670630d69c8,75.0,8028,0.08099,99.12334856155081
train,PNEUMONIA,person1729_bacteria_4557.jpeg,JPEG,L,1168,728,False,1,5fe3e571bb5a,75.0,76576,0.850304,90.05720307090169
train,PNEUMONIA,person1730_bacteria_4558.jpeg,JPEG,L,872,560,False,1,5fe3e571bb5a,75.0,38500,0.48832,78.84174311926606
train,PNEUMONIA,person1730_bacteria_4559.jpeg,JPEG,L,808,552,False,1,5fe3e571bb5a,75.0,36167,0.446016,81.08901922800976
train,PNEUMONIA,person1731_bacteria_4563.jpeg,JPEG,L,1184,704,False,1,5fe3e571bb5a,75.0,72792,0.833536,87.32916154791154
train,PNEUMONIA,person1732_bacteria_4564.jpeg,JPEG,RGB,492,156,False,2,2670630d69c8,75.0,6326,0.076752,82.42130498228059
train,PNEUMONIA,person1733_bacteria_4566.jpeg,JPEG,L,912,456,False,1,5fe3e571bb5a,75.0,42490,0.415872,102.17086026469683
train,PNEUMONIA,person1735_bacteria_4570.jpeg,JPEG,L,1656,1048,False,1,5fe3e571bb5a,75.0,118327,1.735488,68.18082291551426
train,PNEUMONIA,person1737_bacteria_4573.jpeg,JPEG,L,2072,1768,False,1,5fe3e571bb5a,75.0,415921,3.663296,113.53737180943064
train,PNEUMONIA,person1739_bacteria_4576.jpeg,JPEG,L,1016,672,False,1,5fe3e571bb5a,75.0,59179,0.682752,86.67715363704536
train,PNEUMONIA,person1740_bacteria_4579.jpeg,JPEG,L,1720,1328,False,1,5fe3e571bb5a,75.0,234955,2.28416,102.86275917623985
train,PNEUMONIA,person1744_bacteria_4583.jpeg,JPEG,L,1416,1208,False,1,5fe3e571bb5a,75.0,138445,1.710528,80.93699723126426
train,PNEUMONIA,person1745_bacteria_4584.jpeg,JPEG,L,1792,1280,False,1,5fe3e571bb5a,75.0,146822,2.29376,64.00931222098215
train,PNEUMONIA,person1746_bacteria_4585.jpeg,JPEG,L,2072,1440,False,1,5fe3e571bb5a,75.0,253534,2.98368,84.97358966108966
train,PNEUMONIA,person1748_bacteria_4588.jpeg,JPEG,L,1904,1744,False,1,5fe3e571bb5a,75.0,195718,3.320576,58.94097891450158
train,PNEUMONIA,person1749_bacteria_4590.jpeg,JPEG,RGB,493,289,False,2,2670630d69c8,75.0,12021,0.142477,84.37151259501535
train,PNEUMONIA,person1751_bacteria_4592.jpeg,JPEG,RGB,462,241,False,2,2670630d69c8,75.0,11481,0.111342,103.1147275960554
train,PNEUMONIA,person1753_bacteria_4594.jpeg,JPEG,L,1480,680,False,1,5fe3e571bb5a,75.0,73192,1.0064,72.72655007949125
train,PNEUMONIA,person1756_bacteria_4598.jpeg,JPEG,L,1424,1128,False,1,5fe3e571bb5a,75.0,137494,1.606272,85.59820503625787
train,PNEUMONIA,person1757_bacteria_4599.jpeg,JPEG,L,920,664,False,1,5fe3e571bb5a,75.0,61012,0.61088,99.87558931377686
train,PNEUMONIA,person1758_bacteria_4600.jpeg,JPEG,L,1728,1392,False,1,5fe3e571bb5a,75.0,270378,2.405376,112.40571120689654
train,PNEUMONIA,person1760_bacteria_4602.jpeg,JPEG,L,952,632,False,1,5fe3e571bb5a,75.0,51847,0.601664,86.17268109775556
train,PNEUMONIA,person1761_bacteria_4603.jpeg,JPEG,RGB,467,217,False,2,2670630d69c8,75.0,9724,0.101339,95.95516040221435
train,PNEUMONIA,person1763_bacteria_4606.jpeg,JPEG,RGB,483,178,False,2,2670630d69c8,75.0,9143,0.085974,106.3461046362854
train,PNEUMONIA,person1764_bacteria_4607.jpeg,JPEG,L,1120,632,False,1,5fe3e571bb5a,75.0,51457,0.70784,72.69580696202532
train,PNEUMONIA,person1765_bacteria_4608.jpeg,JPEG,L,1256,856,False,1,5fe3e571bb5a,75.0,77227,1.075136,71.82998243943092
train,PNEUMONIA,person1770_bacteria_4613.jpeg,JPEG,L,984,608,False,1,5fe3e571bb5a,75.0,42406,0.598272,70.88080338040221
train,PNEUMONIA,person1770_bacteria_4614.jpeg,JPEG,RGB,485,229,False,2,2670630d69c8,75.0,9781,0.111065,88.06554720208888
train,PNEUMONIA,person1771_bacteria_4615.jpeg,JPEG,L,1760,1352,False,1,5fe3e571bb5a,75.0,223194,2.37952,93.79790882194729
train,PNEUMONIA,person1777_bacteria_4622.jpeg,JPEG,L,952,584,False,1,5fe3e571bb5a,75.0,48875,0.555968,87.90973581213306
train,PNEUMONIA,person1779_bacteria_4626.jpeg,JPEG,L,984,544,False,1,5fe3e571bb5a,75.0,49979,0.535296,93.36703431372548
train,PNEUMONIA,person1784_bacteria_4631.jpeg,JPEG,L,888,632,False,1,5fe3e571bb5a,75.0,50030,0.561216,89.14571216786406
train,PNEUMONIA,person1787_bacteria_4634.jpeg,JPEG,L,984,520,False,1,5fe3e571bb5a,75.0,47386,0.51168,92.6086616635397
train,PNEUMONIA,person1790_bacteria_4638.jpeg,JPEG,L,1016,624,False,1,5fe3e571bb5a,75.0,53859,0.633984,84.95324803149607
train,PNEUMONIA,person1796_bacteria_4644.jpeg,JPEG,L,1080,712,False,1,5fe3e571bb5a,75.0,59952,0.76896,77.96504369538077
train,PNEUMONIA,person1799_bacteria_4647.jpeg,JPEG,L,1192,520,False,1,5fe3e571bb5a,75.0,84108,0.61984,135.69308208569956
train,PNEUMONIA,person17_bacteria_56.jpeg,JPEG,L,1256,932,False,1,5fe3e571bb5a,75.0,95861,1.170592,81.89104316448429
train,PNEUMONIA,person1803_bacteria_4651.jpeg,JPEG,L,1056,672,False,1,5fe3e571bb5a,75.0,43478,0.709632,61.26837572150072
train,PNEUMONIA,person1803_bacteria_4652.jpeg,JPEG,L,976,672,False,1,5fe3e571bb5a,75.0,48219,0.655872,73.51891832552693
train,PNEUMONIA,person1810_bacteria_4664.jpeg,JPEG,L,944,672,False,1,5fe3e571bb5a,75.0,59720,0.634368,94.14094027441485
train,PNEUMONIA,person1812_bacteria_4667.jpeg,JPEG,L,976,560,False,1,5fe3e571bb5a,75.0,52517,0.54656,96.08643149882904
train,PNEUMONIA,person1814_bacteria_4669.jpeg,JPEG,L,912,576,False,1,5fe3e571bb5a,75.0,44133,0.525312,84.01292945906434
train,PNEUMONIA,person1816_bacteria_4673.jpeg,JPEG,L,1272,592,False,1,5fe3e571bb5a,75.0,46165,0.753024,61.306146948835625
train,PNEUMONIA,person1816_bacteria_4674.jpeg,JPEG,L,1240,728,False,1,5fe3e571bb5a,75.0,66659,0.90272,73.84238745125843
train,PNEUMONIA,person1817_bacteria_4675.jpeg,JPEG,L,1184,792,False,1,5fe3e571bb5a,75.0,73696,0.937728,78.58995358995358
train,PNEUMONIA,person1818_bacteria_4676.jpeg,JPEG,L,1320,768,False,1,5fe3e571bb5a,75.0,97852,1.01376,96.52383207070707
train,PNEUMONIA,person1819_bacteria_4677.jpeg,JPEG,L,1576,848,False,1,5fe3e571bb5a,75.0,89324,1.336448,66.8368690738435
train,PNEUMONIA,person1823_bacteria_4682.jpeg,JPEG,L,1080,784,False,1,5fe3e571bb5a,75.0,74750,0.84672,88.28184051398337
train,PNEUMONIA,person1830_bacteria_4693.jpeg,JPEG,L,1584,1104,False,1,5fe3e571bb5a,75.0,122206,1.748736,69.88247511345337
train,PNEUMONIA,person1835_bacteria_4699.jpeg,JPEG,L,1064,672,False,1,5fe3e571bb5a,75.0,57734,0.715008,80.74594969566775
train,PNEUMONIA,person1838_bacteria_4703.jpeg,JPEG,L,1328,888,False,1,5fe3e571bb5a,75.0,94096,1.179264,79.79214153912949
train,PNEUMONIA,person1839_bacteria_4705.jpeg,JPEG,L,1056,736,False,1,5fe3e571bb5a,75.0,66504,0.777216,85.5669466403162
train,PNEUMONIA,person1841_bacteria_4708.jpeg,JPEG,L,1216,1040,False,1,5fe3e571bb5a,75.0,115662,1.26464,91.4584387651822
train,PNEUMONIA,person1843_bacteria_4710.jpeg,JPEG,L,888,784,False,1,5fe3e571bb5a,75.0,63422,0.696192,91.09843261628976
train,PNEUMONIA,person1847_bacteria_4716.jpeg,JPEG,L,1344,824,False,1,5fe3e571bb5a,75.0,89634,1.107456,80.93684986130374
train,PNEUMONIA,person1848_bacteria_4719.jpeg,JPEG,L,1312,792,False,1,5fe3e571bb5a,75.0,77504,1.039104,74.58733678245873
train,PNEUMONIA,person1850_bacteria_4721.jpeg,JPEG,L,880,520,False,1,5fe3e571bb5a,75.0,48270,0.4576,105.48513986013987
train,PNEUMONIA,person1851_bacteria_4722.jpeg,JPEG,L,1080,776,False,1,5fe3e571bb5a,75.0,75218,0.83808,89.7503818251241
train,PNEUMONIA,person1852_bacteria_4724.jpeg,JPEG,L,1712,1224,False,1,5fe3e571bb5a,75.0,214903,2.095488,102.55510888155885
train,PNEUMONIA,person1855_bacteria_4727.jpeg,JPEG,L,1048,664,False,1,5fe3e571bb5a,75.0,54621,0.695872,78.4928837487354
train,PNEUMONIA,person1857_bacteria_4729.jpeg,JPEG,L,1040,544,False,1,5fe3e571bb5a,75.0,45857,0.56576,81.05380373303167
train,PNEUMONIA,person1858_bacteria_4730.jpeg,JPEG,L,1416,800,False,1,5fe3e571bb5a,75.0,80029,1.1328,70.64706920903954
train,PNEUMONIA,person1859_bacteria_4731.jpeg,JPEG,L,1520,952,False,1,5fe3e571bb5a,75.0,104197,1.44704,72.00699358690845
train,PNEUMONIA,person1860_bacteria_4732.jpeg,JPEG,L,1112,640,False,1,5fe3e571bb5a,75.0,47719,0.71168,67.05120278776978
train,PNEUMONIA,person1863_bacteria_4735.jpeg,JPEG,L,1072,720,False,1,5fe3e571bb5a,75.0,72981,0.77184,94.55457089552239
train,PNEUMONIA,person1864_bacteria_4736.jpeg,JPEG,L,984,552,False,1,5fe3e571bb5a,75.0,50355,0.543168,92.70612407211028
train,PNEUMONIA,person1865_bacteria_4737.jpeg,JPEG,L,1688,1488,False,1,5fe3e571bb5a,75.0,122598,2.511744,48.80991056413392
train,PNEUMONIA,person1865_bacteria_4739.jpeg,JPEG,L,1824,1384,False,1,5fe3e571bb5a,75.0,248093,2.524416,98.27738375925362
train,PNEUMONIA,person1866_bacteria_4740.jpeg,JPEG,L,1864,1648,False,1,5fe3e571bb5a,75.0,135339,3.071872,44.05749979165799
train,PNEUMONIA,person1867_bacteria_4741.jpeg,JPEG,L,1592,1352,False,1,5fe3e571bb5a,75.0,156927,2.152384,72.90845871368677
train,PNEUMONIA,person1868_bacteria_4743.jpeg,JPEG,L,912,456,False,1,5fe3e571bb5a,75.0,36052,0.415872,86.69013542628501
train,PNEUMONIA,person1869_bacteria_4745.jpeg,JPEG,L,1184,808,False,1,5fe3e571bb5a,75.0,71440,0.956672,74.67554187851218
train,PNEUMONIA,person1872_bacteria_4750.jpeg,JPEG,L,1704,1616,False,1,5fe3e571bb5a,75.0,102087,2.753664,37.073150536884675
train,PNEUMONIA,person1872_bacteria_4751.jpeg,JPEG,L,1848,1392,False,1,5fe3e571bb5a,75.0,201532,2.572416,78.34347166243718
train,PNEUMONIA,person1875_bacteria_4756.jpeg,JPEG,L,1632,1208,False,1,5fe3e571bb5a,75.0,185836,1.971456,94.26332619140372
train,PNEUMONIA,person1876_bacteria_4760.jpeg,JPEG,L,1216,720,False,1,5fe3e571bb5a,75.0,65907,0.87552,75.27754934210526
train,PNEUMONIA,person1877_bacteria_4761.jpeg,JPEG,L,1544,1096,False,1,5fe3e571bb5a,75.0,135254,1.692224,79.92677092394388
train,PNEUMONIA,person1879_bacteria_4764.jpeg,JPEG,L,1312,848,False,1,5fe3e571bb5a,75.0,94203,1.112576,84.67106966175794
train,PNEUMONIA,person1880_bacteria_4765.jpeg,JPEG,L,1136,768,False,1,5fe3e571bb5a,75.0,66756,0.872448,76.51573503521126
train,PNEUMONIA,person1881_bacteria_4767.jpeg,JPEG,L,1224,776,False,1,5fe3e571bb5a,75.0,74074,0.949824,77.98707971160972
train,PNEUMONIA,person1883_bacteria_4769.jpeg,JPEG,L,1904,1560,False,1,5fe3e571bb5a,75.0,390726,2.97024,131.54694570135746
train,PNEUMONIA,person1884_bacteria_4771.jpeg,JPEG,L,1040,648,False,1,5fe3e571bb5a,75.0,64355,0.67392,95.49353038936373
train,PNEUMONIA,person1885_bacteria_4772.jpeg,JPEG,L,1152,832,False,1,5fe3e571bb5a,75.0,72278,0.958464,75.41023971688035
train,PNEUMONIA,person1886_bacteria_4773.jpeg,JPEG,L,1368,944,False,1,5fe3e571bb5a,75.0,125509,1.291392,97.18892481910991
train,PNEUMONIA,person1888_bacteria_4775.jpeg,JPEG,L,1568,1272,False,1,5fe3e571bb5a,75.0,193480,1.994496,97.00696316262353
train,PNEUMONIA,person1893_bacteria_4781.jpeg,JPEG,L,1008,568,False,1,5fe3e571bb5a,75.0,46730,0.572544,81.6181813100827
train,PNEUMONIA,person1896_bacteria_4788.jpeg,JPEG,L,1184,808,False,1,5fe3e571bb5a,75.0,76526,0.956672,79.9918885469628
train,PNEUMONIA,person1897_bacteria_4789.jpeg,JPEG,L,1192,728,False,1,5fe3e571bb5a,75.0,74072,0.867776,85.35843351279593
train,PNEUMONIA,person18_bacteria_57.jpeg,JPEG,L,1504,1033,False,1,5fe3e571bb5a,75.0,165556,1.553632,106.5606269695784
train,PNEUMONIA,person1901_bacteria_4795.jpeg,JPEG,L,896,568,False,1,5fe3e571bb5a,75.0,42224,0.508928,82.96654929577463
train,PNEUMONIA,person1903_bacteria_4797.jpeg,JPEG,L,1640,936,False,1,5fe3e571bb5a,75.0,109202,1.53504,71.13951427975819
train,PNEUMONIA,person1904_bacteria_4798.jpeg,JPEG,L,1024,560,False,1,5fe3e571bb5a,75.0,47465,0.57344,82.77239118303572
train,PNEUMONIA,person1905_bacteria_4801.jpeg,JPEG,L,1512,1192,False,1,5fe3e571bb5a,75.0,171480,1.802304,95.14488121870671
train,PNEUMONIA,person1906_bacteria_4803.jpeg,JPEG,L,1256,680,False,1,5fe3e571bb5a,75.0,71326,0.85408,83.51208317721994
train,PNEUMONIA,person1907_bacteria_4806.jpeg,JPEG,L,984,656,False,1,5fe3e571bb5a,75.0,50871,0.645504,78.80818709101726
train,PNEUMONIA,person1908_bacteria_4811.jpeg,JPEG,L,1352,880,False,1,5fe3e571bb5a,75.0,137906,1.18976,115.91077192038732
train,PNEUMONIA,person1910_bacteria_4814.jpeg,JPEG,L,952,520,False,1,5fe3e571bb5a,75.0,43877,0.49504,88.63324175824177
train,PNEUMONIA,person1911_bacteria_4815.jpeg,JPEG,L,1272,664,False,1,5fe3e571bb5a,75.0,64561,0.844608,76.43901076002122
train,PNEUMONIA,person1912_bacteria_4816.jpeg,JPEG,L,1520,920,False,1,5fe3e571bb5a,75.0,125251,1.3984,89.56736270022883
train,PNEUMONIA,person1912_bacteria_4817.jpeg,JPEG,L,1720,992,False,1,5fe3e571bb5a,75.0,144590,1.70624,84.74188859714928
train,PNEUMONIA,person1916_bacteria_4821.jpeg,JPEG,L,1480,872,False,1,5fe3e571bb5a,75.0,135386,1.29056,104.90484750805852
train,PNEUMONIA,person1917_bacteria_4823.jpeg,JPEG,L,1360,856,False,1,5fe3e571bb5a,75.0,81589,1.16416,70.08400907091809
train,PNEUMONIA,person1918_bacteria_4825.jpeg,JPEG,L,1384,1024,False,1,5fe3e571bb5a,75.0,110298,1.417216,77.82723311054913
train,PNEUMONIA,person1921_bacteria_4828.jpeg,JPEG,L,1120,776,False,1,5fe3e571bb5a,75.0,66185,0.86912,76.15173969072166
train,PNEUMONIA,person1922_bacteria_4830.jpeg,JPEG,L,1160,800,False,1,5fe3e571bb5a,75.0,80240,0.928,86.4655172413793
train,PNEUMONIA,person1923_bacteria_4831.jpeg,JPEG,L,1464,944,False,1,5fe3e571bb5a,75.0,123705,1.382016,89.51054112253404
train,PNEUMONIA,person1924_bacteria_4832.jpeg,JPEG,L,1160,920,False,1,5fe3e571bb5a,75.0,86330,1.0672,80.89392803598201
train,PNEUMONIA,person1924_bacteria_4833.jpeg,JPEG,L,1136,680,False,1,5fe3e571bb5a,75.0,60275,0.77248,78.02791010770504
train,PNEUMONIA,person1926_bacteria_4835.jpeg,JPEG,L,1096,784,False,1,5fe3e571bb5a,75.0,71021,0.859264,82.65329398182631
train,PNEUMONIA,person1927_bacteria_4836.jpeg,JPEG,L,1416,912,False,1,5fe3e571bb5a,75.0,158051,1.291392,122.38808975121418
train,PNEUMONIA,person1927_bacteria_4837.jpeg,JPEG,L,1288,792,False,1,5fe3e571bb5a,75.0,118473,1.020096,116.13906926406928
train,PNEUMONIA,person1929_bacteria_4839.jpeg,JPEG,L,976,672,False,1,5fe3e571bb5a,75.0,57143,0.655872,87.12523175253708
train,PNEUMONIA,person1930_bacteria_4841.jpeg,JPEG,L,1072,720,False,1,5fe3e571bb5a,75.0,68791,0.77184,89.12598466003317
train,PNEUMONIA,person1931_bacteria_4842.jpeg,JPEG,L,1544,848,False,1,5fe3e571bb5a,75.0,88943,1.309312,67.93109663701242
train,PNEUMONIA,person1932_bacteria_4843.jpeg,JPEG,L,1368,888,False,1,5fe3e571bb5a,75.0,81225,1.214784,66.86373873873873
train,PNEUMONIA,person1933_bacteria_4844.jpeg,JPEG,L,1728,1224,False,1,5fe3e571bb5a,75.0,140263,2.115072,66.31594574558218
train,PNEUMONIA,person1934_bacteria_4846.jpeg,JPEG,L,1552,1200,False,1,5fe3e571bb5a,75.0,173877,1.8624,93.36179123711341
train,PNEUMONIA,person1935_bacteria_4847.jpeg,JPEG,L,1464,1216,False,1,5fe3e571bb5a,75.0,173392,1.780224,97.39897900488927
train,PNEUMONIA,person1935_bacteria_4848.jpeg,JPEG,L,1736,1136,False,1,5fe3e571bb5a,75.0,177186,1.972096,89.84653891088466
train,PNEUMONIA,person1935_bacteria_4849.jpeg,JPEG,L,1504,1152,False,1,5fe3e571bb5a,75.0,169654,1.732608,97.91828272754137
train,PNEUMONIA,person1935_bacteria_4850.jpeg,JPEG,L,1648,1280,False,1,5fe3e571bb5a,75.0,134309,2.10944,63.670452821601934
train,PNEUMONIA,person1936_bacteria_4852.jpeg,JPEG,L,1064,552,False,1,5fe3e571bb5a,75.0,56142,0.587328,95.58883622098726
train,PNEUMONIA,person1937_bacteria_4853.jpeg,JPEG,L,1160,904,False,1,5fe3e571bb5a,75.0,78459,1.04864,74.81976655477571
train,PNEUMONIA,person1938_bacteria_4854.jpeg,JPEG,L,1392,912,False,1,5fe3e571bb5a,75.0,142580,1.269504,112.31157995563623
train,PNEUMONIA,person1940_bacteria_4859.jpeg,JPEG,L,1328,936,False,1,5fe3e571bb5a,75.0,84005,1.243008,67.58202682524971
train,PNEUMONIA,person1940_bacteria_4861.jpeg,JPEG,L,1560,1056,False,1,5fe3e571bb5a,75.0,145158,1.64736,88.1155303030303
train,PNEUMONIA,person1940_bacteria_4862.jpeg,JPEG,L,1416,984,False,1,5fe3e571bb5a,75.0,182934,1.393344,131.2913393964448
train,PNEUMONIA,person1941_bacteria_4863.jpeg,JPEG,L,1360,816,False,1,5fe3e571bb5a,75.0,87876,1.10976,79.18468858131487
train,PNEUMONIA,person1942_bacteria_4865.jpeg,JPEG,L,1192,928,False,1,5fe3e571bb5a,75.0,77632,1.106176,70.18051376996065
train,PNEUMONIA,person1943_bacteria_4868.jpeg,JPEG,L,1008,512,False,1,5fe3e571bb5a,75.0,48748,0.516096,94.45529513888889
train,PNEUMONIA,person1944_bacteria_4869.jpeg,JPEG,L,1352,824,False,1,5fe3e571bb5a,75.0,69014,1.114048,61.948856781754465
train,PNEUMONIA,person1945_bacteria_4872.jpeg,JPEG,L,1336,840,False,1,5fe3e571bb5a,75.0,84712,1.12224,75.48474479612204
train,PNEUMONIA,person19_bacteria_58.jpeg,JPEG,L,840,456,False,1,5fe3e571bb5a,75.0,43002,0.38304,112.26503759398497
train,PNEUMONIA,person19_bacteria_59.jpeg,JPEG,L,1024,736,False,1,5fe3e571bb5a,75.0,60148,0.753664,79.80744735054348
train,PNEUMONIA,person19_bacteria_60.jpeg,JPEG,L,856,632,False,1,5fe3e571bb5a,75.0,35841,0.540992,66.25051756772743
train,PNEUMONIA,person19_bacteria_61.jpeg,JPEG,L,832,504,False,1,5fe3e571bb5a,75.0,32415,0.419328,77.30225503663004
train,PNEUMONIA,person19_bacteria_62.jpeg,JPEG,L,952,560,False,1,5fe3e571bb5a,75.0,36797,0.53312,69.02198379351739
train,PNEUMONIA,person19_bacteria_63.jpeg,JPEG,L,1064,627,False,1,5fe3e571bb5a,75.0,65882,0.667128,98.75466177405235
train,PNEUMONIA,person1_bacteria_1.jpeg,JPEG,RGB,712,439,False,2,2670630d69c8,75.0,25452,0.312568,81.42868111898851
train,PNEUMONIA,person1_bacteria_2.jpeg,JPEG,L,1240,840,False,1,5fe3e571bb5a,75.0,81811,1.0416,78.54358678955454
train,PNEUMONIA,person20_bacteria_64.jpeg,JPEG,L,824,656,False,1,5fe3e571bb5a,75.0,38153,0.540544,70.58259827137105
train,PNEUMONIA,person20_bacteria_66.jpeg,JPEG,L,1048,736,False,1,5fe3e571bb5a,75.0,56405,0.771328,73.12712620311981
train,PNEUMONIA,person20_bacteria_67.jpeg,JPEG,L,1032,528,False,1,5fe3e571bb5a,75.0,42874,0.544896,78.68290462767207
train,PNEUMONIA,person20_bacteria_69.jpeg,JPEG,L,1118,740,False,1,5fe3e571bb5a,75.0,69740,0.82732,84.29628197070056
train,PNEUMONIA,person20_bacteria_70.jpeg,JPEG,L,880,464,False,1,5fe3e571bb5a,75.0,37740,0.40832,92.4275078369906
train,PNEUMONIA,person21_bacteria_72.jpeg,JPEG,L,1848,1632,False,1,5fe3e571bb5a,75.0,123452,3.015936,40.933229352347
train,PNEUMONIA,person21_bacteria_73.jpeg,JPEG,L,1882,1608,False,1,5fe3e571bb5a,75.0,300452,3.026256,99.28175276645466
train,PNEUMONIA,person22_bacteria_74.jpeg,JPEG,L,1232,968,False,1,5fe3e571bb5a,75.0,86134,1.192576,72.22516636256306
train,PNEUMONIA,person22_bacteria_76.jpeg,JPEG,L,1128,1040,False,1,5fe3e571bb5a,75.0,86058,1.17312,73.35822422258593
train,PNEUMONIA,person22_bacteria_77.jpeg,JPEG,L,1168,1072,False,1,5fe3e571bb5a,75.0,85085,1.252096,67.95405464117766
train,PNEUMONIA,person23_bacteria_100.jpeg,JPEG,L,984,648,False,1,5fe3e571bb5a,75.0,53855,0.637632,84.46094298905952
train,PNEUMONIA,person23_bacteria_101.jpeg,JPEG,L,1120,880,False,1,5fe3e571bb5a,75.0,61341,0.9856,62.23721590909091
train,PNEUMONIA,person23_bacteria_102.jpeg,JPEG,L,1152,688,False,1,5fe3e571bb5a,75.0,69400,0.792576,87.56258074935401
train,PNEUMONIA,person23_bacteria_103.jpeg,JPEG,L,1152,784,False,1,5fe3e571bb5a,75.0,58007,0.903168,64.22614618764172
train,PNEUMONIA,person23_bacteria_104.jpeg,JPEG,L,1256,728,False,1,5fe3e571bb5a,75.0,61450,0.914368,67.20488905998461
train,PNEUMONIA,person23_bacteria_105.jpeg,JPEG,L,1136,792,False,1,5fe3e571bb5a,75.0,60735,0.899712,67.50493491250533
train,PNEUMONIA,person23_bacteria_106.jpeg,JPEG,L,1000,656,False,1,5fe3e571bb5a,75.0,50954,0.656,77.67378048780488
train,PNEUMONIA,person23_bacteria_107.jpeg,JPEG,L,1224,720,False,1,5fe3e571bb5a,75.0,60618,0.88128,68.78404139433552
train,PNEUMONIA,person23_bacteria_78.jpeg,JPEG,L,1120,640,False,1,5fe3e571bb5a,75.0,75837,0.7168,105.79938616071429
train,PNEUMONIA,person23_bacteria_79.jpeg,JPEG,L,1200,680,False,1,5fe3e571bb5a,75.0,63975,0.816,78.40073529411765
train,PNEUMONIA,person23_bacteria_80.jpeg,JPEG,L,1264,1072,False,1,5fe3e571bb5a,75.0,96464,1.355008,71.19072359720386
train,PNEUMONIA,person23_bacteria_81.jpeg,JPEG,L,1056,656,False,1,5fe3e571bb5a,75.0,49404,0.692736,71.31721175166298
train,PNEUMONIA,person23_bacteria_82.jpeg,JPEG,L,1272,896,False,1,5fe3e571bb5a,75.0,71298,1.139712,62.557909366576816
train,PNEUMONIA,person23_bacteria_83.jpeg,JPEG,L,1016,824,False,1,5fe3e571bb5a,75.0,82919,0.837184,99.04513225288585
train,PNEUMONIA,person23_bacteria_84.jpeg,JPEG,L,1136,824,False,1,5fe3e571bb5a,75.0,68083,0.936064,72.73327464788733
train,PNEUMONIA,person23_bacteria_85.jpeg,JPEG,L,1024,656,False,1,5fe3e571bb5a,75.0,46456,0.671744,69.15729801829269
train,PNEUMONIA,person23_bacteria_86.jpeg,JPEG,L,1144,856,False,1,5fe3e571bb5a,75.0,81665,0.979264,83.39426344683355
train,PNEUMONIA,person23_bacteria_87.jpeg,JPEG,L,1272,736,False,1,5fe3e571bb5a,75.0,61041,0.936192,65.20136894995898
train,PNEUMONIA,person23_bacteria_88.jpeg,JPEG,RGB,986,634,False,2,2670630d69c8,75.0,50371,0.625124,80.57761340150114
train,PNEUMONIA,person23_bacteria_89.jpeg,JPEG,L,944,632,False,1,5fe3e571bb5a,75.0,45417,0.596608,76.12536204677107
train,PNEUMONIA,person23_bacteria_90.jpeg,JPEG,L,1160,736,False,1,5fe3e571bb5a,75.0,61193,0.85376,71.67470952023989
train,PNEUMONIA,person23_bacteria_91.jpeg,JPEG,L,1008,640,False,1,5fe3e571bb5a,75.0,48778,0.64512,75.61073908730158
train,PNEUMONIA,person23_bacteria_92.jpeg,JPEG,L,1080,712,False,1,5fe3e571bb5a,75.0,56677,0.76896,73.70604452767374
train,PNEUMONIA,person23_bacteria_93.jpeg,JPEG,L,1064,632,False,1,5fe3e571bb5a,75.0,66217,0.672448,98.47155467783382
train,PNEUMONIA,person23_bacteria_94.jpeg,JPEG,L,1208,728,False,1,5fe3e571bb5a,75.0,54282,0.879424,61.724492395022196
train,PNEUMONIA,person23_bacteria_95.jpeg,JPEG,L,1104,704,False,1,5fe3e571bb5a,75.0,56528,0.777216,72.73138998682477
train,PNEUMONIA,person23_bacteria_96.jpeg,JPEG,L,1072,848,False,1,5fe3e571bb5a,75.0,63647,0.909056,70.01438855252042
train,PNEUMONIA,person23_bacteria_97.jpeg,JPEG,L,1064,760,False,1,5fe3e571bb5a,75.0,72607,0.80864,89.78902849228334
train,PNEUMONIA,person23_bacteria_98.jpeg,JPEG,L,1152,736,False,1,5fe3e571bb5a,75.0,61784,0.847872,72.86948973429952
train,PNEUMONIA,person23_bacteria_99.jpeg,JPEG,L,1152,816,False,1,5fe3e571bb5a,75.0,57254,0.940032,60.906437227668846
train,PNEUMONIA,person24_bacteria_108.jpeg,JPEG,L,1184,792,False,1,5fe3e571bb5a,75.0,57360,0.937728,61.16912366912367
train,PNEUMONIA,person24_bacteria_109.jpeg,JPEG,L,1304,872,False,1,5fe3e571bb5a,75.0,82537,1.137088,72.58629059492317
train,PNEUMONIA,person24_bacteria_110.jpeg,JPEG,L,1056,680,False,1,5fe3e571bb5a,75.0,79348,0.71808,110.50022281639927
train,PNEUMONIA,person24_bacteria_111.jpeg,JPEG,L,1048,856,False,1,5fe3e571bb5a,75.0,64510,0.897088,71.91044802739532
train,PNEUMONIA,person24_bacteria_112.jpeg,JPEG,L,1510,1002,False,1,5fe3e571bb5a,75.0,129760,1.51302,85.76225033376954
train,PNEUMONIA,person253_bacteria_1152.jpeg,JPEG,L,920,544,False,1,5fe3e571bb5a,75.0,38166,0.50048,76.2587915601023
train,PNEUMONIA,person253_bacteria_1153.jpeg,JPEG,L,968,576,False,1,5fe3e571bb5a,75.0,40315,0.557568,72.30508207070707
train,PNEUMONIA,person253_bacteria_1154.jpeg,JPEG,L,936,552,False,1,5fe3e571bb5a,75.0,49057,0.516672,94.9480521491391
train,PNEUMONIA,person253_bacteria_1155.jpeg,JPEG,L,1032,592,False,1,5fe3e571bb5a,75.0,41240,0.610944,67.50209511837419
train,PNEUMONIA,person253_bacteria_1156.jpeg,JPEG,L,856,544,False,1,5fe3e571bb5a,75.0,33642,0.465664,72.24522402418911
train,PNEUMONIA,person253_bacteria_1157.jpeg,JPEG,L,1106,674,False,1,5fe3e571bb5a,75.0,60522,0.745444,81.1891973105961
train,PNEUMONIA,person255_bacteria_1160.jpeg,JPEG,L,888,552,False,1,5fe3e571bb5a,75.0,34417,0.490176,70.2135559472516
train,PNEUMONIA,person255_bacteria_1161.jpeg,JPEG,L,952,632,False,1,5fe3e571bb5a,75.0,38068,0.601664,63.271194553770876
train,PNEUMONIA,person255_bacteria_1162.jpeg,JPEG,L,920,544,False,1,5fe3e571bb5a,75.0,33252,0.50048,66.44021739130434
train,PNEUMONIA,person255_bacteria_1165.jpeg,JPEG,L,1096,560,False,1,5fe3e571bb5a,75.0,44796,0.61376,72.9861835245047
train,PNEUMONIA,person255_bacteria_1175.jpeg,JPEG,L,1088,616,False,1,5fe3e571bb5a,75.0,47012,0.670208,70.14538770053476
train,PNEUMONIA,person255_bacteria_1182.jpeg,JPEG,L,1056,632,False,1,5fe3e571bb5a,75.0,49608,0.667392,74.33112773302646
train,PNEUMONIA,person255_bacteria_1188.jpeg,JPEG,L,1256,792,False,1,5fe3e571bb5a,75.0,64806,0.994752,65.14789615904266
train,PNEUMONIA,person255_virus_531.jpeg,JPEG,L,960,712,False,1,5fe3e571bb5a,75.0,61806,0.68352,90.42310393258427
train,PNEUMONIA,person256_bacteria_1189.jpeg,JPEG,L,1122,798,False,1,5fe3e571bb5a,75.0,90373,0.895356,100.9352704399144
train,PNEUMONIA,person256_virus_537.jpeg,JPEG,L,1544,1288,False,1,5fe3e571bb5a,75.0,172404,1.988672,86.69302931805747
train,PNEUMONIA,person257_bacteria_1191.jpeg,JPEG,L,992,592,False,1,5fe3e571bb5a,75.0,40465,0.587264,68.90427473844814
train,PNEUMONIA,person257_bacteria_1193.jpeg,JPEG,L,896,560,False,1,5fe3e571bb5a,75.0,32597,0.50176,64.96532206632654
train,PNEUMONIA,person257_bacteria_1194.jpeg,JPEG,L,1008,720,False,1,5fe3e571bb5a,75.0,59757,0.72576,82.33713624338624
train,PNEUMONIA,person257_bacteria_1195.jpeg,JPEG,L,1016,768,False,1,5fe3e571bb5a,75.0,46828,0.780288,60.013738517060375
train,PNEUMONIA,person257_bacteria_1196.jpeg,JPEG,L,928,656,False,1,5fe3e571bb5a,75.0,41666,0.608768,68.4431507569386
train,PNEUMONIA,person257_bacteria_1197.jpeg,JPEG,L,1000,704,False,1,5fe3e571bb5a,75.0,42964,0.704,61.02840909090909
train,PNEUMONIA,person257_bacteria_1199.jpeg,JPEG,L,992,760,False,1,5fe3e571bb5a,75.0,90331,0.75392,119.81509974533107
train,PNEUMONIA,person257_bacteria_1200.jpeg,JPEG,L,928,608,False,1,5fe3e571bb5a,75.0,46102,0.564224,81.70868307622504
train,PNEUMONIA,person257_virus_538.jpeg,JPEG,L,1360,952,False,1,5fe3e571bb5a,75.0,129539,1.29472,100.05174864063271
train,PNEUMONIA,person258_bacteria_1205.jpeg,JPEG,L,1200,1008,False,1,5fe3e571bb5a,75.0,97303,1.2096,80.44229497354497
train,PNEUMONIA,person258_bacteria_1206.jpeg,JPEG,L,1072,928,False,1,5fe3e571bb5a,75.0,72584,0.994816,72.96223623262995
train,PNEUMONIA,person258_bacteria_1207.jpeg,JPEG,L,1056,856,False,1,5fe3e571bb5a,75.0,74523,0.903936,82.44278355989805
train,PNEUMONIA,person258_bacteria_1208.jpeg,JPEG,L,1056,856,False,1,5fe3e571bb5a,75.0,74523,0.903936,82.44278355989805
train,PNEUMONIA,person258_bacteria_1209.jpeg,JPEG,L,1056,856,False,1,5fe3e571bb5a,75.0,74523,0.903936,82.44278355989805
train,PNEUMONIA,person258_bacteria_1210.jpeg,JPEG,L,1056,776,False,1,5fe3e571bb5a,75.0,61392,0.819456,74.91799437675726
train,PNEUMONIA,person258_bacteria_1212.jpeg,JPEG,L,1216,872,False,1,5fe3e571bb5a,75.0,92587,1.060352,87.31723050458716
train,PNEUMONIA,person258_bacteria_1214.jpeg,JPEG,L,1088,840,False,1,5fe3e571bb5a,75.0,88120,0.91392,96.41981792717088
train,PNEUMONIA,person258_bacteria_1215.jpeg,JPEG,L,1072,800,False,1,5fe3e571bb5a,75.0,66590,0.8576,77.64692164179105
train,PNEUMONIA,person258_bacteria_1216.jpeg,JPEG,L,1202,882,False,1,5fe3e571bb5a,75.0,106070,1.060164,100.05055821552135
train,PNEUMONIA,person258_virus_539.jpeg,JPEG,L,904,664,False,1,5fe3e571bb5a,75.0,52618,0.600256,87.65926538010449
train,PNEUMONIA,person259_bacteria_1217.jpeg,JPEG,L,936,496,False,1,5fe3e571bb5a,75.0,32409,0.464256,69.80846774193549
train,PNEUMONIA,person259_bacteria_1219.jpeg,JPEG,L,864,672,False,1,5fe3e571bb5a,75.0,40639,0.580608,69.99386849647267
train,PNEUMONIA,person259_bacteria_1220.jpeg,JPEG,L,760,488,False,1,5fe3e571bb5a,75.0,26774,0.37088,72.1904659188956
train,PNEUMONIA,person259_virus_540.jpeg,JPEG,L,1272,752,False,1,5fe3e571bb5a,75.0,81982,0.956544,85.70645992238727
train,PNEUMONIA,person25_bacteria_113.jpeg,JPEG,L,1024,712,False,1,5fe3e571bb5a,75.0,44077,0.729088,60.45497937148877
train,PNEUMONIA,person25_bacteria_114.jpeg,JPEG,L,1040,664,False,1,5fe3e571bb5a,75.0,64474,0.69056,93.36480537534756
train,PNEUMONIA,person25_bacteria_115.jpeg,JPEG,L,1112,856,False,1,5fe3e571bb5a,75.0,60703,0.951872,63.77222987964768
train,PNEUMONIA,person25_bacteria_116.jpeg,JPEG,L,1224,1000,False,1,5fe3e571bb5a,75.0,87371,1.224,71.38153594771242
train,PNEUMONIA,person25_bacteria_117.jpeg,JPEG,L,1184,832,False,1,5fe3e571bb5a,75.0,77629,0.985088,78.8041271439709
train,PNEUMONIA,person25_bacteria_118.jpeg,JPEG,L,1136,856,False,1,5fe3e571bb5a,75.0,80731,0.972416,83.02105271817823
train,PNEUMONIA,person25_bacteria_119.jpeg,JPEG,L,928,608,False,1,5fe3e571bb5a,75.0,48290,0.564224,85.58657554446462
train,PNEUMONIA,person25_bacteria_120.jpeg,JPEG,L,1152,760,False,1,5fe3e571bb5a,75.0,56000,0.87552,63.96198830409357
train,PNEUMONIA,person25_bacteria_121.jpeg,JPEG,L,1210,948,False,1,5fe3e571bb5a,75.0,101307,1.14708,88.31729260382885
train,PNEUMONIA,person260_bacteria_1222.jpeg,JPEG,L,1048,872,False,1,5fe3e571bb5a,75.0,69846,0.913856,76.4299845927586
train,PNEUMONIA,person260_bacteria_1223.jpeg,JPEG,L,1056,808,False,1,5fe3e571bb5a,75.0,55652,0.853248,65.2237098709871
train,PNEUMONIA,person260_bacteria_1224.jpeg,JPEG,L,1072,760,False,1,5fe3e571bb5a,75.0,83553,0.81472,102.55425176747839
train,PNEUMONIA,person260_virus_541.jpeg,JPEG,L,1024,552,False,1,5fe3e571bb5a,75.0,48309,0.565248,85.4651409646739
train,PNEUMONIA,person261_bacteria_1225.jpeg,JPEG,L,1102,585,False,1,5fe3e571bb5a,75.0,53749,0.64467,83.37443963578265
train,PNEUMONIA,person261_virus_543.jpeg,JPEG,L,1192,568,False,1,5fe3e571bb5a,75.0,51562,0.677056,76.15618205879572
train,PNEUMONIA,person262_bacteria_1226.jpeg,JPEG,L,1218,840,False,1,5fe3e571bb5a,75.0,84984,1.02312,83.06357025568848
train,PNEUMONIA,person262_virus_544.jpeg,JPEG,L,1416,1288,False,1,5fe3e571bb5a,75.0,105144,1.823808,57.65080534793136
train,PNEUMONIA,person262_virus_545.jpeg,JPEG,L,1712,1256,False,1,5fe3e571bb5a,75.0,237906,2.150272,110.63995624739567
train,PNEUMONIA,person263_bacteria_1227.jpeg,JPEG,L,1364,998,False,1,5fe3e571bb5a,75.0,110640,1.361272,81.2769233481626
train,PNEUMONIA,person263_virus_546.jpeg,JPEG,L,1168,768,False,1,5fe3e571bb5a,75.0,72179,0.897024,80.46495968892694
train,PNEUMONIA,person264_bacteria_1228.jpeg,JPEG,L,1088,760,False,1,5fe3e571bb5a,75.0,64745,0.82688,78.30035797213624
train,PNEUMONIA,person264_bacteria_1229.jpeg,JPEG,L,1088,712,False,1,5fe3e571bb5a,75.0,60130,0.774656,77.62155072703239
train,PNEUMONIA,person264_bacteria_1230.jpeg,JPEG,L,1248,688,False,1,5fe3e571bb5a,75.0,69880,0.858624,81.38603160405485
train,PNEUMONIA,person264_bacteria_1231.jpeg,JPEG,L,1248,688,False,1,5fe3e571bb5a,75.0,69880,0.858624,81.38603160405485
train,PNEUMONIA,person264_bacteria_1232.jpeg,JPEG,L,1240,784,False,1,5fe3e571bb5a,75.0,76807,0.97216,79.00654213298222
train,PNEUMONIA,person264_bacteria_1233.jpeg,JPEG,L,1064,696,False,1,5fe3e571bb5a,75.0,63059,0.740544,85.15226644196699
train,PNEUMONIA,person264_bacteria_1234.jpeg,JPEG,L,1214,1069,False,1,5fe3e571bb5a,75.0,119059,1.297766,91.74150039375357
train,PNEUMONIA,person264_virus_547.jpeg,JPEG,L,1216,728,False,1,5fe3e571bb5a,75.0,76266,0.885248,86.15212912087912
train,PNEUMONIA,person265_bacteria_1235.jpeg,JPEG,L,1128,728,False,1,5fe3e571bb5a,75.0,72096,0.821184,87.7951835398644
train,PNEUMONIA,person265_bacteria_1236.jpeg,JPEG,L,1272,825,False,1,5fe3e571bb5a,75.0,96625,1.0494,92.07642462359442
train,PNEUMONIA,person265_virus_548.jpeg,JPEG,L,1232,864,False,1,5fe3e571bb5a,75.0,101625,1.064448,95.4720193001443
train,PNEUMONIA,person266_bacteria_1237.jpeg,JPEG,L,952,688,False,1,5fe3e571bb5a,75.0,45569,0.654976,69.57354162595271
train,PNEUMONIA,person266_bacteria_1238.jpeg,JPEG,L,952,688,False,1,5fe3e571bb5a,75.0,45569,0.654976,69.57354162595271
train,PNEUMONIA,person266_bacteria_1239.jpeg,JPEG,L,992,664,False,1,5fe3e571bb5a,75.0,50211,0.658688,76.22880635445004
train,PNEUMONIA,person266_bacteria_1240.jpeg,JPEG,L,984,560,False,1,5fe3e571bb5a,75.0,40350,0.55104,73.22517421602788
train,PNEUMONIA,person266_bacteria_1241.jpeg,JPEG,L,1072,720,False,1,5fe3e571bb5a,75.0,66909,0.77184,86.68765547263683
train,PNEUMONIA,person266_bacteria_1242.jpeg,JPEG,L,1008,728,False,1,5fe3e571bb5a,75.0,50098,0.733824,68.26977585906157
train,PNEUMONIA,person266_bacteria_1244.jpeg,JPEG,L,992,672,False,1,5fe3e571bb5a,75.0,43277,0.666624,64.91965485791091
train,PNEUMONIA,person266_bacteria_1245.jpeg,JPEG,L,1080,680,False,1,5fe3e571bb5a,75.0,54311,0.7344,73.95288671023964
train,PNEUMONIA,person266_bacteria_1247.jpeg,JPEG,L,1024,600,False,1,5fe3e571bb5a,75.0,58423,0.6144,95.08951822916667
train,PNEUMONIA,person266_bacteria_1248.jpeg,JPEG,L,1008,600,False,1,5fe3e571bb5a,75.0,51874,0.6048,85.77050264550265
train,PNEUMONIA,person266_bacteria_1249.jpeg,JPEG,L,992,616,False,1,5fe3e571bb5a,75.0,45815,0.611072,74.97479838709678
train,PNEUMONIA,person266_virus_549.jpeg,JPEG,L,1632,800,False,1,5fe3e571bb5a,75.0,78444,1.3056,60.08272058823529
train,PNEUMONIA,person267_bacteria_1250.jpeg,JPEG,L,1280,1016,False,1,5fe3e571bb5a,75.0,87070,1.30048,66.95220226377951
train,PNEUMONIA,person267_bacteria_1251.jpeg,JPEG,L,1032,696,False,1,5fe3e571bb5a,75.0,60516,0.718272,84.25220529270248
train,PNEUMONIA,person267_bacteria_1252.jpeg,JPEG,L,1300,890,False,1,5fe3e571bb5a,75.0,106322,1.157,91.89455488331893
train,PNEUMONIA,person267_bacteria_1253.jpeg,JPEG,L,1260,971,False,1,5fe3e571bb5a,75.0,124703,1.22346,101.92650352279601
train,PNEUMONIA,person267_virus_552.jpeg,JPEG,L,1400,768,False,1,5fe3e571bb5a,75.0,78842,1.0752,73.32775297619048
train,PNEUMONIA,person268_virus_553.jpeg,JPEG,L,1176,736,False,1,5fe3e571bb5a,75.0,74548,0.865536,86.12928867199054
train,PNEUMONIA,person269_virus_554.jpeg,JPEG,L,1472,1176,False,1,5fe3e571bb5a,75.0,140285,1.731072,81.03937906684413
train,PNEUMONIA,person26_bacteria_122.jpeg,JPEG,L,1200,552,False,1,5fe3e571bb5a,75.0,40947,0.6624,61.816123188405804
train,PNEUMONIA,person26_bacteria_123.jpeg,JPEG,L,920,680,False,1,5fe3e571bb5a,75.0,41822,0.6256,66.85102301790282
train,PNEUMONIA,person26_bacteria_124.jpeg,JPEG,L,1136,872,False,1,5fe3e571bb5a,75.0,70865,0.990592,71.53802978420984
train,PNEUMONIA,person26_bacteria_126.jpeg,JPEG,L,1024,704,False,1,5fe3e571bb5a,75.0,53381,0.720896,74.0481289950284
train,PNEUMONIA,person26_bacteria_127.jpeg,JPEG,L,880,584,False,1,5fe3e571bb5a,75.0,42386,0.51392,82.47587173100871
train,PNEUMONIA,person26_bacteria_128.jpeg,JPEG,L,960,648,False,1,5fe3e571bb5a,75.0,37404,0.62208,60.127314814814824
train,PNEUMONIA,person26_bacteria_129.jpeg,JPEG,L,952,624,False,1,5fe3e571bb5a,75.0,35642,0.594048,59.998518638224525
train,PNEUMONIA,person26_bacteria_130.jpeg,JPEG,L,968,512,False,1,5fe3e571bb5a,75.0,39745,0.495616,80.19313339359503
train,PNEUMONIA,person26_bacteria_131.jpeg,JPEG,L,1024,568,False,1,5fe3e571bb5a,75.0,33126,0.581632,56.95353763204225
train,PNEUMONIA,person26_bacteria_132.jpeg,JPEG,L,1072,632,False,1,5fe3e571bb5a,75.0,54103,0.677504,79.85635509163046
train,PNEUMONIA,person26_bacteria_133.jpeg,JPEG,L,1068,620,False,1,5fe3e571bb5a,75.0,57653,0.66216,87.06808022230277
train,PNEUMONIA,person270_virus_555.jpeg,JPEG,L,1624,1264,False,1,5fe3e571bb5a,75.0,154979,2.052736,75.49874898671823
train,PNEUMONIA,person271_virus_556.jpeg,JPEG,L,1064,712,False,1,5fe3e571bb5a,75.0,68643,0.757568,90.60968784320352
train,PNEUMONIA,person272_virus_559.jpeg,JPEG,L,1704,1256,False,1,5fe3e571bb5a,75.0,100816,2.140224,47.105349720403105
train,PNEUMONIA,person273_virus_561.jpeg,JPEG,L,1272,994,False,1,5fe3e571bb5a,75.0,109401,1.264368,86.52623286891158
train,PNEUMONIA,person273_virus_562.jpeg,JPEG,L,1458,951,False,1,5fe3e571bb5a,75.0,107619,1.386558,77.6159381720779
train,PNEUMONIA,person274_bacteria_1288.jpeg,JPEG,L,1280,1088,False,1,5fe3e571bb5a,75.0,116662,1.39264,83.77039292279412
train,PNEUMONIA,person274_bacteria_1289.jpeg,JPEG,L,1344,1072,False,1,5fe3e571bb5a,75.0,110328,1.440768,76.5758262260128
train,PNEUMONIA,person274_bacteria_1290.jpeg,JPEG,L,1686,1133,False,1,5fe3e571bb5a,75.0,154467,1.910238,80.86269878413057
train,PNEUMONIA,person274_virus_563.jpeg,JPEG,RGB,468,242,False,2,2670630d69c8,75.0,10863,0.113256,95.91544818817546
train,PNEUMONIA,person275_bacteria_1291.jpeg,JPEG,L,1396,1099,False,1,5fe3e571bb5a,75.0,134867,1.534204,87.9068233429192
train,PNEUMONIA,person275_bacteria_1293.jpeg,JPEG,L,1136,920,False,1,5fe3e571bb5a,75.0,83854,1.04512,80.23384874464176
train,PNEUMONIA,person275_bacteria_1294.jpeg,JPEG,L,1292,1076,False,1,5fe3e571bb5a,75.0,132112,1.390192,95.03147766639427
train,PNEUMONIA,person275_virus_565.jpeg,JPEG,L,1748,1377,False,1,5fe3e571bb5a,75.0,213565,2.406996,88.72677810848045
train,PNEUMONIA,person276_bacteria_1295.jpeg,JPEG,L,848,600,False,1,5fe3e571bb5a,75.0,37971,0.5088,74.62853773584905
train,PNEUMONIA,person276_bacteria_1296.jpeg,JPEG,L,944,584,False,1,5fe3e571bb5a,75.0,44730,0.551296,81.13608660320408
train,PNEUMONIA,person276_bacteria_1297.jpeg,JPEG,L,824,512,False,1,5fe3e571bb5a,75.0,43684,0.421888,103.54406856796116
train,PNEUMONIA,person276_bacteria_1298.jpeg,JPEG,L,872,536,False,1,5fe3e571bb5a,75.0,35584,0.467392,76.13309598795017
train,PNEUMONIA,person276_bacteria_1299.jpeg,JPEG,L,1064,712,False,1,5fe3e571bb5a,75.0,68794,0.757568,90.80900988426122
train,PNEUMONIA,person276_virus_569.jpeg,JPEG,RGB,546,219,False,2,2670630d69c8,75.0,9951,0.119574,83.22043253550103
train,PNEUMONIA,person277_bacteria_1300.jpeg,JPEG,L,968,472,False,1,5fe3e571bb5a,75.0,42498,0.456896,93.01460288555819
train,PNEUMONIA,person277_bacteria_1301.jpeg,JPEG,L,1000,496,False,1,5fe3e571bb5a,75.0,40101,0.496,80.84879032258064
train,PNEUMONIA,person277_bacteria_1302.jpeg,JPEG,L,1008,576,False,1,5fe3e571bb5a,75.0,52346,0.580608,90.15721450617283
train,PNEUMONIA,person277_bacteria_1303.jpeg,JPEG,L,1008,648,False,1,5fe3e571bb5a,75.0,40949,0.653184,62.69137027238879
train,PNEUMONIA,person277_bacteria_1304.jpeg,JPEG,L,896,576,False,1,5fe3e571bb5a,75.0,35191,0.516096,68.18692646329366
train,PNEUMONIA,person277_bacteria_1305.jpeg,JPEG,L,1224,688,False,1,5fe3e571bb5a,75.0,50436,0.842112,59.892270861833104
train,PNEUMONIA,person277_bacteria_1306.jpeg,JPEG,L,896,528,False,1,5fe3e571bb5a,75.0,37506,0.473088,79.27911931818181
train,PNEUMONIA,person277_bacteria_1307.jpeg,JPEG,L,1024,624,False,1,5fe3e571bb5a,75.0,49421,0.638976,77.34406300080128
train,PNEUMONIA,person277_virus_571.jpeg,JPEG,L,2080,1731,False,1,5fe3e571bb5a,75.0,280339,3.60048,77.86156290272407
train,PNEUMONIA,person278_bacteria_1309.jpeg,JPEG,L,1298,812,False,1,5fe3e571bb5a,75.0,92290,1.053976,87.56366368873675
train,PNEUMONIA,person278_bacteria_1311.jpeg,JPEG,L,1040,712,False,1,5fe3e571bb5a,75.0,58510,0.74048,79.01631374243733
train,PNEUMONIA,person278_bacteria_1313.jpeg,JPEG,L,1096,624,False,1,5fe3e571bb5a,75.0,53213,0.683904,77.80770400524051
train,PNEUMONIA,person278_bacteria_1314.jpeg,JPEG,L,1172,778,False,1,5fe3e571bb5a,75.0,75206,0.911816,82.47935987085114
train,PNEUMONIA,person278_virus_572.jpeg,JPEG,L,1448,1040,False,1,5fe3e571bb5a,75.0,118682,1.50592,78.81029536761581
train,PNEUMONIA,person278_virus_573.jpeg,JPEG,L,1296,1072,False,1,5fe3e571bb5a,75.0,94960,1.389312,68.350377740925
train,PNEUMONIA,person278_virus_574.jpeg,JPEG,L,1208,1104,False,1,5fe3e571bb5a,75.0,95297,1.333632,71.45674368941357
train,PNEUMONIA,person278_virus_575.jpeg,JPEG,L,1384,1016,False,1,5fe3e571bb5a,75.0,79455,1.406144,56.505592599335486
train,PNEUMONIA,person279_bacteria_1315.jpeg,JPEG,L,2772,2098,False,1,5fe3e571bb5a,75.0,597038,5.815656,102.66047372815724
train,PNEUMONIA,person279_bacteria_1316.jpeg,JPEG,L,2637,1905,False,1,5fe3e571bb5a,75.0,552761,5.023485,110.03536389578151
train,PNEUMONIA,person279_virus_576.jpeg,JPEG,L,1848,1500,False,1,5fe3e571bb5a,75.0,237451,2.772,85.66053391053391
train,PNEUMONIA,person27_bacteria_135.jpeg,JPEG,L,1088,656,False,1,5fe3e571bb5a,75.0,39127,0.713728,54.82060392754663
train,PNEUMONIA,person27_bacteria_136.jpeg,JPEG,L,1088,560,False,1,5fe3e571bb5a,75.0,44127,0.60928,72.42482930672269
train,PNEUMONIA,person27_bacteria_137.jpeg,JPEG,L,840,544,False,1,5fe3e571bb5a,75.0,28824,0.45696,63.077731092436984
train,PNEUMONIA,person27_bacteria_138.jpeg,JPEG,L,1020,647,False,1,5fe3e571bb5a,75.0,54923,0.65994,83.2242325059854
train,PNEUMONIA,person280_bacteria_1318.jpeg,JPEG,L,1256,840,False,1,5fe3e571bb5a,75.0,97600,1.05504,92.50834091598422
train,PNEUMONIA,person280_bacteria_1320.jpeg,JPEG,L,1048,856,False,1,5fe3e571bb5a,75.0,68053,0.897088,75.85989334379681
train,PNEUMONIA,person280_bacteria_1321.jpeg,JPEG,L,1040,696,False,1,5fe3e571bb5a,75.0,64620,0.72384,89.2738726790451
train,PNEUMONIA,person280_bacteria_1322.jpeg,JPEG,L,1330,936,False,1,5fe3e571bb5a,75.0,103506,1.24488,83.1453634085213
train,PNEUMONIA,person280_virus_577.jpeg,JPEG,L,1708,1400,False,1,5fe3e571bb5a,75.0,222186,2.3912,92.91820006691201
train,PNEUMONIA,person281_bacteria_1323.jpeg,JPEG,L,1072,770,False,1,5fe3e571bb5a,75.0,72559,0.82544,87.90342120566001
train,PNEUMONIA,person281_bacteria_1324.jpeg,JPEG,L,928,664,False,1,5fe3e571bb5a,75.0,50554,0.616192,82.04261009555464
train,PNEUMONIA,person281_bacteria_1325.jpeg,JPEG,L,920,632,False,1,5fe3e571bb5a,75.0,41020,0.58144,70.54898183819483
train,PNEUMONIA,person281_bacteria_1326.jpeg,JPEG,L,936,616,False,1,5fe3e571bb5a,75.0,39008,0.576576,67.65456765456766
train,PNEUMONIA,person281_bacteria_1327.jpeg,JPEG,L,904,648,False,1,5fe3e571bb5a,75.0,42348,0.585792,72.29187151753524
train,PNEUMONIA,person281_bacteria_1328.jpeg,JPEG,L,920,720,False,1,5fe3e571bb5a,75.0,47995,0.6624,72.45621980676329
train,PNEUMONIA,person281_bacteria_1329.jpeg,JPEG,L,976,600,False,1,5fe3e571bb5a,75.0,43178,0.5856,73.73292349726775
train,PNEUMONIA,person281_bacteria_1330.jpeg,JPEG,L,1008,632,False,1,5fe3e571bb5a,75.0,54615,0.637056,85.73029686558168
train,PNEUMONIA,person281_bacteria_1331.jpeg,JPEG,L,1000,680,False,1,5fe3e571bb5a,75.0,53814,0.68,79.13823529411764
train,PNEUMONIA,person281_bacteria_1332.jpeg,JPEG,L,992,616,False,1,5fe3e571bb5a,75.0,41112,0.611072,67.27848764139088
train,PNEUMONIA,person281_bacteria_1333.jpeg,JPEG,L,1016,728,False,1,5fe3e571bb5a,75.0,55288,0.739648,74.74906982780999
train,PNEUMONIA,person281_virus_578.jpeg,JPEG,RGB,500,250,False,2,2670630d69c8,75.0,11460,0.125,91.68
train,PNEUMONIA,person282_virus_579.jpeg,JPEG,RGB,428,256,False,2,2670630d69c8,75.0,9014,0.109568,82.26854556074765
train,PNEUMONIA,person284_virus_582.jpeg,JPEG,L,1290,809,False,1,5fe3e571bb5a,75.0,108675,1.04361,104.13372811682525
train,PNEUMONIA,person286_virus_585.jpeg,JPEG,L,1338,1079,False,1,5fe3e571bb5a,75.0,139800,1.443702,96.83438826018113
train,PNEUMONIA,person287_bacteria_1354.jpeg,JPEG,L,1120,616,False,1,5fe3e571bb5a,75.0,46836,0.68992,67.88613172541744
train,PNEUMONIA,person287_bacteria_1355.jpeg,JPEG,L,1234,782,False,1,5fe3e571bb5a,75.0,77252,0.964988,80.05488151147993
train,PNEUMONIA,person287_virus_586.jpeg,JPEG,L,1646,1156,False,1,5fe3e571bb5a,75.0,155481,1.902776,81.71271868049628
train,PNEUMONIA,person288_virus_587.jpeg,JPEG,L,904,560,False,1,5fe3e571bb5a,75.0,32854,0.50624,64.89807206068268
train,PNEUMONIA,person289_virus_593.jpeg,JPEG,L,1304,789,False,1,5fe3e571bb5a,75.0,90333,1.028856,87.79945881639414
train,PNEUMONIA,person28_bacteria_139.jpeg,JPEG,L,976,648,False,1,5fe3e571bb5a,75.0,55502,0.632448,87.75741246711192
train,PNEUMONIA,person28_bacteria_141.jpeg,JPEG,L,848,544,False,1,5fe3e571bb5a,75.0,34820,0.461312,75.48036903440621
train,PNEUMONIA,person28_bacteria_142.jpeg,JPEG,L,1024,576,False,1,5fe3e571bb5a,75.0,41523,0.589824,70.39896647135417
train,PNEUMONIA,person28_bacteria_143.jpeg,JPEG,L,1176,662,False,1,5fe3e571bb5a,75.0,67684,0.778512,86.9402141521261
train,PNEUMONIA,person290_bacteria_1372.jpeg,JPEG,L,1008,512,False,1,5fe3e571bb5a,75.0,47128,0.516096,91.31634424603175
train,PNEUMONIA,person290_virus_594.jpeg,JPEG,L,1768,1712,False,1,5fe3e571bb5a,75.0,215066,3.026816,71.05354273269336
train,PNEUMONIA,person291_bacteria_1374.jpeg,JPEG,L,1200,960,False,1,5fe3e571bb5a,75.0,89876,1.152,78.01736111111111
train,PNEUMONIA,person291_bacteria_1376.jpeg,JPEG,L,1264,936,False,1,5fe3e571bb5a,75.0,108155,1.183104,91.41630828735259
train,PNEUMONIA,person291_bacteria_1377.jpeg,JPEG,L,1546,1064,False,1,5fe3e571bb5a,75.0,153590,1.644944,93.37095974087872
train,PNEUMONIA,person291_virus_596.jpeg,JPEG,RGB,525,282,False,2,2670630d69c8,75.0,10950,0.14805,73.9614994934144
train,PNEUMONIA,person292_bacteria_1378.jpeg,JPEG,L,1176,616,False,1,5fe3e571bb5a,75.0,79119,0.724416,109.21763185793799
train,PNEUMONIA,person292_virus_597.jpeg,JPEG,L,1512,1216,False,1,5fe3e571bb5a,75.0,128611,1.838592,69.95081018518518
train,PNEUMONIA,person292_virus_598.jpeg,JPEG,L,1456,1232,False,1,5fe3e571bb5a,75.0,212400,1.793792,118.40837733694876
train,PNEUMONIA,person292_virus_599.jpeg,JPEG,L,1520,1192,False,1,5fe3e571bb5a,75.0,122824,1.81184,67.78965030024726
train,PNEUMONIA,person292_virus_600.jpeg,JPEG,L,1440,1104,False,1,5fe3e571bb5a,75.0,106260,1.58976,66.84027777777777
train,PNEUMONIA,person292_virus_602.jpeg,JPEG,L,1504,1336,False,1,5fe3e571bb5a,75.0,138806,2.009344,69.08025703911326
train,PNEUMONIA,person293_bacteria_1379.jpeg,JPEG,L,1770,1306,False,1,5fe3e571bb5a,75.0,198705,2.31162,85.959197445947
train,PNEUMONIA,person293_virus_604.jpeg,JPEG,RGB,570,305,False,2,2670630d69c8,75.0,16428,0.17385,94.49525452976704
train,PNEUMONIA,person293_virus_605.jpeg,JPEG,L,1216,744,False,1,5fe3e571bb5a,75.0,57267,0.904704,63.29915640916809
train,PNEUMONIA,person294_bacteria_1380.jpeg,JPEG,L,1000,680,False,1,5fe3e571bb5a,75.0,50369,0.68,74.0720588235294
train,PNEUMONIA,person294_bacteria_1381.jpeg,JPEG,L,1336,768,False,1,5fe3e571bb5a,75.0,75335,1.026048,73.42249095558881
train,PNEUMONIA,person294_bacteria_1382.jpeg,JPEG,L,984,696,False,1,5fe3e571bb5a,75.0,49025,0.684864,71.58355527520791
train,PNEUMONIA,person294_bacteria_1383.jpeg,JPEG,L,1224,816,False,1,5fe3e571bb5a,75.0,65296,0.998784,65.37549660387032
train,PNEUMONIA,person294_bacteria_1384.jpeg,JPEG,L,1024,688,False,1,5fe3e571bb5a,75.0,46925,0.704512,66.60638853561046
train,PNEUMONIA,person294_bacteria_1385.jpeg,JPEG,L,992,664,False,1,5fe3e571bb5a,75.0,46241,0.658688,70.20167363000388
train,PNEUMONIA,person294_bacteria_1386.jpeg,JPEG,L,1306,821,False,1,5fe3e571bb5a,75.0,94974,1.072226,88.57647548184805
train,PNEUMONIA,person294_bacteria_1388.jpeg,JPEG,L,1234,778,False,1,5fe3e571bb5a,75.0,91366,0.960052,95.16776174623874
train,PNEUMONIA,person294_virus_606.jpeg,JPEG,L,1024,751,False,1,5fe3e571bb5a,75.0,91369,0.769024,118.81163656790945
train,PNEUMONIA,person294_virus_610.jpeg,JPEG,L,920,600,False,1,5fe3e571bb5a,75.0,43874,0.552,79.48188405797102
train,PNEUMONIA,person294_virus_611.jpeg,JPEG,L,952,576,False,1,5fe3e571bb5a,75.0,36724,0.548352,66.97158029878618
train,PNEUMONIA,person295_bacteria_1389.jpeg,JPEG,L,1168,696,False,1,5fe3e571bb5a,75.0,60793,0.812928,74.78276058888365
train,PNEUMONIA,person295_bacteria_1390.jpeg,JPEG,L,1354,759,False,1,5fe3e571bb5a,75.0,100901,1.027686,98.18271339689359
train,PNEUMONIA,person295_virus_612.jpeg,JPEG,L,1546,1230,False,1,5fe3e571bb5a,75.0,159404,1.90158,83.82713322605412
train,PNEUMONIA,person296_bacteria_1391.jpeg,JPEG,L,1136,704,False,1,5fe3e571bb5a,75.0,56247,0.799744,70.33125600192061
train,PNEUMONIA,person296_bacteria_1392.jpeg,JPEG,L,1256,840,False,1,5fe3e571bb5a,75.0,79525,1.05504,75.37628905065212
train,PNEUMONIA,person296_bacteria_1393.jpeg,JPEG,L,1272,792,False,1,5fe3e571bb5a,75.0,69343,1.007424,68.83199129661394
train,PNEUMONIA,person296_bacteria_1394.jpeg,JPEG,L,1088,704,False,1,5fe3e571bb5a,75.0,59626,0.765952,77.84560912433155
train,PNEUMONIA,person296_bacteria_1395.jpeg,JPEG,L,1200,840,False,1,5fe3e571bb5a,75.0,92318,1.008,91.58531746031746
train,PNEUMONIA,person296_bacteria_1396.jpeg,JPEG,L,1112,648,False,1,5fe3e571bb5a,75.0,62600,0.720576,86.87494448885336
train,PNEUMONIA,person296_bacteria_1397.jpeg,JPEG,L,1160,872,False,1,5fe3e571bb5a,75.0,73044,1.01152,72.21211641885479
train,PNEUMONIA,person296_virus_613.jpeg,JPEG,RGB,456,280,False,2,2670630d69c8,75.0,10356,0.12768,81.10902255639098
train,PNEUMONIA,person297_bacteria_1400.jpeg,JPEG,L,1104,736,False,1,5fe3e571bb5a,75.0,58556,0.812544,72.06502047889099
train,PNEUMONIA,person297_bacteria_1404.jpeg,JPEG,L,736,432,False,1,5fe3e571bb5a,75.0,31416,0.317952,98.80736714975845
train,PNEUMONIA,person297_virus_614.jpeg,JPEG,L,1990,1419,False,1,5fe3e571bb5a,75.0,200942,2.82381,71.15988681958065
train,PNEUMONIA,person298_bacteria_1408.jpeg,JPEG,L,1216,856,False,1,5fe3e571bb5a,75.0,69763,1.040896,67.02206560501722
train,PNEUMONIA,person298_bacteria_1409.jpeg,JPEG,L,1232,904,False,1,5fe3e571bb5a,75.0,84365,1.113728,75.75009338007125
train,PNEUMONIA,person298_bacteria_1410.jpeg,JPEG,L,1184,856,False,1,5fe3e571bb5a,75.0,69094,1.013504,68.1733865875221
train,PNEUMONIA,person298_bacteria_1411.jpeg,JPEG,L,1064,696,False,1,5fe3e571bb5a,75.0,51957,0.740544,70.16058465128339
train,PNEUMONIA,person298_bacteria_1412.jpeg,JPEG,L,1192,736,False,1,5fe3e571bb5a,75.0,60251,0.877312,68.6768219288007
train,PNEUMONIA,person298_bacteria_1413.jpeg,JPEG,L,1144,774,False,1,5fe3e571bb5a,75.0,96264,0.885456,108.71686453081801
train,PNEUMONIA,person298_virus_617.jpeg,JPEG,L,1472,1280,False,1,5fe3e571bb5a,75.0,109575,1.88416,58.15588909646739
train,PNEUMONIA,person298_virus_618.jpeg,JPEG,L,1368,992,False,1,5fe3e571bb5a,75.0,91843,1.357056,67.67812087342011
train,PNEUMONIA,person299_bacteria_1414.jpeg,JPEG,L,872,512,False,1,5fe3e571bb5a,75.0,29854,0.446464,66.86765338302752
train,PNEUMONIA,person299_bacteria_1416.jpeg,JPEG,L,976,832,False,1,5fe3e571bb5a,75.0,58337,0.812032,71.8407648959647
train,PNEUMONIA,person299_bacteria_1417.jpeg,JPEG,L,920,568,False,1,5fe3e571bb5a,75.0,40776,0.52256,78.03123086344152
train,PNEUMONIA,person299_bacteria_1418.jpeg,JPEG,L,864,584,False,1,5fe3e571bb5a,75.0,34769,0.504576,68.90735984271943
train,PNEUMONIA,person299_bacteria_1419.jpeg,JPEG,L,1028,581,False,1,5fe3e571bb5a,75.0,55075,0.597268,92.21153652966508
train,PNEUMONIA,person299_virus_620.jpeg,JPEG,L,1412,1044,False,1,5fe3e571bb5a,75.0,121157,1.474128,82.18892796283633
train,PNEUMONIA,person29_bacteria_144.jpeg,JPEG,L,1064,592,False,1,5fe3e571bb5a,75.0,58918,0.629888,93.53726376752692
train,PNEUMONIA,person2_bacteria_3.jpeg,JPEG,L,1448,1056,False,1,5fe3e571bb5a,75.0,132725,1.529088,86.80010568391093
train,PNEUMONIA,person2_bacteria_4.jpeg,JPEG,L,1328,1160,False,1,5fe3e571bb5a,75.0,139080,1.54048,90.28354798504363
train,PNEUMONIA,person300_bacteria_1421.jpeg,JPEG,L,1248,832,False,1,5fe3e571bb5a,75.0,73673,1.038336,70.95294779339251
train,PNEUMONIA,person300_bacteria_1422.jpeg,JPEG,L,1528,1152,False,1,5fe3e571bb5a,75.0,130830,1.760256,74.32441644851659
train,PNEUMONIA,person300_bacteria_1423.jpeg,JPEG,L,1554,1072,False,1,5fe3e571bb5a,75.0,141799,1.665888,85.11916767513783
train,PNEUMONIA,person300_virus_621.jpeg,JPEG,L,2076,1576,False,1,5fe3e571bb5a,75.0,329094,3.271776,100.585736920865
train,PNEUMONIA,person301_bacteria_1424.jpeg,JPEG,L,864,576,False,1,5fe3e571bb5a,75.0,35474,0.497664,71.28102494855966
train,PNEUMONIA,person301_bacteria_1427.jpeg,JPEG,L,968,688,False,1,5fe3e571bb5a,75.0,42242,0.665984,63.42795022102632
train,PNEUMONIA,person301_bacteria_1428.jpeg,JPEG,L,968,648,False,1,5fe3e571bb5a,75.0,49047,0.627264,78.19195745332108
train,PNEUMONIA,person301_bacteria_1429.jpeg,JPEG,L,1052,651,False,1,5fe3e571bb5a,75.0,71262,0.684852,104.05459865781219
train,PNEUMONIA,person301_virus_622.jpeg,JPEG,L,2070,1550,False,1,5fe3e571bb5a,75.0,244421,3.2085,76.17921146953405
train,PNEUMONIA,person302_bacteria_1430.jpeg,JPEG,L,1022,735,False,1,5fe3e571bb5a,75.0,86032,0.75117,114.53066549516087
train,PNEUMONIA,person302_virus_623.jpeg,JPEG,L,2006,1647,False,1,5fe3e571bb5a,75.0,280110,3.303882,84.78208362163055
train,PNEUMONIA,person303_bacteria_1431.jpeg,JPEG,L,1562,1106,False,1,5fe3e571bb5a,75.0,197808,1.727572,114.50058232015799
train,PNEUMONIA,person303_virus_624.jpeg,JPEG,L,2022,1619,False,1,5fe3e571bb5a,75.0,260109,3.273618,79.45612469139648
train,PNEUMONIA,person304_virus_625.jpeg,JPEG,L,1048,768,False,1,5fe3e571bb5a,75.0,64602,0.804864,80.26449188931298
train,PNEUMONIA,person305_bacteria_1435.jpeg,JPEG,L,1024,480,False,1,5fe3e571bb5a,75.0,34123,0.49152,69.42342122395833
train,PNEUMONIA,person305_bacteria_1436.jpeg,JPEG,L,920,536,False,1,5fe3e571bb5a,75.0,41138,0.49312,83.42391304347825
train,PNEUMONIA,person305_bacteria_1437.jpeg,JPEG,L,1008,624,False,1,5fe3e571bb5a,75.0,42332,0.628992,67.30133292633293
train,PNEUMONIA,person305_virus_627.jpeg,JPEG,L,1176,720,False,1,5fe3e571bb5a,75.0,69231,0.84672,81.76374716553288
train,PNEUMONIA,person306_bacteria_1439.jpeg,JPEG,L,1226,882,False,1,5fe3e571bb5a,75.0,89587,1.081332,82.8487458060984
train,PNEUMONIA,person306_bacteria_1440.jpeg,JPEG,L,1280,851,False,1,5fe3e571bb5a,75.0,90755,1.08928,83.31650264394828
train,PNEUMONIA,person306_virus_628.jpeg,JPEG,RGB,445,187,False,2,2670630d69c8,75.0,8963,0.083215,107.70894670432013
train,PNEUMONIA,person307_bacteria_1441.jpeg,JPEG,L,992,560,False,1,5fe3e571bb5a,75.0,58453,0.55552,105.22213421658986
train,PNEUMONIA,person307_bacteria_1442.jpeg,JPEG,L,1142,689,False,1,5fe3e571bb5a,75.0,89275,0.786838,113.46045818834372
train,PNEUMONIA,person307_virus_629.jpeg,JPEG,L,1112,632,False,1,5fe3e571bb5a,75.0,51827,0.702784,73.74527593115381
train,PNEUMONIA,person308_bacteria_1443.jpeg,JPEG,L,920,672,False,1,5fe3e571bb5a,75.0,66497,0.61824,107.5585533126294
train,PNEUMONIA,person308_bacteria_1445.jpeg,JPEG,L,1280,771,False,1,5fe3e571bb5a,75.0,91861,0.98688,93.08223897535669
train,PNEUMONIA,person308_virus_630.jpeg,JPEG,L,1504,968,False,1,5fe3e571bb5a,75.0,107271,1.455872,73.68161486724108
train,PNEUMONIA,person309_bacteria_1447.jpeg,JPEG,L,1080,664,False,1,5fe3e571bb5a,75.0,58892,0.71712,82.12293618920125
train,PNEUMONIA,person309_bacteria_1449.jpeg,JPEG,L,1276,767,False,1,5fe3e571bb5a,75.0,93208,0.978692,95.23731674520687
train,PNEUMONIA,person309_virus_631.jpeg,JPEG,RGB,494,196,False,2,2670630d69c8,75.0,8946,0.096824,92.39444765760555
train,PNEUMONIA,person309_virus_632.jpeg,JPEG,L,1128,736,False,1,5fe3e571bb5a,75.0,66358,0.830208,79.92936709836572
train,PNEUMONIA,person30_bacteria_145.jpeg,JPEG,L,936,680,False,1,5fe3e571bb5a,75.0,42867,0.63648,67.35011312217193
train,PNEUMONIA,person30_bacteria_146.jpeg,JPEG,L,1032,736,False,1,5fe3e571bb5a,75.0,43701,0.759552,57.5352312942366
train,PNEUMONIA,person30_bacteria_147.jpeg,JPEG,L,1032,656,False,1,5fe3e571bb5a,75.0,47023,0.676992,69.45872329362828
train,PNEUMONIA,person30_bacteria_148.jpeg,JPEG,L,880,600,False,1,5fe3e571bb5a,75.0,36257,0.528,68.6685606060606
train,PNEUMONIA,person30_bacteria_149.jpeg,JPEG,L,816,568,False,1,5fe3e571bb5a,75.0,36906,0.463488,79.6266570008285
train,PNEUMONIA,person30_bacteria_150.jpeg,JPEG,L,944,624,False,1,5fe3e571bb5a,75.0,47595,0.589056,80.79876955671446
train,PNEUMONIA,person30_bacteria_151.jpeg,JPEG,L,952,616,False,1,5fe3e571bb5a,75.0,49256,0.586432,83.99268798428463
train,PNEUMONIA,person30_bacteria_152.jpeg,JPEG,L,1032,688,False,1,5fe3e571bb5a,75.0,49569,0.710016,69.81391968631694
train,PNEUMONIA,person30_bacteria_153.jpeg,JPEG,L,992,592,False,1,5fe3e571bb5a,75.0,38906,0.587264,66.24959132519616
train,PNEUMONIA,person30_bacteria_154.jpeg,JPEG,L,840,672,False,1,5fe3e571bb5a,75.0,38059,0.56448,67.42311507936508
train,PNEUMONIA,person30_bacteria_155.jpeg,JPEG,L,1128,640,False,1,5fe3e571bb5a,75.0,55124,0.72192,76.35749113475178
train,PNEUMONIA,person30_bacteria_156.jpeg,JPEG,L,1096,656,False,1,5fe3e571bb5a,75.0,51460,0.718976,71.57401637884993
train,PNEUMONIA,person30_bacteria_157.jpeg,JPEG,L,1096,656,False,1,5fe3e571bb5a,75.0,51460,0.718976,71.57401637884993
train,PNEUMONIA,person30_bacteria_158.jpeg,JPEG,L,1242,867,False,1,5fe3e571bb5a,75.0,84306,1.076814,78.29207272565179
train,PNEUMONIA,person310_bacteria_1450.jpeg,JPEG,L,1264,896,False,1,5fe3e571bb5a,75.0,81400,1.132544,71.87358725135624
train,PNEUMONIA,person310_bacteria_1451.jpeg,JPEG,L,1588,1010,False,1,5fe3e571bb5a,75.0,169375,1.60388,105.60328702895478
train,PNEUMONIA,person310_virus_633.jpeg,JPEG,L,1648,1120,False,1,5fe3e571bb5a,75.0,158073,1.84576,85.641145110957
train,PNEUMONIA,person311_bacteria_1452.jpeg,JPEG,L,1416,920,False,1,5fe3e571bb5a,75.0,83819,1.30272,64.34153156472611
train,PNEUMONIA,person311_bacteria_1453.jpeg,JPEG,L,1496,1179,False,1,5fe3e571bb5a,75.0,152271,1.763784,86.33199983671469
train,PNEUMONIA,person311_virus_634.jpeg,JPEG,L,1352,960,False,1,5fe3e571bb5a,75.0,90075,1.29792,69.39950073964498
train,PNEUMONIA,person312_bacteria_1454.jpeg,JPEG,L,1416,1184,False,1,5fe3e571bb5a,75.0,108107,1.676544,64.48205355779508
train,PNEUMONIA,person312_bacteria_1455.jpeg,JPEG,L,1536,1256,False,1,5fe3e571bb5a,75.0,136011,1.929216,70.50065933519107
train,PNEUMONIA,person312_bacteria_1456.jpeg,JPEG,L,1608,1237,False,1,5fe3e571bb5a,75.0,166124,1.989096,83.51733651869995
train,PNEUMONIA,person312_virus_635.jpeg,JPEG,L,1416,1008,True,1,8150a566ea61,89.18831168831169,114375,1.427328,80.1322471078827
train,PNEUMONIA,person313_bacteria_1457.jpeg,JPEG,L,952,696,False,1,5fe3e571bb5a,75.0,46878,0.662592,70.74942045783831
train,PNEUMONIA,person313_bacteria_1458.jpeg,JPEG,L,1040,640,False,1,5fe3e571bb5a,75.0,47839,0.6656,71.87349759615385
train,PNEUMONIA,person313_bacteria_1459.jpeg,JPEG,L,992,520,False,1,5fe3e571bb5a,75.0,47773,0.51584,92.61205024813897
train,PNEUMONIA,person313_bacteria_1460.jpeg,JPEG,L,1110,755,False,1,5fe3e571bb5a,75.0,71737,0.83805,85.59990454030189
train,PNEUMONIA,person313_virus_637.jpeg,JPEG,L,992,640,False,1,5fe3e571bb5a,75.0,61267,0.63488,96.50170110887098
train,PNEUMONIA,person314_bacteria_1461.jpeg,JPEG,L,1202,986,False,1,5fe3e571bb5a,75.0,110415,1.185172,93.16369269608126
train,PNEUMONIA,person314_bacteria_1462.jpeg,JPEG,L,1310,1102,False,1,5fe3e571bb5a,75.0,121411,1.44362,84.10177193444258
train,PNEUMONIA,person314_virus_639.jpeg,JPEG,L,1480,1136,True,1,8150a566ea61,89.18831168831169,176308,1.68128,104.86534069280547
train,PNEUMONIA,person315_bacteria_1464.jpeg,JPEG,L,920,632,False,1,5fe3e571bb5a,75.0,32899,0.58144,56.581934507429835
train,PNEUMONIA,person315_bacteria_1465.jpeg,JPEG,L,960,656,False,1,5fe3e571bb5a,75.0,40163,0.62976,63.775088922764226
train,PNEUMONIA,person315_bacteria_1466.jpeg,JPEG,L,896,568,False,1,5fe3e571bb5a,75.0,35727,0.508928,70.20049987424547
train,PNEUMONIA,person315_bacteria_1467.jpeg,JPEG,L,816,504,False,1,5fe3e571bb5a,75.0,37433,0.411264,91.01939386865857
train,PNEUMONIA,person315_bacteria_1468.jpeg,JPEG,L,1110,658,False,1,5fe3e571bb5a,75.0,70741,0.73038,96.85506174867876
train,PNEUMONIA,person316_bacteria_1469.jpeg,JPEG,L,1368,1032,False,1,5fe3e571bb5a,75.0,89046,1.411776,63.07374541003673
train,PNEUMONIA,person316_bacteria_1470.jpeg,JPEG,L,1536,1320,False,1,5fe3e571bb5a,75.0,161676,2.02752,79.74076704545455
train,PNEUMONIA,person316_virus_641.jpeg,JPEG,RGB,496,240,False,2,2670630d69c8,75.0,11082,0.11904,93.09475806451613
train,PNEUMONIA,person317_bacteria_1471.jpeg,JPEG,L,1320,904,False,1,5fe3e571bb5a,75.0,95303,1.19328,79.86641861088764
train,PNEUMONIA,person317_bacteria_1473.jpeg,JPEG,L,1504,1253,False,1,5fe3e571bb5a,75.0,166994,1.884512,88.61392233108624
train,PNEUMONIA,person317_virus_643.jpeg,JPEG,L,1064,640,False,1,5fe3e571bb5a,75.0,61329,0.68096,90.0625587406015
train,PNEUMONIA,person318_bacteria_1474.jpeg,JPEG,L,1518,1149,False,1,5fe3e571bb5a,75.0,152197,1.744182,87.25981577610594
train,PNEUMONIA,person318_virus_644.jpeg,JPEG,L,2008,1448,False,1,5fe3e571bb5a,75.0,211697,2.907584,72.80855858334617
train,PNEUMONIA,person319_bacteria_1475.jpeg,JPEG,L,1080,736,False,1,5fe3e571bb5a,75.0,50942,0.79488,64.08766103059581
train,PNEUMONIA,person319_bacteria_1476.jpeg,JPEG,L,1104,600,False,1,5fe3e571bb5a,75.0,54941,0.6624,82.9423309178744
train,PNEUMONIA,person319_bacteria_1477.jpeg,JPEG,L,936,640,False,1,5fe3e571bb5a,75.0,38788,0.59904,64.75026709401709
train,PNEUMONIA,person319_bacteria_1478.jpeg,JPEG,L,952,640,False,1,5fe3e571bb5a,75.0,44316,0.60928,72.73503151260505
train,PNEUMONIA,person319_bacteria_1479.jpeg,JPEG,L,928,624,False,1,5fe3e571bb5a,75.0,39363,0.579072,67.97600298408487
train,PNEUMONIA,person319_bacteria_1480.jpeg,JPEG,L,1106,712,False,1,5fe3e571bb5a,75.0,73600,0.787472,93.46364061198366
train,PNEUMONIA,person319_virus_645.jpeg,JPEG,L,1136,776,False,1,5fe3e571bb5a,75.0,48360,0.881536,54.85879192681865
train,PNEUMONIA,person319_virus_646.jpeg,JPEG,L,1256,960,False,1,5fe3e571bb5a,75.0,89003,1.20576,73.81485536093419
train,PNEUMONIA,person31_bacteria_160.jpeg,JPEG,L,840,544,False,1,5fe3e571bb5a,75.0,32705,0.45696,71.57081582633053
train,PNEUMONIA,person31_bacteria_161.jpeg,JPEG,L,976,544,False,1,5fe3e571bb5a,75.0,35036,0.530944,65.98812680810029
train,PNEUMONIA,person31_bacteria_162.jpeg,JPEG,L,944,480,False,1,5fe3e571bb5a,75.0,43040,0.45312,94.98587570621469
train,PNEUMONIA,person31_bacteria_163.jpeg,JPEG,L,960,632,False,1,5fe3e571bb5a,75.0,52004,0.60672,85.71334388185653
train,PNEUMONIA,person31_bacteria_164.jpeg,JPEG,L,952,581,False,1,5fe3e571bb5a,75.0,54306,0.553112,98.18264655259694
train,PNEUMONIA,person320_virus_647.jpeg,JPEG,RGB,462,238,False,2,2670630d69c8,75.0,13687,0.109956,124.4770635526938
train,PNEUMONIA,person321_bacteria_1483.jpeg,JPEG,L,1152,648,False,1,5fe3e571bb5a,75.0,49532,0.746496,66.35266632373113
train,PNEUMONIA,person321_bacteria_1484.jpeg,JPEG,L,1104,728,False,1,5fe3e571bb5a,75.0,54276,0.803712,67.53165312947922
train,PNEUMONIA,person321_bacteria_1485.jpeg,JPEG,L,1240,800,False,1,5fe3e571bb5a,75.0,82166,0.992,82.82862903225806
train,PNEUMONIA,person321_bacteria_1486.jpeg,JPEG,L,1200,856,False,1,5fe3e571bb5a,75.0,84917,1.0272,82.66841900311528
train,PNEUMONIA,person321_bacteria_1487.jpeg,JPEG,L,1144,808,False,1,5fe3e571bb5a,75.0,68325,0.924352,73.91664647233955
train,PNEUMONIA,person321_bacteria_1488.jpeg,JPEG,L,1216,728,False,1,5fe3e571bb5a,75.0,54937,0.885248,62.058315861769806
train,PNEUMONIA,person321_bacteria_1489.jpeg,JPEG,L,1186,866,False,1,5fe3e571bb5a,75.0,97954,1.027076,95.37171543293776
train,PNEUMONIA,person321_virus_648.jpeg,JPEG,L,1560,1096,False,1,5fe3e571bb5a,75.0,135482,1.70976,79.24036122028824
train,PNEUMONIA,person322_bacteria_1494.jpeg,JPEG,L,1566,1130,False,1,5fe3e571bb5a,75.0,174468,1.76958,98.59288644763164
train,PNEUMONIA,person322_virus_655.jpeg,JPEG,L,1184,856,False,1,5fe3e571bb5a,75.0,93689,1.013504,92.44068104319273
train,PNEUMONIA,person323_virus_656.jpeg,JPEG,L,1808,1456,True,1,8150a566ea61,89.18831168831169,212568,2.632448,80.7491733929787
train,PNEUMONIA,person324_virus_658.jpeg,JPEG,L,1168,776,False,1,5fe3e571bb5a,75.0,76645,0.906368,84.56278244598221
train,PNEUMONIA,person325_bacteria_1497.jpeg,JPEG,L,1176,784,False,1,5fe3e571bb5a,75.0,64543,0.921984,70.00446862418437
train,PNEUMONIA,person325_bacteria_1498.jpeg,JPEG,L,1008,680,False,1,5fe3e571bb5a,75.0,66417,0.68544,96.8968837535014
train,PNEUMONIA,person325_bacteria_1500.jpeg,JPEG,L,1168,848,False,1,5fe3e571bb5a,75.0,64884,0.990464,65.5086908761954
train,PNEUMONIA,person325_bacteria_1501.jpeg,JPEG,L,1248,712,False,1,5fe3e571bb5a,75.0,79822,0.888576,89.83137064246615
train,PNEUMONIA,person325_bacteria_1502.jpeg,JPEG,L,1348,779,False,1,5fe3e571bb5a,75.0,108881,1.050092,103.68710551075525
train,PNEUMONIA,person325_virus_659.jpeg,JPEG,RGB,445,140,False,2,2670630d69c8,75.0,6153,0.0623,98.76404494382021
train,PNEUMONIA,person325_virus_660.jpeg,JPEG,RGB,400,138,False,2,2670630d69c8,75.0,5441,0.0552,98.56884057971014
train,PNEUMONIA,person325_virus_661.jpeg,JPEG,RGB,446,132,False,2,2670630d69c8,75.0,6504,0.058872,110.47696697920912
train,PNEUMONIA,person325_virus_664.jpeg,JPEG,RGB,438,190,False,2,2670630d69c8,75.0,8092,0.08322,97.23624128815189
train,PNEUMONIA,person325_virus_665.jpeg,JPEG,RGB,529,207,False,2,2670630d69c8,75.0,11733,0.109503,107.14774937672941
train,PNEUMONIA,person326_bacteria_1503.jpeg,JPEG,L,1336,1064,False,1,5fe3e571bb5a,75.0,97151,1.421504,68.34381049930214
train,PNEUMONIA,person326_bacteria_1504.jpeg,JPEG,L,1272,1040,False,1,5fe3e571bb5a,75.0,98616,1.32288,74.54644412191581
train,PNEUMONIA,person326_bacteria_1505.jpeg,JPEG,L,1384,912,False,1,5fe3e571bb5a,75.0,73226,1.262208,58.01421001926782
train,PNEUMONIA,person326_bacteria_1506.jpeg,JPEG,L,1336,1024,False,1,5fe3e571bb5a,75.0,79727,1.368064,58.27724433944611
train,PNEUMONIA,person326_bacteria_1507.jpeg,JPEG,L,1272,912,False,1,5fe3e571bb5a,75.0,79404,1.160064,68.44794769943726
train,PNEUMONIA,person326_virus_666.jpeg,JPEG,L,1408,904,False,1,5fe3e571bb5a,75.0,129603,1.272832,101.82255003016896
train,PNEUMONIA,person326_virus_668.jpeg,JPEG,L,1568,896,False,1,5fe3e571bb5a,75.0,124445,1.404928,88.57749293913994
train,PNEUMONIA,person326_virus_670.jpeg,JPEG,RGB,500,244,False,2,2670630d69c8,75.0,11369,0.122,93.18852459016394
train,PNEUMONIA,person326_virus_672.jpeg,JPEG,L,1488,1168,False,1,5fe3e571bb5a,75.0,158746,1.737984,91.33916077478274
train,PNEUMONIA,person326_virus_673.jpeg,JPEG,L,1560,952,False,1,5fe3e571bb5a,75.0,107675,1.48512,72.50255871579401
train,PNEUMONIA,person326_virus_675.jpeg,JPEG,L,1672,1064,False,1,5fe3e571bb5a,75.0,153171,1.779008,86.09910691801274
train,PNEUMONIA,person326_virus_677.jpeg,JPEG,L,1472,816,False,1,5fe3e571bb5a,75.0,91596,1.201152,76.25679347826087
train,PNEUMONIA,person327_bacteria_1508.jpeg,JPEG,L,1304,936,False,1,5fe3e571bb5a,75.0,79803,1.220544,65.38314063237375
train,PNEUMONIA,person327_bacteria_1509.jpeg,JPEG,L,1592,1056,False,1,5fe3e571bb5a,75.0,165370,1.681152,98.36707210293893
train,PNEUMONIA,person327_virus_679.jpeg,JPEG,L,1176,736,False,1,5fe3e571bb5a,75.0,64510,0.865536,74.53185078379178
train,PNEUMONIA,person328_bacteria_1510.jpeg,JPEG,L,1360,1261,False,1,5fe3e571bb5a,75.0,153635,1.71496,89.58517982926715
train,PNEUMONIA,person328_bacteria_1511.jpeg,JPEG,L,1208,944,False,1,5fe3e571bb5a,75.0,85041,1.140352,74.574341957571
train,PNEUMONIA,person328_bacteria_1512.jpeg,JPEG,L,1184,984,False,1,5fe3e571bb5a,75.0,76931,1.165056,66.03201906174466
train,PNEUMONIA,person328_bacteria_1513.jpeg,JPEG,L,1080,840,False,1,5fe3e571bb5a,75.0,63697,0.9072,70.21274250440918
train,PNEUMONIA,person328_bacteria_1514.jpeg,JPEG,L,1200,944,False,1,5fe3e571bb5a,75.0,71488,1.1328,63.10734463276836
train,PNEUMONIA,person328_bacteria_1515.jpeg,JPEG,L,1289,1253,False,1,5fe3e571bb5a,75.0,169254,1.615117,104.79364652839392
train,PNEUMONIA,person328_virus_681.jpeg,JPEG,L,1472,976,False,1,5fe3e571bb5a,75.0,122130,1.436672,85.00896516393442
train,PNEUMONIA,person329_virus_682.jpeg,JPEG,L,880,440,False,1,5fe3e571bb5a,75.0,36560,0.3872,94.42148760330579
train,PNEUMONIA,person32_bacteria_165.jpeg,JPEG,L,1648,1592,False,1,5fe3e571bb5a,75.0,214858,2.623616,81.89384422110552
train,PNEUMONIA,person32_bacteria_166.jpeg,JPEG,L,1808,1448,False,1,5fe3e571bb5a,75.0,157717,2.617984,60.24368368943432
train,PNEUMONIA,person330_virus_683.jpeg,JPEG,L,1104,824,False,1,5fe3e571bb5a,75.0,86882,0.909696,95.50663078654848
train,PNEUMONIA,person331_bacteria_1526.jpeg,JPEG,L,1096,720,False,1,5fe3e571bb5a,75.0,47357,0.78912,60.012418896999186
train,PNEUMONIA,person331_bacteria_1527.jpeg,JPEG,L,1040,856,False,1,5fe3e571bb5a,75.0,72048,0.89024,80.93098490294751
train,PNEUMONIA,person331_bacteria_1528.jpeg,JPEG,L,1016,640,False,1,5fe3e571bb5a,75.0,60283,0.65024,92.70884596456692
train,PNEUMONIA,person331_bacteria_1529.jpeg,JPEG,L,1168,768,False,1,5fe3e571bb5a,75.0,58824,0.897024,65.57684075342465
train,PNEUMONIA,person331_bacteria_1530.jpeg,JPEG,L,1152,632,False,1,5fe3e571bb5a,75.0,51690,0.728064,70.99650580168776
train,PNEUMONIA,person331_virus_684.jpeg,JPEG,L,1184,752,False,1,5fe3e571bb5a,75.0,74364,0.890368,83.52052185163888
train,PNEUMONIA,person332_bacteria_1531.jpeg,JPEG,L,976,664,False,1,5fe3e571bb5a,75.0,45281,0.648064,69.87118556191982
train,PNEUMONIA,person332_bacteria_1533.jpeg,JPEG,L,984,664,False,1,5fe3e571bb5a,75.0,45999,0.653376,70.40203496914488
train,PNEUMONIA,person332_bacteria_1534.jpeg,JPEG,L,1008,704,False,1,5fe3e571bb5a,75.0,59373,0.709632,83.66730925324674
train,PNEUMONIA,person332_bacteria_1535.jpeg,JPEG,L,904,576,False,1,5fe3e571bb5a,75.0,45603,0.520704,87.57950774336284
train,PNEUMONIA,person332_bacteria_1536.jpeg,JPEG,L,1040,656,False,1,5fe3e571bb5a,75.0,54494,0.68224,79.875117260788
train,PNEUMONIA,person332_bacteria_1537.jpeg,JPEG,L,1092,751,False,1,5fe3e571bb5a,75.0,98998,0.820092,120.71572457724255
train,PNEUMONIA,person332_bacteria_1538.jpeg,JPEG,L,1086,693,False,1,5fe3e571bb5a,75.0,84094,0.752598,111.73827195926643
train,PNEUMONIA,person332_virus_685.jpeg,JPEG,L,896,504,False,1,5fe3e571bb5a,75.0,40768,0.451584,90.27777777777779
train,PNEUMONIA,person333_bacteria_1539.jpeg,JPEG,L,1578,1318,False,1,5fe3e571bb5a,75.0,174820,2.079804,84.05599758438775
train,PNEUMONIA,person333_bacteria_1540.jpeg,JPEG,L,1504,1180,False,1,5fe3e571bb5a,75.0,158663,1.77472,89.40170843851425
train,PNEUMONIA,person333_virus_688.jpeg,JPEG,L,1424,1024,False,1,5fe3e571bb5a,75.0,109904,1.458176,75.3708742977528
train,PNEUMONIA,person334_bacteria_1541.jpeg,JPEG,L,920,528,False,1,5fe3e571bb5a,75.0,32757,0.48576,67.43453557312252
train,PNEUMONIA,person334_bacteria_1542.jpeg,JPEG,L,920,680,False,1,5fe3e571bb5a,75.0,49938,0.6256,79.82416879795396
train,PNEUMONIA,person334_bacteria_1544.jpeg,JPEG,L,888,576,False,1,5fe3e571bb5a,75.0,42689,0.511488,83.46041353853853
train,PNEUMONIA,person334_bacteria_1545.jpeg,JPEG,L,918,735,False,1,5fe3e571bb5a,75.0,73370,0.67473,108.73979221318157
train,PNEUMONIA,person334_virus_689.jpeg,JPEG,RGB,550,279,False,2,2670630d69c8,75.0,14501,0.15345,94.49983708048224
train,PNEUMONIA,person335_virus_690.jpeg,JPEG,L,1344,1128,False,1,5fe3e571bb5a,75.0,129254,1.516032,85.25809481594055
train,PNEUMONIA,person336_bacteria_1548.jpeg,JPEG,L,952,720,False,1,5fe3e571bb5a,75.0,43387,0.68544,63.29802754435107
train,PNEUMONIA,person336_bacteria_1549.jpeg,JPEG,L,968,752,False,1,5fe3e571bb5a,75.0,48585,0.727936,66.74350492350976
train,PNEUMONIA,person336_bacteria_1550.jpeg,JPEG,L,920,808,False,1,5fe3e571bb5a,75.0,53062,0.74336,71.38129573826947
train,PNEUMONIA,person336_bacteria_1551.jpeg,JPEG,L,1144,784,False,1,5fe3e571bb5a,75.0,62317,0.896896,69.4807424718139
train,PNEUMONIA,person336_bacteria_1552.jpeg,JPEG,L,1008,728,False,1,5fe3e571bb5a,75.0,55736,0.733824,75.95281702424559
train,PNEUMONIA,person336_bacteria_1553.jpeg,JPEG,L,1072,728,False,1,5fe3e571bb5a,75.0,50056,0.780416,64.14015089388224
train,PNEUMONIA,person337_bacteria_1554.jpeg,JPEG,L,1000,712,False,1,5fe3e571bb5a,75.0,50394,0.712,70.77808988764045
train,PNEUMONIA,person337_bacteria_1557.jpeg,JPEG,L,976,616,False,1,5fe3e571bb5a,75.0,44975,0.601216,74.80672503725783
train,PNEUMONIA,person337_bacteria_1558.jpeg,JPEG,L,976,608,False,1,5fe3e571bb5a,75.0,41053,0.593408,69.18174342105262
train,PNEUMONIA,person337_bacteria_1560.jpeg,JPEG,L,944,744,False,1,5fe3e571bb5a,75.0,48353,0.702336,68.84596546382359
train,PNEUMONIA,person337_bacteria_1561.jpeg,JPEG,L,856,592,False,1,5fe3e571bb5a,75.0,39335,0.506752,77.621795276585
train,PNEUMONIA,person337_bacteria_1562.jpeg,JPEG,L,824,616,False,1,5fe3e571bb5a,75.0,36451,0.507584,71.81274429454041
train,PNEUMONIA,person337_bacteria_1563.jpeg,JPEG,L,888,656,False,1,5fe3e571bb5a,75.0,36798,0.582528,63.16949571522742
train,PNEUMONIA,person337_bacteria_1564.jpeg,JPEG,L,824,640,False,1,5fe3e571bb5a,75.0,47167,0.52736,89.43985133495146
train,PNEUMONIA,person337_bacteria_1565.jpeg,JPEG,L,824,688,False,1,5fe3e571bb5a,75.0,43438,0.566912,76.622121246331
train,PNEUMONIA,person337_bacteria_1566.jpeg,JPEG,L,856,616,False,1,5fe3e571bb5a,75.0,55232,0.527296,104.74572156815148
train,PNEUMONIA,person338_bacteria_1567.jpeg,JPEG,L,1240,968,False,1,5fe3e571bb5a,75.0,86516,1.20032,72.07744601439616
train,PNEUMONIA,person338_bacteria_1568.jpeg,JPEG,L,1240,752,False,1,5fe3e571bb5a,75.0,66148,0.93248,70.93771448181194
train,PNEUMONIA,person338_virus_694.jpeg,JPEG,RGB,445,232,False,2,2670630d69c8,75.0,8460,0.10324,81.94498256489733
train,PNEUMONIA,person339_bacteria_1572.jpeg,JPEG,L,1016,768,False,1,5fe3e571bb5a,75.0,49577,0.780288,63.536796669947506
train,PNEUMONIA,person339_bacteria_1573.jpeg,JPEG,L,1024,632,False,1,5fe3e571bb5a,75.0,51161,0.647168,79.05366149129748
train,PNEUMONIA,person339_bacteria_1574.jpeg,JPEG,L,947,594,False,1,5fe3e571bb5a,75.0,75201,0.562518,133.6863887022282
train,PNEUMONIA,person339_virus_695.jpeg,JPEG,L,1320,1040,False,1,5fe3e571bb5a,75.0,114611,1.3728,83.4870337995338
train,PNEUMONIA,person33_bacteria_169.jpeg,JPEG,L,1202,743,False,1,5fe3e571bb5a,75.0,75024,0.893086,84.0053477492649
train,PNEUMONIA,person33_bacteria_172.jpeg,JPEG,L,1128,744,False,1,5fe3e571bb5a,75.0,58757,0.839232,70.01282124609166
train,PNEUMONIA,person33_bacteria_173.jpeg,JPEG,L,1032,600,False,1,5fe3e571bb5a,75.0,52906,0.6192,85.44250645994832
train,PNEUMONIA,person33_bacteria_174.jpeg,JPEG,L,1072,608,False,1,5fe3e571bb5a,75.0,40118,0.651776,61.55182148468185
train,PNEUMONIA,person33_bacteria_175.jpeg,JPEG,L,1268,883,False,1,5fe3e571bb5a,75.0,96820,1.119644,86.47391492295765
train,PNEUMONIA,person340_bacteria_1575.jpeg,JPEG,L,1328,968,False,1,5fe3e571bb5a,75.0,99355,1.285504,77.28875211590163
train,PNEUMONIA,person340_virus_698.jpeg,JPEG,L,1760,1432,False,1,5fe3e571bb5a,75.0,221047,2.52032,87.70592623158964
train,PNEUMONIA,person341_bacteria_1577.jpeg,JPEG,RGB,831,529,False,2,2670630d69c8,75.0,32944,0.439599,74.94102579851183
train,PNEUMONIA,person341_virus_699.jpeg,JPEG,L,1304,1048,False,1,5fe3e571bb5a,75.0,113976,1.366592,83.40162974757645
train,PNEUMONIA,person342_virus_701.jpeg,JPEG,RGB,439,227,False,2,2670630d69c8,75.0,13730,0.099653,137.77808997220353
train,PNEUMONIA,person342_virus_702.jpeg,JPEG,RGB,453,182,False,2,2670630d69c8,75.0,9794,0.082446,118.79290687237707
train,PNEUMONIA,person343_bacteria_1583.jpeg,JPEG,L,1504,1056,False,1,5fe3e571bb5a,75.0,107215,1.588224,67.50622078497743
train,PNEUMONIA,person343_bacteria_1584.jpeg,JPEG,L,1632,1291,False,1,5fe3e571bb5a,75.0,191019,2.106912,90.66301772451817
train,PNEUMONIA,person343_virus_704.jpeg,JPEG,RGB,640,317,False,2,2670630d69c8,75.0,20210,0.20288,99.61553627760253
train,PNEUMONIA,person344_bacteria_1585.jpeg,JPEG,L,1538,1164,False,1,5fe3e571bb5a,75.0,151365,1.790232,84.55049401418364
train,PNEUMONIA,person344_virus_705.jpeg,JPEG,L,1008,680,False,1,5fe3e571bb5a,75.0,55905,0.68544,81.56074929971989
train,PNEUMONIA,person346_bacteria_1590.jpeg,JPEG,L,1136,824,False,1,5fe3e571bb5a,75.0,75691,0.936064,80.86092403938193
train,PNEUMONIA,person346_virus_708.jpeg,JPEG,L,1304,736,False,1,5fe3e571bb5a,75.0,71311,0.959744,74.30210556148306
train,PNEUMONIA,person346_virus_709.jpeg,JPEG,L,1296,832,True,1,84d411bec87f,91.82745825602969,102814,1.078272,95.35070928300095
train,PNEUMONIA,person347_bacteria_1594.jpeg,JPEG,L,1552,1080,False,1,5fe3e571bb5a,75.0,133903,1.67616,79.88676498663611
train,PNEUMONIA,person347_bacteria_1595.jpeg,JPEG,L,1592,944,False,1,5fe3e571bb5a,75.0,91455,1.502848,60.85445766970445
train,PNEUMONIA,person347_bacteria_1597.jpeg,JPEG,L,1360,968,False,1,5fe3e571bb5a,75.0,114065,1.31648,86.64392926592123
train,PNEUMONIA,person347_bacteria_1599.jpeg,JPEG,RGB,967,683,False,2,2670630d69c8,75.0,48560,0.660461,73.52440189503999
train,PNEUMONIA,person348_bacteria_1601.jpeg,JPEG,L,1136,768,False,1,5fe3e571bb5a,75.0,63503,0.872448,72.78714605340376
train,PNEUMONIA,person348_bacteria_1602.jpeg,JPEG,L,1160,832,False,1,5fe3e571bb5a,75.0,75361,0.96512,78.08459051724138
train,PNEUMONIA,person348_bacteria_1603.jpeg,JPEG,L,1104,896,False,1,5fe3e571bb5a,75.0,69210,0.989184,69.96676048136645
train,PNEUMONIA,person348_bacteria_1604.jpeg,JPEG,L,1306,1006,False,1,5fe3e571bb5a,75.0,118540,1.313836,90.22435067999355
train,PNEUMONIA,person348_virus_711.jpeg,JPEG,L,1368,1048,False,1,5fe3e571bb5a,75.0,112254,1.433664,78.2986808624615
train,PNEUMONIA,person348_virus_714.jpeg,JPEG,L,1384,920,False,1,5fe3e571bb5a,75.0,100220,1.27328,78.71010304096507
train,PNEUMONIA,person348_virus_715.jpeg,JPEG,RGB,742,515,False,2,2670630d69c8,75.0,31831,0.38213,83.29887734540601
train,PNEUMONIA,person348_virus_716.jpeg,JPEG,L,1192,1088,False,1,5fe3e571bb5a,75.0,103201,1.296896,79.57538615278325
train,PNEUMONIA,person348_virus_717.jpeg,JPEG,L,1224,1008,False,1,5fe3e571bb5a,75.0,97941,1.233792,79.38210006224712
train,PNEUMONIA,person348_virus_719.jpeg,JPEG,L,1328,928,False,1,5fe3e571bb5a,75.0,109797,1.232384,89.09317225799751
train,PNEUMONIA,person348_virus_720.jpeg,JPEG,L,1272,1080,False,1,5fe3e571bb5a,75.0,116064,1.37376,84.48637316561843
train,PNEUMONIA,person348_virus_721.jpeg,JPEG,L,1288,944,False,1,5fe3e571bb5a,75.0,104554,1.215872,85.99095957469207
train,PNEUMONIA,person348_virus_723.jpeg,JPEG,L,1296,760,False,1,5fe3e571bb5a,75.0,75191,0.98496,76.33914067576349
train,PNEUMONIA,person349_bacteria_1605.jpeg,JPEG,L,1080,744,False,1,5fe3e571bb5a,75.0,56741,0.80352,70.61554161688571
train,PNEUMONIA,person349_bacteria_1606.jpeg,JPEG,L,1192,760,False,1,5fe3e571bb5a,75.0,70815,0.90592,78.16915400918404
train,PNEUMONIA,person349_bacteria_1607.jpeg,JPEG,L,1136,824,False,1,5fe3e571bb5a,75.0,66526,0.936064,71.06992684260905
train,PNEUMONIA,person349_virus_724.jpeg,JPEG,L,1432,816,False,1,5fe3e571bb5a,75.0,94276,1.168512,80.68038667981159
train,PNEUMONIA,person34_bacteria_176.jpeg,JPEG,L,1380,801,False,1,5fe3e571bb5a,75.0,78116,1.10538,70.66891023901283
train,PNEUMONIA,person350_virus_725.jpeg,JPEG,L,1360,928,False,1,5fe3e571bb5a,75.0,107603,1.26208,85.25846222109533
train,PNEUMONIA,person351_bacteria_1617.jpeg,JPEG,L,1218,1041,False,1,5fe3e571bb5a,75.0,108454,1.267938,85.53572808765097
train,PNEUMONIA,person351_bacteria_1619.jpeg,JPEG,L,1048,768,False,1,5fe3e571bb5a,75.0,53965,0.804864,67.0485945451654
train,PNEUMONIA,person351_bacteria_1620.jpeg,JPEG,L,888,672,False,1,5fe3e571bb5a,75.0,43688,0.596736,73.21160446160447
train,PNEUMONIA,person351_bacteria_1621.jpeg,JPEG,L,928,824,False,1,5fe3e571bb5a,75.0,53621,0.764672,70.12287621359224
train,PNEUMONIA,person351_bacteria_1622.jpeg,JPEG,L,952,752,False,1,5fe3e571bb5a,75.0,49623,0.715904,69.31515957446808
train,PNEUMONIA,person351_bacteria_1623.jpeg,JPEG,L,896,680,False,1,5fe3e571bb5a,75.0,53345,0.60928,87.55416228991596
train,PNEUMONIA,person351_bacteria_1624.jpeg,JPEG,L,1016,752,False,1,5fe3e571bb5a,75.0,49786,0.764032,65.1621921594907
train,PNEUMONIA,person351_virus_726.jpeg,JPEG,L,1128,808,False,1,5fe3e571bb5a,75.0,55763,0.911424,61.182281792008986
train,PNEUMONIA,person352_bacteria_1625.jpeg,JPEG,L,984,592,False,1,5fe3e571bb5a,75.0,39221,0.582528,67.32895242803778
train,PNEUMONIA,person353_bacteria_1626.jpeg,JPEG,L,752,592,False,1,5fe3e571bb5a,75.0,27694,0.445184,62.20798591144335
train,PNEUMONIA,person353_bacteria_1628.jpeg,JPEG,L,984,688,False,1,5fe3e571bb5a,75.0,51248,0.676992,75.69956513518623
train,PNEUMONIA,person353_virus_728.jpeg,JPEG,L,1496,1040,False,1,5fe3e571bb5a,75.0,132323,1.55584,85.04923385438093
train,PNEUMONIA,person354_bacteria_1632.jpeg,JPEG,RGB,460,157,False,2,2670630d69c8,75.0,5644,0.07222,78.15009692605926
train,PNEUMONIA,person354_bacteria_1633.jpeg,JPEG,RGB,738,427,False,2,2670630d69c8,75.0,22143,0.315126,70.267131242741
train,PNEUMONIA,person354_bacteria_1634.jpeg,JPEG,L,928,624,False,1,5fe3e571bb5a,75.0,42059,0.579072,72.6317280061892
train,PNEUMONIA,person354_bacteria_1635.jpeg,JPEG,RGB,532,255,False,2,2670630d69c8,75.0,13690,0.13566,100.9140498304585
train,PNEUMONIA,person354_virus_729.jpeg,JPEG,L,1352,968,False,1,5fe3e571bb5a,75.0,120246,1.308736,91.87949288473764
train,PNEUMONIA,person355_bacteria_1637.jpeg,JPEG,L,1000,568,False,1,5fe3e571bb5a,75.0,44740,0.568,78.76760563380283
train,PNEUMONIA,person355_virus_730.jpeg,JPEG,L,864,408,False,1,5fe3e571bb5a,75.0,27665,0.352512,78.47959785766159
train,PNEUMONIA,person355_virus_731.jpeg,JPEG,RGB,486,191,False,2,2670630d69c8,75.0,9000,0.092826,96.95559433779329
train,PNEUMONIA,person356_bacteria_1638.jpeg,JPEG,L,1326,875,False,1,5fe3e571bb5a,75.0,116888,1.16025,100.74380521439345
train,PNEUMONIA,person356_virus_733.jpeg,JPEG,L,1080,760,False,1,5fe3e571bb5a,75.0,75540,0.8208,92.03216374269007
train,PNEUMONIA,person357_bacteria_1639.jpeg,JPEG,L,1550,1399,False,1,5fe3e571bb5a,75.0,193091,2.16845,89.04563167239273
train,PNEUMONIA,person357_bacteria_1640.jpeg,JPEG,L,1240,928,False,1,5fe3e571bb5a,75.0,104496,1.15072,90.80923248053392
train,PNEUMONIA,person357_virus_734.jpeg,JPEG,L,1312,1112,False,1,5fe3e571bb5a,75.0,108451,1.458944,74.3352726355501
train,PNEUMONIA,person357_virus_735.jpeg,JPEG,L,1312,1112,False,1,5fe3e571bb5a,75.0,108451,1.458944,74.3352726355501
train,PNEUMONIA,person357_virus_736.jpeg,JPEG,L,1192,888,False,1,5fe3e571bb5a,75.0,77763,1.058496,73.46555867948486
train,PNEUMONIA,person358_virus_737.jpeg,JPEG,L,1384,1080,True,1,8150a566ea61,89.18831168831169,136370,1.49472,91.23447869835154
train,PNEUMONIA,person359_bacteria_1642.jpeg,JPEG,L,1334,1102,False,1,5fe3e571bb5a,75.0,134246,1.470068,91.3195852164662
train,PNEUMONIA,person359_bacteria_1643.jpeg,JPEG,L,1088,992,False,1,5fe3e571bb5a,75.0,72364,1.079296,67.04740868121442
train,PNEUMONIA,person359_bacteria_1644.jpeg,JPEG,L,1072,856,False,1,5fe3e571bb5a,75.0,69059,0.917632,75.25783756451388
train,PNEUMONIA,person359_bacteria_1645.jpeg,JPEG,L,1152,856,False,1,5fe3e571bb5a,75.0,64414,0.986112,65.32118055555556
train,PNEUMONIA,person359_bacteria_1646.jpeg,JPEG,L,1168,800,False,1,5fe3e571bb5a,75.0,67319,0.9344,72.04516267123287
train,PNEUMONIA,person359_virus_738.jpeg,JPEG,L,1448,1112,True,1,8150a566ea61,89.18831168831169,153954,1.610176,95.61315036368696
train,PNEUMONIA,person35_bacteria_178.jpeg,JPEG,L,2036,1627,False,1,5fe3e571bb5a,75.0,265268,3.312572,80.07916507173277
train,PNEUMONIA,person35_bacteria_180.jpeg,JPEG,L,1672,1200,False,1,5fe3e571bb5a,75.0,119537,2.0064,59.57785087719298
train,PNEUMONIA,person35_bacteria_181.jpeg,JPEG,L,1712,1384,False,1,5fe3e571bb5a,75.0,128758,2.369408,54.34184403867971
train,PNEUMONIA,person360_bacteria_1647.jpeg,JPEG,L,880,744,False,1,5fe3e571bb5a,75.0,47007,0.65472,71.79710410557185
train,PNEUMONIA,person360_virus_739.jpeg,JPEG,L,1176,1024,True,1,84d411bec87f,91.82745825602969,108720,1.204224,90.28220663265306
train,PNEUMONIA,person361_bacteria_1651.jpeg,JPEG,L,1110,724,False,1,5fe3e571bb5a,75.0,67814,0.80364,84.38355482554377
train,PNEUMONIA,person361_virus_740.jpeg,JPEG,L,1632,888,False,1,5fe3e571bb5a,75.0,134711,1.449216,92.954397412118
train,PNEUMONIA,person362_bacteria_1652.jpeg,JPEG,L,1584,1072,False,1,5fe3e571bb5a,75.0,160003,1.698048,94.22760722900648
train,PNEUMONIA,person362_virus_741.jpeg,JPEG,L,920,600,False,1,5fe3e571bb5a,75.0,49658,0.552,89.96014492753622
train,PNEUMONIA,person363_bacteria_1653.jpeg,JPEG,L,1368,1208,False,1,5fe3e571bb5a,75.0,108316,1.652544,65.54500213004918
train,PNEUMONIA,person363_bacteria_1654.jpeg,JPEG,L,1272,1144,False,1,5fe3e571bb5a,75.0,170378,1.455168,117.08476272155517
train,PNEUMONIA,person363_bacteria_1655.jpeg,JPEG,L,1424,1264,False,1,5fe3e571bb5a,75.0,124686,1.799936,69.27246302090741
train,PNEUMONIA,person363_virus_742.jpeg,JPEG,L,1248,896,True,1,84d411bec87f,91.82745825602969,113772,1.118208,101.74493475274726
train,PNEUMONIA,person364_bacteria_1656.jpeg,JPEG,L,1256,768,False,1,5fe3e571bb5a,75.0,74022,0.964608,76.73790804140128
train,PNEUMONIA,person364_bacteria_1657.jpeg,JPEG,L,1232,864,False,1,5fe3e571bb5a,75.0,76519,1.064448,71.88608555796056
train,PNEUMONIA,person364_bacteria_1658.jpeg,JPEG,L,1368,1064,False,1,5fe3e571bb5a,75.0,90479,1.455552,62.161296882557274
train,PNEUMONIA,person364_bacteria_1659.jpeg,JPEG,L,1304,952,False,1,5fe3e571bb5a,75.0,98310,1.241408,79.19233644377996
train,PNEUMONIA,person364_bacteria_1660.jpeg,JPEG,L,1160,744,False,1,5fe3e571bb5a,75.0,59188,0.86304,68.5808305524657
train,PNEUMONIA,person364_virus_743.jpeg,JPEG,L,1160,744,False,1,5fe3e571bb5a,75.0,79539,0.86304,92.16142936596218
train,PNEUMONIA,person365_virus_745.jpeg,JPEG,RGB,687,425,False,2,2670630d69c8,75.0,22456,0.291975,76.91069440876788
train,PNEUMONIA,person366_bacteria_1664.jpeg,JPEG,L,952,624,False,1,5fe3e571bb5a,75.0,38951,0.594048,65.56877558715794
train,PNEUMONIA,person366_virus_746.jpeg,JPEG,L,1280,904,False,1,5fe3e571bb5a,75.0,81686,1.15712,70.59423396017701
train,PNEUMONIA,person367_bacteria_1665.jpeg,JPEG,L,1200,1024,False,1,5fe3e571bb5a,75.0,121842,1.2288,99.15527343750001
train,PNEUMONIA,person367_virus_747.jpeg,JPEG,L,1472,968,False,1,5fe3e571bb5a,75.0,119707,1.424896,84.01104361300754
train,PNEUMONIA,person368_bacteria_1666.jpeg,JPEG,L,986,709,False,1,5fe3e571bb5a,75.0,59909,0.699074,85.69765146465181
train,PNEUMONIA,person368_bacteria_1667.jpeg,JPEG,L,832,504,False,1,5fe3e571bb5a,75.0,28909,0.419328,68.9412583943834
train,PNEUMONIA,person368_bacteria_1668.jpeg,JPEG,L,840,512,False,1,5fe3e571bb5a,75.0,37549,0.43008,87.30701264880952
train,PNEUMONIA,person368_bacteria_1672.jpeg,JPEG,L,912,544,False,1,5fe3e571bb5a,75.0,33988,0.496128,68.50651444788441
train,PNEUMONIA,person368_bacteria_1678.jpeg,JPEG,L,800,528,False,1,5fe3e571bb5a,75.0,32632,0.4224,77.25378787878788
train,PNEUMONIA,person368_virus_748.jpeg,JPEG,L,1328,864,True,1,8150a566ea61,89.18831168831169,126684,1.147392,110.41039156626506
train,PNEUMONIA,person369_bacteria_1680.jpeg,JPEG,RGB,888,454,False,2,2670630d69c8,75.0,26684,0.403152,66.18843513116641
train,PNEUMONIA,person369_virus_750.jpeg,JPEG,L,1368,904,True,1,8150a566ea61,89.18831168831169,123670,1.236672,100.00226414117891
train,PNEUMONIA,person36_bacteria_182.jpeg,JPEG,L,992,768,False,1,5fe3e571bb5a,75.0,55883,0.761856,73.35113197244624
train,PNEUMONIA,person36_bacteria_183.jpeg,JPEG,L,1104,760,False,1,5fe3e571bb5a,75.0,56535,0.83904,67.38057780320365
train,PNEUMONIA,person36_bacteria_184.jpeg,JPEG,L,920,648,False,1,5fe3e571bb5a,75.0,43586,0.59616,73.11124530327429
train,PNEUMONIA,person36_bacteria_185.jpeg,JPEG,L,1232,886,False,1,5fe3e571bb5a,75.0,90993,1.091552,83.3611225117997
train,PNEUMONIA,person370_bacteria_1687.jpeg,JPEG,L,1072,688,False,1,5fe3e571bb5a,75.0,53325,0.737536,72.3015554494967
train,PNEUMONIA,person370_bacteria_1688.jpeg,JPEG,L,1136,688,False,1,5fe3e571bb5a,75.0,47737,0.781568,61.078498607926626
train,PNEUMONIA,person370_bacteria_1689.jpeg,JPEG,L,1040,736,False,1,5fe3e571bb5a,75.0,49231,0.76544,64.31725543478261
train,PNEUMONIA,person370_bacteria_1690.jpeg,JPEG,L,1080,920,False,1,5fe3e571bb5a,75.0,55909,0.9936,56.269122383252814
train,PNEUMONIA,person370_bacteria_1691.jpeg,JPEG,L,1088,912,False,1,5fe3e571bb5a,75.0,62525,0.992256,63.01297245872033
train,PNEUMONIA,person370_bacteria_1692.jpeg,JPEG,L,1064,760,False,1,5fe3e571bb5a,75.0,76992,0.80864,95.21171349426197
train,PNEUMONIA,person370_virus_752.jpeg,JPEG,L,1728,1296,False,1,5fe3e571bb5a,75.0,176004,2.239488,78.59117798353908
train,PNEUMONIA,person370_virus_753.jpeg,JPEG,L,1584,1184,False,1,5fe3e571bb5a,75.0,188250,1.875456,100.37558865683866
train,PNEUMONIA,person371_bacteria_1694.jpeg,JPEG,L,1080,720,False,1,5fe3e571bb5a,75.0,54943,0.7776,70.65715020576131
train,PNEUMONIA,person371_bacteria_1695.jpeg,JPEG,L,1064,592,False,1,5fe3e571bb5a,75.0,34091,0.629888,54.12232015850437
train,PNEUMONIA,person371_bacteria_1696.jpeg,JPEG,L,984,680,False,1,5fe3e571bb5a,75.0,43004,0.66912,64.26948828311812
train,PNEUMONIA,person371_bacteria_1698.jpeg,JPEG,L,920,640,False,1,5fe3e571bb5a,75.0,40592,0.5888,68.94021739130434
train,PNEUMONIA,person371_bacteria_1699.jpeg,JPEG,L,936,648,False,1,5fe3e571bb5a,75.0,37972,0.606528,62.60551862403715
train,PNEUMONIA,person371_bacteria_1700.jpeg,JPEG,L,864,560,False,1,5fe3e571bb5a,75.0,31148,0.48384,64.37665343915344
train,PNEUMONIA,person371_bacteria_1701.jpeg,JPEG,L,952,632,False,1,5fe3e571bb5a,75.0,41974,0.601664,69.76319008616105
train,PNEUMONIA,person371_bacteria_1702.jpeg,JPEG,L,904,512,False,1,5fe3e571bb5a,75.0,35074,0.462848,75.77865735619469
train,PNEUMONIA,person371_bacteria_1703.jpeg,JPEG,L,992,608,False,1,5fe3e571bb5a,75.0,38199,0.603136,63.3339744269949
train,PNEUMONIA,person371_virus_754.jpeg,JPEG,L,984,560,False,1,5fe3e571bb5a,75.0,45190,0.55104,82.0085656213705
train,PNEUMONIA,person372_bacteria_1704.jpeg,JPEG,L,1000,568,False,1,5fe3e571bb5a,75.0,39879,0.568,70.20950704225352
train,PNEUMONIA,person372_bacteria_1705.jpeg,JPEG,L,1008,616,False,1,5fe3e571bb5a,75.0,43234,0.620928,69.62804061018346
train,PNEUMONIA,person372_bacteria_1706.jpeg,JPEG,L,1000,672,False,1,5fe3e571bb5a,75.0,50741,0.672,75.50744047619047
train,PNEUMONIA,person372_virus_755.jpeg,JPEG,L,1512,960,False,1,5fe3e571bb5a,75.0,132205,1.45152,91.08038470017638
train,PNEUMONIA,person373_bacteria_1707.jpeg,JPEG,L,1216,944,False,1,5fe3e571bb5a,75.0,66775,1.147904,58.171240800624446
train,PNEUMONIA,person373_bacteria_1708.jpeg,JPEG,L,1296,864,False,1,5fe3e571bb5a,75.0,71107,1.119744,63.50290780749885
train,PNEUMONIA,person373_bacteria_1709.jpeg,JPEG,L,1280,736,False,1,5fe3e571bb5a,75.0,69144,0.94208,73.39504076086956
train,PNEUMONIA,person373_virus_756.jpeg,JPEG,L,1240,880,False,1,5fe3e571bb5a,75.0,105626,1.0912,96.79802052785925
train,PNEUMONIA,person374_bacteria_1710.jpeg,JPEG,L,856,472,False,1,5fe3e571bb5a,75.0,30082,0.404032,74.454498653572
train,PNEUMONIA,person374_bacteria_1711.jpeg,JPEG,L,872,600,False,1,5fe3e571bb5a,75.0,39567,0.5232,75.625
train,PNEUMONIA,person374_bacteria_1712.jpeg,JPEG,L,848,544,False,1,5fe3e571bb5a,75.0,30246,0.461312,65.56517064372919
train,PNEUMONIA,person374_virus_757.jpeg,JPEG,L,1400,1208,False,1,5fe3e571bb5a,75.0,144521,1.6912,85.45470671712393
train,PNEUMONIA,person375_bacteria_1713.jpeg,JPEG,L,928,584,False,1,5fe3e571bb5a,75.0,35863,0.541952,66.17375708549835
train,PNEUMONIA,person375_virus_758.jpeg,JPEG,L,1248,616,False,1,5fe3e571bb5a,75.0,59069,0.768768,76.8359244921745
train,PNEUMONIA,person376_bacteria_1715.jpeg,JPEG,L,1032,768,False,1,5fe3e571bb5a,75.0,55303,0.792576,69.77627382105943
train,PNEUMONIA,person376_bacteria_1716.jpeg,JPEG,L,1176,768,False,1,5fe3e571bb5a,75.0,61688,0.903168,68.30179988662132
train,PNEUMONIA,person376_virus_759.jpeg,JPEG,L,1312,856,False,1,5fe3e571bb5a,75.0,81535,1.123072,72.59997578071574
train,PNEUMONIA,person377_bacteria_1717.jpeg,JPEG,L,1496,1049,False,1,5fe3e571bb5a,75.0,141446,1.569304,90.13295065838103
train,PNEUMONIA,person377_bacteria_1718.jpeg,JPEG,L,1416,888,False,1,5fe3e571bb5a,75.0,76133,1.257408,60.5475708759607
train,PNEUMONIA,person377_virus_760.jpeg,JPEG,L,1272,760,False,1,5fe3e571bb5a,75.0,82075,0.96672,84.9004882489242
train,PNEUMONIA,person378_virus_761.jpeg,JPEG,L,1432,952,False,1,5fe3e571bb5a,75.0,113463,1.363264,83.2289270456786
train,PNEUMONIA,person379_bacteria_1721.jpeg,JPEG,RGB,956,603,False,2,2670630d69c8,75.0,33941,0.576468,58.877509245959885
train,PNEUMONIA,person379_bacteria_1722.jpeg,JPEG,L,1152,792,False,1,5fe3e571bb5a,75.0,93220,0.912384,102.17189253647587
train,PNEUMONIA,person379_virus_762.jpeg,JPEG,L,1288,824,False,1,5fe3e571bb5a,75.0,83139,1.061312,78.3360595187843
train,PNEUMONIA,person37_bacteria_186.jpeg,JPEG,L,1128,744,False,1,5fe3e571bb5a,75.0,79876,0.839232,95.17749561503852
train,PNEUMONIA,person37_bacteria_187.jpeg,JPEG,L,1240,720,False,1,5fe3e571bb5a,75.0,79769,0.8928,89.3469982078853
train,PNEUMONIA,person37_bacteria_188.jpeg,JPEG,L,1160,832,False,1,5fe3e571bb5a,75.0,59971,0.96512,62.13838693633952
train,PNEUMONIA,person37_bacteria_189.jpeg,JPEG,L,1462,874,False,1,5fe3e571bb5a,75.0,114782,1.277788,89.82867267496643
train,PNEUMONIA,person380_virus_763.jpeg,JPEG,L,1440,864,False,1,5fe3e571bb5a,75.0,95173,1.24416,76.49578832304528
train,PNEUMONIA,person381_bacteria_1730.jpeg,JPEG,L,976,656,False,1,5fe3e571bb5a,75.0,45042,0.640256,70.3499850059976
train,PNEUMONIA,person381_bacteria_1731.jpeg,JPEG,L,1080,728,False,1,5fe3e571bb5a,75.0,51075,0.78624,64.96108058608058
train,PNEUMONIA,person382_bacteria_1737.jpeg,JPEG,L,1152,728,False,1,5fe3e571bb5a,75.0,56636,0.838656,67.5318605006105
train,PNEUMONIA,person382_bacteria_1738.jpeg,JPEG,L,1168,736,False,1,5fe3e571bb5a,75.0,62169,0.859648,72.3191352739726
train,PNEUMONIA,person382_bacteria_1739.jpeg,JPEG,L,1072,688,False,1,5fe3e571bb5a,75.0,57010,0.737536,77.29792172856646
train,PNEUMONIA,person382_bacteria_1740.jpeg,JPEG,L,1152,736,False,1,5fe3e571bb5a,75.0,55680,0.847872,65.67028985507247
train,PNEUMONIA,person382_bacteria_1741.jpeg,JPEG,L,1168,848,False,1,5fe3e571bb5a,75.0,84133,0.990464,84.94301660635823
train,PNEUMONIA,person382_bacteria_1742.jpeg,JPEG,L,1360,1191,False,1,5fe3e571bb5a,75.0,132410,1.61976,81.7466785202746
train,PNEUMONIA,person382_bacteria_1745.jpeg,JPEG,L,1264,864,False,1,5fe3e571bb5a,75.0,64540,1.092096,59.09736872948899
train,PNEUMONIA,person382_bacteria_1746.jpeg,JPEG,L,1176,760,False,1,5fe3e571bb5a,75.0,63814,0.89376,71.39948084496957
train,PNEUMONIA,person383_bacteria_1747.jpeg,JPEG,L,1478,1137,False,1,5fe3e571bb5a,75.0,139673,1.680486,83.11464659628227
train,PNEUMONIA,person383_bacteria_1748.jpeg,JPEG,L,1320,984,False,1,5fe3e571bb5a,75.0,92408,1.29888,71.14437053461444
train,PNEUMONIA,person383_bacteria_1749.jpeg,JPEG,L,1184,1024,False,1,5fe3e571bb5a,75.0,132510,1.212416,109.2941696579392
train,PNEUMONIA,person383_bacteria_1750.jpeg,JPEG,L,1304,824,False,1,5fe3e571bb5a,75.0,63553,1.074496,59.146799988087444
train,PNEUMONIA,person383_bacteria_1751.jpeg,JPEG,L,1320,1016,False,1,5fe3e571bb5a,75.0,94409,1.34112,70.39563946552136
train,PNEUMONIA,person383_bacteria_1752.jpeg,JPEG,L,1312,1024,False,1,5fe3e571bb5a,75.0,104043,1.343488,77.4424483136433
train,PNEUMONIA,person383_bacteria_1753.jpeg,JPEG,L,1328,976,False,1,5fe3e571bb5a,75.0,87444,1.296128,67.46555895714005
train,PNEUMONIA,person383_bacteria_1754.jpeg,JPEG,L,1392,984,False,1,5fe3e571bb5a,75.0,89776,1.369728,65.54293991215773
train,PNEUMONIA,person383_virus_767.jpeg,JPEG,L,1288,848,False,1,5fe3e571bb5a,75.0,82400,1.092224,75.44240009375366
train,PNEUMONIA,person384_bacteria_1755.jpeg,JPEG,L,1530,1029,False,1,5fe3e571bb5a,75.0,149734,1.57437,95.10724924890592
train,PNEUMONIA,person384_virus_769.jpeg,JPEG,L,1296,872,False,1,5fe3e571bb5a,75.0,89029,1.130112,78.77891748782422
train,PNEUMONIA,person385_bacteria_1765.jpeg,JPEG,L,1000,576,False,1,5fe3e571bb5a,75.0,45624,0.576,79.20833333333334
train,PNEUMONIA,person385_bacteria_1766.jpeg,JPEG,L,1016,560,False,1,5fe3e571bb5a,75.0,46854,0.56896,82.35025309336332
train,PNEUMONIA,person385_virus_770.jpeg,JPEG,L,2000,1424,False,1,5fe3e571bb5a,75.0,197119,2.848,69.21313202247191
train,PNEUMONIA,person386_virus_771.jpeg,JPEG,L,1440,976,False,1,5fe3e571bb5a,75.0,103231,1.40544,73.45101889799635
train,PNEUMONIA,person387_bacteria_1769.jpeg,JPEG,L,928,544,False,1,5fe3e571bb5a,75.0,36385,0.504832,72.07348187119676
train,PNEUMONIA,person387_bacteria_1770.jpeg,JPEG,L,904,416,False,1,5fe3e571bb5a,75.0,35060,0.376064,93.22881211708646
train,PNEUMONIA,person387_bacteria_1772.jpeg,JPEG,L,824,472,False,1,5fe3e571bb5a,75.0,31634,0.388928,81.33639131150238
train,PNEUMONIA,person387_virus_772.jpeg,JPEG,L,1752,1320,False,1,5fe3e571bb5a,75.0,168158,2.31264,72.7125709146257
train,PNEUMONIA,person388_virus_775.jpeg,JPEG,L,1000,464,False,1,5fe3e571bb5a,75.0,41965,0.464,90.44181034482759
train,PNEUMONIA,person388_virus_777.jpeg,JPEG,RGB,907,513,False,2,2670630d69c8,75.0,51492,0.465291,110.66622823136488
train,PNEUMONIA,person389_bacteria_1778.jpeg,JPEG,L,1256,888,False,1,5fe3e571bb5a,75.0,76099,1.115328,68.23015292362426
train,PNEUMONIA,person389_bacteria_1780.jpeg,JPEG,L,1384,944,False,1,5fe3e571bb5a,75.0,129035,1.306496,98.76417532085823
train,PNEUMONIA,person389_virus_778.jpeg,JPEG,L,904,552,False,1,5fe3e571bb5a,75.0,40872,0.499008,81.9065025009619
train,PNEUMONIA,person38_bacteria_190.jpeg,JPEG,L,1016,648,False,1,5fe3e571bb5a,75.0,41215,0.658368,62.60176679303977
train,PNEUMONIA,person38_bacteria_191.jpeg,JPEG,L,960,664,False,1,5fe3e571bb5a,75.0,43335,0.63744,67.98286897590361
train,PNEUMONIA,person38_bacteria_192.jpeg,JPEG,L,936,632,False,1,5fe3e571bb5a,75.0,37470,0.591552,63.34185329438494
train,PNEUMONIA,person38_bacteria_193.jpeg,JPEG,L,944,568,False,1,5fe3e571bb5a,75.0,39098,0.536192,72.9179100023872
train,PNEUMONIA,person38_bacteria_194.jpeg,JPEG,L,1008,600,False,1,5fe3e571bb5a,75.0,45268,0.6048,74.8478835978836
train,PNEUMONIA,person38_bacteria_195.jpeg,JPEG,L,1040,600,False,1,5fe3e571bb5a,75.0,49257,0.624,78.9375
train,PNEUMONIA,person38_bacteria_196.jpeg,JPEG,L,1010,670,False,1,5fe3e571bb5a,75.0,69569,0.6767,102.80626570119699
train,PNEUMONIA,person390_bacteria_1781.jpeg,JPEG,L,1544,1440,False,1,5fe3e571bb5a,75.0,142859,2.22336,64.25365213010939
train,PNEUMONIA,person391_bacteria_1782.jpeg,JPEG,L,1592,1041,False,1,5fe3e571bb5a,75.0,163181,1.657272,98.46361973170367
train,PNEUMONIA,person391_virus_781.jpeg,JPEG,L,1664,1152,False,1,5fe3e571bb5a,75.0,129836,1.916928,67.73128672542735
train,PNEUMONIA,person392_bacteria_1783.jpeg,JPEG,L,1168,752,False,1,5fe3e571bb5a,75.0,60186,0.878336,68.52275211308657
train,PNEUMONIA,person392_bacteria_1784.jpeg,JPEG,L,1056,632,False,1,5fe3e571bb5a,75.0,66973,0.667392,100.35031885308784
train,PNEUMONIA,person392_bacteria_1785.jpeg,JPEG,L,992,632,False,1,5fe3e571bb5a,75.0,45230,0.626944,72.14360453246223
train,PNEUMONIA,person392_bacteria_1786.jpeg,JPEG,L,1000,592,False,1,5fe3e571bb5a,75.0,45196,0.592,76.3445945945946
train,PNEUMONIA,person392_bacteria_1787.jpeg,JPEG,L,1160,632,False,1,5fe3e571bb5a,75.0,54497,0.73312,74.33571584460934
train,PNEUMONIA,person392_virus_782.jpeg,JPEG,L,1368,944,False,1,5fe3e571bb5a,75.0,94012,1.291392,72.79896421845574
train,PNEUMONIA,person393_bacteria_1789.jpeg,JPEG,L,936,616,False,1,5fe3e571bb5a,75.0,38674,0.576576,67.07528582528583
train,PNEUMONIA,person393_virus_784.jpeg,JPEG,L,1336,992,False,1,5fe3e571bb5a,75.0,108404,1.325312,81.79507919644581
train,PNEUMONIA,person394_bacteria_1791.jpeg,JPEG,L,1240,600,False,1,5fe3e571bb5a,75.0,53434,0.744,71.81989247311827
train,PNEUMONIA,person394_bacteria_1792.jpeg,JPEG,L,1136,664,False,1,5fe3e571bb5a,75.0,39745,0.754304,52.690957491939585
train,PNEUMONIA,person394_virus_786.jpeg,JPEG,L,1312,840,False,1,5fe3e571bb5a,75.0,80299,1.10208,72.86131678281069
train,PNEUMONIA,person395_bacteria_1794.jpeg,JPEG,L,976,736,False,1,5fe3e571bb5a,75.0,65045,0.718336,90.54954784390593
train,PNEUMONIA,person395_bacteria_1795.jpeg,JPEG,L,1128,792,False,1,5fe3e571bb5a,75.0,62695,0.893376,70.17761838240563
train,PNEUMONIA,person395_virus_788.jpeg,JPEG,L,1240,1256,False,1,5fe3e571bb5a,75.0,114965,1.55744,73.81664783234025
train,PNEUMONIA,person396_bacteria_1796.jpeg,JPEG,L,1468,1083,False,1,5fe3e571bb5a,75.0,156434,1.589844,98.39581745127194
train,PNEUMONIA,person396_virus_789.jpeg,JPEG,L,1024,592,False,1,5fe3e571bb5a,75.0,50374,0.606208,83.09689083614866
train,PNEUMONIA,person397_bacteria_1797.jpeg,JPEG,L,976,720,False,1,5fe3e571bb5a,75.0,47764,0.70272,67.97017304189436
train,PNEUMONIA,person397_virus_790.jpeg,JPEG,L,1256,792,False,1,5fe3e571bb5a,75.0,91133,0.994752,91.61378916554075
train,PNEUMONIA,person398_bacteria_1799.jpeg,JPEG,L,920,680,False,1,5fe3e571bb5a,75.0,48129,0.6256,76.93254475703324
train,PNEUMONIA,person398_bacteria_1801.jpeg,JPEG,L,1048,576,False,1,5fe3e571bb5a,75.0,71526,0.603648,118.48958333333333
train,PNEUMONIA,person399_bacteria_1804.jpeg,JPEG,L,968,600,False,1,5fe3e571bb5a,75.0,39996,0.5808,68.86363636363637
train,PNEUMONIA,person399_bacteria_1805.jpeg,JPEG,L,856,568,False,1,5fe3e571bb5a,75.0,35068,0.486208,72.12551006976437
train,PNEUMONIA,person399_bacteria_1806.jpeg,JPEG,L,904,576,False,1,5fe3e571bb5a,75.0,43706,0.520704,83.93636307767946
train,PNEUMONIA,person399_virus_793.jpeg,JPEG,L,1312,800,False,1,5fe3e571bb5a,75.0,77662,1.0496,73.9919969512195
train,PNEUMONIA,person39_bacteria_198.jpeg,JPEG,L,1136,704,False,1,5fe3e571bb5a,75.0,57369,0.799744,71.73420494558259
train,PNEUMONIA,person39_bacteria_200.jpeg,JPEG,L,1136,768,False,1,5fe3e571bb5a,75.0,62790,0.872448,71.9699053697183
train,PNEUMONIA,person3_bacteria_10.jpeg,JPEG,L,1248,1056,False,1,5fe3e571bb5a,75.0,108627,1.317888,82.42506191724942
train,PNEUMONIA,person3_bacteria_11.jpeg,JPEG,L,1200,952,False,1,5fe3e571bb5a,75.0,74804,1.1424,65.47969187675069
train,PNEUMONIA,person3_bacteria_12.jpeg,JPEG,L,1654,1345,False,1,5fe3e571bb5a,75.0,183331,2.22463,82.40965913432795
train,PNEUMONIA,person3_bacteria_13.jpeg,JPEG,L,1736,1265,False,1,5fe3e571bb5a,75.0,168188,2.19604,76.58694741443689
train,PNEUMONIA,person400_bacteria_1807.jpeg,JPEG,L,1234,813,False,1,5fe3e571bb5a,75.0,78587,1.003242,78.33304427047513
train,PNEUMONIA,person400_virus_794.jpeg,JPEG,L,1344,888,False,1,5fe3e571bb5a,75.0,80036,1.193472,67.06148112398112
train,PNEUMONIA,person401_bacteria_1808.jpeg,JPEG,L,1426,967,False,1,5fe3e571bb5a,75.0,132318,1.378942,95.95617509655955
train,PNEUMONIA,person401_virus_795.jpeg,JPEG,L,1424,1152,False,1,5fe3e571bb5a,75.0,108079,1.640448,65.8838317337703
train,PNEUMONIA,person401_virus_797.jpeg,JPEG,L,1328,856,False,1,5fe3e571bb5a,75.0,104073,1.136768,91.55166225650264
train,PNEUMONIA,person401_virus_798.jpeg,JPEG,L,1328,856,False,1,5fe3e571bb5a,75.0,104073,1.136768,91.55166225650264
train,PNEUMONIA,person402_bacteria_1809.jpeg,JPEG,L,848,496,False,1,5fe3e571bb5a,75.0,28559,0.420608,67.89932668898358
train,PNEUMONIA,person402_bacteria_1810.jpeg,JPEG,L,832,512,False,1,5fe3e571bb5a,75.0,38521,0.425984,90.42827899639424
train,PNEUMONIA,person402_bacteria_1811.jpeg,JPEG,L,968,544,False,1,5fe3e571bb5a,75.0,30902,0.526592,58.68300315994167
train,PNEUMONIA,person402_bacteria_1812.jpeg,JPEG,L,896,584,False,1,5fe3e571bb5a,75.0,37021,0.523264,70.75013759784737
train,PNEUMONIA,person402_bacteria_1813.jpeg,JPEG,L,752,392,False,1,5fe3e571bb5a,75.0,21659,0.294784,73.47413699522362
train,PNEUMONIA,person402_virus_799.jpeg,JPEG,L,1880,1584,False,1,5fe3e571bb5a,75.0,266236,2.97792,89.40334192993767
train,PNEUMONIA,person402_virus_801.jpeg,JPEG,L,1872,1264,False,1,5fe3e571bb5a,75.0,220979,2.366208,93.38950760034622
train,PNEUMONIA,person403_bacteria_1814.jpeg,JPEG,L,1640,920,False,1,5fe3e571bb5a,75.0,87355,1.5088,57.89700424178155
train,PNEUMONIA,person403_virus_803.jpeg,JPEG,RGB,445,199,False,2,2670630d69c8,75.0,9151,0.088555,103.33690926542828
train,PNEUMONIA,person405_bacteria_1817.jpeg,JPEG,L,1416,1037,False,1,5fe3e571bb5a,75.0,150308,1.468392,102.36231197119025
train,PNEUMONIA,person405_virus_805.jpeg,JPEG,L,1328,872,False,1,5fe3e571bb5a,75.0,79541,1.158016,68.68730656571239
train,PNEUMONIA,person406_bacteria_1818.jpeg,JPEG,L,1328,1120,False,1,5fe3e571bb5a,75.0,103326,1.48736,69.46939543889845
train,PNEUMONIA,person406_bacteria_1819.jpeg,JPEG,L,1400,1112,False,1,5fe3e571bb5a,75.0,105560,1.5568,67.80575539568346
train,PNEUMONIA,person406_bacteria_1820.jpeg,JPEG,L,1328,1024,False,1,5fe3e571bb5a,75.0,110068,1.359872,80.93997082078313
train,PNEUMONIA,person407_bacteria_1822.jpeg,JPEG,L,1106,650,False,1,5fe3e571bb5a,75.0,68206,0.7189,94.87550424259285
train,PNEUMONIA,person407_virus_811.jpeg,JPEG,RGB,384,127,False,2,2670630d69c8,75.0,5516,0.048768,113.10695538057743
train,PNEUMONIA,person407_virus_812.jpeg,JPEG,RGB,428,172,False,2,2670630d69c8,75.0,8045,0.073616,109.28330797652684
train,PNEUMONIA,person407_virus_814.jpeg,JPEG,RGB,448,173,False,2,2670630d69c8,75.0,8238,0.077504,106.2912881915772
train,PNEUMONIA,person408_bacteria_1823.jpeg,JPEG,L,1430,763,False,1,5fe3e571bb5a,75.0,75589,1.09109,69.27842799402433
train,PNEUMONIA,person408_virus_815.jpeg,JPEG,L,1312,864,False,1,5fe3e571bb5a,75.0,122597,1.133568,108.15142982158989
train,PNEUMONIA,person409_bacteria_1824.jpeg,JPEG,L,1582,1404,False,1,5fe3e571bb5a,75.0,158116,2.221128,71.1872526031818
train,PNEUMONIA,person409_virus_816.jpeg,JPEG,L,1512,1032,False,1,5fe3e571bb5a,75.0,117525,1.560384,75.31799864648703
train,PNEUMONIA,person409_virus_818.jpeg,JPEG,L,1504,1104,False,1,5fe3e571bb5a,75.0,107258,1.660416,64.59706483194573
train,PNEUMONIA,person409_virus_820.jpeg,JPEG,L,1472,1216,False,1,5fe3e571bb5a,75.0,157785,1.789952,88.15040850257436
train,PNEUMONIA,person40_bacteria_202.jpeg,JPEG,L,1216,960,False,1,5fe3e571bb5a,75.0,77747,1.16736,66.60070586622807
train,PNEUMONIA,person40_bacteria_203.jpeg,JPEG,L,1240,1008,False,1,5fe3e571bb5a,75.0,93900,1.24992,75.12480798771122
train,PNEUMONIA,person40_bacteria_204.jpeg,JPEG,L,1344,920,False,1,5fe3e571bb5a,75.0,75305,1.23648,60.90272386128365
train,PNEUMONIA,person40_bacteria_205.jpeg,JPEG,L,1400,1032,False,1,5fe3e571bb5a,75.0,124726,1.4448,86.32751937984496
train,PNEUMONIA,person410_bacteria_1825.jpeg,JPEG,L,1106,774,False,1,5fe3e571bb5a,75.0,75550,0.856044,88.25480933223058
train,PNEUMONIA,person410_virus_821.jpeg,JPEG,L,2088,1728,False,1,5fe3e571bb5a,75.0,274230,3.608064,76.0047493614304
train,PNEUMONIA,person411_bacteria_1826.jpeg,JPEG,L,1800,1261,False,1,5fe3e571bb5a,75.0,206750,2.2698,91.08732046876376
train,PNEUMONIA,person412_bacteria_1827.jpeg,JPEG,L,1428,884,False,1,5fe3e571bb5a,75.0,113190,1.262352,89.66595688048976
train,PNEUMONIA,person413_bacteria_1828.jpeg,JPEG,L,1232,952,False,1,5fe3e571bb5a,75.0,79459,1.172864,67.74783777147223
train,PNEUMONIA,person413_bacteria_1829.jpeg,JPEG,L,1144,688,False,1,5fe3e571bb5a,75.0,78827,0.787072,100.15220970889575
train,PNEUMONIA,person413_bacteria_1830.jpeg,JPEG,L,1232,952,False,1,5fe3e571bb5a,75.0,87881,1.172864,74.92855096584088
train,PNEUMONIA,person413_bacteria_1831.jpeg,JPEG,L,1128,944,False,1,5fe3e571bb5a,75.0,108811,1.064832,102.18607254477702
train,PNEUMONIA,person413_bacteria_1832.jpeg,JPEG,L,1184,1040,False,1,5fe3e571bb5a,75.0,95235,1.23136,77.34131366943866
train,PNEUMONIA,person413_bacteria_1833.jpeg,JPEG,L,1192,976,False,1,5fe3e571bb5a,75.0,89137,1.163392,76.61819919683134
train,PNEUMONIA,person413_bacteria_1834.jpeg,JPEG,L,1168,944,False,1,5fe3e571bb5a,75.0,71393,1.102592,64.75015236823775
train,PNEUMONIA,person413_virus_844.jpeg,JPEG,L,1280,863,False,1,5fe3e571bb5a,75.0,105739,1.10464,95.72258835457706
train,PNEUMONIA,person414_bacteria_1835.jpeg,JPEG,L,1534,1264,False,1,5fe3e571bb5a,75.0,176042,1.938976,90.79122175828891
train,PNEUMONIA,person414_virus_845.jpeg,JPEG,RGB,577,260,False,2,2670630d69c8,75.0,13339,0.15002,88.91481135848555
train,PNEUMONIA,person415_bacteria_1837.jpeg,JPEG,L,840,600,False,1,5fe3e571bb5a,75.0,48014,0.504,95.26587301587303
train,PNEUMONIA,person415_bacteria_1838.jpeg,JPEG,L,840,464,False,1,5fe3e571bb5a,75.0,35054,0.38976,89.93739737274221
train,PNEUMONIA,person415_bacteria_1839.jpeg,JPEG,L,1072,664,False,1,5fe3e571bb5a,75.0,53054,0.711808,74.53414403884194
train,PNEUMONIA,person415_virus_847.jpeg,JPEG,L,1408,968,False,1,5fe3e571bb5a,75.0,92965,1.362944,68.20896529864764
train,PNEUMONIA,person416_bacteria_1840.jpeg,JPEG,L,1334,1075,False,1,5fe3e571bb5a,75.0,127607,1.43405,88.9836477110282
train,PNEUMONIA,person416_virus_849.jpeg,JPEG,L,1282,747,False,1,5fe3e571bb5a,75.0,84268,0.957654,87.99420249902366
train,PNEUMONIA,person417_bacteria_1841.jpeg,JPEG,L,1400,1224,False,1,5fe3e571bb5a,75.0,128510,1.7136,74.99416433239962
train,PNEUMONIA,person417_bacteria_1842.jpeg,JPEG,L,1424,1184,False,1,5fe3e571bb5a,75.0,133978,1.686016,79.46425182204678
train,PNEUMONIA,person417_virus_850.jpeg,JPEG,L,1352,948,False,1,5fe3e571bb5a,75.0,104261,1.281696,81.3461226375053
train,PNEUMONIA,person418_bacteria_1843.jpeg,JPEG,L,1376,936,False,1,5fe3e571bb5a,75.0,109340,1.287936,84.89552275889486
train,PNEUMONIA,person418_virus_852.jpeg,JPEG,L,1230,936,False,1,5fe3e571bb5a,75.0,115432,1.15128,100.2640539225905
train,PNEUMONIA,person419_bacteria_1844.jpeg,JPEG,L,992,776,False,1,5fe3e571bb5a,75.0,49108,0.769792,63.793856002660455
train,PNEUMONIA,person419_bacteria_1845.jpeg,JPEG,L,1264,856,False,1,5fe3e571bb5a,75.0,67896,1.081984,62.75139003903939
train,PNEUMONIA,person419_virus_855.jpeg,JPEG,L,1896,1752,False,1,5fe3e571bb5a,75.0,394326,3.321792,118.7088174093983
train,PNEUMONIA,person419_virus_857.jpeg,JPEG,L,1912,1928,False,1,5fe3e571bb5a,75.0,326710,3.686336,88.62729821698294
train,PNEUMONIA,person419_virus_859.jpeg,JPEG,L,2080,2032,False,1,5fe3e571bb5a,75.0,193440,4.22656,45.76771653543307
train,PNEUMONIA,person419_virus_861.jpeg,JPEG,L,1880,1592,False,1,5fe3e571bb5a,75.0,352109,2.99296,117.64574200791189
train,PNEUMONIA,person41_bacteria_206.jpeg,JPEG,L,936,720,False,1,5fe3e571bb5a,75.0,43668,0.67392,64.79700854700855
train,PNEUMONIA,person41_bacteria_207.jpeg,JPEG,L,1072,680,False,1,5fe3e571bb5a,75.0,50676,0.72896,69.51821773485513
train,PNEUMONIA,person41_bacteria_208.jpeg,JPEG,L,1144,720,False,1,5fe3e571bb5a,75.0,57400,0.82368,69.68725718725719
train,PNEUMONIA,person41_bacteria_209.jpeg,JPEG,L,824,568,False,1,5fe3e571bb5a,75.0,39634,0.468032,84.68224394913169
train,PNEUMONIA,person41_bacteria_210.jpeg,JPEG,L,1072,648,False,1,5fe3e571bb5a,75.0,47956,0.694656,69.03560899207665
train,PNEUMONIA,person41_bacteria_211.jpeg,JPEG,L,1244,658,False,1,5fe3e571bb5a,75.0,62973,0.818552,76.93219245692394
train,PNEUMONIA,person420_bacteria_1847.jpeg,JPEG,L,1040,760,False,1,5fe3e571bb5a,75.0,52391,0.7904,66.28415991902834
train,PNEUMONIA,person420_bacteria_1848.jpeg,JPEG,L,1000,712,False,1,5fe3e571bb5a,75.0,48231,0.712,67.74016853932585
train,PNEUMONIA,person420_bacteria_1849.jpeg,JPEG,L,960,624,False,1,5fe3e571bb5a,75.0,50420,0.59904,84.16800213675214
train,PNEUMONIA,person420_bacteria_1850.jpeg,JPEG,L,1000,640,False,1,5fe3e571bb5a,75.0,42584,0.64,66.53750000000001
train,PNEUMONIA,person420_bacteria_1851.jpeg,JPEG,L,904,568,False,1,5fe3e571bb5a,75.0,49292,0.513472,95.99744484606755
train,PNEUMONIA,person421_bacteria_1852.jpeg,JPEG,L,1074,708,False,1,5fe3e571bb5a,75.0,79455,0.760392,104.49215667708235
train,PNEUMONIA,person421_virus_866.jpeg,JPEG,RGB,452,180,False,2,2670630d69c8,75.0,8152,0.08136,100.19665683382496
train,PNEUMONIA,person422_bacteria_1853.jpeg,JPEG,L,1214,851,False,1,5fe3e571bb5a,75.0,95646,1.033114,92.58029607574768
train,PNEUMONIA,person422_virus_867.jpeg,JPEG,RGB,479,211,False,2,2670630d69c8,75.0,9240,0.101069,91.42269142862796
train,PNEUMONIA,person422_virus_868.jpeg,JPEG,RGB,507,244,False,2,2670630d69c8,75.0,9905,0.123708,80.06757849128593
train,PNEUMONIA,person423_bacteria_1854.jpeg,JPEG,L,1088,824,False,1,5fe3e571bb5a,75.0,65208,0.896512,72.73522272986865
train,PNEUMONIA,person423_bacteria_1855.jpeg,JPEG,L,1088,728,False,1,5fe3e571bb5a,75.0,54189,0.792064,68.41492606658048
train,PNEUMONIA,person423_bacteria_1856.jpeg,JPEG,L,1072,696,False,1,5fe3e571bb5a,75.0,51299,0.746112,68.75509306913708
train,PNEUMONIA,person423_bacteria_1857.jpeg,JPEG,L,1024,824,False,1,5fe3e571bb5a,75.0,57938,0.843776,68.66514335558253
train,PNEUMONIA,person423_bacteria_1858.jpeg,JPEG,L,1128,736,False,1,5fe3e571bb5a,75.0,58428,0.830208,70.37754394079556
train,PNEUMONIA,person423_virus_869.jpeg,JPEG,L,1384,959,False,1,5fe3e571bb5a,75.0,116935,1.327256,88.1028226657103
train,PNEUMONIA,person424_bacteria_1859.jpeg,JPEG,L,1456,1032,False,1,5fe3e571bb5a,75.0,111359,1.502592,74.11126906039696
train,PNEUMONIA,person425_bacteria_1860.jpeg,JPEG,L,1262,849,False,1,5fe3e571bb5a,75.0,105010,1.071438,98.00847085878979
train,PNEUMONIA,person425_virus_871.jpeg,JPEG,L,2080,1680,False,1,5fe3e571bb5a,75.0,402047,3.4944,115.05465888278388
train,PNEUMONIA,person426_bacteria_1861.jpeg,JPEG,L,1392,1240,False,1,5fe3e571bb5a,75.0,97445,1.72608,56.454509640341115
train,PNEUMONIA,person426_bacteria_1862.jpeg,JPEG,L,1272,1032,False,1,5fe3e571bb5a,75.0,118322,1.312704,90.13608551508946
train,PNEUMONIA,person426_bacteria_1863.jpeg,JPEG,L,1248,976,False,1,5fe3e571bb5a,75.0,113557,1.218048,93.2286740752417
train,PNEUMONIA,person426_virus_873.jpeg,JPEG,RGB,508,206,False,2,2670630d69c8,75.0,10182,0.104648,97.29760721657365
train,PNEUMONIA,person427_bacteria_1864.jpeg,JPEG,L,984,576,False,1,5fe3e571bb5a,75.0,46253,0.566784,81.60604392502259
train,PNEUMONIA,person427_bacteria_1865.jpeg,JPEG,L,1008,704,False,1,5fe3e571bb5a,75.0,46948,0.709632,66.15823412698413
train,PNEUMONIA,person427_bacteria_1866.jpeg,JPEG,L,976,624,False,1,5fe3e571bb5a,75.0,40543,0.609024,66.57044714165616
train,PNEUMONIA,person427_bacteria_1867.jpeg,JPEG,L,1000,688,False,1,5fe3e571bb5a,75.0,45894,0.688,66.70639534883722
train,PNEUMONIA,person427_bacteria_1868.jpeg,JPEG,L,968,568,False,1,5fe3e571bb5a,75.0,44698,0.549824,81.29510534280061
train,PNEUMONIA,person427_virus_875.jpeg,JPEG,L,1298,763,False,1,5fe3e571bb5a,75.0,91659,0.990374,92.54988519488597
train,PNEUMONIA,person428_bacteria_1869.jpeg,JPEG,L,1330,855,False,1,5fe3e571bb5a,75.0,105278,1.13715,92.5805742426241
train,PNEUMONIA,person428_virus_876.jpeg,JPEG,L,1352,890,False,1,5fe3e571bb5a,75.0,113037,1.20328,93.94072867495514
train,PNEUMONIA,person429_bacteria_1870.jpeg,JPEG,L,1096,808,False,1,5fe3e571bb5a,75.0,68702,0.885568,77.57958733829587
train,PNEUMONIA,person429_virus_877.jpeg,JPEG,L,1604,1044,False,1,5fe3e571bb5a,75.0,88688,1.674576,52.96146606663418
train,PNEUMONIA,person430_bacteria_1871.jpeg,JPEG,L,1198,990,False,1,5fe3e571bb5a,75.0,102703,1.18602,86.59466113556263
train,PNEUMONIA,person430_virus_879.jpeg,JPEG,RGB,1008,670,False,2,2670630d69c8,75.0,50953,0.67536,75.44568822553899
train,PNEUMONIA,person431_bacteria_1872.jpeg,JPEG,L,1102,755,False,1,5fe3e571bb5a,75.0,67153,0.83201,80.71177029122246
train,PNEUMONIA,person431_virus_880.jpeg,JPEG,L,1236,709,False,1,5fe3e571bb5a,75.0,78131,0.876324,89.15766314742037
train,PNEUMONIA,person432_virus_881.jpeg,JPEG,L,1260,948,False,1,5fe3e571bb5a,75.0,104657,1.19448,87.61720581340835
train,PNEUMONIA,person433_bacteria_1874.jpeg,JPEG,L,928,576,False,1,5fe3e571bb5a,75.0,38389,0.534528,71.81850155651341
train,PNEUMONIA,person433_bacteria_1875.jpeg,JPEG,L,1032,576,False,1,5fe3e571bb5a,75.0,44642,0.594432,75.10026378122309
train,PNEUMONIA,person433_bacteria_1876.jpeg,JPEG,L,1040,528,False,1,5fe3e571bb5a,75.0,46035,0.54912,83.8341346153846
train,PNEUMONIA,person433_virus_882.jpeg,JPEG,RGB,812,678,False,2,2670630d69c8,75.0,43761,0.550536,79.48798988621998
train,PNEUMONIA,person434_bacteria_1877.jpeg,JPEG,L,904,704,False,1,5fe3e571bb5a,75.0,51642,0.636416,81.14503720836686
train,PNEUMONIA,person434_virus_883.jpeg,JPEG,L,1456,1288,False,1,5fe3e571bb5a,75.0,170174,1.875328,90.74359258753668
train,PNEUMONIA,person434_virus_884.jpeg,JPEG,RGB,851,704,False,2,2670630d69c8,75.0,52908,0.599104,88.31187907274864
train,PNEUMONIA,person435_bacteria_1879.jpeg,JPEG,L,1032,600,False,1,5fe3e571bb5a,75.0,41128,0.6192,66.42118863049096
train,PNEUMONIA,person435_virus_885.jpeg,JPEG,L,1400,890,False,1,5fe3e571bb5a,75.0,108343,1.246,86.95264847512038
train,PNEUMONIA,person436_bacteria_1883.jpeg,JPEG,L,1508,1241,False,1,5fe3e571bb5a,75.0,169014,1.871428,90.31285200392428
train,PNEUMONIA,person436_virus_886.jpeg,JPEG,L,1118,708,False,1,5fe3e571bb5a,75.0,62675,0.791544,79.18068989216013
train,PNEUMONIA,person437_bacteria_1884.jpeg,JPEG,L,976,656,False,1,5fe3e571bb5a,75.0,41653,0.640256,65.05678978408636
train,PNEUMONIA,person437_bacteria_1885.jpeg,JPEG,L,1072,832,False,1,5fe3e571bb5a,75.0,63959,0.891904,71.71063253444316
train,PNEUMONIA,person437_bacteria_1886.jpeg,JPEG,L,1224,784,False,1,5fe3e571bb5a,75.0,60507,0.959616,63.05334633853541
train,PNEUMONIA,person437_bacteria_1887.jpeg,JPEG,L,1008,608,False,1,5fe3e571bb5a,75.0,44658,0.612864,72.86771616541354
train,PNEUMONIA,person437_bacteria_1888.jpeg,JPEG,L,1144,808,False,1,5fe3e571bb5a,75.0,68070,0.924352,73.64077753929239
train,PNEUMONIA,person437_virus_888.jpeg,JPEG,RGB,791,524,False,2,2670630d69c8,75.0,50934,0.414484,122.88532247324383
train,PNEUMONIA,person438_bacteria_1889.jpeg,JPEG,L,832,632,False,1,5fe3e571bb5a,75.0,35359,0.525824,67.24493366601753
train,PNEUMONIA,person438_bacteria_1890.jpeg,JPEG,L,1016,672,False,1,5fe3e571bb5a,75.0,40602,0.682752,59.46815241844769
train,PNEUMONIA,person438_bacteria_1891.jpeg,JPEG,L,928,520,False,1,5fe3e571bb5a,75.0,33102,0.48256,68.59665119363395
train,PNEUMONIA,person438_bacteria_1892.jpeg,JPEG,L,896,624,False,1,5fe3e571bb5a,75.0,35843,0.559104,64.10792983058609
train,PNEUMONIA,person438_bacteria_1893.jpeg,JPEG,L,832,672,False,1,5fe3e571bb5a,75.0,38489,0.559104,68.84050194597069
train,PNEUMONIA,person438_virus_889.jpeg,JPEG,L,1310,786,False,1,5fe3e571bb5a,75.0,79329,1.02966,77.04387856185537
train,PNEUMONIA,person439_bacteria_1895.jpeg,JPEG,L,1096,832,False,1,5fe3e571bb5a,75.0,70733,0.911872,77.56900091240877
train,PNEUMONIA,person439_virus_890.jpeg,JPEG,L,936,648,False,1,5fe3e571bb5a,75.0,40911,0.606528,67.4511316872428
train,PNEUMONIA,person439_virus_891.jpeg,JPEG,L,1224,712,False,1,5fe3e571bb5a,75.0,91627,0.871488,105.13856759932436
train,PNEUMONIA,person43_bacteria_213.jpeg,JPEG,L,1216,736,False,1,5fe3e571bb5a,75.0,62823,0.894976,70.19517841819221
train,PNEUMONIA,person43_bacteria_216.jpeg,JPEG,L,1232,744,False,1,5fe3e571bb5a,75.0,60022,0.916608,65.48273634967184
train,PNEUMONIA,person440_bacteria_1897.jpeg,JPEG,L,1072,752,False,1,5fe3e571bb5a,75.0,62238,0.806144,77.20456891076532
train,PNEUMONIA,person440_bacteria_1898.jpeg,JPEG,L,1016,816,False,1,5fe3e571bb5a,75.0,72611,0.829056,87.58274471205806
train,PNEUMONIA,person440_virus_893.jpeg,JPEG,L,1168,840,False,1,5fe3e571bb5a,75.0,65784,0.98112,67.04990215264189
train,PNEUMONIA,person441_bacteria_1900.jpeg,JPEG,L,920,608,False,1,5fe3e571bb5a,75.0,38292,0.55936,68.45680778032037
train,PNEUMONIA,person441_bacteria_1902.jpeg,JPEG,L,888,664,False,1,5fe3e571bb5a,75.0,47706,0.589632,80.90809182676652
train,PNEUMONIA,person441_bacteria_1903.jpeg,JPEG,L,928,672,False,1,5fe3e571bb5a,75.0,50609,0.623616,81.15410765599344
train,PNEUMONIA,person441_bacteria_1904.jpeg,JPEG,L,896,544,False,1,5fe3e571bb5a,75.0,32014,0.487424,65.67998293067227
train,PNEUMONIA,person441_bacteria_1905.jpeg,JPEG,L,944,656,False,1,5fe3e571bb5a,75.0,54297,0.619264,87.67989096734186
train,PNEUMONIA,person441_bacteria_1907.jpeg,JPEG,L,832,584,False,1,5fe3e571bb5a,75.0,34445,0.485888,70.8908225763962
train,PNEUMONIA,person441_bacteria_1910.jpeg,JPEG,L,864,640,False,1,5fe3e571bb5a,75.0,39966,0.55296,72.27647569444444
train,PNEUMONIA,person441_bacteria_1911.jpeg,JPEG,L,832,592,False,1,5fe3e571bb5a,75.0,37145,0.492544,75.41458225051976
train,PNEUMONIA,person441_bacteria_1912.jpeg,JPEG,L,824,560,False,1,5fe3e571bb5a,75.0,41533,0.46144,90.00736823855756
train,PNEUMONIA,person441_bacteria_1914.jpeg,JPEG,L,936,616,False,1,5fe3e571bb5a,75.0,40189,0.576576,69.70286657786659
train,PNEUMONIA,person441_bacteria_1915.jpeg,JPEG,L,872,656,False,1,5fe3e571bb5a,75.0,37459,0.572032,65.484098791676
train,PNEUMONIA,person441_bacteria_1916.jpeg,JPEG,L,904,672,False,1,5fe3e571bb5a,75.0,44161,0.607488,72.69444005478297
train,PNEUMONIA,person441_bacteria_1917.jpeg,JPEG,L,904,712,False,1,5fe3e571bb5a,75.0,42249,0.643648,65.63991498458785
train,PNEUMONIA,person441_bacteria_1918.jpeg,JPEG,L,928,568,False,1,5fe3e571bb5a,75.0,44137,0.527104,83.73489861583293
train,PNEUMONIA,person441_virus_894.jpeg,JPEG,L,1562,1051,False,1,5fe3e571bb5a,75.0,134743,1.641662,82.07718763058412
train,PNEUMONIA,person441_virus_895.jpeg,JPEG,L,1328,712,False,1,5fe3e571bb5a,75.0,55544,0.945536,58.74340056856639
train,PNEUMONIA,person441_virus_896.jpeg,JPEG,L,1336,888,False,1,5fe3e571bb5a,75.0,94541,1.186368,79.68943869018719
train,PNEUMONIA,person441_virus_897.jpeg,JPEG,RGB,738,543,False,2,2670630d69c8,75.0,30308,0.400734,75.63121671732371
train,PNEUMONIA,person442_virus_898.jpeg,JPEG,L,960,536,False,1,5fe3e571bb5a,75.0,40549,0.51456,78.80324937810946
train,PNEUMONIA,person442_virus_899.jpeg,JPEG,L,1072,744,False,1,5fe3e571bb5a,75.0,56331,0.797568,70.62846051998073
train,PNEUMONIA,person442_virus_900.jpeg,JPEG,L,976,720,False,1,5fe3e571bb5a,75.0,46160,0.70272,65.68761384335154
train,PNEUMONIA,person442_virus_901.jpeg,JPEG,L,1120,736,False,1,5fe3e571bb5a,75.0,45582,0.82432,55.29648680124223
train,PNEUMONIA,person442_virus_902.jpeg,JPEG,L,976,632,False,1,5fe3e571bb5a,75.0,39532,0.616832,64.08876322888565
train,PNEUMONIA,person442_virus_903.jpeg,JPEG,L,1000,680,False,1,5fe3e571bb5a,75.0,41697,0.68,61.319117647058825
train,PNEUMONIA,person442_virus_904.jpeg,JPEG,L,1072,624,False,1,5fe3e571bb5a,75.0,44388,0.668928,66.35691733639494
train,PNEUMONIA,person442_virus_905.jpeg,JPEG,L,1144,672,False,1,5fe3e571bb5a,75.0,59508,0.768768,77.40696803196803
train,PNEUMONIA,person442_virus_906.jpeg,JPEG,L,944,560,False,1,5fe3e571bb5a,75.0,36440,0.52864,68.931598062954
train,PNEUMONIA,person443_bacteria_1923.jpeg,JPEG,L,1144,1072,False,1,5fe3e571bb5a,75.0,83707,1.226368,68.2560210312076
train,PNEUMONIA,person443_bacteria_1924.jpeg,JPEG,L,1424,1056,False,1,5fe3e571bb5a,75.0,98537,1.503744,65.52777600442629
train,PNEUMONIA,person443_bacteria_1926.jpeg,JPEG,L,1136,872,False,1,5fe3e571bb5a,75.0,66296,0.990592,66.92563638713013
train,PNEUMONIA,person443_virus_908.jpeg,JPEG,RGB,1056,619,False,2,2670630d69c8,75.0,44181,0.653664,67.58977089146717
train,PNEUMONIA,person444_bacteria_1927.jpeg,JPEG,L,1272,1145,False,1,5fe3e571bb5a,75.0,136687,1.45644,93.85007278020379
train,PNEUMONIA,person444_virus_911.jpeg,JPEG,L,1360,816,False,1,5fe3e571bb5a,75.0,70337,1.10976,63.380370530565166
train,PNEUMONIA,person445_bacteria_1928.jpeg,JPEG,L,856,496,False,1,5fe3e571bb5a,75.0,28015,0.424576,65.98347527886645
train,PNEUMONIA,person445_bacteria_1929.jpeg,JPEG,L,872,584,False,1,5fe3e571bb5a,75.0,34341,0.509248,67.43472728415232
train,PNEUMONIA,person445_bacteria_1930.jpeg,JPEG,L,888,536,False,1,5fe3e571bb5a,75.0,32021,0.475968,67.27553112814307
train,PNEUMONIA,person445_virus_912.jpeg,JPEG,L,1870,1287,False,1,5fe3e571bb5a,75.0,213017,2.40669,88.51036070287407
train,PNEUMONIA,person445_virus_913.jpeg,JPEG,L,2052,1361,False,1,5fe3e571bb5a,75.0,214002,2.792772,76.62709308171237
train,PNEUMONIA,person445_virus_914.jpeg,JPEG,L,1744,1200,False,1,5fe3e571bb5a,75.0,113180,2.0928,54.080657492354746
train,PNEUMONIA,person445_virus_915.jpeg,JPEG,L,1552,1224,False,1,5fe3e571bb5a,75.0,143892,1.899648,75.74666464523953
train,PNEUMONIA,person445_virus_916.jpeg,JPEG,L,1560,1272,False,1,5fe3e571bb5a,75.0,131209,1.98432,66.12290356394129
train,PNEUMONIA,person445_virus_917.jpeg,JPEG,L,1640,936,False,1,5fe3e571bb5a,75.0,115281,1.53504,75.09967166979362
train,PNEUMONIA,person445_virus_918.jpeg,JPEG,L,1640,936,False,1,5fe3e571bb5a,75.0,107193,1.53504,69.83075359599749
train,PNEUMONIA,person445_virus_919.jpeg,JPEG,L,1760,1168,False,1,5fe3e571bb5a,75.0,104241,2.05568,50.70876790161893
train,PNEUMONIA,person446_bacteria_1931.jpeg,JPEG,L,1176,856,False,1,5fe3e571bb5a,75.0,72222,1.006656,71.74446881556361
train,PNEUMONIA,person446_virus_920.jpeg,JPEG,L,1238,635,False,1,5fe3e571bb5a,75.0,83938,0.78613,106.77368883009171
train,PNEUMONIA,person447_bacteria_1932.jpeg,JPEG,L,1562,1284,False,1,5fe3e571bb5a,75.0,170826,2.005608,85.17417162276975
train,PNEUMONIA,person447_virus_921.jpeg,JPEG,L,1230,840,False,1,5fe3e571bb5a,75.0,81721,1.0332,79.0950445218738
train,PNEUMONIA,person447_virus_921_1.jpeg,JPEG,RGB,990,528,False,2,2670630d69c8,75.0,45750,0.52272,87.52295684113867
train,PNEUMONIA,person448_bacteria_1933.jpeg,JPEG,L,1104,792,False,1,5fe3e571bb5a,75.0,55520,0.874368,63.497291758161325
train,PNEUMONIA,person448_bacteria_1934.jpeg,JPEG,L,1096,784,False,1,5fe3e571bb5a,75.0,54454,0.859264,63.37284001191718
train,PNEUMONIA,person448_bacteria_1935.jpeg,JPEG,L,1112,824,False,1,5fe3e571bb5a,75.0,66023,0.916288,72.05485611510791
train,PNEUMONIA,person448_bacteria_1936.jpeg,JPEG,L,1080,768,False,1,5fe3e571bb5a,75.0,59828,0.82944,72.13059413580248
train,PNEUMONIA,person448_bacteria_1937.jpeg,JPEG,L,1208,896,False,1,5fe3e571bb5a,75.0,76721,1.082368,70.88254641674551
train,PNEUMONIA,person448_virus_922.jpeg,JPEG,L,1284,832,False,1,5fe3e571bb5a,75.0,99644,1.068288,93.27447280134197
train,PNEUMONIA,person449_bacteria_1938.jpeg,JPEG,L,896,560,False,1,5fe3e571bb5a,75.0,50058,0.50176,99.76482780612245
train,PNEUMONIA,person449_bacteria_1939.jpeg,JPEG,L,1048,648,False,1,5fe3e571bb5a,75.0,56869,0.679104,83.7412237300914
train,PNEUMONIA,person449_bacteria_1940.jpeg,JPEG,L,888,536,False,1,5fe3e571bb5a,75.0,31656,0.475968,66.50867285195643
train,PNEUMONIA,person44_bacteria_218.jpeg,JPEG,L,1696,1272,False,1,5fe3e571bb5a,75.0,203607,2.157312,94.37995060519758
train,PNEUMONIA,person44_bacteria_219.jpeg,JPEG,L,1680,1328,False,1,5fe3e571bb5a,75.0,124195,2.23104,55.666863884107855
train,PNEUMONIA,person450_bacteria_1941.jpeg,JPEG,L,1126,851,False,1,5fe3e571bb5a,75.0,93893,0.958226,97.98627881105293
train,PNEUMONIA,person450_virus_931.jpeg,JPEG,L,1460,1067,False,1,5fe3e571bb5a,75.0,151688,1.55782,97.37196852011144
train,PNEUMONIA,person451_bacteria_1942.jpeg,JPEG,L,1206,878,False,1,5fe3e571bb5a,75.0,95847,1.058868,90.51836489534107
train,PNEUMONIA,person451_virus_932.jpeg,JPEG,L,1372,897,False,1,5fe3e571bb5a,75.0,100677,1.230684,81.80572754663261
train,PNEUMONIA,person452_bacteria_1943.jpeg,JPEG,L,1256,767,False,1,5fe3e571bb5a,75.0,75962,0.963352,78.85175927386875
train,PNEUMONIA,person453_virus_935.jpeg,JPEG,L,2273,1505,False,1,5fe3e571bb5a,75.0,156774,3.420865,45.82875968505042
train,PNEUMONIA,person453_virus_936.jpeg,JPEG,L,1504,936,False,1,5fe3e571bb5a,75.0,89886,1.407744,63.85109792689579
train,PNEUMONIA,person454_bacteria_1945.jpeg,JPEG,L,1026,573,False,1,5fe3e571bb5a,75.0,43186,0.587898,73.45832100126212
train,PNEUMONIA,person454_virus_938.jpeg,JPEG,L,1953,1692,False,1,5fe3e571bb5a,75.0,361113,3.304476,109.2799584563483
train,PNEUMONIA,person455_bacteria_1947.jpeg,JPEG,L,1024,680,False,1,5fe3e571bb5a,75.0,61330,0.69632,88.07732077205881
train,PNEUMONIA,person456_bacteria_1948.jpeg,JPEG,L,1040,760,False,1,5fe3e571bb5a,75.0,53822,0.7904,68.09463562753037
train,PNEUMONIA,person456_virus_943.jpeg,JPEG,L,1048,604,False,1,5fe3e571bb5a,75.0,53264,0.632992,84.1464031140994
train,PNEUMONIA,person457_bacteria_1949.jpeg,JPEG,L,1697,1519,False,1,5fe3e571bb5a,75.0,129664,2.577743,50.301368290011844
train,PNEUMONIA,person457_virus_944.jpeg,JPEG,RGB,1023,719,False,2,2670630d69c8,75.0,55520,0.735537,75.48226669766443
train,PNEUMONIA,person458_bacteria_1950.jpeg,JPEG,L,1016,720,False,1,5fe3e571bb5a,75.0,50408,0.73152,68.90857392825897
train,PNEUMONIA,person458_bacteria_1951.jpeg,JPEG,L,816,616,False,1,5fe3e571bb5a,75.0,38532,0.502656,76.65679908326966
train,PNEUMONIA,person458_bacteria_1952.jpeg,JPEG,L,896,680,False,1,5fe3e571bb5a,75.0,46580,0.60928,76.45089285714285
train,PNEUMONIA,person458_bacteria_1953.jpeg,JPEG,L,936,728,False,1,5fe3e571bb5a,75.0,45768,0.681408,67.16680755142293
train,PNEUMONIA,person458_bacteria_1954.jpeg,JPEG,L,824,712,False,1,5fe3e571bb5a,75.0,40444,0.586688,68.93612959528745
train,PNEUMONIA,person458_bacteria_1955.jpeg,JPEG,L,888,504,False,1,5fe3e571bb5a,75.0,39518,0.447552,88.29811954811954
train,PNEUMONIA,person458_virus_945.jpeg,JPEG,L,2051,1417,False,1,5fe3e571bb5a,75.0,272908,2.906267,93.90327867329464
train,PNEUMONIA,person459_bacteria_1956.jpeg,JPEG,L,1016,680,False,1,5fe3e571bb5a,75.0,58156,0.69088,84.17670217693376
train,PNEUMONIA,person459_bacteria_1957.jpeg,JPEG,L,1288,888,False,1,5fe3e571bb5a,75.0,67700,1.143744,59.191567343741255
train,PNEUMONIA,person459_virus_947.jpeg,JPEG,L,2022,1577,False,1,5fe3e571bb5a,75.0,278869,3.188694,87.45555390388668
train,PNEUMONIA,person45_bacteria_220.jpeg,JPEG,L,712,464,False,1,5fe3e571bb5a,75.0,31142,0.330368,94.26457768306858
train,PNEUMONIA,person45_bacteria_221.jpeg,JPEG,L,808,488,False,1,5fe3e571bb5a,75.0,34805,0.394304,88.26945706865769
train,PNEUMONIA,person45_bacteria_222.jpeg,JPEG,L,1040,615,False,1,5fe3e571bb5a,75.0,49934,0.6396,78.07066916823014
train,PNEUMONIA,person460_bacteria_1958.jpeg,JPEG,L,1184,824,False,1,5fe3e571bb5a,75.0,84290,0.975616,86.39669706113881
train,PNEUMONIA,person460_virus_948.jpeg,JPEG,L,1376,968,False,1,5fe3e571bb5a,75.0,78754,1.331968,59.12604507015184
train,PNEUMONIA,person461_bacteria_1960.jpeg,JPEG,L,1449,1140,False,1,5fe3e571bb5a,75.0,181812,1.65186,110.06501761650503
train,PNEUMONIA,person461_virus_949.jpeg,JPEG,RGB,863,574,False,2,2670630d69c8,75.0,33240,0.495362,67.10244225435136
train,PNEUMONIA,person461_virus_950.jpeg,JPEG,L,1008,696,False,1,5fe3e571bb5a,75.0,50305,0.701568,71.70366949461777
train,PNEUMONIA,person462_bacteria_1961.jpeg,JPEG,L,896,616,False,1,5fe3e571bb5a,75.0,45429,0.551936,82.3084560528757
train,PNEUMONIA,person462_bacteria_1963.jpeg,JPEG,L,960,544,False,1,5fe3e571bb5a,75.0,36456,0.52224,69.80698529411765
train,PNEUMONIA,person462_bacteria_1967.jpeg,JPEG,L,904,584,False,1,5fe3e571bb5a,75.0,37525,0.527936,71.07869135652807
train,PNEUMONIA,person462_bacteria_1968.jpeg,JPEG,L,1092,736,False,1,5fe3e571bb5a,75.0,79629,0.803712,99.07653487816532
train,PNEUMONIA,person462_virus_951.jpeg,JPEG,L,2126,1226,False,1,5fe3e571bb5a,75.0,212589,2.606476,81.56184825795442
train,PNEUMONIA,person463_bacteria_1971.jpeg,JPEG,L,944,616,False,1,5fe3e571bb5a,75.0,44657,0.581504,76.79568842174774
train,PNEUMONIA,person463_virus_952.jpeg,JPEG,L,1248,736,False,1,5fe3e571bb5a,75.0,73759,0.918528,80.30130818004459
train,PNEUMONIA,person463_virus_953.jpeg,JPEG,L,1306,844,False,1,5fe3e571bb5a,75.0,97179,1.102264,88.16308978611295
train,PNEUMONIA,person464_bacteria_1974.jpeg,JPEG,L,1312,816,False,1,5fe3e571bb5a,75.0,105352,1.070592,98.40536824485892
train,PNEUMONIA,person464_bacteria_1975.jpeg,JPEG,L,1384,1102,False,1,5fe3e571bb5a,75.0,146215,1.525168,95.86812731449912
train,PNEUMONIA,person464_virus_954.jpeg,JPEG,RGB,819,519,False,2,2670630d69c8,75.0,28476,0.425061,66.99273751296872
train,PNEUMONIA,person464_virus_956.jpeg,JPEG,RGB,944,631,False,2,2670630d69c8,75.0,47765,0.595664,80.18782400816568
train,PNEUMONIA,person465_bacteria_1976.jpeg,JPEG,L,1096,896,False,1,5fe3e571bb5a,75.0,75886,0.982016,77.27572666840459
train,PNEUMONIA,person465_bacteria_1977.jpeg,JPEG,L,1000,672,False,1,5fe3e571bb5a,75.0,53508,0.672,79.625
train,PNEUMONIA,person465_bacteria_1979.jpeg,JPEG,L,1112,704,False,1,5fe3e571bb5a,75.0,51773,0.782848,66.13416653041205
train,PNEUMONIA,person465_bacteria_1980.jpeg,JPEG,L,1080,584,False,1,5fe3e571bb5a,75.0,46617,0.63072,73.91076864535769
train,PNEUMONIA,person465_bacteria_1981.jpeg,JPEG,L,1008,584,False,1,5fe3e571bb5a,75.0,42621,0.588672,72.40194879321592
train,PNEUMONIA,person465_bacteria_1982.jpeg,JPEG,L,1329,810,False,1,5fe3e571bb5a,75.0,119130,1.07649,110.66521751247109
train,PNEUMONIA,person465_virus_957.jpeg,JPEG,L,1488,893,False,1,5fe3e571bb5a,75.0,103225,1.328784,77.68380714999579
train,PNEUMONIA,person466_bacteria_1983.jpeg,JPEG,RGB,742,473,False,2,2670630d69c8,75.0,31603,0.350966,90.04575941829124
train,PNEUMONIA,person466_bacteria_1984.jpeg,JPEG,RGB,650,378,False,2,2670630d69c8,75.0,21633,0.2457,88.04639804639804
train,PNEUMONIA,person466_bacteria_1986.jpeg,JPEG,L,1008,680,False,1,5fe3e571bb5a,75.0,46299,0.68544,67.54639355742296
train,PNEUMONIA,person466_bacteria_1987.jpeg,JPEG,L,958,744,False,1,5fe3e571bb5a,75.0,80756,0.712752,113.30168137023817
train,PNEUMONIA,person466_virus_960.jpeg,JPEG,RGB,1084,717,False,2,2670630d69c8,75.0,68310,0.777228,87.88926801401905
train,PNEUMONIA,person467_bacteria_1988.jpeg,JPEG,L,1160,816,False,1,5fe3e571bb5a,75.0,65747,0.94656,69.45888269100745
train,PNEUMONIA,person467_bacteria_1989.jpeg,JPEG,L,1120,704,False,1,5fe3e571bb5a,75.0,53606,0.78848,67.98650568181819
train,PNEUMONIA,person467_virus_961.jpeg,JPEG,L,2309,1915,False,1,5fe3e571bb5a,75.0,278267,4.421735,62.93163204036424
train,PNEUMONIA,person468_bacteria_1990.jpeg,JPEG,L,1144,792,False,1,5fe3e571bb5a,75.0,77090,0.906048,85.08379247015611
train,PNEUMONIA,person468_bacteria_1991.jpeg,JPEG,L,1526,1001,False,1,5fe3e571bb5a,75.0,178299,1.527526,116.72403612115278
train,PNEUMONIA,person468_virus_963.jpeg,JPEG,L,2094,1551,False,1,5fe3e571bb5a,75.0,359114,3.247794,110.57166803066943
train,PNEUMONIA,person469_bacteria_1992.jpeg,JPEG,L,1272,808,False,1,5fe3e571bb5a,75.0,67250,1.027776,65.43254561305187
train,PNEUMONIA,person469_bacteria_1993.jpeg,JPEG,L,1128,808,False,1,5fe3e571bb5a,75.0,64271,0.911424,70.51712485078295
train,PNEUMONIA,person469_bacteria_1994.jpeg,JPEG,L,1348,995,False,1,5fe3e571bb5a,75.0,150964,1.34126,112.5538672591444
train,PNEUMONIA,person469_bacteria_1995.jpeg,JPEG,L,1255,883,False,1,5fe3e571bb5a,75.0,134846,1.108165,121.68404524596968
train,PNEUMONIA,person469_virus_965.jpeg,JPEG,RGB,759,618,False,2,2670630d69c8,75.0,38787,0.469062,82.69056116249025
train,PNEUMONIA,person46_bacteria_224.jpeg,JPEG,L,1264,928,False,1,5fe3e571bb5a,75.0,75574,1.172992,64.42840189873418
train,PNEUMONIA,person46_bacteria_225.jpeg,JPEG,L,1412,1029,False,1,5fe3e571bb5a,75.0,126080,1.452948,86.77530097429502
train,PNEUMONIA,person470_bacteria_1996.jpeg,JPEG,L,1200,928,False,1,5fe3e571bb5a,75.0,69927,1.1136,62.793642241379324
train,PNEUMONIA,person470_bacteria_1998.jpeg,JPEG,L,1248,896,False,1,5fe3e571bb5a,75.0,75797,1.118208,67.78434781364469
train,PNEUMONIA,person470_bacteria_1999.jpeg,JPEG,L,1224,904,False,1,5fe3e571bb5a,75.0,69412,1.106496,62.73136098097057
train,PNEUMONIA,person470_bacteria_2000.jpeg,JPEG,L,1160,872,False,1,5fe3e571bb5a,75.0,79612,1.01152,78.70531477380575
train,PNEUMONIA,person470_bacteria_2001.jpeg,JPEG,L,1160,800,False,1,5fe3e571bb5a,75.0,73153,0.928,78.82866379310344
train,PNEUMONIA,person470_bacteria_2002.jpeg,JPEG,L,1350,1045,False,1,5fe3e571bb5a,75.0,135199,1.41075,95.83483962431332
train,PNEUMONIA,person470_bacteria_2003.jpeg,JPEG,L,1534,1064,False,1,5fe3e571bb5a,75.0,138613,1.632176,84.92527766613404
train,PNEUMONIA,person470_virus_966.jpeg,JPEG,RGB,795,612,False,2,2670630d69c8,75.0,37046,0.48654,76.1417355202039
train,PNEUMONIA,person471_bacteria_2004.jpeg,JPEG,L,1184,656,False,1,5fe3e571bb5a,75.0,49046,0.776704,63.14632086354648
train,PNEUMONIA,person471_bacteria_2005.jpeg,JPEG,L,1104,736,False,1,5fe3e571bb5a,75.0,60243,0.812544,74.14121573724007
train,PNEUMONIA,person471_bacteria_2006.jpeg,JPEG,L,1170,889,False,1,5fe3e571bb5a,75.0,123763,1.04013,118.98801111399537
train,PNEUMONIA,person471_virus_967.jpeg,JPEG,RGB,806,554,False,2,2670630d69c8,75.0,42751,0.446524,95.7417742383388
train,PNEUMONIA,person471_virus_968.jpeg,JPEG,RGB,831,603,False,2,2670630d69c8,75.0,44263,0.501093,88.33290427126302
train,PNEUMONIA,person472_bacteria_2007.jpeg,JPEG,RGB,966,619,False,2,2670630d69c8,75.0,41777,0.597954,69.8665783655599
train,PNEUMONIA,person472_bacteria_2008.jpeg,JPEG,L,1120,680,False,1,5fe3e571bb5a,75.0,69120,0.7616,90.75630252100841
train,PNEUMONIA,person472_bacteria_2010.jpeg,JPEG,RGB,777,531,False,2,2670630d69c8,75.0,34746,0.412587,84.21496557089779
train,PNEUMONIA,person472_bacteria_2014.jpeg,JPEG,L,1088,648,False,1,5fe3e571bb5a,75.0,56537,0.705024,80.1915963144517
train,PNEUMONIA,person472_bacteria_2015.jpeg,JPEG,L,1096,624,False,1,5fe3e571bb5a,75.0,61435,0.683904,89.82985916151975
train,PNEUMONIA,person472_virus_969.jpeg,JPEG,L,1870,1282,False,1,5fe3e571bb5a,75.0,143682,2.39734,59.93392676883546
train,PNEUMONIA,person473_bacteria_2018.jpeg,JPEG,L,1152,672,False,1,5fe3e571bb5a,75.0,61608,0.774144,79.58209325396824
train,PNEUMONIA,person474_virus_971.jpeg,JPEG,L,1424,976,False,1,5fe3e571bb5a,75.0,101393,1.389824,72.95384163750231
train,PNEUMONIA,person475_bacteria_2020.jpeg,JPEG,L,1096,712,False,1,5fe3e571bb5a,75.0,58966,0.780352,75.56333552038055
train,PNEUMONIA,person475_bacteria_2021.jpeg,JPEG,L,1016,800,False,1,5fe3e571bb5a,75.0,54459,0.8128,67.00172244094489
train,PNEUMONIA,person475_bacteria_2022.jpeg,JPEG,L,1128,768,False,1,5fe3e571bb5a,75.0,58112,0.866304,67.08037825059102
train,PNEUMONIA,person475_bacteria_2023.jpeg,JPEG,L,1080,728,False,1,5fe3e571bb5a,75.0,54903,0.78624,69.82982295482294
train,PNEUMONIA,person475_bacteria_2024.jpeg,JPEG,L,1072,744,False,1,5fe3e571bb5a,75.0,65816,0.797568,82.52086342481142
train,PNEUMONIA,person475_bacteria_2025.jpeg,JPEG,L,1411,915,False,1,5fe3e571bb5a,75.0,136632,1.291065,105.82890869166155
train,PNEUMONIA,person475_virus_972.jpeg,JPEG,L,1120,808,False,1,5fe3e571bb5a,75.0,80321,0.90496,88.75640912305516
train,PNEUMONIA,person476_bacteria_2026.jpeg,JPEG,L,1450,947,False,1,5fe3e571bb5a,75.0,129468,1.37315,94.28540217747513
train,PNEUMONIA,person476_virus_973.jpeg,JPEG,L,1664,1000,False,1,5fe3e571bb5a,75.0,112105,1.664,67.37079326923077
train,PNEUMONIA,person477_bacteria_2028.jpeg,JPEG,L,1264,904,False,1,5fe3e571bb5a,75.0,90033,1.142656,78.792742522684
train,PNEUMONIA,person477_bacteria_2029.jpeg,JPEG,L,1160,1032,False,1,5fe3e571bb5a,75.0,100523,1.19712,83.97069633787757
train,PNEUMONIA,person477_bacteria_2030.jpeg,JPEG,L,1232,984,False,1,5fe3e571bb5a,75.0,110760,1.212288,91.36442825467216
train,PNEUMONIA,person477_bacteria_2031.jpeg,JPEG,L,1662,1585,False,1,5fe3e571bb5a,75.0,195502,2.63427,74.21486787610989
train,PNEUMONIA,person478_bacteria_2032.jpeg,JPEG,L,1096,760,False,1,5fe3e571bb5a,75.0,55934,0.83296,67.15088359585094
train,PNEUMONIA,person478_bacteria_2035.jpeg,JPEG,L,1318,936,False,1,5fe3e571bb5a,75.0,107803,1.233648,87.38554271558823
train,PNEUMONIA,person478_virus_975.jpeg,JPEG,L,1224,888,False,1,5fe3e571bb5a,75.0,95265,1.086912,87.64739003709592
train,PNEUMONIA,person479_virus_978.jpeg,JPEG,L,1520,1080,False,1,5fe3e571bb5a,75.0,122429,1.6416,74.57906920077973
train,PNEUMONIA,person47_bacteria_229.jpeg,JPEG,L,1318,820,False,1,5fe3e571bb5a,75.0,94718,1.08076,87.64017913320257
train,PNEUMONIA,person480_bacteria_2038.jpeg,JPEG,L,1200,808,False,1,5fe3e571bb5a,75.0,62324,0.9696,64.27805280528052
train,PNEUMONIA,person480_bacteria_2039.jpeg,JPEG,L,1056,760,False,1,5fe3e571bb5a,75.0,52333,0.80256,65.20758572567783
train,PNEUMONIA,person480_bacteria_2040.jpeg,JPEG,L,1221,793,False,1,5fe3e571bb5a,75.0,107502,0.968253,111.02676676447167
train,PNEUMONIA,person480_virus_981.jpeg,JPEG,RGB,788,496,False,2,2670630d69c8,75.0,42468,0.390848,108.6560504339283
train,PNEUMONIA,person480_virus_982.jpeg,JPEG,RGB,801,493,False,2,2670630d69c8,75.0,37548,0.394893,95.08398477562277
train,PNEUMONIA,person481_bacteria_2041.jpeg,JPEG,L,1400,1088,False,1,5fe3e571bb5a,75.0,102337,1.5232,67.18553046218487
train,PNEUMONIA,person481_bacteria_2042.jpeg,JPEG,L,1512,1178,False,1,5fe3e571bb5a,75.0,204115,1.781136,114.59821147851709
train,PNEUMONIA,person481_virus_983.jpeg,JPEG,L,1256,1016,False,1,5fe3e571bb5a,75.0,91143,1.276096,71.42330984502733
train,PNEUMONIA,person482_bacteria_2043.jpeg,JPEG,L,1176,813,False,1,5fe3e571bb5a,75.0,88813,0.956088,92.89207687995247
train,PNEUMONIA,person482_bacteria_2044.jpeg,JPEG,L,992,576,False,1,5fe3e571bb5a,75.0,51763,0.571392,90.59104782706093
train,PNEUMONIA,person482_bacteria_2045.jpeg,JPEG,L,1164,844,False,1,5fe3e571bb5a,75.0,85480,0.982416,87.00998355075652
train,PNEUMONIA,person482_virus_984.jpeg,JPEG,L,1640,1328,False,1,5fe3e571bb5a,75.0,174136,2.17792,79.95518660005878
train,PNEUMONIA,person483_bacteria_2046.jpeg,JPEG,L,1040,752,False,1,5fe3e571bb5a,75.0,47047,0.78208,60.15624999999999
train,PNEUMONIA,person483_virus_985.jpeg,JPEG,L,1024,632,False,1,5fe3e571bb5a,75.0,53899,0.647168,83.2844021954114
train,PNEUMONIA,person484_virus_986.jpeg,JPEG,L,1016,648,False,1,5fe3e571bb5a,75.0,61069,0.658368,92.75815349470206
train,PNEUMONIA,person485_bacteria_2049.jpeg,JPEG,L,2334,1956,False,1,5fe3e571bb5a,75.0,410487,4.565304,89.91449419359587
train,PNEUMONIA,person485_virus_988.jpeg,JPEG,L,1136,680,False,1,5fe3e571bb5a,75.0,70273,0.77248,90.97064001657
train,PNEUMONIA,person486_bacteria_2051.jpeg,JPEG,L,1096,776,False,1,5fe3e571bb5a,75.0,53306,0.850496,62.67636767251109
train,PNEUMONIA,person486_bacteria_2052.jpeg,JPEG,L,1168,808,False,1,5fe3e571bb5a,75.0,66664,0.943744,70.637800081378
train,PNEUMONIA,person486_bacteria_2053.jpeg,JPEG,L,1294,1052,False,1,5fe3e571bb5a,75.0,137240,1.361288,100.8162857529046
train,PNEUMONIA,person486_bacteria_2054.jpeg,JPEG,L,1284,1076,False,1,5fe3e571bb5a,75.0,128270,1.381584,92.84270808000093
train,PNEUMONIA,person486_virus_990.jpeg,JPEG,L,1264,688,False,1,5fe3e571bb5a,75.0,77858,0.869632,89.5298241095084
train,PNEUMONIA,person487_bacteria_2055.jpeg,JPEG,L,1360,1000,False,1,5fe3e571bb5a,75.0,83256,1.36,61.21764705882352
train,PNEUMONIA,person487_bacteria_2056.jpeg,JPEG,L,1528,1176,False,1,5fe3e571bb5a,75.0,117993,1.796928,65.66373277059515
train,PNEUMONIA,person487_bacteria_2057.jpeg,JPEG,L,1304,984,False,1,5fe3e571bb5a,75.0,87040,1.283136,67.83380717242756
train,PNEUMONIA,person487_bacteria_2058.jpeg,JPEG,L,1256,1072,False,1,5fe3e571bb5a,75.0,92548,1.346432,68.73574008936211
train,PNEUMONIA,person487_bacteria_2059.jpeg,JPEG,L,1248,904,False,1,5fe3e571bb5a,75.0,79050,1.128192,70.06786078965281
train,PNEUMONIA,person487_bacteria_2060.jpeg,JPEG,L,1534,1203,False,1,5fe3e571bb5a,75.0,168209,1.845402,91.15032930494277
train,PNEUMONIA,person487_virus_991.jpeg,JPEG,L,1072,552,False,1,5fe3e571bb5a,75.0,47787,0.591744,80.75620538611291
train,PNEUMONIA,person488_bacteria_2061.jpeg,JPEG,L,1216,944,False,1,5fe3e571bb5a,75.0,94345,1.147904,82.18892869090098
train,PNEUMONIA,person488_bacteria_2062.jpeg,JPEG,L,1704,1156,False,1,5fe3e571bb5a,75.0,170402,1.969824,86.5062056305538
train,PNEUMONIA,person488_virus_992.jpeg,JPEG,L,1656,1120,False,1,5fe3e571bb5a,75.0,145563,1.85472,78.48246635610765
train,PNEUMONIA,person489_bacteria_2063.jpeg,JPEG,L,1288,768,False,1,5fe3e571bb5a,75.0,58568,0.989184,59.208398033126294
train,PNEUMONIA,person489_bacteria_2064.jpeg,JPEG,L,1040,576,False,1,5fe3e571bb5a,75.0,36052,0.59904,60.1829594017094
train,PNEUMONIA,person489_bacteria_2065.jpeg,JPEG,L,1032,600,False,1,5fe3e571bb5a,75.0,41936,0.6192,67.72609819121448
train,PNEUMONIA,person489_bacteria_2066.jpeg,JPEG,L,1132,766,False,1,5fe3e571bb5a,75.0,75495,0.867112,87.06487743221176
train,PNEUMONIA,person489_bacteria_2067.jpeg,JPEG,L,1296,844,False,1,5fe3e571bb5a,75.0,82783,1.093824,75.6821938447136
train,PNEUMONIA,person489_virus_994.jpeg,JPEG,RGB,928,670,False,2,2670630d69c8,75.0,74504,0.62176,119.82758620689657
train,PNEUMONIA,person489_virus_995.jpeg,JPEG,RGB,659,363,False,2,2670630d69c8,75.0,17722,0.239217,74.08336364054394
train,PNEUMONIA,person48_bacteria_230.jpeg,JPEG,L,944,776,False,1,5fe3e571bb5a,75.0,71781,0.732544,97.98865324130702
train,PNEUMONIA,person48_bacteria_231.jpeg,JPEG,L,960,816,False,1,5fe3e571bb5a,75.0,70745,0.78336,90.30969158496734
train,PNEUMONIA,person48_bacteria_232.jpeg,JPEG,L,1240,776,False,1,5fe3e571bb5a,75.0,72272,0.96224,75.10808114399735
train,PNEUMONIA,person48_bacteria_233.jpeg,JPEG,L,1144,790,False,1,5fe3e571bb5a,75.0,89957,0.90376,99.5363813401788
train,PNEUMONIA,person490_bacteria_2068.jpeg,JPEG,L,1080,800,False,1,5fe3e571bb5a,75.0,75167,0.864,86.9988425925926
train,PNEUMONIA,person490_bacteria_2069.jpeg,JPEG,L,1426,951,False,1,5fe3e571bb5a,75.0,102735,1.356126,75.7562350401069
train,PNEUMONIA,person490_bacteria_2070.jpeg,JPEG,L,1384,852,False,1,5fe3e571bb5a,75.0,108051,1.179168,91.63325327688676
train,PNEUMONIA,person490_virus_996.jpeg,JPEG,L,1256,776,False,1,5fe3e571bb5a,75.0,66187,0.974656,67.9080619213343
train,PNEUMONIA,person491_bacteria_2071.jpeg,JPEG,L,1190,901,False,1,5fe3e571bb5a,75.0,103835,1.07219,96.84384297559201
train,PNEUMONIA,person491_bacteria_2073.jpeg,JPEG,L,1016,696,False,1,5fe3e571bb5a,75.0,72240,0.707136,102.15856638609829
train,PNEUMONIA,person491_bacteria_2075.jpeg,JPEG,L,1008,736,False,1,5fe3e571bb5a,75.0,61965,0.741888,83.52338897515529
train,PNEUMONIA,person491_bacteria_2080.jpeg,JPEG,L,1016,664,False,1,5fe3e571bb5a,75.0,43045,0.674624,63.805912626885494
train,PNEUMONIA,person491_bacteria_2081.jpeg,JPEG,L,1016,680,False,1,5fe3e571bb5a,75.0,66737,0.69088,96.59709356183417
train,PNEUMONIA,person491_bacteria_2082.jpeg,JPEG,L,1096,832,False,1,5fe3e571bb5a,75.0,58819,0.911872,64.5035706765862
train,PNEUMONIA,person491_virus_997.jpeg,JPEG,L,1072,504,False,1,5fe3e571bb5a,75.0,44855,0.540288,83.02053719497749
train,PNEUMONIA,person492_bacteria_2083.jpeg,JPEG,L,1000,744,False,1,5fe3e571bb5a,75.0,59321,0.744,79.73252688172043
train,PNEUMONIA,person492_bacteria_2084.jpeg,JPEG,L,1064,680,False,1,5fe3e571bb5a,75.0,56392,0.72352,77.94117647058823
train,PNEUMONIA,person492_bacteria_2085.jpeg,JPEG,L,1342,951,False,1,5fe3e571bb5a,75.0,118531,1.276242,92.87501900109854
train,PNEUMONIA,person492_virus_998.jpeg,JPEG,L,1448,1064,False,1,5fe3e571bb5a,75.0,117792,1.540672,76.45494952851743
train,PNEUMONIA,person493_bacteria_2086.jpeg,JPEG,L,1184,688,False,1,5fe3e571bb5a,75.0,55950,0.814592,68.6846912319296
train,PNEUMONIA,person493_bacteria_2087.jpeg,JPEG,L,1450,809,False,1,5fe3e571bb5a,75.0,97341,1.17305,82.98111759942032
train,PNEUMONIA,person493_virus_999.jpeg,JPEG,L,1272,752,False,1,5fe3e571bb5a,75.0,84752,0.956544,88.60230161916232
train,PNEUMONIA,person494_bacteria_2088.jpeg,JPEG,L,1580,1493,False,1,5fe3e571bb5a,75.0,226950,2.35894,96.20846651462097
train,PNEUMONIA,person494_bacteria_2089.jpeg,JPEG,L,1280,896,False,1,5fe3e571bb5a,75.0,119868,1.14688,104.5166015625
train,PNEUMONIA,person494_bacteria_2090.jpeg,JPEG,L,1320,976,False,1,5fe3e571bb5a,75.0,86909,1.28832,67.45917163437656
train,PNEUMONIA,person494_virus_1000.jpeg,JPEG,L,1120,680,False,1,5fe3e571bb5a,75.0,65851,0.7616,86.46402310924368
train,PNEUMONIA,person495_bacteria_2094.jpeg,JPEG,RGB,796,469,False,2,2670630d69c8,75.0,27991,0.373324,74.97776730132539
train,PNEUMONIA,person495_virus_1001.jpeg,JPEG,L,1152,632,False,1,5fe3e571bb5a,75.0,55193,0.728064,75.80789600914204
train,PNEUMONIA,person496_bacteria_2095.jpeg,JPEG,L,1690,1187,False,1,5fe3e571bb5a,75.0,189571,2.00603,94.50058074904165
train,PNEUMONIA,person496_virus_1003.jpeg,JPEG,L,1544,1392,False,1,5fe3e571bb5a,75.0,158871,2.149248,73.9193429515812
train,PNEUMONIA,person497_virus_1005.jpeg,JPEG,L,1472,1192,False,1,5fe3e571bb5a,75.0,130552,1.754624,74.40454479136271
train,PNEUMONIA,person498_bacteria_2100.jpeg,JPEG,L,1398,1121,False,1,5fe3e571bb5a,75.0,154439,1.567158,98.54717903363922
train,PNEUMONIA,person498_bacteria_2101.jpeg,JPEG,L,1478,1261,False,1,5fe3e571bb5a,75.0,151946,1.863758,81.52667889286055
train,PNEUMONIA,person498_bacteria_2102.jpeg,JPEG,L,1538,1137,False,1,5fe3e571bb5a,75.0,154807,1.748706,88.52660195596057
train,PNEUMONIA,person498_virus_1007.jpeg,JPEG,L,1216,672,False,1,5fe3e571bb5a,75.0,60140,0.817152,73.59707863408522
train,PNEUMONIA,person499_bacteria_2103.jpeg,JPEG,L,1088,800,False,1,5fe3e571bb5a,75.0,60108,0.8704,69.05790441176471
train,PNEUMONIA,person499_bacteria_2104.jpeg,JPEG,L,1280,963,False,1,5fe3e571bb5a,75.0,102657,1.23264,83.28222352024922
train,PNEUMONIA,person499_virus_1008.jpeg,JPEG,L,1424,968,False,1,5fe3e571bb5a,75.0,99113,1.378432,71.90271264741386
train,PNEUMONIA,person49_bacteria_235.jpeg,JPEG,L,1000,704,False,1,5fe3e571bb5a,75.0,59280,0.704,84.20454545454547
train,PNEUMONIA,person49_bacteria_236.jpeg,JPEG,L,1192,760,False,1,5fe3e571bb5a,75.0,53580,0.90592,59.144295302013425
train,PNEUMONIA,person49_bacteria_237.jpeg,JPEG,L,1356,805,False,1,5fe3e571bb5a,75.0,97992,1.09158,89.77079096355742
train,PNEUMONIA,person4_bacteria_14.jpeg,JPEG,L,1032,592,False,1,5fe3e571bb5a,75.0,48517,0.610944,79.41317043787974
train,PNEUMONIA,person500_bacteria_2105.jpeg,JPEG,L,1080,808,False,1,5fe3e571bb5a,75.0,66157,0.87264,75.81247708104144
train,PNEUMONIA,person500_bacteria_2106.jpeg,JPEG,L,1192,760,False,1,5fe3e571bb5a,75.0,67983,0.90592,75.04305015895444
train,PNEUMONIA,person500_bacteria_2107.jpeg,JPEG,RGB,666,441,False,2,2670630d69c8,75.0,22787,0.293706,77.58438710819662
train,PNEUMONIA,person500_bacteria_2108.jpeg,JPEG,L,1152,744,False,1,5fe3e571bb5a,75.0,68870,0.857088,80.35347595579451
train,PNEUMONIA,person500_bacteria_2109.jpeg,JPEG,L,1104,656,False,1,5fe3e571bb5a,75.0,49211,0.724224,67.9499712796041
train,PNEUMONIA,person500_bacteria_2110.jpeg,JPEG,L,1112,744,False,1,5fe3e571bb5a,75.0,53669,0.827328,64.87028119439933
train,PNEUMONIA,person500_bacteria_2111.jpeg,JPEG,L,1338,851,False,1,5fe3e571bb5a,75.0,99085,1.138638,87.02063342344098
train,PNEUMONIA,person500_virus_1009.jpeg,JPEG,L,968,632,False,1,5fe3e571bb5a,75.0,51313,0.611776,83.87547076053981
train,PNEUMONIA,person501_bacteria_2112.jpeg,JPEG,L,1088,848,False,1,5fe3e571bb5a,75.0,79209,0.922624,85.85187465316315
train,PNEUMONIA,person501_bacteria_2113.jpeg,JPEG,L,1176,856,False,1,5fe3e571bb5a,75.0,79350,1.006656,78.8253385466336
train,PNEUMONIA,person501_bacteria_2114.jpeg,JPEG,L,1248,880,False,1,5fe3e571bb5a,75.0,89447,1.09824,81.44576777389277
train,PNEUMONIA,person501_bacteria_2115.jpeg,JPEG,L,1072,736,False,1,5fe3e571bb5a,75.0,64011,0.788992,81.13010017845554
train,PNEUMONIA,person501_bacteria_2116.jpeg,JPEG,L,1240,932,False,1,5fe3e571bb5a,75.0,97115,1.15568,84.03277723937421
train,PNEUMONIA,person501_virus_1010.jpeg,JPEG,L,1584,1024,False,1,5fe3e571bb5a,75.0,120460,1.622016,74.26560527146465
train,PNEUMONIA,person502_bacteria_2117.jpeg,JPEG,L,960,688,False,1,5fe3e571bb5a,75.0,47467,0.66048,71.86742974806202
train,PNEUMONIA,person502_bacteria_2118.jpeg,JPEG,L,1016,680,False,1,5fe3e571bb5a,75.0,54441,0.69088,78.79950208429828
train,PNEUMONIA,person502_bacteria_2119.jpeg,JPEG,L,968,696,False,1,5fe3e571bb5a,75.0,44158,0.673728,65.54277096988696
train,PNEUMONIA,person502_bacteria_2120.jpeg,JPEG,L,1112,720,False,1,5fe3e571bb5a,75.0,50169,0.80064,62.6611211031175
train,PNEUMONIA,person502_bacteria_2121.jpeg,JPEG,L,1096,808,False,1,5fe3e571bb5a,75.0,62987,0.885568,71.12610211751102
train,PNEUMONIA,person502_bacteria_2122.jpeg,JPEG,L,1024,744,False,1,5fe3e571bb5a,75.0,57084,0.761856,74.92754536290323
train,PNEUMONIA,person502_bacteria_2123.jpeg,JPEG,L,1140,786,False,1,5fe3e571bb5a,75.0,90065,0.89604,100.5144859604482
train,PNEUMONIA,person502_virus_1011.jpeg,JPEG,RGB,703,511,False,2,2670630d69c8,75.0,40646,0.359233,113.14662071691632
train,PNEUMONIA,person502_virus_1012.jpeg,JPEG,RGB,668,375,False,2,2670630d69c8,75.0,26010,0.2505,103.83233532934132
train,PNEUMONIA,person503_bacteria_2125.jpeg,JPEG,L,1208,856,False,1,5fe3e571bb5a,75.0,89657,1.034048,86.70487250108312
train,PNEUMONIA,person503_bacteria_2126.jpeg,JPEG,L,1530,1140,False,1,5fe3e571bb5a,75.0,142667,1.7442,81.79509230592822
train,PNEUMONIA,person503_virus_1013.jpeg,JPEG,L,1296,872,False,1,5fe3e571bb5a,75.0,94604,1.130112,83.71205685808133
train,PNEUMONIA,person504_bacteria_2127.jpeg,JPEG,L,998,740,False,1,5fe3e571bb5a,75.0,65262,0.73852,88.36862915019228
train,PNEUMONIA,person504_bacteria_2129.jpeg,JPEG,L,928,640,False,1,5fe3e571bb5a,75.0,41761,0.59392,70.31418372844828
train,PNEUMONIA,person504_bacteria_2130.jpeg,JPEG,L,1008,600,False,1,5fe3e571bb5a,75.0,41540,0.6048,68.68386243386243
train,PNEUMONIA,person504_bacteria_2132.jpeg,JPEG,L,974,766,False,1,5fe3e571bb5a,75.0,60898,0.746084,81.62351692302744
train,PNEUMONIA,person504_bacteria_2133.jpeg,JPEG,L,1072,658,False,1,5fe3e571bb5a,75.0,64746,0.705376,91.78934355577734
train,PNEUMONIA,person505_bacteria_2135.jpeg,JPEG,L,1592,1106,False,1,5fe3e571bb5a,75.0,145112,1.760752,82.41478640944322
train,PNEUMONIA,person505_virus_1017.jpeg,JPEG,L,1176,784,False,1,5fe3e571bb5a,75.0,80293,0.921984,87.08719457170623
train,PNEUMONIA,person506_bacteria_2136.jpeg,JPEG,L,1064,792,False,1,5fe3e571bb5a,75.0,61437,0.842688,72.90598655730234
train,PNEUMONIA,person506_bacteria_2138.jpeg,JPEG,L,1450,913,False,1,5fe3e571bb5a,75.0,128631,1.32385,97.1643313064169
train,PNEUMONIA,person506_virus_1018.jpeg,JPEG,L,1328,768,False,1,5fe3e571bb5a,75.0,86572,1.019904,84.88249874497993
train,PNEUMONIA,person507_bacteria_2139.jpeg,JPEG,L,888,608,False,1,5fe3e571bb5a,75.0,51733,0.539904,95.81888632053105
train,PNEUMONIA,person507_bacteria_2140.jpeg,JPEG,L,1200,816,False,1,5fe3e571bb5a,75.0,66263,0.9792,67.67054738562092
train,PNEUMONIA,person507_bacteria_2141.jpeg,JPEG,L,968,576,False,1,5fe3e571bb5a,75.0,53410,0.557568,95.79100665748393
train,PNEUMONIA,person507_virus_1019.jpeg,JPEG,L,1456,808,False,1,5fe3e571bb5a,75.0,83624,1.176448,71.08176476988358
train,PNEUMONIA,person508_bacteria_2142.jpeg,JPEG,L,1168,792,False,1,5fe3e571bb5a,75.0,65801,0.925056,71.1319098519441
train,PNEUMONIA,person508_bacteria_2143.jpeg,JPEG,L,1232,816,False,1,5fe3e571bb5a,75.0,68303,1.005312,67.94209160937102
train,PNEUMONIA,person508_bacteria_2144.jpeg,JPEG,L,1406,879,False,1,5fe3e571bb5a,75.0,116563,1.235874,94.31624906746158
train,PNEUMONIA,person508_virus_1020.jpeg,JPEG,RGB,850,534,False,2,2670630d69c8,75.0,32968,0.4539,72.63273848865389
train,PNEUMONIA,person508_virus_1021.jpeg,JPEG,RGB,764,515,False,2,2670630d69c8,75.0,42464,0.39346,107.9245666649723
train,PNEUMONIA,person509_bacteria_2145.jpeg,JPEG,L,1176,952,False,1,5fe3e571bb5a,75.0,78394,1.119552,70.02265191791003
train,PNEUMONIA,person509_bacteria_2146.jpeg,JPEG,L,1310,797,False,1,5fe3e571bb5a,75.0,96705,1.04407,92.62309998371757
train,PNEUMONIA,person509_virus_1024.jpeg,JPEG,RGB,926,606,False,2,2670630d69c8,75.0,52981,0.561156,94.41403103593298
train,PNEUMONIA,person509_virus_1025.jpeg,JPEG,L,1256,720,False,1,5fe3e571bb5a,75.0,84119,0.90432,93.01906404812456
train,PNEUMONIA,person50_bacteria_238.jpeg,JPEG,L,1416,1016,False,1,5fe3e571bb5a,75.0,88461,1.438656,61.488639396770324
train,PNEUMONIA,person510_bacteria_2147.jpeg,JPEG,L,1000,896,False,1,5fe3e571bb5a,75.0,65136,0.896,72.69642857142857
train,PNEUMONIA,person510_bacteria_2148.jpeg,JPEG,L,1320,808,False,1,5fe3e571bb5a,75.0,76457,1.06656,71.68560606060606
train,PNEUMONIA,person510_bacteria_2149.jpeg,JPEG,L,1024,672,False,1,5fe3e571bb5a,75.0,50004,0.688128,72.66671316964286
train,PNEUMONIA,person510_bacteria_2150.jpeg,JPEG,L,1246,998,False,1,5fe3e571bb5a,75.0,110391,1.243508,88.77385589799181
train,PNEUMONIA,person510_virus_1026.jpeg,JPEG,L,1136,576,False,1,5fe3e571bb5a,75.0,54340,0.654336,83.04601917057903
train,PNEUMONIA,person511_bacteria_2152.jpeg,JPEG,L,920,608,False,1,5fe3e571bb5a,75.0,40831,0.55936,72.99592391304348
train,PNEUMONIA,person511_bacteria_2153.jpeg,JPEG,L,1198,874,False,1,5fe3e571bb5a,75.0,88099,1.047052,84.14004271039069
train,PNEUMONIA,person511_virus_1027.jpeg,JPEG,RGB,699,454,False,2,2670630d69c8,75.0,30088,0.317346,94.81134156409723
train,PNEUMONIA,person512_bacteria_2154.jpeg,JPEG,L,984,592,False,1,5fe3e571bb5a,75.0,59350,0.582528,101.88351461217314
train,PNEUMONIA,person512_bacteria_2155.jpeg,JPEG,L,1276,801,False,1,5fe3e571bb5a,75.0,85811,1.022076,83.95755305867667
train,PNEUMONIA,person512_virus_1029.jpeg,JPEG,L,1224,632,False,1,5fe3e571bb5a,75.0,60881,0.773568,78.70154918507487
train,PNEUMONIA,person513_virus_1030.jpeg,JPEG,L,1488,1144,False,1,5fe3e571bb5a,75.0,153289,1.702272,90.04965128957063
train,PNEUMONIA,person514_bacteria_2184.jpeg,JPEG,L,1176,784,False,1,5fe3e571bb5a,75.0,58650,0.921984,63.612817576009995
train,PNEUMONIA,person514_virus_1031.jpeg,JPEG,RGB,766,470,False,2,2670630d69c8,75.0,33920,0.36002,94.21698794511417
train,PNEUMONIA,person515_bacteria_2185.jpeg,JPEG,L,848,704,False,1,5fe3e571bb5a,75.0,39651,0.596992,66.4179754502573
train,PNEUMONIA,person515_bacteria_2186.jpeg,JPEG,L,1072,648,False,1,5fe3e571bb5a,75.0,45309,0.694656,65.2250898286346
train,PNEUMONIA,person515_bacteria_2187.jpeg,JPEG,L,1016,584,False,1,5fe3e571bb5a,75.0,42490,0.593344,71.61107216050048
train,PNEUMONIA,person515_bacteria_2188.jpeg,JPEG,L,992,608,False,1,5fe3e571bb5a,75.0,38394,0.603136,63.657284592529706
train,PNEUMONIA,person515_bacteria_2189.jpeg,JPEG,L,1008,552,False,1,5fe3e571bb5a,75.0,35944,0.556416,64.59914883827928
train,PNEUMONIA,person515_bacteria_2190.jpeg,JPEG,L,998,747,False,1,5fe3e571bb5a,75.0,72093,0.745506,96.70344705475208
train,PNEUMONIA,person515_virus_1032.jpeg,JPEG,L,1136,680,False,1,5fe3e571bb5a,75.0,62496,0.77248,80.90306545153273
train,PNEUMONIA,person516_bacteria_2191.jpeg,JPEG,RGB,649,334,False,2,2670630d69c8,75.0,21577,0.216766,99.54051834697324
train,PNEUMONIA,person516_bacteria_2192.jpeg,JPEG,RGB,667,322,False,2,2670630d69c8,75.0,21393,0.214774,99.60702878374478
train,PNEUMONIA,person516_virus_1033.jpeg,JPEG,L,1120,648,False,1,5fe3e571bb5a,75.0,62830,0.72576,86.57131834215168
train,PNEUMONIA,person517_bacteria_2196.jpeg,JPEG,L,1446,1029,False,1,5fe3e571bb5a,75.0,129136,1.487934,86.78879573959597
train,PNEUMONIA,person517_virus_1034.jpeg,JPEG,L,1384,864,False,1,5fe3e571bb5a,75.0,100278,1.195776,83.86018786127168
train,PNEUMONIA,person517_virus_1035.jpeg,JPEG,L,1320,768,False,1,5fe3e571bb5a,75.0,82429,1.01376,81.31017203282829
train,PNEUMONIA,person518_bacteria_2197.jpeg,JPEG,L,1312,976,False,1,5fe3e571bb5a,75.0,100316,1.280512,78.3405387844862
train,PNEUMONIA,person518_bacteria_2198.jpeg,JPEG,L,1192,792,False,1,5fe3e571bb5a,75.0,67854,0.944064,71.8743644498678
train,PNEUMONIA,person518_bacteria_2199.jpeg,JPEG,L,1128,648,False,1,5fe3e571bb5a,75.0,67447,0.730944,92.27382672270379
train,PNEUMONIA,person518_bacteria_2200.jpeg,JPEG,L,1298,921,False,1,5fe3e571bb5a,75.0,112808,1.195458,94.36383377751457
train,PNEUMONIA,person518_virus_1036.jpeg,JPEG,L,1280,968,False,1,5fe3e571bb5a,75.0,97776,1.23904,78.91270661157024
train,PNEUMONIA,person519_virus_1038.jpeg,JPEG,L,1440,1168,False,1,5fe3e571bb5a,75.0,112978,1.68192,67.17204147640791
train,PNEUMONIA,person51_bacteria_239.jpeg,JPEG,L,1304,832,False,1,5fe3e571bb5a,75.0,62604,1.084928,57.70336833411987
train,PNEUMONIA,person51_bacteria_240.jpeg,JPEG,L,1024,696,False,1,5fe3e571bb5a,75.0,63062,0.712704,88.482736170977
train,PNEUMONIA,person51_bacteria_241.jpeg,JPEG,L,1272,920,False,1,5fe3e571bb5a,75.0,67472,1.17024,57.65654908394859
train,PNEUMONIA,person51_bacteria_242.jpeg,JPEG,L,1096,976,False,1,5fe3e571bb5a,75.0,80627,1.069696,75.37375104702645
train,PNEUMONIA,person51_bacteria_243.jpeg,JPEG,L,952,744,False,1,5fe3e571bb5a,75.0,54231,0.708288,76.56631200867443
train,PNEUMONIA,person51_bacteria_244.jpeg,JPEG,L,1120,704,False,1,5fe3e571bb5a,75.0,84780,0.78848,107.52333603896105
train,PNEUMONIA,person51_bacteria_245.jpeg,JPEG,L,1040,848,False,1,5fe3e571bb5a,75.0,72347,0.88192,82.03351777939041
train,PNEUMONIA,person51_bacteria_246.jpeg,JPEG,L,1016,752,False,1,5fe3e571bb5a,75.0,58373,0.764032,76.40125020941531
train,PNEUMONIA,person51_bacteria_247.jpeg,JPEG,L,1322,1018,False,1,5fe3e571bb5a,75.0,129013,1.345796,95.86371188501082
train,PNEUMONIA,person51_bacteria_248.jpeg,JPEG,L,1404,1006,False,1,5fe3e571bb5a,75.0,121459,1.412424,85.99329946248436
train,PNEUMONIA,person520_bacteria_2203.jpeg,JPEG,L,1168,704,False,1,5fe3e571bb5a,75.0,62388,0.822272,75.87270392278954
train,PNEUMONIA,person520_bacteria_2204.jpeg,JPEG,L,1000,704,False,1,5fe3e571bb5a,75.0,51066,0.704,72.53693181818183
train,PNEUMONIA,person520_bacteria_2205.jpeg,JPEG,L,1260,863,False,1,5fe3e571bb5a,75.0,99258,1.08738,91.28179661203994
train,PNEUMONIA,person520_virus_1039.jpeg,JPEG,L,1448,976,False,1,5fe3e571bb5a,75.0,126192,1.413248,89.29218367901457
train,PNEUMONIA,person521_virus_1040.jpeg,JPEG,L,952,568,False,1,5fe3e571bb5a,75.0,50977,0.540736,94.2733607527518
train,PNEUMONIA,person522_bacteria_2210.jpeg,JPEG,L,1304,832,False,1,5fe3e571bb5a,75.0,112765,1.084928,103.93777282916471
train,PNEUMONIA,person522_bacteria_2211.jpeg,JPEG,L,1360,1024,False,1,5fe3e571bb5a,75.0,94243,1.39264,67.67219094669117
train,PNEUMONIA,person522_virus_1041.jpeg,JPEG,RGB,942,537,False,2,2670630d69c8,75.0,39390,0.505854,77.86831773594753
train,PNEUMONIA,person523_virus_1043.jpeg,JPEG,L,1416,1072,False,1,5fe3e571bb5a,75.0,109911,1.517952,72.40742790285859
train,PNEUMONIA,person524_virus_1045.jpeg,JPEG,L,1072,648,False,1,5fe3e571bb5a,75.0,61560,0.694656,88.61940298507463
train,PNEUMONIA,person525_bacteria_2216.jpeg,JPEG,RGB,827,463,False,2,2670630d69c8,75.0,27204,0.382901,71.04708527791779
train,PNEUMONIA,person525_bacteria_2217.jpeg,JPEG,L,976,624,False,1,5fe3e571bb5a,75.0,38995,0.609024,64.02867538881883
train,PNEUMONIA,person525_bacteria_2218.jpeg,JPEG,L,928,688,False,1,5fe3e571bb5a,75.0,55717,0.638464,87.26725390938252
train,PNEUMONIA,person525_bacteria_2220.jpeg,JPEG,L,1218,789,False,1,5fe3e571bb5a,75.0,74061,0.961002,77.06643690647887
train,PNEUMONIA,person525_virus_1046.jpeg,JPEG,L,1072,576,False,1,5fe3e571bb5a,75.0,51870,0.617472,84.00380907960198
train,PNEUMONIA,person526_bacteria_2221.jpeg,JPEG,RGB,817,531,False,2,2670630d69c8,75.0,33261,0.433827,76.66881037833053
train,PNEUMONIA,person527_bacteria_2225.jpeg,JPEG,L,1176,800,False,1,5fe3e571bb5a,75.0,69651,0.9408,74.03380102040816
train,PNEUMONIA,person527_bacteria_2226.jpeg,JPEG,L,1346,902,False,1,5fe3e571bb5a,75.0,124380,1.214092,102.44693153401884
train,PNEUMONIA,person527_virus_1048.jpeg,JPEG,L,1104,656,False,1,5fe3e571bb5a,75.0,64983,0.724224,89.72776378579005
train,PNEUMONIA,person528_bacteria_2227.jpeg,JPEG,RGB,841,521,False,2,2670630d69c8,75.0,33642,0.438161,76.77999639401955
train,PNEUMONIA,person528_virus_1049.jpeg,JPEG,L,1168,816,False,1,5fe3e571bb5a,75.0,83791,0.953088,87.91528169486972
train,PNEUMONIA,person529_bacteria_2228.jpeg,JPEG,L,976,648,False,1,5fe3e571bb5a,75.0,44246,0.632448,69.95990184173245
train,PNEUMONIA,person529_bacteria_2229.jpeg,JPEG,L,936,744,False,1,5fe3e571bb5a,75.0,51531,0.696384,73.99796663909567
train,PNEUMONIA,person529_bacteria_2230.jpeg,JPEG,L,1098,759,False,1,5fe3e571bb5a,75.0,87618,0.833382,105.13546008913079
train,PNEUMONIA,person529_virus_1050.jpeg,JPEG,L,1296,816,False,1,5fe3e571bb5a,75.0,90378,1.057536,85.46092047930283
train,PNEUMONIA,person52_bacteria_249.jpeg,JPEG,L,1400,840,False,1,5fe3e571bb5a,75.0,72285,1.176,61.46683673469388
train,PNEUMONIA,person52_bacteria_251.jpeg,JPEG,L,1494,1044,False,1,5fe3e571bb5a,75.0,153335,1.559736,98.30830345648238
train,PNEUMONIA,person530_bacteria_2231.jpeg,JPEG,L,848,616,False,1,5fe3e571bb5a,75.0,42662,0.522368,81.6703932859593
train,PNEUMONIA,person530_bacteria_2233.jpeg,JPEG,RGB,1010,676,False,2,2670630d69c8,75.0,43196,0.68276,63.266740875270955
train,PNEUMONIA,person530_virus_1052.jpeg,JPEG,L,1320,936,False,1,5fe3e571bb5a,75.0,101257,1.23552,81.95496632996634
train,PNEUMONIA,person531_bacteria_2235.jpeg,JPEG,L,920,744,False,1,5fe3e571bb5a,75.0,51132,0.68448,74.70196353436185
train,PNEUMONIA,person531_bacteria_2236.jpeg,JPEG,L,880,632,False,1,5fe3e571bb5a,75.0,42029,0.55616,75.56997986191026
train,PNEUMONIA,person531_bacteria_2237.jpeg,JPEG,L,888,712,False,1,5fe3e571bb5a,75.0,49214,0.632256,77.83872355501568
train,PNEUMONIA,person531_bacteria_2238.jpeg,JPEG,L,1248,776,False,1,5fe3e571bb5a,75.0,61839,0.968448,63.85371233148295
train,PNEUMONIA,person531_bacteria_2239.jpeg,JPEG,L,976,640,False,1,5fe3e571bb5a,75.0,50880,0.62464,81.45491803278689
train,PNEUMONIA,person531_bacteria_2240.jpeg,JPEG,L,984,680,False,1,5fe3e571bb5a,75.0,47965,0.66912,71.68370396939264
train,PNEUMONIA,person531_bacteria_2241.jpeg,JPEG,L,968,648,False,1,5fe3e571bb5a,75.0,54430,0.627264,86.77367105397408
train,PNEUMONIA,person531_bacteria_2242.jpeg,JPEG,L,1144,936,False,1,5fe3e571bb5a,75.0,91588,1.070784,85.53359034128265
train,PNEUMONIA,person531_virus_1053.jpeg,JPEG,L,1312,776,False,1,5fe3e571bb5a,75.0,77920,1.018112,76.53381946190596
train,PNEUMONIA,person532_virus_1054.jpeg,JPEG,RGB,931,586,False,2,2670630d69c8,75.0,42930,0.545566,78.68892123042858
train,PNEUMONIA,person533_bacteria_2245.jpeg,JPEG,L,1048,608,False,1,5fe3e571bb5a,75.0,43585,0.637184,68.40253364805143
train,PNEUMONIA,person533_bacteria_2250.jpeg,JPEG,L,976,600,False,1,5fe3e571bb5a,75.0,44548,0.5856,76.0724043715847
train,PNEUMONIA,person533_virus_1055.jpeg,JPEG,L,1200,752,False,1,5fe3e571bb5a,75.0,65461,0.9024,72.54100177304964
train,PNEUMONIA,person534_bacteria_2251.jpeg,JPEG,L,1322,1037,False,1,5fe3e571bb5a,75.0,136699,1.370914,99.71376760321947
train,PNEUMONIA,person534_bacteria_2252.jpeg,JPEG,L,1160,752,False,1,5fe3e571bb5a,75.0,59685,0.87232,68.42099229640499
train,PNEUMONIA,person534_bacteria_2253.jpeg,JPEG,L,1024,872,False,1,5fe3e571bb5a,75.0,64442,0.892928,72.16931264334862
train,PNEUMONIA,person534_bacteria_2254.jpeg,JPEG,L,1152,688,False,1,5fe3e571bb5a,75.0,75800,0.792576,95.6375161498708
train,PNEUMONIA,person534_virus_1061.jpeg,JPEG,L,984,656,False,1,5fe3e571bb5a,75.0,50781,0.645504,78.66876115407496
train,PNEUMONIA,person535_bacteria_2255.jpeg,JPEG,L,1944,1555,False,1,5fe3e571bb5a,75.0,258150,3.02292,85.39756262157118
train,PNEUMONIA,person535_bacteria_2256.jpeg,JPEG,L,1840,1350,False,1,5fe3e571bb5a,75.0,198304,2.484,79.83252818035427
train,PNEUMONIA,person535_virus_1062.jpeg,JPEG,L,1368,912,False,1,5fe3e571bb5a,75.0,88360,1.247616,70.82307376628705
train,PNEUMONIA,person536_bacteria_2257.jpeg,JPEG,L,1112,784,False,1,5fe3e571bb5a,75.0,60438,0.871808,69.32489722507708
train,PNEUMONIA,person536_bacteria_2258.jpeg,JPEG,L,1232,1000,False,1,5fe3e571bb5a,75.0,102451,1.232,83.15827922077922
train,PNEUMONIA,person536_bacteria_2259.jpeg,JPEG,L,1104,776,False,1,5fe3e571bb5a,75.0,86205,0.856704,100.62401949798296
train,PNEUMONIA,person536_bacteria_2260.jpeg,JPEG,L,1176,760,False,1,5fe3e571bb5a,75.0,51313,0.89376,57.4125044754744
train,PNEUMONIA,person536_virus_1064.jpeg,JPEG,RGB,896,578,False,2,2670630d69c8,75.0,49188,0.517888,94.9780647553139
train,PNEUMONIA,person536_virus_1065.jpeg,JPEG,RGB,1084,618,False,2,2670630d69c8,75.0,78769,0.669912,117.58111513153968
train,PNEUMONIA,person537_bacteria_2261.jpeg,JPEG,L,1104,888,False,1,5fe3e571bb5a,75.0,95702,0.980352,97.62003851677764
train,PNEUMONIA,person537_bacteria_2262.jpeg,JPEG,L,1296,896,False,1,5fe3e571bb5a,75.0,78850,1.161216,67.90295690035273
train,PNEUMONIA,person537_bacteria_2263.jpeg,JPEG,L,1216,1000,False,1,5fe3e571bb5a,75.0,80691,1.216,66.3577302631579
train,PNEUMONIA,person537_bacteria_2264.jpeg,JPEG,L,1248,904,False,1,5fe3e571bb5a,75.0,81942,1.128192,72.63125425459495
train,PNEUMONIA,person537_bacteria_2265.jpeg,JPEG,L,1128,776,False,1,5fe3e571bb5a,75.0,100361,0.875328,114.65530635373256
train,PNEUMONIA,person537_bacteria_2266.jpeg,JPEG,L,1200,872,False,1,5fe3e571bb5a,75.0,78549,1.0464,75.06594036697248
train,PNEUMONIA,person537_virus_1067.jpeg,JPEG,L,1112,744,False,1,5fe3e571bb5a,75.0,61993,0.827328,74.93158698847374
train,PNEUMONIA,person538_bacteria_2268.jpeg,JPEG,L,1186,751,False,1,5fe3e571bb5a,75.0,74670,0.890686,83.83425808870916
train,PNEUMONIA,person538_virus_1068.jpeg,JPEG,L,904,464,False,1,5fe3e571bb5a,75.0,38384,0.419456,91.5090021361001
train,PNEUMONIA,person539_bacteria_2269.jpeg,JPEG,RGB,845,556,False,2,2670630d69c8,75.0,35553,0.46982,75.67366225362905
train,PNEUMONIA,person539_bacteria_2270.jpeg,JPEG,L,984,664,False,1,5fe3e571bb5a,75.0,37905,0.653376,58.01406846899795
train,PNEUMONIA,person539_virus_1069.jpeg,JPEG,L,896,512,False,1,5fe3e571bb5a,75.0,39252,0.458752,85.56256975446429
train,PNEUMONIA,person53_bacteria_252.jpeg,JPEG,L,1292,936,False,1,5fe3e571bb5a,75.0,106060,1.209312,87.70275991638222
train,PNEUMONIA,person53_bacteria_253.jpeg,JPEG,L,1016,848,False,1,5fe3e571bb5a,75.0,64094,0.861568,74.39227083642845
train,PNEUMONIA,person53_bacteria_254.jpeg,JPEG,L,1112,872,False,1,5fe3e571bb5a,75.0,78074,0.969664,80.51655006270214
train,PNEUMONIA,person53_bacteria_255.jpeg,JPEG,L,1122,832,False,1,5fe3e571bb5a,75.0,93651,0.933504,100.32201254627725
train,PNEUMONIA,person540_bacteria_2271.jpeg,JPEG,L,1136,888,False,1,5fe3e571bb5a,75.0,73963,1.008768,73.3201291079812
train,PNEUMONIA,person540_bacteria_2272.jpeg,JPEG,L,1088,736,False,1,5fe3e571bb5a,75.0,80671,0.800768,100.74203764386189
train,PNEUMONIA,person540_bacteria_2273.jpeg,JPEG,L,1292,1014,False,1,5fe3e571bb5a,75.0,114908,1.310088,87.71013855557796
train,PNEUMONIA,person540_virus_1070.jpeg,JPEG,L,1680,1352,False,1,5fe3e571bb5a,75.0,152960,2.27136,67.34291349675965
train,PNEUMONIA,person541_bacteria_2274.jpeg,JPEG,L,1184,760,False,1,5fe3e571bb5a,75.0,70216,0.89984,78.03165007112375
train,PNEUMONIA,person541_bacteria_2275.jpeg,JPEG,L,1120,744,False,1,5fe3e571bb5a,75.0,60500,0.83328,72.60464669738863
train,PNEUMONIA,person541_virus_1071.jpeg,JPEG,L,1344,856,False,1,5fe3e571bb5a,75.0,105814,1.150464,91.9750639741878
train,PNEUMONIA,person542_bacteria_2276.jpeg,JPEG,RGB,771,447,False,2,2670630d69c8,75.0,23599,0.344637,68.47494610271096
train,PNEUMONIA,person542_virus_1072.jpeg,JPEG,L,1232,680,False,1,5fe3e571bb5a,75.0,73374,0.83776,87.58355614973262
train,PNEUMONIA,person543_bacteria_2279.jpeg,JPEG,L,920,736,False,1,5fe3e571bb5a,75.0,54300,0.67712,80.19258034026464
train,PNEUMONIA,person543_bacteria_2280.jpeg,JPEG,L,1056,616,False,1,5fe3e571bb5a,75.0,37782,0.650496,58.08183293978748
train,PNEUMONIA,person543_bacteria_2281.jpeg,JPEG,L,1088,584,False,1,5fe3e571bb5a,75.0,51003,0.635392,80.2701324536664
train,PNEUMONIA,person543_bacteria_2282.jpeg,JPEG,L,1024,696,False,1,5fe3e571bb5a,75.0,58691,0.712704,82.34975529813218
train,PNEUMONIA,person543_bacteria_2283.jpeg,JPEG,L,768,424,False,1,5fe3e571bb5a,75.0,25517,0.325632,78.36146324685535
train,PNEUMONIA,person543_bacteria_2284.jpeg,JPEG,L,1172,732,False,1,5fe3e571bb5a,75.0,82991,0.857904,96.7369309386598
train,PNEUMONIA,person543_virus_1073.jpeg,JPEG,L,1608,1160,False,1,5fe3e571bb5a,75.0,137606,1.86528,73.77230228169496
train,PNEUMONIA,person544_bacteria_2286.jpeg,JPEG,L,1488,984,False,1,5fe3e571bb5a,75.0,99302,1.464192,67.82034050179212
train,PNEUMONIA,person544_virus_1074.jpeg,JPEG,L,1664,1448,False,1,5fe3e571bb5a,75.0,207006,2.409472,85.91342833616659
train,PNEUMONIA,person544_virus_1075.jpeg,JPEG,L,1752,1320,False,1,5fe3e571bb5a,75.0,192213,2.31264,83.11410336239103
train,PNEUMONIA,person544_virus_1076.jpeg,JPEG,L,1608,1392,False,1,5fe3e571bb5a,75.0,196000,2.238336,87.56504832161035
train,PNEUMONIA,person544_virus_1078.jpeg,JPEG,L,1864,1544,False,1,5fe3e571bb5a,75.0,241873,2.878016,84.04157586337254
train,PNEUMONIA,person544_virus_1079.jpeg,JPEG,L,1696,1248,False,1,5fe3e571bb5a,75.0,201684,2.116608,95.28642053701017
train,PNEUMONIA,person544_virus_1080.jpeg,JPEG,L,1712,1152,False,1,5fe3e571bb5a,75.0,192047,1.972224,97.37585588655244
train,PNEUMONIA,person545_bacteria_2287.jpeg,JPEG,L,1056,736,False,1,5fe3e571bb5a,75.0,52374,0.777216,67.38667243083005
train,PNEUMONIA,person545_bacteria_2288.jpeg,JPEG,L,1144,904,False,1,5fe3e571bb5a,75.0,65844,1.034176,63.66807970790271
train,PNEUMONIA,person545_bacteria_2289.jpeg,JPEG,L,1008,704,False,1,5fe3e571bb5a,75.0,46253,0.709632,65.17885326479076
train,PNEUMONIA,person545_bacteria_2290.jpeg,JPEG,L,1206,940,False,1,5fe3e571bb5a,75.0,110501,1.13364,97.47450689813346
train,PNEUMONIA,person545_virus_1081.jpeg,JPEG,RGB,930,655,False,2,2670630d69c8,75.0,55261,0.60915,90.71821390462121
train,PNEUMONIA,person546_virus_1085.jpeg,JPEG,L,1336,936,False,1,5fe3e571bb5a,75.0,117188,1.250496,93.71321459644813
train,PNEUMONIA,person547_bacteria_2292.jpeg,JPEG,RGB,726,436,False,2,2670630d69c8,75.0,22450,0.316536,70.92400232516997
train,PNEUMONIA,person547_bacteria_2294.jpeg,JPEG,RGB,808,597,False,2,2670630d69c8,75.0,33666,0.482376,69.7920294542017
train,PNEUMONIA,person547_bacteria_2296.jpeg,JPEG,RGB,856,475,False,2,2670630d69c8,75.0,31506,0.4066,77.48647319232661
train,PNEUMONIA,person547_virus_1086.jpeg,JPEG,L,1888,1424,False,1,5fe3e571bb5a,75.0,193044,2.688512,71.80328746905353
train,PNEUMONIA,person548_bacteria_2297.jpeg,JPEG,L,992,704,False,1,5fe3e571bb5a,75.0,49031,0.698368,70.20797058284458
train,PNEUMONIA,person548_bacteria_2298.jpeg,JPEG,L,1072,664,False,1,5fe3e571bb5a,75.0,55602,0.711808,78.11376101420608
train,PNEUMONIA,person548_bacteria_2299.jpeg,JPEG,L,1080,608,False,1,5fe3e571bb5a,75.0,42197,0.65664,64.26200048732944
train,PNEUMONIA,person548_bacteria_2300.jpeg,JPEG,L,1032,680,False,1,5fe3e571bb5a,75.0,49034,0.70176,69.87289101687186
train,PNEUMONIA,person548_bacteria_2301.jpeg,JPEG,L,992,640,False,1,5fe3e571bb5a,75.0,39287,0.63488,61.88098538306451
train,PNEUMONIA,person548_bacteria_2302.jpeg,JPEG,L,1264,856,False,1,5fe3e571bb5a,75.0,74684,1.081984,69.0250502780078
train,PNEUMONIA,person548_virus_1088.jpeg,JPEG,L,1016,600,False,1,5fe3e571bb5a,75.0,53461,0.6096,87.69849081364829
train,PNEUMONIA,person549_bacteria_2303.jpeg,JPEG,L,1032,704,False,1,5fe3e571bb5a,75.0,67158,0.726528,92.43690539112052
train,PNEUMONIA,person549_bacteria_2304.jpeg,JPEG,L,880,552,False,1,5fe3e571bb5a,75.0,32095,0.48576,66.07172266139656
train,PNEUMONIA,person549_bacteria_2305.jpeg,JPEG,L,976,608,False,1,5fe3e571bb5a,75.0,44520,0.593408,75.02426660914581
train,PNEUMONIA,person549_bacteria_2306.jpeg,JPEG,L,896,552,False,1,5fe3e571bb5a,75.0,29710,0.494592,60.06971402691512
train,PNEUMONIA,person549_bacteria_2307.jpeg,JPEG,L,1010,685,False,1,5fe3e571bb5a,75.0,63110,0.69185,91.21919491219195
train,PNEUMONIA,person549_virus_1089.jpeg,JPEG,L,1504,880,False,1,5fe3e571bb5a,75.0,95914,1.32352,72.46887088974854
train,PNEUMONIA,person54_bacteria_257.jpeg,JPEG,L,1184,624,False,1,5fe3e571bb5a,75.0,60393,0.738816,81.74295088357589
train,PNEUMONIA,person54_bacteria_258.jpeg,JPEG,L,1600,1164,False,1,5fe3e571bb5a,75.0,152306,1.8624,81.77942439862544
train,PNEUMONIA,person550_bacteria_2308.jpeg,JPEG,L,1208,688,False,1,5fe3e571bb5a,75.0,57044,0.831104,68.63641614045896
train,PNEUMONIA,person550_bacteria_2309.jpeg,JPEG,L,1410,979,False,1,5fe3e571bb5a,75.0,112504,1.38039,81.50160461898449
train,PNEUMONIA,person550_virus_1090.jpeg,JPEG,L,1664,1176,False,1,5fe3e571bb5a,75.0,151396,1.956864,77.36664377289377
train,PNEUMONIA,person551_bacteria_2310.jpeg,JPEG,L,1176,824,False,1,5fe3e571bb5a,75.0,66632,0.969024,68.76197080774058
train,PNEUMONIA,person551_bacteria_2311.jpeg,JPEG,L,1376,656,False,1,5fe3e571bb5a,75.0,57200,0.902656,63.36854792966535
train,PNEUMONIA,person551_virus_1091.jpeg,JPEG,L,1344,792,False,1,5fe3e571bb5a,75.0,87892,1.064448,82.57049663299662
train,PNEUMONIA,person552_bacteria_2313.jpeg,JPEG,RGB,972,557,False,2,2670630d69c8,75.0,36400,0.541404,67.232602640542
train,PNEUMONIA,person552_bacteria_2315.jpeg,JPEG,L,1232,768,False,1,5fe3e571bb5a,75.0,66518,0.946176,70.30193114177489
train,PNEUMONIA,person552_virus_1092.jpeg,JPEG,L,1448,880,False,1,5fe3e571bb5a,75.0,102164,1.27424,80.17641888498243
train,PNEUMONIA,person553_bacteria_2316.jpeg,JPEG,L,1088,776,False,1,5fe3e571bb5a,75.0,64264,0.844288,76.11620679199514
train,PNEUMONIA,person553_bacteria_2317.jpeg,JPEG,L,1136,840,False,1,5fe3e571bb5a,75.0,88777,0.95424,93.03424714956405
train,PNEUMONIA,person553_virus_1093.jpeg,JPEG,L,1272,928,False,1,5fe3e571bb5a,75.0,94580,1.180416,80.12429516373889
train,PNEUMONIA,person554_bacteria_2320.jpeg,JPEG,L,1304,744,False,1,5fe3e571bb5a,75.0,90205,0.970176,92.97797513028563
train,PNEUMONIA,person554_bacteria_2321.jpeg,JPEG,L,1240,728,False,1,5fe3e571bb5a,75.0,65194,0.90272,72.21951435661114
train,PNEUMONIA,person554_bacteria_2322.jpeg,JPEG,L,1336,744,False,1,5fe3e571bb5a,75.0,56648,0.993984,56.99085699568605
train,PNEUMONIA,person554_bacteria_2323.jpeg,JPEG,L,1384,809,False,1,5fe3e571bb5a,75.0,98784,1.119656,88.22709832305637
train,PNEUMONIA,person554_virus_1094.jpeg,JPEG,L,1280,1032,False,1,5fe3e571bb5a,75.0,90966,1.32096,68.86355377906976
train,PNEUMONIA,person555_bacteria_2325.jpeg,JPEG,L,928,576,False,1,5fe3e571bb5a,75.0,35745,0.534528,66.87208153735632
train,PNEUMONIA,person556_bacteria_2326.jpeg,JPEG,L,1210,886,False,1,5fe3e571bb5a,75.0,98261,1.07206,91.65625058298976
train,PNEUMONIA,person556_virus_1096.jpeg,JPEG,L,1208,824,False,1,5fe3e571bb5a,75.0,82207,0.995392,82.58756349257376
train,PNEUMONIA,person557_bacteria_2327.jpeg,JPEG,RGB,885,592,False,2,2670630d69c8,75.0,43525,0.52392,83.07566040616886
train,PNEUMONIA,person557_virus_1097.jpeg,JPEG,L,1376,968,False,1,5fe3e571bb5a,75.0,113447,1.331968,85.17246660580435
train,PNEUMONIA,person558_bacteria_2328.jpeg,JPEG,L,1280,905,False,1,5fe3e571bb5a,75.0,119699,1.1584,103.33131906077347
train,PNEUMONIA,person558_virus_1098.jpeg,JPEG,L,1352,1072,False,1,5fe3e571bb5a,75.0,124839,1.449344,86.13483065442021
train,PNEUMONIA,person559_bacteria_2329.jpeg,JPEG,L,1422,1229,False,1,5fe3e571bb5a,75.0,163958,1.747638,93.8169117403032
train,PNEUMONIA,person559_virus_1099.jpeg,JPEG,L,1352,936,False,1,5fe3e571bb5a,75.0,104658,1.265472,82.7027385829161
train,PNEUMONIA,person55_bacteria_260.jpeg,JPEG,L,1448,984,False,1,5fe3e571bb5a,75.0,93799,1.424832,65.8316208507389
train,PNEUMONIA,person55_bacteria_261.jpeg,JPEG,L,1240,848,False,1,5fe3e571bb5a,75.0,100481,1.05152,95.55785909920876
train,PNEUMONIA,person55_bacteria_262.jpeg,JPEG,L,1192,984,False,1,5fe3e571bb5a,75.0,80204,1.172928,68.37930375948055
train,PNEUMONIA,person55_bacteria_263.jpeg,JPEG,L,1256,880,False,1,5fe3e571bb5a,75.0,95309,1.10528,86.23063839027215
train,PNEUMONIA,person55_bacteria_264.jpeg,JPEG,L,1192,808,False,1,5fe3e571bb5a,75.0,113857,0.963136,118.21487308126785
train,PNEUMONIA,person55_bacteria_265.jpeg,JPEG,L,1526,1052,False,1,5fe3e571bb5a,75.0,132087,1.605352,82.27915123910519
train,PNEUMONIA,person55_bacteria_266.jpeg,JPEG,L,1666,1176,False,1,5fe3e571bb5a,75.0,145247,1.959216,74.13526635143855
train,PNEUMONIA,person560_bacteria_2330.jpeg,JPEG,L,1024,712,False,1,5fe3e571bb5a,75.0,66751,0.729088,91.55410595154495
train,PNEUMONIA,person561_bacteria_2331.jpeg,JPEG,L,1072,812,False,1,5fe3e571bb5a,75.0,74186,0.870464,85.22581060216162
train,PNEUMONIA,person562_bacteria_2332.jpeg,JPEG,L,1352,817,False,1,5fe3e571bb5a,75.0,98366,1.104584,89.05253018330883
train,PNEUMONIA,person562_virus_1102.jpeg,JPEG,L,1152,792,False,1,5fe3e571bb5a,75.0,85229,0.912384,93.41351886924804
train,PNEUMONIA,person563_bacteria_2333.jpeg,JPEG,RGB,871,488,False,2,2670630d69c8,75.0,29466,0.425048,69.32393517908567
train,PNEUMONIA,person563_bacteria_2334.jpeg,JPEG,L,1152,664,False,1,5fe3e571bb5a,75.0,45864,0.764928,59.95858433734939
train,PNEUMONIA,person563_bacteria_2335.jpeg,JPEG,L,1056,624,False,1,5fe3e571bb5a,75.0,48285,0.658944,73.27633304195804
train,PNEUMONIA,person563_bacteria_2336.jpeg,JPEG,L,976,672,False,1,5fe3e571bb5a,75.0,43660,0.655872,66.5678669008587
train,PNEUMONIA,person563_bacteria_2337.jpeg,JPEG,L,992,712,False,1,5fe3e571bb5a,75.0,48824,0.706304,69.12604204421892
train,PNEUMONIA,person563_bacteria_2338.jpeg,JPEG,L,1144,656,False,1,5fe3e571bb5a,75.0,55435,0.750464,73.86763389049975
train,PNEUMONIA,person563_bacteria_2339.jpeg,JPEG,L,1088,568,False,1,5fe3e571bb5a,75.0,48943,0.617984,79.19784330985915
train,PNEUMONIA,person563_bacteria_2340.jpeg,JPEG,L,1064,696,False,1,5fe3e571bb5a,75.0,50065,0.740544,67.60570607553366
train,PNEUMONIA,person563_virus_1103.jpeg,JPEG,L,864,528,False,1,5fe3e571bb5a,75.0,46953,0.456192,102.92376893939395
train,PNEUMONIA,person564_bacteria_2342.jpeg,JPEG,L,992,792,False,1,5fe3e571bb5a,75.0,53822,0.785664,68.50511159986966
train,PNEUMONIA,person564_bacteria_2343.jpeg,JPEG,L,936,696,False,1,5fe3e571bb5a,75.0,48113,0.651456,73.85456577266922
train,PNEUMONIA,person564_bacteria_2344.jpeg,JPEG,L,960,744,False,1,5fe3e571bb5a,75.0,47261,0.71424,66.16963485663084
train,PNEUMONIA,person564_bacteria_2345.jpeg,JPEG,L,944,624,False,1,5fe3e571bb5a,75.0,37876,0.589056,64.29948935245545
train,PNEUMONIA,person564_bacteria_2346.jpeg,JPEG,L,976,744,False,1,5fe3e571bb5a,75.0,64838,0.726144,89.29082936717785
train,PNEUMONIA,person564_bacteria_2347.jpeg,JPEG,L,888,616,False,1,5fe3e571bb5a,75.0,39252,0.547008,71.75763425763425
train,PNEUMONIA,person564_virus_1104.jpeg,JPEG,L,1208,848,False,1,5fe3e571bb5a,75.0,82658,1.024384,80.69044420842185
train,PNEUMONIA,person565_bacteria_2348.jpeg,JPEG,RGB,736,437,False,2,2670630d69c8,75.0,24024,0.321632,74.69406029250821
train,PNEUMONIA,person565_virus_1105.jpeg,JPEG,L,1272,816,False,1,5fe3e571bb5a,75.0,81781,1.037952,78.79073406091997
train,PNEUMONIA,person566_bacteria_2351.jpeg,JPEG,L,1072,744,False,1,5fe3e571bb5a,75.0,60048,0.797568,75.28887818969667
train,PNEUMONIA,person566_virus_1106.jpeg,JPEG,L,1312,696,False,1,5fe3e571bb5a,75.0,69658,0.913152,76.28302845528455
train,PNEUMONIA,person567_bacteria_2352.jpeg,JPEG,L,984,712,False,1,5fe3e571bb5a,75.0,49297,0.700608,70.36317027496118
train,PNEUMONIA,person567_bacteria_2353.jpeg,JPEG,L,1016,632,False,1,5fe3e571bb5a,75.0,47275,0.642112,73.624227549088
train,PNEUMONIA,person567_bacteria_2354.jpeg,JPEG,L,920,656,False,1,5fe3e571bb5a,75.0,56255,0.60352,93.2114925768823
train,PNEUMONIA,person567_virus_1107.jpeg,JPEG,L,1744,1104,False,1,5fe3e571bb5a,75.0,130434,1.925376,67.74468986836857
train,PNEUMONIA,person568_bacteria_2358.jpeg,JPEG,L,904,552,False,1,5fe3e571bb5a,75.0,35513,0.499008,71.16719571630114
train,PNEUMONIA,person568_bacteria_2359.jpeg,JPEG,L,1064,576,False,1,5fe3e571bb5a,75.0,41101,0.612864,67.0638184001671
train,PNEUMONIA,person569_bacteria_2360.jpeg,JPEG,L,952,488,False,1,5fe3e571bb5a,75.0,37579,0.464576,80.88881044220967
train,PNEUMONIA,person569_bacteria_2362.jpeg,JPEG,L,880,680,False,1,5fe3e571bb5a,75.0,43404,0.5984,72.53342245989305
train,PNEUMONIA,person569_bacteria_2363.jpeg,JPEG,L,1024,624,False,1,5fe3e571bb5a,75.0,40149,0.638976,62.83334585336539
train,PNEUMONIA,person569_bacteria_2364.jpeg,JPEG,L,880,536,False,1,5fe3e571bb5a,75.0,40609,0.47168,86.09438602442334
train,PNEUMONIA,person569_virus_1110.jpeg,JPEG,L,1128,736,False,1,5fe3e571bb5a,75.0,75675,0.830208,91.15185592044404
train,PNEUMONIA,person56_bacteria_267.jpeg,JPEG,L,1080,728,False,1,5fe3e571bb5a,75.0,73079,0.78624,92.94744607244606
train,PNEUMONIA,person56_bacteria_268.jpeg,JPEG,L,1216,864,False,1,5fe3e571bb5a,75.0,60926,1.050624,57.990299098440545
train,PNEUMONIA,person56_bacteria_269.jpeg,JPEG,L,1392,778,False,1,5fe3e571bb5a,75.0,88973,1.082976,82.15602192477027
train,PNEUMONIA,person570_bacteria_2365.jpeg,JPEG,L,1334,785,False,1,5fe3e571bb5a,75.0,103400,1.04719,98.74043869784853
train,PNEUMONIA,person570_virus_1112.jpeg,JPEG,L,1056,680,False,1,5fe3e571bb5a,75.0,66312,0.71808,92.34625668449196
train,PNEUMONIA,person571_bacteria_2367.jpeg,JPEG,L,1296,920,False,1,5fe3e571bb5a,75.0,130604,1.19232,109.53770799785293
train,PNEUMONIA,person571_virus_1114.jpeg,JPEG,RGB,703,457,False,2,2670630d69c8,75.0,27748,0.321271,86.36945133547691
train,PNEUMONIA,person572_bacteria_2368.jpeg,JPEG,L,1148,720,False,1,5fe3e571bb5a,75.0,77923,0.82656,94.27385791715061
train,PNEUMONIA,person573_bacteria_2369.jpeg,JPEG,L,1168,832,False,1,5fe3e571bb5a,75.0,64221,0.971776,66.08621739989464
train,PNEUMONIA,person573_virus_1116.jpeg,JPEG,L,1336,880,False,1,5fe3e571bb5a,75.0,81197,1.17568,69.06386091453457
train,PNEUMONIA,person574_bacteria_2370.jpeg,JPEG,L,984,584,False,1,5fe3e571bb5a,75.0,38289,0.574656,66.62942699632477
train,PNEUMONIA,person574_bacteria_2371.jpeg,JPEG,L,984,584,False,1,5fe3e571bb5a,75.0,37922,0.574656,65.99078405167613
train,PNEUMONIA,person574_bacteria_2372.jpeg,JPEG,L,1024,704,False,1,5fe3e571bb5a,75.0,47954,0.720896,66.51999733664773
train,PNEUMONIA,person574_bacteria_2373.jpeg,JPEG,L,1016,712,False,1,5fe3e571bb5a,75.0,48021,0.723392,66.38309519596567
train,PNEUMONIA,person574_virus_1118.jpeg,JPEG,L,1304,712,False,1,5fe3e571bb5a,75.0,74560,0.928448,80.30605914386159
train,PNEUMONIA,person575_bacteria_2374.jpeg,JPEG,L,1244,755,False,1,5fe3e571bb5a,75.0,85193,0.93922,90.70611784246502
train,PNEUMONIA,person575_virus_1119.jpeg,JPEG,L,1200,800,False,1,5fe3e571bb5a,75.0,77896,0.96,81.14166666666667
train,PNEUMONIA,person576_bacteria_2375.jpeg,JPEG,L,1256,1032,False,1,5fe3e571bb5a,75.0,88839,1.296192,68.53845726559028
train,PNEUMONIA,person576_bacteria_2376.jpeg,JPEG,L,1184,1000,False,1,5fe3e571bb5a,75.0,90301,1.184,76.2677364864865
train,PNEUMONIA,person576_virus_1120.jpeg,JPEG,L,1160,712,False,1,5fe3e571bb5a,75.0,71896,0.82592,87.04959318093762
train,PNEUMONIA,person577_bacteria_2378.jpeg,JPEG,L,1508,929,False,1,5fe3e571bb5a,75.0,131696,1.400932,94.0059902978874
train,PNEUMONIA,person577_virus_1121.jpeg,JPEG,L,1344,600,False,1,5fe3e571bb5a,75.0,74043,0.8064,91.81919642857143
train,PNEUMONIA,person578_bacteria_2379.jpeg,JPEG,L,1068,763,False,1,5fe3e571bb5a,75.0,80452,0.814884,98.7281625360174
train,PNEUMONIA,person578_virus_1122.jpeg,JPEG,L,1440,896,False,1,5fe3e571bb5a,75.0,108868,1.29024,84.3781001984127
train,PNEUMONIA,person579_bacteria_2381.jpeg,JPEG,L,824,568,False,1,5fe3e571bb5a,75.0,31498,0.468032,67.29881717489403
train,PNEUMONIA,person579_bacteria_2382.jpeg,JPEG,L,944,496,False,1,5fe3e571bb5a,75.0,32441,0.468224,69.2852139147075
train,PNEUMONIA,person579_bacteria_2383.jpeg,JPEG,L,992,520,False,1,5fe3e571bb5a,75.0,34810,0.51584,67.48216501240695
train,PNEUMONIA,person579_bacteria_2384.jpeg,JPEG,L,840,504,False,1,5fe3e571bb5a,75.0,32284,0.42336,76.25661375661375
train,PNEUMONIA,person579_bacteria_2386.jpeg,JPEG,L,776,488,False,1,5fe3e571bb5a,75.0,29107,0.378688,76.86274716917356
train,PNEUMONIA,person579_virus_1123.jpeg,JPEG,L,1168,840,False,1,5fe3e571bb5a,75.0,83929,0.98112,85.54407208088715
train,PNEUMONIA,person57_bacteria_270.jpeg,JPEG,L,1144,832,False,1,5fe3e571bb5a,75.0,68775,0.951808,72.25721994351802
train,PNEUMONIA,person57_bacteria_271.jpeg,JPEG,L,1492,1118,False,1,5fe3e571bb5a,75.0,152417,1.668056,91.3740306080851
train,PNEUMONIA,person580_bacteria_2387.jpeg,JPEG,L,880,656,False,1,5fe3e571bb5a,75.0,42965,0.57728,74.4266213968958
train,PNEUMONIA,person580_bacteria_2388.jpeg,JPEG,L,896,584,False,1,5fe3e571bb5a,75.0,34938,0.523264,66.76935543052839
train,PNEUMONIA,person580_bacteria_2389.jpeg,JPEG,L,816,584,False,1,5fe3e571bb5a,75.0,32636,0.476544,68.48475691646522
train,PNEUMONIA,person581_bacteria_2390.jpeg,JPEG,L,1008,648,False,1,5fe3e571bb5a,75.0,45253,0.653184,69.28063149127964
train,PNEUMONIA,person581_bacteria_2392.jpeg,JPEG,L,936,576,False,1,5fe3e571bb5a,75.0,49001,0.539136,90.88801341405508
train,PNEUMONIA,person581_bacteria_2393.jpeg,JPEG,L,896,576,False,1,5fe3e571bb5a,75.0,37752,0.516096,73.14918154761905
train,PNEUMONIA,person581_bacteria_2394.jpeg,JPEG,L,1008,776,False,1,5fe3e571bb5a,75.0,55613,0.782208,71.09745745377188
train,PNEUMONIA,person581_bacteria_2395.jpeg,JPEG,L,976,672,False,1,5fe3e571bb5a,75.0,43785,0.655872,66.75845286885246
train,PNEUMONIA,person581_bacteria_2400.jpeg,JPEG,RGB,895,517,False,2,2670630d69c8,75.0,42017,0.462715,90.80535534832457
train,PNEUMONIA,person581_virus_1125.jpeg,JPEG,L,1736,1216,False,1,5fe3e571bb5a,75.0,174036,2.110976,82.44338163958282
train,PNEUMONIA,person582_bacteria_2403.jpeg,JPEG,L,1408,1296,False,1,5fe3e571bb5a,75.0,146732,1.824768,80.41131804152637
train,PNEUMONIA,person582_bacteria_2404.jpeg,JPEG,L,1368,1120,False,1,5fe3e571bb5a,75.0,182412,1.53216,119.05545112781955
train,PNEUMONIA,person582_bacteria_2405.jpeg,JPEG,L,1440,1112,False,1,5fe3e571bb5a,75.0,145656,1.60128,90.96223021582733
train,PNEUMONIA,person583_bacteria_2406.jpeg,JPEG,L,1841,1447,False,1,5fe3e571bb5a,75.0,141029,2.663927,52.94026450424504
train,PNEUMONIA,person583_bacteria_2408.jpeg,JPEG,L,1360,1080,False,1,5fe3e571bb5a,75.0,76287,1.4688,51.938316993464056
train,PNEUMONIA,person583_bacteria_2409.jpeg,JPEG,L,1328,928,False,1,5fe3e571bb5a,75.0,112472,1.232384,91.26376194432905
train,PNEUMONIA,person583_virus_1127.jpeg,JPEG,L,1280,712,False,1,5fe3e571bb5a,75.0,67659,0.91136,74.23959796348316
train,PNEUMONIA,person584_virus_1128.jpeg,JPEG,L,1256,696,False,1,5fe3e571bb5a,75.0,70362,0.874176,80.48951240940039
train,PNEUMONIA,person585_bacteria_2411.jpeg,JPEG,L,1144,864,False,1,5fe3e571bb5a,75.0,66612,0.988416,67.39267676767676
train,PNEUMONIA,person585_bacteria_2412.jpeg,JPEG,L,1160,768,False,1,5fe3e571bb5a,75.0,64483,0.89088,72.38124102011494
train,PNEUMONIA,person585_bacteria_2413.jpeg,JPEG,L,1264,808,False,1,5fe3e571bb5a,75.0,62929,1.021312,61.61584315077078
train,PNEUMONIA,person585_bacteria_2414.jpeg,JPEG,L,1240,800,False,1,5fe3e571bb5a,75.0,70094,0.992,70.65927419354838
train,PNEUMONIA,person585_bacteria_2415.jpeg,JPEG,L,1096,768,False,1,5fe3e571bb5a,75.0,79248,0.841728,94.14917883211679
train,PNEUMONIA,person585_bacteria_2416.jpeg,JPEG,L,1208,696,False,1,5fe3e571bb5a,75.0,63105,0.840768,75.05637702671842
train,PNEUMONIA,person585_virus_1129.jpeg,JPEG,L,1456,1160,False,1,5fe3e571bb5a,75.0,133319,1.68896,78.93555797650625
train,PNEUMONIA,person586_bacteria_2417.jpeg,JPEG,RGB,765,594,False,2,2670630d69c8,75.0,32519,0.45441,71.56312581149183
train,PNEUMONIA,person586_bacteria_2418.jpeg,JPEG,L,928,616,False,1,5fe3e571bb5a,75.0,38250,0.571648,66.91180586654724
train,PNEUMONIA,person586_bacteria_2420.jpeg,JPEG,L,824,552,False,1,5fe3e571bb5a,75.0,32214,0.454848,70.82365977205572
train,PNEUMONIA,person586_virus_1130.jpeg,JPEG,L,1344,880,False,1,5fe3e571bb5a,75.0,96900,1.18272,81.92978896103897
train,PNEUMONIA,person587_bacteria_2421.jpeg,JPEG,L,1056,755,False,1,5fe3e571bb5a,75.0,74972,0.79728,94.03471804134055
train,PNEUMONIA,person588_bacteria_2422.jpeg,JPEG,L,1120,656,False,1,5fe3e571bb5a,75.0,50233,0.73472,68.37026350174216
train,PNEUMONIA,person588_bacteria_2423.jpeg,JPEG,L,1056,840,False,1,5fe3e571bb5a,75.0,60244,0.88704,67.91576479076478
train,PNEUMONIA,person588_virus_1134.jpeg,JPEG,L,1024,776,False,1,5fe3e571bb5a,75.0,64455,0.794624,81.11383497100515
train,PNEUMONIA,person588_virus_1135.jpeg,JPEG,L,1064,904,False,1,5fe3e571bb5a,75.0,70676,0.961856,73.4787743695522
train,PNEUMONIA,person589_bacteria_2424.jpeg,JPEG,L,1096,672,False,1,5fe3e571bb5a,75.0,46701,0.736512,63.408335505735145
train,PNEUMONIA,person589_bacteria_2425.jpeg,JPEG,L,736,480,False,1,5fe3e571bb5a,75.0,31543,0.35328,89.2861186594203
train,PNEUMONIA,person58_bacteria_272.jpeg,JPEG,L,936,696,False,1,5fe3e571bb5a,75.0,43755,0.651456,67.16493516062482
train,PNEUMONIA,person58_bacteria_273.jpeg,JPEG,L,840,600,False,1,5fe3e571bb5a,75.0,33584,0.504,66.63492063492065
train,PNEUMONIA,person58_bacteria_274.jpeg,JPEG,L,832,416,False,1,5fe3e571bb5a,75.0,36358,0.346112,105.04692122781066
train,PNEUMONIA,person58_bacteria_275.jpeg,JPEG,L,1214,731,False,1,5fe3e571bb5a,75.0,78842,0.887434,88.84266322904014
train,PNEUMONIA,person58_bacteria_276.jpeg,JPEG,L,1248,766,False,1,5fe3e571bb5a,75.0,77952,0.955968,81.54247840931913
train,PNEUMONIA,person58_bacteria_277.jpeg,JPEG,L,1222,782,False,1,5fe3e571bb5a,75.0,76738,0.955604,80.30313811997438
train,PNEUMONIA,person58_bacteria_278.jpeg,JPEG,L,1202,704,False,1,5fe3e571bb5a,75.0,70483,0.846208,83.29276017243988
train,PNEUMONIA,person590_bacteria_2428.jpeg,JPEG,L,1512,1075,False,1,5fe3e571bb5a,75.0,143257,1.6254,88.13645871785407
train,PNEUMONIA,person590_virus_1138.jpeg,JPEG,L,1088,688,False,1,5fe3e571bb5a,75.0,77933,0.748544,104.11278428522573
train,PNEUMONIA,person591_bacteria_2429.jpeg,JPEG,L,1592,1183,False,1,5fe3e571bb5a,75.0,165135,1.883336,87.68217673320109
train,PNEUMONIA,person591_virus_1139.jpeg,JPEG,L,1288,800,False,1,5fe3e571bb5a,75.0,78772,1.0304,76.44798136645963
train,PNEUMONIA,person592_bacteria_2431.jpeg,JPEG,L,856,608,False,1,5fe3e571bb5a,75.0,34362,0.520448,66.02388711264142
train,PNEUMONIA,person592_bacteria_2434.jpeg,JPEG,RGB,654,389,False,2,2670630d69c8,75.0,16736,0.254406,65.7846119981447
train,PNEUMONIA,person592_virus_1141.jpeg,JPEG,L,1056,768,False,1,5fe3e571bb5a,75.0,62816,0.811008,77.4542297979798
train,PNEUMONIA,person593_bacteria_2435.jpeg,JPEG,L,1040,864,False,1,5fe3e571bb5a,75.0,59415,0.89856,66.1224626068376
train,PNEUMONIA,person593_virus_1142.jpeg,JPEG,L,1456,904,False,1,5fe3e571bb5a,75.0,103411,1.316224,78.56641422736556
train,PNEUMONIA,person594_bacteria_2436.jpeg,JPEG,L,1416,1008,False,1,5fe3e571bb5a,75.0,89970,1.427328,63.03386467581383
train,PNEUMONIA,person594_virus_1145.jpeg,JPEG,L,1312,824,False,1,5fe3e571bb5a,75.0,91226,1.081088,84.38350994553635
train,PNEUMONIA,person595_bacteria_2438.jpeg,JPEG,L,1016,848,False,1,5fe3e571bb5a,75.0,83688,0.861568,97.13452681622344
train,PNEUMONIA,person595_virus_1147.jpeg,JPEG,L,1536,1080,False,1,5fe3e571bb5a,75.0,122021,1.65888,73.55625482253087
train,PNEUMONIA,person596_bacteria_2440.jpeg,JPEG,L,848,560,False,1,5fe3e571bb5a,75.0,32758,0.47488,68.98163746630728
train,PNEUMONIA,person596_bacteria_2441.jpeg,JPEG,L,848,640,False,1,5fe3e571bb5a,75.0,33348,0.54272,61.446049528301884
train,PNEUMONIA,person596_bacteria_2443.jpeg,JPEG,L,992,616,False,1,5fe3e571bb5a,75.0,41573,0.611072,68.03289956011731
train,PNEUMONIA,person596_bacteria_2444.jpeg,JPEG,L,928,696,False,1,5fe3e571bb5a,75.0,42526,0.645888,65.84113654379708
train,PNEUMONIA,person596_bacteria_2445.jpeg,JPEG,L,920,632,False,1,5fe3e571bb5a,75.0,38645,0.58144,66.46429554210238
train,PNEUMONIA,person596_bacteria_2446.jpeg,JPEG,L,880,584,False,1,5fe3e571bb5a,75.0,35736,0.51392,69.53611457036114
train,PNEUMONIA,person596_bacteria_2447.jpeg,JPEG,L,880,592,False,1,5fe3e571bb5a,75.0,34787,0.52096,66.77480036855037
train,PNEUMONIA,person596_bacteria_2449.jpeg,JPEG,L,848,584,False,1,5fe3e571bb5a,75.0,48607,0.495232,98.14995799948306
train,PNEUMONIA,person596_virus_1149.jpeg,JPEG,L,1448,1056,False,1,5fe3e571bb5a,75.0,111670,1.529088,73.0304599866064
train,PNEUMONIA,person597_bacteria_2450.jpeg,JPEG,L,1104,672,False,1,5fe3e571bb5a,75.0,52205,0.741888,70.36776440648723
train,PNEUMONIA,person597_bacteria_2451.jpeg,JPEG,L,1064,760,False,1,5fe3e571bb5a,75.0,56385,0.80864,69.72818559556787
train,PNEUMONIA,person597_virus_1150.jpeg,JPEG,L,1528,1112,False,1,5fe3e571bb5a,75.0,115683,1.699136,68.08342592941354
train,PNEUMONIA,person598_bacteria_2453.jpeg,JPEG,L,664,360,False,1,5fe3e571bb5a,75.0,21166,0.23904,88.5458500669344
train,PNEUMONIA,person598_bacteria_2454.jpeg,JPEG,L,728,464,False,1,5fe3e571bb5a,75.0,24058,0.337792,71.22134331186055
train,PNEUMONIA,person598_virus_1151.jpeg,JPEG,RGB,1021,701,False,2,2670630d69c8,75.0,71622,0.715721,100.06971990482324
train,PNEUMONIA,person598_virus_1153.jpeg,JPEG,RGB,840,603,False,2,2670630d69c8,75.0,39114,0.50652,77.22103766879886
train,PNEUMONIA,person598_virus_1154.jpeg,JPEG,RGB,1111,621,False,2,2670630d69c8,75.0,61461,0.689931,89.08282132561082
train,PNEUMONIA,person599_bacteria_2455.jpeg,JPEG,L,1310,1029,False,1,5fe3e571bb5a,75.0,119095,1.34799,88.3500619440797
train,PNEUMONIA,person599_virus_1155.jpeg,JPEG,L,1160,832,False,1,5fe3e571bb5a,75.0,82446,0.96512,85.42564655172414
train,PNEUMONIA,person59_bacteria_279.jpeg,JPEG,L,840,488,False,1,5fe3e571bb5a,75.0,31054,0.40992,75.75624512099921
train,PNEUMONIA,person59_bacteria_280.jpeg,JPEG,L,784,496,False,1,5fe3e571bb5a,75.0,29675,0.388864,76.31202682685978
train,PNEUMONIA,person59_bacteria_281.jpeg,JPEG,L,792,584,False,1,5fe3e571bb5a,75.0,33195,0.462528,71.76862806143629
train,PNEUMONIA,person59_bacteria_282.jpeg,JPEG,L,840,488,False,1,5fe3e571bb5a,75.0,38144,0.40992,93.05230288836846
train,PNEUMONIA,person59_bacteria_283.jpeg,JPEG,L,816,480,False,1,5fe3e571bb5a,75.0,29604,0.39168,75.58210784313725
train,PNEUMONIA,person59_bacteria_284.jpeg,JPEG,L,1122,639,False,1,5fe3e571bb5a,75.0,61900,0.716958,86.33699603045088
train,PNEUMONIA,person5_bacteria_15.jpeg,JPEG,L,1276,1110,False,1,5fe3e571bb5a,75.0,127764,1.41636,90.20587986105227
train,PNEUMONIA,person5_bacteria_16.jpeg,JPEG,L,1168,840,False,1,5fe3e571bb5a,75.0,84043,0.98112,85.66026581865624
train,PNEUMONIA,person5_bacteria_17.jpeg,JPEG,L,1120,784,False,1,5fe3e571bb5a,75.0,71629,0.87808,81.57457179300292
train,PNEUMONIA,person5_bacteria_19.jpeg,JPEG,L,1160,776,False,1,5fe3e571bb5a,75.0,87475,0.90016,97.17716850337717
train,PNEUMONIA,person600_bacteria_2456.jpeg,JPEG,L,1072,648,False,1,5fe3e571bb5a,75.0,39313,0.694656,56.59347936244702
train,PNEUMONIA,person600_bacteria_2457.jpeg,JPEG,L,1000,680,False,1,5fe3e571bb5a,75.0,43775,0.68,64.375
train,PNEUMONIA,person600_bacteria_2458.jpeg,JPEG,L,1016,728,False,1,5fe3e571bb5a,75.0,49508,0.739648,66.93454183611665
train,PNEUMONIA,person600_virus_1156.jpeg,JPEG,RGB,796,548,False,2,2670630d69c8,75.0,36223,0.436208,83.04065950188901
train,PNEUMONIA,person601_bacteria_2459.jpeg,JPEG,L,1268,959,False,1,5fe3e571bb5a,75.0,106730,1.216012,87.77051542254517
train,PNEUMONIA,person602_bacteria_2460.jpeg,JPEG,L,1288,851,False,1,5fe3e571bb5a,75.0,109861,1.096088,100.23009101459007
train,PNEUMONIA,person603_bacteria_2461.jpeg,JPEG,L,1112,768,False,1,5fe3e571bb5a,75.0,57033,0.854016,66.78212117805755
train,PNEUMONIA,person603_virus_1164.jpeg,JPEG,L,1160,736,False,1,5fe3e571bb5a,75.0,71979,0.85376,84.30823650674662
train,PNEUMONIA,person604_bacteria_2462.jpeg,JPEG,L,952,568,False,1,5fe3e571bb5a,75.0,49115,0.540736,90.82990590602438
train,PNEUMONIA,person604_bacteria_2463.jpeg,JPEG,L,1192,832,False,1,5fe3e571bb5a,75.0,58019,0.991744,58.50199244966443
train,PNEUMONIA,person604_virus_1165.jpeg,JPEG,L,1312,800,False,1,5fe3e571bb5a,75.0,81538,1.0496,77.68483231707316
train,PNEUMONIA,person605_bacteria_2464.jpeg,JPEG,L,888,560,False,1,5fe3e571bb5a,75.0,33898,0.49728,68.16682754182754
train,PNEUMONIA,person605_bacteria_2465.jpeg,JPEG,L,1064,760,False,1,5fe3e571bb5a,75.0,50362,0.80864,62.279877324891174
train,PNEUMONIA,person605_bacteria_2466.jpeg,JPEG,L,936,560,False,1,5fe3e571bb5a,75.0,35561,0.52416,67.84378815628816
train,PNEUMONIA,person605_bacteria_2467.jpeg,JPEG,L,888,472,False,1,5fe3e571bb5a,75.0,32626,0.419136,77.84108260803175
train,PNEUMONIA,person605_bacteria_2468.jpeg,JPEG,L,928,704,False,1,5fe3e571bb5a,75.0,47459,0.653312,72.64369856974922
train,PNEUMONIA,person605_virus_1166.jpeg,JPEG,L,1336,1080,False,1,5fe3e571bb5a,75.0,128772,1.44288,89.24650698602794
train,PNEUMONIA,person605_virus_1169.jpeg,JPEG,L,1504,992,False,1,5fe3e571bb5a,75.0,135831,1.491968,91.04149686856555
train,PNEUMONIA,person606_bacteria_2469.jpeg,JPEG,L,1328,968,False,1,5fe3e571bb5a,75.0,94661,1.285504,73.63726600617346
train,PNEUMONIA,person607_bacteria_2470.jpeg,JPEG,L,1446,1021,False,1,5fe3e571bb5a,75.0,129069,1.476366,87.42344378020083
train,PNEUMONIA,person607_virus_1173.jpeg,JPEG,L,1512,1160,False,1,5fe3e571bb5a,75.0,135693,1.75392,77.36555829228244
train,PNEUMONIA,person608_bacteria_2471.jpeg,JPEG,L,1024,728,False,1,5fe3e571bb5a,75.0,48457,0.745472,65.00177069024726
train,PNEUMONIA,person608_bacteria_2472.jpeg,JPEG,L,1176,752,False,1,5fe3e571bb5a,75.0,58156,0.884352,65.7611448834853
train,PNEUMONIA,person608_bacteria_2473.jpeg,JPEG,L,1192,672,False,1,5fe3e571bb5a,75.0,59807,0.801024,74.66318112815597
train,PNEUMONIA,person608_virus_1175.jpeg,JPEG,L,1176,728,False,1,5fe3e571bb5a,75.0,68070,0.856128,79.5091388203633
train,PNEUMONIA,person609_bacteria_2474.jpeg,JPEG,L,1704,1435,False,1,5fe3e571bb5a,75.0,245840,2.44524,100.53818848047635
train,PNEUMONIA,person609_virus_1176.jpeg,JPEG,L,1024,656,False,1,5fe3e571bb5a,75.0,53892,0.671744,80.2269912347561
train,PNEUMONIA,person60_bacteria_285.jpeg,JPEG,L,952,592,False,1,5fe3e571bb5a,75.0,38879,0.563584,68.98527992277992
train,PNEUMONIA,person60_bacteria_286.jpeg,JPEG,L,920,528,False,1,5fe3e571bb5a,75.0,46092,0.48576,94.88636363636363
train,PNEUMONIA,person60_bacteria_287.jpeg,JPEG,L,1302,867,False,1,5fe3e571bb5a,75.0,90400,1.128834,80.08263393909114
train,PNEUMONIA,person610_bacteria_2475.jpeg,JPEG,L,1338,1044,False,1,5fe3e571bb5a,75.0,84823,1.396872,60.723530860379476
train,PNEUMONIA,person610_virus_1177.jpeg,JPEG,L,1440,1104,False,1,5fe3e571bb5a,75.0,118925,1.58976,74.80688909017712
train,PNEUMONIA,person611_bacteria_2476.jpeg,JPEG,L,1560,1200,False,1,5fe3e571bb5a,75.0,98582,1.872,52.661324786324776
train,PNEUMONIA,person612_bacteria_2477.jpeg,JPEG,RGB,693,356,False,2,2670630d69c8,75.0,22225,0.246708,90.0862558165929
train,PNEUMONIA,person612_bacteria_2478.jpeg,JPEG,L,1112,624,False,1,5fe3e571bb5a,75.0,59148,0.693888,85.24142224681795
train,PNEUMONIA,person612_virus_1179.jpeg,JPEG,L,1592,1328,False,1,5fe3e571bb5a,75.0,145197,2.114176,68.67782057879761
train,PNEUMONIA,person613_bacteria_2479.jpeg,JPEG,L,1467,1123,False,1,5fe3e571bb5a,75.0,118553,1.647441,71.96190940980587
train,PNEUMONIA,person613_virus_1181.jpeg,JPEG,L,1424,1168,False,1,5fe3e571bb5a,75.0,129042,1.663232,77.58508734800677
train,PNEUMONIA,person614_bacteria_2480.jpeg,JPEG,L,936,656,False,1,5fe3e571bb5a,75.0,52582,0.614016,85.6362049197415
train,PNEUMONIA,person614_bacteria_2481.jpeg,JPEG,L,1080,648,False,1,5fe3e571bb5a,75.0,47732,0.69984,68.20416095107453
train,PNEUMONIA,person614_bacteria_2483.jpeg,JPEG,L,920,576,False,1,5fe3e571bb5a,75.0,46120,0.52992,87.03200483091788
train,PNEUMONIA,person614_virus_1183.jpeg,JPEG,L,1240,760,False,1,5fe3e571bb5a,75.0,74523,0.9424,79.07788624787776
train,PNEUMONIA,person615_virus_1184.jpeg,JPEG,L,1752,1264,False,1,5fe3e571bb5a,75.0,163128,2.214528,73.66264955782901
train,PNEUMONIA,person616_bacteria_2487.jpeg,JPEG,L,1206,848,False,1,5fe3e571bb5a,75.0,99687,1.022688,97.47547639162677
train,PNEUMONIA,person616_virus_1186.jpeg,JPEG,L,1464,800,False,1,5fe3e571bb5a,75.0,78672,1.1712,67.17213114754098
train,PNEUMONIA,person617_bacteria_2488.jpeg,JPEG,L,1422,952,False,1,5fe3e571bb5a,75.0,125228,1.353744,92.50493446323676
train,PNEUMONIA,person617_virus_1187.jpeg,JPEG,L,1360,776,False,1,5fe3e571bb5a,75.0,81942,1.05536,77.64364766525165
train,PNEUMONIA,person618_bacteria_2489.jpeg,JPEG,L,1430,1087,False,1,5fe3e571bb5a,75.0,143028,1.55441,92.01433341267747
train,PNEUMONIA,person618_virus_1189.jpeg,JPEG,L,1152,664,False,1,5fe3e571bb5a,75.0,59402,0.764928,77.65698209504686
train,PNEUMONIA,person619_bacteria_2490.jpeg,JPEG,L,1686,1334,False,1,5fe3e571bb5a,75.0,198573,2.249124,88.28904053311422
train,PNEUMONIA,person619_bacteria_2491.jpeg,JPEG,L,1456,1104,False,1,5fe3e571bb5a,75.0,97349,1.607424,60.56211677814939
train,PNEUMONIA,person619_virus_1190.jpeg,JPEG,L,1728,1008,False,1,5fe3e571bb5a,75.0,132636,1.741824,76.14776234567901
train,PNEUMONIA,person61_bacteria_288.jpeg,JPEG,L,1180,863,False,1,5fe3e571bb5a,75.0,89707,1.01834,88.09140365693186
train,PNEUMONIA,person61_bacteria_289.jpeg,JPEG,L,976,768,False,1,5fe3e571bb5a,75.0,53242,0.749568,71.03024675546447
train,PNEUMONIA,person61_bacteria_290.jpeg,JPEG,L,968,672,False,1,5fe3e571bb5a,75.0,47246,0.650496,72.63073101141283
train,PNEUMONIA,person61_bacteria_291.jpeg,JPEG,L,848,640,False,1,5fe3e571bb5a,75.0,52231,0.54272,96.23931308962264
train,PNEUMONIA,person61_bacteria_292.jpeg,JPEG,L,968,744,False,1,5fe3e571bb5a,75.0,58282,0.720192,80.92564205100861
train,PNEUMONIA,person61_bacteria_293.jpeg,JPEG,L,984,784,False,1,5fe3e571bb5a,75.0,55519,0.771456,71.96651526464244
train,PNEUMONIA,person61_bacteria_294.jpeg,JPEG,L,1024,632,False,1,5fe3e571bb5a,75.0,57661,0.647168,89.09742138053798
train,PNEUMONIA,person61_bacteria_295.jpeg,JPEG,L,1096,784,False,1,5fe3e571bb5a,75.0,63311,0.859264,73.68049865931773
train,PNEUMONIA,person61_bacteria_296.jpeg,JPEG,L,1264,1071,False,1,5fe3e571bb5a,75.0,106902,1.353744,78.96766301457292
train,PNEUMONIA,person61_bacteria_297.jpeg,JPEG,L,1252,990,False,1,5fe3e571bb5a,75.0,94804,1.23948,76.48691386710557
train,PNEUMONIA,person620_bacteria_2492.jpeg,JPEG,L,1778,1295,False,1,5fe3e571bb5a,75.0,186065,2.30251,80.8096381774672
train,PNEUMONIA,person620_virus_1191.jpeg,JPEG,L,1368,840,False,1,5fe3e571bb5a,75.0,99657,1.14912,86.72462406015038
train,PNEUMONIA,person620_virus_1192.jpeg,JPEG,L,1416,864,False,1,5fe3e571bb5a,75.0,100324,1.223424,82.00264176605984
train,PNEUMONIA,person621_virus_1194.jpeg,JPEG,RGB,791,615,False,2,2670630d69c8,75.0,46001,0.486465,94.561787590063
train,PNEUMONIA,person621_virus_1195.jpeg,JPEG,L,1328,736,False,1,5fe3e571bb5a,75.0,83605,0.977408,85.53746234939759
train,PNEUMONIA,person622_bacteria_2494.jpeg,JPEG,L,1381,1044,False,1,5fe3e571bb5a,75.0,106423,1.441764,73.81443842404165
train,PNEUMONIA,person622_virus_1196.jpeg,JPEG,L,1360,1048,False,1,5fe3e571bb5a,75.0,107076,1.42528,75.12629097440502
train,PNEUMONIA,person623_bacteria_2495.jpeg,JPEG,L,1088,752,False,1,5fe3e571bb5a,75.0,47242,0.818176,57.740632822277846
train,PNEUMONIA,person623_bacteria_2496.jpeg,JPEG,L,1000,624,False,1,5fe3e571bb5a,75.0,41603,0.624,66.67147435897436
train,PNEUMONIA,person623_virus_1197.jpeg,JPEG,L,1216,832,False,1,5fe3e571bb5a,75.0,82030,1.011712,81.0803865131579
train,PNEUMONIA,person624_bacteria_2497.jpeg,JPEG,L,1442,898,False,1,5fe3e571bb5a,75.0,124943,1.294916,96.48733971933315
train,PNEUMONIA,person624_virus_1198.jpeg,JPEG,L,1336,824,False,1,5fe3e571bb5a,75.0,83504,1.100864,75.85314807278647
train,PNEUMONIA,person625_bacteria_2499.jpeg,JPEG,L,944,560,False,1,5fe3e571bb5a,75.0,38587,0.52864,72.99296307506054
train,PNEUMONIA,person625_bacteria_2500.jpeg,JPEG,L,992,600,False,1,5fe3e571bb5a,75.0,41290,0.5952,69.37163978494624
train,PNEUMONIA,person625_virus_1199.jpeg,JPEG,L,1408,1128,False,1,5fe3e571bb5a,75.0,117615,1.588224,74.05441549806575
train,PNEUMONIA,person626_bacteria_2502.jpeg,JPEG,RGB,759,409,False,2,2670630d69c8,75.0,22624,0.310431,72.87931939786941
train,PNEUMONIA,person626_virus_1202.jpeg,JPEG,L,1416,1160,False,1,5fe3e571bb5a,75.0,219609,1.64256,133.69922559906487
train,PNEUMONIA,person627_virus_1204.jpeg,JPEG,L,968,608,False,1,5fe3e571bb5a,75.0,55892,0.588544,94.96656154849936
train,PNEUMONIA,person628_bacteria_2505.jpeg,JPEG,L,1650,1253,False,1,5fe3e571bb5a,75.0,200702,2.06745,97.07707562456166
train,PNEUMONIA,person628_virus_1206.jpeg,JPEG,L,1400,968,False,1,5fe3e571bb5a,75.0,102905,1.3552,75.93344155844156
train,PNEUMONIA,person629_bacteria_2506.jpeg,JPEG,L,1008,576,False,1,5fe3e571bb5a,75.0,40322,0.580608,69.44788910934744
train,PNEUMONIA,person629_bacteria_2507.jpeg,JPEG,L,1040,560,False,1,5fe3e571bb5a,75.0,33733,0.5824,57.920673076923066
train,PNEUMONIA,person629_bacteria_2508.jpeg,JPEG,L,920,648,False,1,5fe3e571bb5a,75.0,40403,0.59616,67.77207461084272
train,PNEUMONIA,person629_bacteria_2509.jpeg,JPEG,L,904,664,False,1,5fe3e571bb5a,75.0,60889,0.600256,101.4383862885169
train,PNEUMONIA,person629_bacteria_2510.jpeg,JPEG,L,904,568,False,1,5fe3e571bb5a,75.0,35276,0.513472,68.70092234824878
train,PNEUMONIA,person629_virus_1207.jpeg,JPEG,L,1280,768,False,1,5fe3e571bb5a,75.0,77077,0.98304,78.40677897135416
train,PNEUMONIA,person62_bacteria_298.jpeg,JPEG,L,1372,948,False,1,5fe3e571bb5a,75.0,116293,1.300656,89.41103566200441
train,PNEUMONIA,person62_bacteria_299.jpeg,JPEG,L,1152,856,False,1,5fe3e571bb5a,75.0,65327,0.986112,66.24703887590861
train,PNEUMONIA,person62_bacteria_300.jpeg,JPEG,L,1064,936,False,1,5fe3e571bb5a,75.0,73618,0.995904,73.92077951288476
train,PNEUMONIA,person62_bacteria_301.jpeg,JPEG,L,1064,896,False,1,5fe3e571bb5a,75.0,75159,0.953344,78.83722979323309
train,PNEUMONIA,person62_bacteria_302.jpeg,JPEG,L,1348,979,False,1,5fe3e571bb5a,75.0,119663,1.319692,90.67494536603995
train,PNEUMONIA,person62_bacteria_303.jpeg,JPEG,L,1422,1032,False,1,5fe3e571bb5a,75.0,117701,1.467504,80.20489211613733
train,PNEUMONIA,person630_bacteria_2512.jpeg,JPEG,L,1110,886,False,1,5fe3e571bb5a,75.0,104274,0.98346,106.02769812702093
train,PNEUMONIA,person630_bacteria_2513.jpeg,JPEG,L,920,760,False,1,5fe3e571bb5a,75.0,51640,0.6992,73.8558352402746
train,PNEUMONIA,person630_bacteria_2514.jpeg,JPEG,L,936,768,False,1,5fe3e571bb5a,75.0,51265,0.718848,71.31549367877493
train,PNEUMONIA,person630_bacteria_2515.jpeg,JPEG,L,920,808,False,1,5fe3e571bb5a,75.0,47404,0.74336,63.76990959965562
train,PNEUMONIA,person630_bacteria_2516.jpeg,JPEG,L,968,624,False,1,5fe3e571bb5a,75.0,39653,0.604032,65.6471842551388
train,PNEUMONIA,person630_virus_1209.jpeg,JPEG,RGB,823,655,False,2,2670630d69c8,75.0,41405,0.539065,76.80891914704164
train,PNEUMONIA,person632_bacteria_2520.jpeg,JPEG,L,936,568,False,1,5fe3e571bb5a,75.0,37527,0.531648,70.58617732033225
train,PNEUMONIA,person632_bacteria_2521.jpeg,JPEG,L,1032,712,False,1,5fe3e571bb5a,75.0,41577,0.734784,56.58397569898092
train,PNEUMONIA,person632_virus_1211.jpeg,JPEG,L,1624,1072,False,1,5fe3e571bb5a,75.0,146898,1.740928,84.37913572531431
train,PNEUMONIA,person633_bacteria_2522.jpeg,JPEG,L,1180,809,False,1,5fe3e571bb5a,75.0,88766,0.95462,92.9856906413023
train,PNEUMONIA,person633_virus_1213.jpeg,JPEG,L,1288,656,False,1,5fe3e571bb5a,75.0,73535,0.844928,87.03108430540827
train,PNEUMONIA,person634_bacteria_2525.jpeg,JPEG,L,1240,832,False,1,5fe3e571bb5a,75.0,62657,1.03168,60.73297921836228
train,PNEUMONIA,person635_bacteria_2526.jpeg,JPEG,L,1431,1058,False,1,5fe3e571bb5a,75.0,87646,1.513998,57.89043314456162
train,PNEUMONIA,person636_bacteria_2527.jpeg,JPEG,RGB,689,366,False,2,2670630d69c8,75.0,23340,0.252174,92.55514049822742
train,PNEUMONIA,person636_virus_1217.jpeg,JPEG,L,1144,928,False,1,5fe3e571bb5a,75.0,80673,1.061632,75.98960845189295
train,PNEUMONIA,person637_bacteria_2528.jpeg,JPEG,L,920,472,False,1,5fe3e571bb5a,75.0,29694,0.43424,68.38154016212232
train,PNEUMONIA,person637_bacteria_2529.jpeg,JPEG,L,920,496,False,1,5fe3e571bb5a,75.0,48835,0.45632,107.01919705469845
train,PNEUMONIA,person637_virus_1218.jpeg,JPEG,L,1312,928,False,1,5fe3e571bb5a,75.0,101740,1.217536,83.56221089150547
train,PNEUMONIA,person639_virus_1220.jpeg,JPEG,L,1064,552,False,1,5fe3e571bb5a,75.0,56106,0.587328,95.52754168028768
train,PNEUMONIA,person63_bacteria_306.jpeg,JPEG,L,1048,736,False,1,5fe3e571bb5a,75.0,57793,0.771328,74.92662006306007
train,PNEUMONIA,person640_bacteria_2532.jpeg,JPEG,L,1733,1253,False,1,5fe3e571bb5a,75.0,119491,2.171449,55.028232300182964
train,PNEUMONIA,person640_virus_1221.jpeg,JPEG,L,1360,768,False,1,5fe3e571bb5a,75.0,80347,1.04448,76.92535998774508
train,PNEUMONIA,person641_bacteria_2533.jpeg,JPEG,L,1848,1576,False,1,5fe3e571bb5a,75.0,163456,2.912448,56.1232337882084
train,PNEUMONIA,person641_virus_1222.jpeg,JPEG,L,1088,536,False,1,5fe3e571bb5a,75.0,51934,0.583168,89.05495500438981
train,PNEUMONIA,person642_virus_1223.jpeg,JPEG,L,1184,928,False,1,5fe3e571bb5a,75.0,80993,1.098752,73.71363146551724
train,PNEUMONIA,person643_bacteria_2534.jpeg,JPEG,L,992,656,False,1,5fe3e571bb5a,75.0,59702,0.650752,91.7430910700236
train,PNEUMONIA,person644_bacteria_2536.jpeg,JPEG,L,1040,528,False,1,5fe3e571bb5a,75.0,50401,0.54912,91.78503787878788
train,PNEUMONIA,person644_virus_1225.jpeg,JPEG,L,1048,584,False,1,5fe3e571bb5a,75.0,49385,0.612032,80.69022534769424
train,PNEUMONIA,person645_bacteria_2537.jpeg,JPEG,L,1082,658,False,1,5fe3e571bb5a,75.0,69250,0.711956,97.26724685233357
train,PNEUMONIA,person645_virus_1226.jpeg,JPEG,L,1328,792,False,1,5fe3e571bb5a,75.0,69752,1.051776,66.31830351709868
train,PNEUMONIA,person646_bacteria_2538.jpeg,JPEG,L,1068,778,False,1,5fe3e571bb5a,75.0,80074,0.830904,96.36973705746993
train,PNEUMONIA,person646_virus_1227.jpeg,JPEG,L,1048,552,False,1,5fe3e571bb5a,75.0,35845,0.578496,61.96239904856731
train,PNEUMONIA,person647_bacteria_2539.jpeg,JPEG,L,912,704,False,1,5fe3e571bb5a,75.0,61172,0.642048,95.27636562998406
train,PNEUMONIA,person647_virus_1228.jpeg,JPEG,L,1416,1128,False,1,5fe3e571bb5a,75.0,202889,1.597248,127.02410646311657
train,PNEUMONIA,person647_virus_1229.jpeg,JPEG,L,1704,1544,False,1,5fe3e571bb5a,75.0,152022,2.630976,57.781598919944535
train,PNEUMONIA,person648_bacteria_2540.jpeg,JPEG,L,896,656,False,1,5fe3e571bb5a,75.0,38770,0.587776,65.96050195993033
train,PNEUMONIA,person648_virus_1230.jpeg,JPEG,L,992,784,False,1,5fe3e571bb5a,75.0,56392,0.777728,72.5086405529954
train,PNEUMONIA,person649_bacteria_2541.jpeg,JPEG,L,936,760,False,1,5fe3e571bb5a,75.0,50828,0.71136,71.45186684660369
train,PNEUMONIA,person649_virus_1231.jpeg,JPEG,L,1192,864,False,1,5fe3e571bb5a,75.0,79108,1.029888,76.81223589361174
train,PNEUMONIA,person64_bacteria_310.jpeg,JPEG,L,856,464,False,1,5fe3e571bb5a,75.0,35880,0.397184,90.33596519497262
train,PNEUMONIA,person64_bacteria_312.jpeg,JPEG,L,848,504,False,1,5fe3e571bb5a,75.0,32245,0.427392,75.44596061695118
train,PNEUMONIA,person64_bacteria_316.jpeg,JPEG,RGB,1287,653,False,2,2670630d69c8,75.0,48771,0.840411,58.03231990062005
train,PNEUMONIA,person64_bacteria_317.jpeg,JPEG,RGB,828,485,False,2,2670630d69c8,75.0,31564,0.40158,78.59953184919569
train,PNEUMONIA,person64_bacteria_318.jpeg,JPEG,RGB,846,468,False,2,2670630d69c8,75.0,28355,0.395928,71.61655654563457
train,PNEUMONIA,person64_bacteria_319.jpeg,JPEG,RGB,864,535,False,2,2670630d69c8,75.0,42935,0.46224,92.88464866735896
train,PNEUMONIA,person64_bacteria_320.jpeg,JPEG,RGB,990,614,False,2,2670630d69c8,75.0,49056,0.60786,80.70279340637647
train,PNEUMONIA,person650_bacteria_2542.jpeg,JPEG,L,936,624,False,1,5fe3e571bb5a,75.0,36750,0.584064,62.92118671926364
train,PNEUMONIA,person650_virus_1232.jpeg,JPEG,L,1248,664,False,1,5fe3e571bb5a,75.0,63706,0.828672,76.87722042014211
train,PNEUMONIA,person651_bacteria_2543.jpeg,JPEG,L,904,560,False,1,5fe3e571bb5a,75.0,37102,0.50624,73.28934892541086
train,PNEUMONIA,person652_bacteria_2544.jpeg,JPEG,L,1392,901,False,1,5fe3e571bb5a,75.0,117056,1.254192,93.33180246724585
train,PNEUMONIA,person652_virus_1234.jpeg,JPEG,L,1176,744,False,1,5fe3e571bb5a,75.0,63870,0.874944,72.99895764757515
train,PNEUMONIA,person653_bacteria_2545.jpeg,JPEG,L,1136,784,False,1,5fe3e571bb5a,75.0,57953,0.890624,65.07010814889337
train,PNEUMONIA,person653_virus_1235.jpeg,JPEG,L,1224,888,False,1,5fe3e571bb5a,75.0,69032,1.086912,63.51204145321791
train,PNEUMONIA,person654_bacteria_2546.jpeg,JPEG,L,1160,824,False,1,5fe3e571bb5a,75.0,58112,0.95584,60.796786072982925
train,PNEUMONIA,person655_bacteria_2547.jpeg,JPEG,L,1008,704,False,1,5fe3e571bb5a,75.0,53105,0.709632,74.83456213924963
train,PNEUMONIA,person656_bacteria_2548.jpeg,JPEG,L,1144,592,False,1,5fe3e571bb5a,75.0,41884,0.677248,61.8444055944056
train,PNEUMONIA,person656_virus_1238.jpeg,JPEG,L,1568,1096,False,1,5fe3e571bb5a,75.0,139578,1.718528,81.21950878891703
train,PNEUMONIA,person657_bacteria_2549.jpeg,JPEG,L,1226,655,False,1,5fe3e571bb5a,75.0,70668,0.80303,88.00169358554476
train,PNEUMONIA,person657_virus_1240.jpeg,JPEG,L,1616,912,False,1,5fe3e571bb5a,75.0,110778,1.473792,75.16528791036998
train,PNEUMONIA,person658_bacteria_2550.jpeg,JPEG,L,864,544,False,1,5fe3e571bb5a,75.0,35071,0.470016,74.61660879629629
train,PNEUMONIA,person658_virus_1241.jpeg,JPEG,L,1392,912,False,1,5fe3e571bb5a,75.0,103490,1.269504,81.52002671909659
train,PNEUMONIA,person659_bacteria_2551.jpeg,JPEG,L,992,608,False,1,5fe3e571bb5a,75.0,41692,0.603136,69.12537139219015
train,PNEUMONIA,person659_virus_1243.jpeg,JPEG,L,1432,1160,False,1,5fe3e571bb5a,75.0,116883,1.66112,70.36397129647467
train,PNEUMONIA,person65_bacteria_322.jpeg,JPEG,RGB,1189,720,False,2,2670630d69c8,75.0,65381,0.85608,76.3725352770769
train,PNEUMONIA,person660_bacteria_2552.jpeg,JPEG,L,1024,624,False,1,5fe3e571bb5a,75.0,43936,0.638976,68.76001602564102
train,PNEUMONIA,person660_virus_1244.jpeg,JPEG,L,1232,848,False,1,5fe3e571bb5a,75.0,72169,1.044736,69.07869547904924
train,PNEUMONIA,person661_bacteria_2553.jpeg,JPEG,L,864,480,False,1,5fe3e571bb5a,75.0,26813,0.41472,64.6532600308642
train,PNEUMONIA,person661_virus_1245.jpeg,JPEG,L,1264,896,False,1,5fe3e571bb5a,75.0,118170,1.132544,104.34031702079567
train,PNEUMONIA,person662_bacteria_2554.jpeg,JPEG,L,928,656,False,1,5fe3e571bb5a,75.0,39143,0.608768,64.29871478132885
train,PNEUMONIA,person662_virus_1246.jpeg,JPEG,L,1552,1224,False,1,5fe3e571bb5a,75.0,189100,1.899648,99.54475776564921
train,PNEUMONIA,person663_bacteria_2555.jpeg,JPEG,L,1164,809,False,1,5fe3e571bb5a,75.0,101533,0.941676,107.821586193128
train,PNEUMONIA,person663_virus_1247.jpeg,JPEG,RGB,1104,684,False,2,2670630d69c8,75.0,67547,0.755136,89.45011229765234
train,PNEUMONIA,person663_virus_1248.jpeg,JPEG,L,1216,872,False,1,5fe3e571bb5a,75.0,91521,1.060352,86.31190397151136
train,PNEUMONIA,person664_virus_1249.jpeg,JPEG,L,1464,1296,False,1,5fe3e571bb5a,75.0,149433,1.897344,78.75904422181745
train,PNEUMONIA,person665_bacteria_2557.jpeg,JPEG,L,1080,720,False,1,5fe3e571bb5a,75.0,45414,0.7776,58.402777777777786
train,PNEUMONIA,person665_virus_1250.jpeg,JPEG,L,952,544,False,1,5fe3e571bb5a,75.0,39882,0.517888,77.00892857142857
train,PNEUMONIA,person666_bacteria_2558.jpeg,JPEG,L,1320,792,False,1,5fe3e571bb5a,75.0,79776,1.04544,76.30853994490359
train,PNEUMONIA,person666_virus_1251.jpeg,JPEG,RGB,936,684,False,2,2670630d69c8,75.0,58996,0.640224,92.14899785075224
train,PNEUMONIA,person667_virus_1252.jpeg,JPEG,L,1520,968,False,1,5fe3e571bb5a,75.0,118529,1.47136,80.5574434536755
train,PNEUMONIA,person667_virus_1253.jpeg,JPEG,L,1528,1120,False,1,5fe3e571bb5a,75.0,134952,1.71136,78.85658189977562
train,PNEUMONIA,person669_bacteria_2561.jpeg,JPEG,L,1016,576,False,1,5fe3e571bb5a,75.0,39233,0.585216,67.04020395888014
train,PNEUMONIA,person669_bacteria_2562.jpeg,JPEG,L,976,552,False,1,5fe3e571bb5a,75.0,47458,0.538752,88.08876811594203
train,PNEUMONIA,person669_virus_1255.jpeg,JPEG,RGB,929,435,False,2,2670630d69c8,75.0,29215,0.404115,72.29377776128082
train,PNEUMONIA,person66_bacteria_323.jpeg,JPEG,L,944,608,False,1,5fe3e571bb5a,75.0,44364,0.573952,77.29566235504014
train,PNEUMONIA,person66_bacteria_324.jpeg,JPEG,L,1016,656,False,1,5fe3e571bb5a,75.0,56391,0.666496,84.60815968888035
train,PNEUMONIA,person66_bacteria_325.jpeg,JPEG,L,904,560,False,1,5fe3e571bb5a,75.0,43038,0.50624,85.01501264222502
train,PNEUMONIA,person66_bacteria_326.jpeg,JPEG,L,1176,728,False,1,5fe3e571bb5a,75.0,72796,0.856128,85.02934140689243
train,PNEUMONIA,person670_bacteria_2563.jpeg,JPEG,L,992,736,False,1,5fe3e571bb5a,75.0,63341,0.730112,86.75518276647966
train,PNEUMONIA,person670_virus_1256.jpeg,JPEG,RGB,877,523,False,2,2670630d69c8,75.0,46522,0.458671,101.42782081273941
train,PNEUMONIA,person670_virus_1259.jpeg,JPEG,RGB,810,391,False,2,2670630d69c8,75.0,28518,0.31671,90.04452022354836
train,PNEUMONIA,person671_bacteria_2564.jpeg,JPEG,L,832,528,False,1,5fe3e571bb5a,75.0,36003,0.439296,81.9561298076923
train,PNEUMONIA,person671_virus_1260.jpeg,JPEG,RGB,856,577,False,2,2670630d69c8,75.0,39187,0.493912,79.34004438037545
train,PNEUMONIA,person672_bacteria_2565.jpeg,JPEG,L,1064,632,False,1,5fe3e571bb5a,75.0,58611,0.672448,87.16064290473017
train,PNEUMONIA,person672_virus_1261.jpeg,JPEG,L,1408,872,False,1,5fe3e571bb5a,75.0,90966,1.227776,74.09006203085904
train,PNEUMONIA,person673_bacteria_2566.jpeg,JPEG,L,848,552,False,1,5fe3e571bb5a,75.0,45145,0.468096,96.44389185124419
train,PNEUMONIA,person673_virus_1263.jpeg,JPEG,L,1624,1128,False,1,5fe3e571bb5a,75.0,165118,1.831872,90.13621039024561
train,PNEUMONIA,person674_bacteria_2568.jpeg,JPEG,L,1381,1044,False,1,5fe3e571bb5a,75.0,107782,1.441764,74.75703374477376
train,PNEUMONIA,person675_bacteria_2569.jpeg,JPEG,RGB,705,373,False,2,2670630d69c8,75.0,21199,0.262965,80.6152910083091
train,PNEUMONIA,person677_bacteria_2571.jpeg,JPEG,L,944,696,False,1,5fe3e571bb5a,75.0,41614,0.657024,63.337107929086294
train,PNEUMONIA,person677_virus_1268.jpeg,JPEG,L,1144,632,False,1,5fe3e571bb5a,75.0,50789,0.723008,70.24680224838453
train,PNEUMONIA,person678_bacteria_2572.jpeg,JPEG,L,1790,1145,False,1,5fe3e571bb5a,75.0,160219,2.04955,78.17276963235832
train,PNEUMONIA,person679_virus_1270.jpeg,JPEG,L,1496,1040,False,1,5fe3e571bb5a,75.0,110884,1.55584,71.26953928424517
train,PNEUMONIA,person67_bacteria_328.jpeg,JPEG,L,848,488,False,1,5fe3e571bb5a,75.0,29181,0.413824,70.51548484379833
train,PNEUMONIA,person67_bacteria_329.jpeg,JPEG,L,792,448,False,1,5fe3e571bb5a,75.0,24606,0.354816,69.34862012987013
train,PNEUMONIA,person67_bacteria_330.jpeg,JPEG,L,832,440,False,1,5fe3e571bb5a,75.0,26242,0.36608,71.68378496503496
train,PNEUMONIA,person67_bacteria_331.jpeg,JPEG,L,832,568,False,1,5fe3e571bb5a,75.0,34210,0.472576,72.39047264355364
train,PNEUMONIA,person67_bacteria_332.jpeg,JPEG,L,728,392,False,1,5fe3e571bb5a,75.0,21895,0.285376,76.72334043507512
train,PNEUMONIA,person67_bacteria_333.jpeg,JPEG,L,664,472,False,1,5fe3e571bb5a,75.0,21621,0.313408,68.98675209311823
train,PNEUMONIA,person67_bacteria_334.jpeg,JPEG,L,948,542,False,1,5fe3e571bb5a,75.0,45476,0.513816,88.50639139302784
train,PNEUMONIA,person680_bacteria_2575.jpeg,JPEG,RGB,789,469,False,2,2670630d69c8,75.0,25960,0.370041,70.15438829751298
train,PNEUMONIA,person681_bacteria_2576.jpeg,JPEG,L,1172,859,False,1,5fe3e571bb5a,75.0,89623,1.006748,89.02227767028096
train,PNEUMONIA,person681_virus_1272.jpeg,JPEG,L,1072,800,False,1,5fe3e571bb5a,75.0,71351,0.8576,83.19846082089552
train,PNEUMONIA,person682_virus_1273.jpeg,JPEG,L,1384,792,False,1,5fe3e571bb5a,75.0,83998,1.096128,76.63156127751503
train,PNEUMONIA,person683_bacteria_2578.jpeg,JPEG,L,1408,992,False,1,5fe3e571bb5a,75.0,85107,1.396736,60.93277469758065
train,PNEUMONIA,person684_bacteria_2580.jpeg,JPEG,L,1128,704,False,1,5fe3e571bb5a,75.0,45622,0.794112,57.45033446163765
train,PNEUMONIA,person684_virus_1275.jpeg,JPEG,L,1256,880,False,1,5fe3e571bb5a,75.0,99582,1.10528,90.09662709901562
train,PNEUMONIA,person685_bacteria_2581.jpeg,JPEG,L,1112,688,False,1,5fe3e571bb5a,75.0,50942,0.765056,66.58597540572194
train,PNEUMONIA,person687_bacteria_2583.jpeg,JPEG,L,948,763,False,1,5fe3e571bb5a,75.0,66081,0.723324,91.35740000331802
train,PNEUMONIA,person688_bacteria_2584.jpeg,JPEG,L,872,528,False,1,5fe3e571bb5a,75.0,36737,0.460416,79.79088476508201
train,PNEUMONIA,person688_virus_1281.jpeg,JPEG,L,1136,1024,False,1,5fe3e571bb5a,75.0,84471,1.163264,72.61550258582746
train,PNEUMONIA,person688_virus_1282.jpeg,JPEG,L,1136,1024,False,1,5fe3e571bb5a,75.0,84471,1.163264,72.61550258582746
train,PNEUMONIA,person689_bacteria_2585.jpeg,JPEG,L,992,736,False,1,5fe3e571bb5a,75.0,56234,0.730112,77.0210597826087
train,PNEUMONIA,person689_bacteria_2586.jpeg,JPEG,L,1000,728,False,1,5fe3e571bb5a,75.0,74627,0.728,102.50961538461539
train,PNEUMONIA,person68_bacteria_335.jpeg,JPEG,L,1032,824,False,1,5fe3e571bb5a,75.0,55091,0.850368,64.78489312862196
train,PNEUMONIA,person68_bacteria_336.jpeg,JPEG,L,1148,805,False,1,5fe3e571bb5a,75.0,104580,0.92414,113.164672019391
train,PNEUMONIA,person68_bacteria_337.jpeg,JPEG,L,1222,886,False,1,5fe3e571bb5a,75.0,96818,1.082692,89.42340019137482
train,PNEUMONIA,person690_bacteria_2587.jpeg,JPEG,L,800,640,False,1,5fe3e571bb5a,75.0,36497,0.512,71.283203125
train,PNEUMONIA,person691_bacteria_2588.jpeg,JPEG,L,920,552,False,1,5fe3e571bb5a,75.0,31139,0.50784,61.31655639571519
train,PNEUMONIA,person692_bacteria_2589.jpeg,JPEG,L,992,800,False,1,5fe3e571bb5a,75.0,49919,0.7936,62.90196572580645
train,PNEUMONIA,person692_virus_1286.jpeg,JPEG,L,1240,912,False,1,5fe3e571bb5a,75.0,93913,1.13088,83.04417798528578
train,PNEUMONIA,person693_bacteria_2590.jpeg,JPEG,L,1008,640,False,1,5fe3e571bb5a,75.0,44581,0.64512,69.10497271825398
train,PNEUMONIA,person696_bacteria_2594.jpeg,JPEG,RGB,823,459,False,2,2670630d69c8,75.0,29908,0.377757,79.1725897865559
train,PNEUMONIA,person698_virus_1294.jpeg,JPEG,L,1192,808,False,1,5fe3e571bb5a,75.0,71713,0.963136,74.45781281148248
train,PNEUMONIA,person699_bacteria_2598.jpeg,JPEG,L,984,648,False,1,5fe3e571bb5a,75.0,48771,0.637632,76.48769196025295
train,PNEUMONIA,person699_virus_1295.jpeg,JPEG,L,1016,632,False,1,5fe3e571bb5a,75.0,47070,0.642112,73.30496860360809
train,PNEUMONIA,person69_bacteria_338.jpeg,JPEG,RGB,850,560,False,2,2670630d69c8,75.0,43178,0.476,90.71008403361344
train,PNEUMONIA,person6_bacteria_22.jpeg,JPEG,L,928,752,False,1,5fe3e571bb5a,75.0,58540,0.697856,83.88550073367571
train,PNEUMONIA,person700_bacteria_2599.jpeg,JPEG,L,1276,917,False,1,5fe3e571bb5a,75.0,97123,1.170092,83.0045842549133
train,PNEUMONIA,person701_bacteria_2600.jpeg,JPEG,L,1658,1010,False,1,5fe3e571bb5a,75.0,140180,1.67458,83.7105423449462
train,PNEUMONIA,person701_virus_1297.jpeg,JPEG,L,1504,1091,False,1,5fe3e571bb5a,75.0,134269,1.640864,81.82823195584766
train,PNEUMONIA,person702_bacteria_2601.jpeg,JPEG,L,992,600,False,1,5fe3e571bb5a,75.0,54677,0.5952,91.86323924731184
train,PNEUMONIA,person702_virus_1299.jpeg,JPEG,L,1836,1535,False,1,5fe3e571bb5a,75.0,239260,2.81826,84.89635448823033
train,PNEUMONIA,person703_bacteria_2602.jpeg,JPEG,L,824,608,False,1,5fe3e571bb5a,75.0,45906,0.500992,91.63020567194685
train,PNEUMONIA,person703_virus_1300.jpeg,JPEG,L,1766,1403,False,1,5fe3e571bb5a,75.0,196525,2.477698,79.31757623406888
train,PNEUMONIA,person704_bacteria_2603.jpeg,JPEG,L,936,624,False,1,5fe3e571bb5a,75.0,42864,0.584064,73.38921761998684
train,PNEUMONIA,person704_virus_1301.jpeg,JPEG,L,1136,728,False,1,5fe3e571bb5a,75.0,63185,0.827008,76.40192114223805
train,PNEUMONIA,person705_virus_1302.jpeg,JPEG,L,1080,808,False,1,5fe3e571bb5a,75.0,101057,0.87264,115.80605977264393
train,PNEUMONIA,person705_virus_1303.jpeg,JPEG,L,1016,816,False,1,5fe3e571bb5a,75.0,85786,0.829056,103.47431295352787
train,PNEUMONIA,person706_virus_1304.jpeg,JPEG,L,1474,1044,False,1,5fe3e571bb5a,75.0,102643,1.538856,66.70084790259777
train,PNEUMONIA,person707_bacteria_2606.jpeg,JPEG,L,992,712,False,1,5fe3e571bb5a,75.0,53694,0.706304,76.02109006886553
train,PNEUMONIA,person707_virus_1305.jpeg,JPEG,L,1748,1202,False,1,5fe3e571bb5a,75.0,144750,2.101096,68.89261604419788
train,PNEUMONIA,person709_bacteria_2608.jpeg,JPEG,RGB,889,569,False,2,2670630d69c8,75.0,46097,0.505841,91.12942604494299
train,PNEUMONIA,person70_bacteria_341.jpeg,JPEG,L,952,600,False,1,5fe3e571bb5a,75.0,51133,0.5712,89.51855742296918
train,PNEUMONIA,person70_bacteria_342.jpeg,JPEG,L,1016,560,False,1,5fe3e571bb5a,75.0,37751,0.56896,66.35088582677164
train,PNEUMONIA,person70_bacteria_343.jpeg,JPEG,L,1016,560,False,1,5fe3e571bb5a,75.0,46136,0.56896,81.08830146231722
train,PNEUMONIA,person70_bacteria_344.jpeg,JPEG,L,896,488,False,1,5fe3e571bb5a,75.0,32910,0.437248,75.26621048009366
train,PNEUMONIA,person70_bacteria_345.jpeg,JPEG,L,944,576,False,1,5fe3e571bb5a,75.0,42236,0.543744,77.67625941619585
train,PNEUMONIA,person70_bacteria_346.jpeg,JPEG,L,1070,736,False,1,5fe3e571bb5a,75.0,68265,0.78752,86.68351279967493
train,PNEUMONIA,person710_bacteria_2611.jpeg,JPEG,L,1214,739,False,1,5fe3e571bb5a,75.0,69550,0.897146,77.52361377077978
train,PNEUMONIA,person710_virus_1308.jpeg,JPEG,L,928,552,False,1,5fe3e571bb5a,75.0,49561,0.512256,96.75045289855072
train,PNEUMONIA,person711_bacteria_2612.jpeg,JPEG,L,1064,616,False,1,5fe3e571bb5a,75.0,72926,0.655424,111.26537935748462
train,PNEUMONIA,person711_virus_1309.jpeg,JPEG,L,888,568,False,1,5fe3e571bb5a,75.0,47308,0.504384,93.79361756122319
train,PNEUMONIA,person712_bacteria_2613.jpeg,JPEG,L,944,784,False,1,5fe3e571bb5a,75.0,49973,0.740096,67.52232142857143
train,PNEUMONIA,person712_virus_1310.jpeg,JPEG,RGB,645,462,False,2,2670630d69c8,75.0,30877,0.29799,103.61757105943153
train,PNEUMONIA,person713_bacteria_2614.jpeg,JPEG,L,848,632,False,1,5fe3e571bb5a,75.0,41800,0.535936,77.99438738953904
train,PNEUMONIA,person714_bacteria_2615.jpeg,JPEG,RGB,930,587,False,2,2670630d69c8,75.0,40760,0.54591,74.66432195783187
train,PNEUMONIA,person716_bacteria_2617.jpeg,JPEG,L,856,512,False,1,5fe3e571bb5a,75.0,29986,0.438272,68.41869889018692
train,PNEUMONIA,person716_virus_1314.jpeg,JPEG,L,800,608,False,1,5fe3e571bb5a,75.0,35246,0.4864,72.46299342105263
train,PNEUMONIA,person717_bacteria_2618.jpeg,JPEG,L,800,552,False,1,5fe3e571bb5a,75.0,28149,0.4416,63.74320652173913
train,PNEUMONIA,person718_bacteria_2620.jpeg,JPEG,L,1974,1720,False,1,5fe3e571bb5a,75.0,258974,3.39528,76.27471077495817
train,PNEUMONIA,person718_virus_1316.jpeg,JPEG,RGB,709,500,False,2,2670630d69c8,75.0,33875,0.3545,95.5571227080395
train,PNEUMONIA,person719_bacteria_2621.jpeg,JPEG,L,912,712,False,1,5fe3e571bb5a,75.0,62068,0.649344,95.58569879755568
train,PNEUMONIA,person719_virus_1338.jpeg,JPEG,RGB,734,307,False,2,2670630d69c8,75.0,19087,0.225338,84.70386707967586
train,PNEUMONIA,person71_bacteria_347.jpeg,JPEG,L,1032,800,False,1,5fe3e571bb5a,75.0,56230,0.8256,68.1080426356589
train,PNEUMONIA,person71_bacteria_348.jpeg,JPEG,L,824,656,False,1,5fe3e571bb5a,75.0,43054,0.540544,79.64939024390245
train,PNEUMONIA,person71_bacteria_349.jpeg,JPEG,L,928,656,False,1,5fe3e571bb5a,75.0,38596,0.608768,63.4001787216148
train,PNEUMONIA,person71_bacteria_350.jpeg,JPEG,L,952,664,False,1,5fe3e571bb5a,75.0,52003,0.632128,82.26656626506023
train,PNEUMONIA,person71_bacteria_351.jpeg,JPEG,L,1056,925,False,1,5fe3e571bb5a,75.0,82215,0.9768,84.16769041769042
train,PNEUMONIA,person720_bacteria_2622.jpeg,JPEG,L,760,512,False,1,5fe3e571bb5a,75.0,29172,0.38912,74.96916118421052
train,PNEUMONIA,person720_virus_1339.jpeg,JPEG,L,1160,744,False,1,5fe3e571bb5a,75.0,58607,0.86304,67.90762884686688
train,PNEUMONIA,person721_bacteria_2623.jpeg,JPEG,L,816,584,False,1,5fe3e571bb5a,75.0,44626,0.476544,93.64507789417135
train,PNEUMONIA,person721_virus_1340.jpeg,JPEG,L,1056,701,False,1,5fe3e571bb5a,75.0,58745,0.740256,79.3576816668828
train,PNEUMONIA,person722_virus_1341.jpeg,JPEG,L,1430,921,False,1,5fe3e571bb5a,75.0,119190,1.31703,90.49907746976152
train,PNEUMONIA,person723_bacteria_2625.jpeg,JPEG,L,1008,664,False,1,5fe3e571bb5a,75.0,65986,0.669312,98.58780359533372
train,PNEUMONIA,person723_virus_1342.jpeg,JPEG,L,1776,1210,False,1,5fe3e571bb5a,75.0,150626,2.14896,70.09250986523713
train,PNEUMONIA,person724_bacteria_2626.jpeg,JPEG,L,848,584,False,1,5fe3e571bb5a,75.0,47665,0.495232,96.24781920392866
train,PNEUMONIA,person724_virus_1343.jpeg,JPEG,L,904,672,False,1,5fe3e571bb5a,75.0,42327,0.607488,69.67545037926675
train,PNEUMONIA,person724_virus_1344.jpeg,JPEG,L,1024,528,False,1,5fe3e571bb5a,75.0,47184,0.540672,87.26917613636363
train,PNEUMONIA,person725_bacteria_2627.jpeg,JPEG,L,1224,880,False,1,5fe3e571bb5a,75.0,113882,1.07712,105.72823826500297
train,PNEUMONIA,person726_bacteria_2628.jpeg,JPEG,L,768,480,False,1,5fe3e571bb5a,75.0,33576,0.36864,91.08072916666666
train,PNEUMONIA,person727_bacteria_2629.jpeg,JPEG,L,1180,1025,False,1,5fe3e571bb5a,75.0,113474,1.2095,93.81893344357172
train,PNEUMONIA,person727_virus_1347.jpeg,JPEG,L,1364,1242,False,1,5fe3e571bb5a,75.0,135750,1.694088,80.13161063651947
train,PNEUMONIA,person728_bacteria_2630.jpeg,JPEG,L,1000,528,False,1,5fe3e571bb5a,75.0,37047,0.528,70.16477272727272
train,PNEUMONIA,person72_bacteria_352.jpeg,JPEG,L,1320,1056,False,1,5fe3e571bb5a,75.0,124510,1.39392,89.32363406795226
train,PNEUMONIA,person72_bacteria_353.jpeg,JPEG,L,1256,960,False,1,5fe3e571bb5a,75.0,123954,1.20576,102.8015525477707
train,PNEUMONIA,person72_bacteria_354.jpeg,JPEG,L,1500,1152,False,1,5fe3e571bb5a,75.0,175274,1.728,101.43171296296296
train,PNEUMONIA,person730_bacteria_2632.jpeg,JPEG,L,1176,760,False,1,5fe3e571bb5a,75.0,62005,0.89376,69.37544754744003
train,PNEUMONIA,person730_virus_1351.jpeg,JPEG,L,1584,1184,False,1,5fe3e571bb5a,75.0,136165,1.875456,72.60367611930111
train,PNEUMONIA,person731_bacteria_2633.jpeg,JPEG,L,1008,680,False,1,5fe3e571bb5a,75.0,67802,0.68544,98.91748366013073
train,PNEUMONIA,person731_virus_1352.jpeg,JPEG,L,1985,1533,False,1,5fe3e571bb5a,75.0,146742,3.043005,48.222727205509024
train,PNEUMONIA,person732_bacteria_2634.jpeg,JPEG,L,1360,1016,False,1,5fe3e571bb5a,75.0,152700,1.38176,110.51123205187585
train,PNEUMONIA,person732_virus_1353.jpeg,JPEG,L,1098,651,False,1,5fe3e571bb5a,75.0,79522,0.714798,111.25101077507212
train,PNEUMONIA,person733_bacteria_2635.jpeg,JPEG,L,1216,928,False,1,5fe3e571bb5a,75.0,110636,1.128448,98.04262137023593
train,PNEUMONIA,person734_bacteria_2637.jpeg,JPEG,L,1400,898,False,1,5fe3e571bb5a,75.0,133516,1.2572,106.20108176901049
train,PNEUMONIA,person734_virus_1355.jpeg,JPEG,RGB,985,585,False,2,2670630d69c8,75.0,39691,0.576225,68.88107943945508
train,PNEUMONIA,person735_bacteria_2638.jpeg,JPEG,L,1589,1044,False,1,5fe3e571bb5a,75.0,94302,1.658916,56.845554566958185
train,PNEUMONIA,person735_virus_1356.jpeg,JPEG,L,1276,947,False,1,5fe3e571bb5a,75.0,91984,1.208372,76.12225374305262
train,PNEUMONIA,person736_bacteria_2639.jpeg,JPEG,L,800,512,False,1,5fe3e571bb5a,75.0,39836,0.4096,97.25585937499999
train,PNEUMONIA,person736_virus_1358.jpeg,JPEG,RGB,982,573,False,2,2670630d69c8,75.0,40056,0.562686,71.18712745652104
train,PNEUMONIA,person737_bacteria_2640.jpeg,JPEG,L,880,552,False,1,5fe3e571bb5a,75.0,41286,0.48576,84.99258893280633
train,PNEUMONIA,person738_bacteria_2641.jpeg,JPEG,L,976,704,False,1,5fe3e571bb5a,75.0,74923,0.687104,109.04171711997019
train,PNEUMONIA,person738_virus_1360.jpeg,JPEG,L,1662,1083,False,1,5fe3e571bb5a,75.0,170054,1.799946,94.47727876280733
train,PNEUMONIA,person739_bacteria_2642.jpeg,JPEG,L,1040,752,False,1,5fe3e571bb5a,75.0,55402,0.78208,70.83930032733224
train,PNEUMONIA,person739_virus_1361.jpeg,JPEG,RGB,883,559,False,2,2670630d69c8,75.0,48980,0.493597,99.2307489713268
train,PNEUMONIA,person73_bacteria_355.jpeg,JPEG,L,1152,944,False,1,5fe3e571bb5a,75.0,68014,1.087488,62.5422993173258
train,PNEUMONIA,person73_bacteria_356.jpeg,JPEG,L,1024,696,False,1,5fe3e571bb5a,75.0,51625,0.712704,72.43540095186782
train,PNEUMONIA,person73_bacteria_357.jpeg,JPEG,L,1048,752,False,1,5fe3e571bb5a,75.0,73950,0.788096,93.83374614260192
train,PNEUMONIA,person73_bacteria_358.jpeg,JPEG,L,1032,856,False,1,5fe3e571bb5a,75.0,70585,0.883392,79.90224045497355
train,PNEUMONIA,person73_bacteria_359.jpeg,JPEG,L,1272,896,False,1,5fe3e571bb5a,75.0,75356,1.139712,66.11845799640611
train,PNEUMONIA,person73_bacteria_360.jpeg,JPEG,L,1298,971,False,1,5fe3e571bb5a,75.0,112007,1.260358,88.86919430828384
train,PNEUMONIA,person740_bacteria_2643.jpeg,JPEG,RGB,838,498,False,2,2670630d69c8,75.0,35518,0.417324,85.10893214864231
train,PNEUMONIA,person740_virus_1362.jpeg,JPEG,L,1040,504,False,1,5fe3e571bb5a,75.0,40303,0.52416,76.89064407814408
train,PNEUMONIA,person740_virus_1363.jpeg,JPEG,L,952,528,False,1,5fe3e571bb5a,75.0,42251,0.502656,84.05549719887955
train,PNEUMONIA,person741_bacteria_2644.jpeg,JPEG,L,1320,840,False,1,5fe3e571bb5a,75.0,74572,1.1088,67.25468975468975
train,PNEUMONIA,person741_virus_1364.jpeg,JPEG,L,984,552,False,1,5fe3e571bb5a,75.0,43156,0.543168,79.45239778484742
train,PNEUMONIA,person742_virus_1365.jpeg,JPEG,L,928,432,False,1,5fe3e571bb5a,75.0,32442,0.400896,80.92373084291188
train,PNEUMONIA,person743_bacteria_2646.jpeg,JPEG,L,984,760,False,1,5fe3e571bb5a,75.0,47393,0.74784,63.373181429182715
train,PNEUMONIA,person743_virus_1366.jpeg,JPEG,L,920,736,False,1,5fe3e571bb5a,75.0,56120,0.67712,82.88043478260869
train,PNEUMONIA,person744_bacteria_2647.jpeg,JPEG,L,1040,724,False,1,5fe3e571bb5a,75.0,67984,0.75296,90.28899277518062
train,PNEUMONIA,person744_virus_1367.jpeg,JPEG,L,1048,685,False,1,5fe3e571bb5a,75.0,63117,0.71788,87.92137961776342
train,PNEUMONIA,person745_bacteria_2648.jpeg,JPEG,L,1322,890,False,1,5fe3e571bb5a,75.0,115850,1.17658,98.46334290910946
train,PNEUMONIA,person745_virus_1368.jpeg,JPEG,RGB,942,674,False,2,2670630d69c8,75.0,46508,0.634908,73.25155770599835
train,PNEUMONIA,person746_bacteria_2649.jpeg,JPEG,L,1002,535,False,1,5fe3e571bb5a,75.0,46638,0.53607,86.99983211147797
train,PNEUMONIA,person746_virus_1369.jpeg,JPEG,RGB,895,516,False,2,2670630d69c8,75.0,32042,0.46182,69.38201030704603
train,PNEUMONIA,person747_bacteria_2650.jpeg,JPEG,L,1000,792,False,1,5fe3e571bb5a,75.0,49623,0.792,62.655303030303024
train,PNEUMONIA,person747_virus_1370.jpeg,JPEG,L,856,568,False,1,5fe3e571bb5a,75.0,40584,0.486208,83.47044886139267
train,PNEUMONIA,person747_virus_1372.jpeg,JPEG,L,944,632,False,1,5fe3e571bb5a,75.0,39419,0.596608,66.07185957948937
train,PNEUMONIA,person748_virus_1373.jpeg,JPEG,L,992,608,False,1,5fe3e571bb5a,75.0,51431,0.603136,85.27264165959252
train,PNEUMONIA,person749_bacteria_2652.jpeg,JPEG,L,944,552,False,1,5fe3e571bb5a,75.0,51745,0.521088,99.30184536968804
train,PNEUMONIA,person749_virus_1374.jpeg,JPEG,L,968,728,False,1,5fe3e571bb5a,75.0,55773,0.704704,79.14386749614023
train,PNEUMONIA,person74_bacteria_361.jpeg,JPEG,L,1240,928,False,1,5fe3e571bb5a,75.0,112583,1.15072,97.83700639599556
train,PNEUMONIA,person74_bacteria_362.jpeg,JPEG,L,1368,928,False,1,5fe3e571bb5a,75.0,83823,1.269504,66.02814957652753
train,PNEUMONIA,person74_bacteria_363.jpeg,JPEG,L,1574,959,False,1,5fe3e571bb5a,75.0,147965,1.509466,98.0247319250649
train,PNEUMONIA,person750_bacteria_2653.jpeg,JPEG,L,1008,656,False,1,5fe3e571bb5a,75.0,54966,0.661248,83.12463704994194
train,PNEUMONIA,person751_bacteria_2654.jpeg,JPEG,RGB,995,604,False,2,2670630d69c8,75.0,61702,0.60098,102.66897400911844
train,PNEUMONIA,person752_virus_1377.jpeg,JPEG,L,894,610,False,1,5fe3e571bb5a,75.0,53134,0.54534,97.43279422011955
train,PNEUMONIA,person753_bacteria_2656.jpeg,JPEG,L,1064,688,False,1,5fe3e571bb5a,75.0,70199,0.732032,95.89608104563735
train,PNEUMONIA,person753_virus_1378.jpeg,JPEG,L,880,648,False,1,5fe3e571bb5a,75.0,49791,0.57024,87.315867003367
train,PNEUMONIA,person754_virus_1379.jpeg,JPEG,L,904,848,False,1,5fe3e571bb5a,75.0,58944,0.766592,76.89096677241609
train,PNEUMONIA,person755_bacteria_2659.jpeg,JPEG,L,992,712,False,1,5fe3e571bb5a,75.0,52750,0.706304,74.68455509242479
train,PNEUMONIA,person755_virus_1380.jpeg,JPEG,L,2160,2304,False,1,5fe3e571bb5a,75.0,520928,4.97664,104.67463991769547
train,PNEUMONIA,person755_virus_1382.jpeg,JPEG,L,2096,1864,False,1,5fe3e571bb5a,75.0,332958,3.906944,85.22210709956427
train,PNEUMONIA,person756_bacteria_2660.jpeg,JPEG,L,904,584,False,1,5fe3e571bb5a,75.0,46212,0.527936,87.53333737422719
train,PNEUMONIA,person757_bacteria_2661.jpeg,JPEG,L,1000,688,False,1,5fe3e571bb5a,75.0,63638,0.688,92.49709302325581
train,PNEUMONIA,person757_virus_1385.jpeg,JPEG,RGB,937,533,False,2,2670630d69c8,75.0,46310,0.499421,92.72737830407613
train,PNEUMONIA,person758_bacteria_2662.jpeg,JPEG,L,1040,560,False,1,5fe3e571bb5a,75.0,54931,0.5824,94.3183379120879
train,PNEUMONIA,person759_bacteria_2663.jpeg,JPEG,L,1064,736,False,1,5fe3e571bb5a,75.0,75268,0.783104,96.11494769532527
train,PNEUMONIA,person759_virus_1387.jpeg,JPEG,L,1064,624,False,1,5fe3e571bb5a,75.0,48926,0.663936,73.69083767110084
train,PNEUMONIA,person75_bacteria_364.jpeg,JPEG,L,1000,808,False,1,5fe3e571bb5a,75.0,55655,0.808,68.8799504950495
train,PNEUMONIA,person75_bacteria_365.jpeg,JPEG,L,1080,728,False,1,5fe3e571bb5a,75.0,67971,0.78624,86.45070207570207
train,PNEUMONIA,person75_bacteria_366.jpeg,JPEG,L,1016,760,False,1,5fe3e571bb5a,75.0,50952,0.77216,65.98632407791132
train,PNEUMONIA,person75_bacteria_367.jpeg,JPEG,L,936,600,False,1,5fe3e571bb5a,75.0,37410,0.5616,66.61324786324786
train,PNEUMONIA,person75_bacteria_368.jpeg,JPEG,L,1056,696,False,1,5fe3e571bb5a,75.0,53756,0.734976,73.13980320445837
train,PNEUMONIA,person75_bacteria_369.jpeg,JPEG,L,1106,731,False,1,5fe3e571bb5a,75.0,73020,0.808486,90.31696281691951
train,PNEUMONIA,person760_bacteria_2664.jpeg,JPEG,L,856,648,False,1,5fe3e571bb5a,75.0,42470,0.554688,76.56556478596977
train,PNEUMONIA,person760_virus_1388.jpeg,JPEG,RGB,877,513,False,2,2670630d69c8,75.0,37280,0.449901,82.86267423277566
train,PNEUMONIA,person761_bacteria_2665.jpeg,JPEG,L,936,624,False,1,5fe3e571bb5a,75.0,41247,0.584064,70.62068540433924
train,PNEUMONIA,person761_virus_1389.jpeg,JPEG,L,1016,616,False,1,5fe3e571bb5a,75.0,61943,0.625856,98.97324624194704
train,PNEUMONIA,person762_virus_1390.jpeg,JPEG,L,1744,1312,False,1,5fe3e571bb5a,75.0,140642,2.288128,61.46596693891251
train,PNEUMONIA,person763_bacteria_2667.jpeg,JPEG,L,968,672,False,1,5fe3e571bb5a,75.0,45873,0.650496,70.5200339433294
train,PNEUMONIA,person763_virus_1391.jpeg,JPEG,RGB,840,548,False,2,2670630d69c8,75.0,38490,0.46032,83.61574556830031
train,PNEUMONIA,person764_bacteria_2668.jpeg,JPEG,L,1016,736,False,1,5fe3e571bb5a,75.0,48831,0.747776,65.30164113317358
train,PNEUMONIA,person764_virus_1392.jpeg,JPEG,RGB,795,427,False,2,2670630d69c8,75.0,30009,0.339465,88.40086606866687
train,PNEUMONIA,person765_bacteria_2669.jpeg,JPEG,L,2050,1497,False,1,5fe3e571bb5a,75.0,186696,3.06885,60.83581797741825
train,PNEUMONIA,person765_virus_1393.jpeg,JPEG,L,1352,817,False,1,5fe3e571bb5a,75.0,67572,1.104584,61.17416149428201
train,PNEUMONIA,person766_bacteria_2670.jpeg,JPEG,L,920,544,False,1,5fe3e571bb5a,75.0,47775,0.50048,95.45835997442454
train,PNEUMONIA,person767_bacteria_2671.jpeg,JPEG,L,1008,592,False,1,5fe3e571bb5a,75.0,66674,0.596736,111.7311507936508
train,PNEUMONIA,person768_bacteria_2672.jpeg,JPEG,L,912,520,False,1,5fe3e571bb5a,75.0,51469,0.47424,108.52943657219973
train,PNEUMONIA,person768_virus_1396.jpeg,JPEG,RGB,854,543,False,2,2670630d69c8,75.0,36418,0.463722,78.53412173673019
train,PNEUMONIA,person769_bacteria_2673.jpeg,JPEG,L,912,640,False,1,5fe3e571bb5a,75.0,56062,0.58368,96.04920504385964
train,PNEUMONIA,person76_bacteria_370.jpeg,JPEG,L,1360,984,False,1,5fe3e571bb5a,75.0,99071,1.33824,74.03081659493064
train,PNEUMONIA,person76_bacteria_371.jpeg,JPEG,L,1240,1048,False,1,5fe3e571bb5a,75.0,79694,1.29952,61.32572026594435
train,PNEUMONIA,person76_bacteria_372.jpeg,JPEG,L,1458,1080,False,1,5fe3e571bb5a,75.0,133802,1.57464,84.97307321038458
train,PNEUMONIA,person770_bacteria_2674.jpeg,JPEG,L,944,640,False,1,5fe3e571bb5a,75.0,62476,0.60416,103.40969279661016
train,PNEUMONIA,person770_virus_1398.jpeg,JPEG,RGB,842,496,False,2,2670630d69c8,75.0,29528,0.417632,70.7033943759099
train,PNEUMONIA,person771_bacteria_2675.jpeg,JPEG,L,992,552,False,1,5fe3e571bb5a,75.0,66241,0.547584,120.96956813931745
train,PNEUMONIA,person771_virus_1399.jpeg,JPEG,L,1240,552,False,1,5fe3e571bb5a,75.0,42694,0.68448,62.37435717625059
train,PNEUMONIA,person772_virus_1401.jpeg,JPEG,L,1000,592,False,1,5fe3e571bb5a,75.0,36567,0.592,61.76858108108109
train,PNEUMONIA,person773_virus_1402.jpeg,JPEG,L,952,480,False,1,5fe3e571bb5a,75.0,25440,0.45696,55.67226890756303
train,PNEUMONIA,person774_bacteria_2678.jpeg,JPEG,L,1088,712,False,1,5fe3e571bb5a,75.0,54488,0.774656,70.33831791143423
train,PNEUMONIA,person774_virus_1403.jpeg,JPEG,L,840,584,False,1,5fe3e571bb5a,75.0,31109,0.49056,63.41528049575995
train,PNEUMONIA,person775_bacteria_2679.jpeg,JPEG,L,1216,728,False,1,5fe3e571bb5a,75.0,58602,0.885248,66.19839864083285
train,PNEUMONIA,person775_virus_1404.jpeg,JPEG,L,856,568,False,1,5fe3e571bb5a,75.0,28518,0.486208,58.65390943793603
train,PNEUMONIA,person776_bacteria_2680.jpeg,JPEG,L,968,600,False,1,5fe3e571bb5a,75.0,48075,0.5808,82.77376033057853
train,PNEUMONIA,person776_virus_1405.jpeg,JPEG,L,1776,1591,False,1,5fe3e571bb5a,75.0,170726,2.825616,60.420807356696734
train,PNEUMONIA,person778_bacteria_2682.jpeg,JPEG,L,1224,656,False,1,5fe3e571bb5a,75.0,49488,0.802944,61.63318986131038
train,PNEUMONIA,person778_virus_1408.jpeg,JPEG,L,896,512,False,1,5fe3e571bb5a,75.0,30223,0.458752,65.88091169084821
train,PNEUMONIA,person779_bacteria_2683.jpeg,JPEG,L,1144,793,False,1,5fe3e571bb5a,75.0,82062,0.907192,90.45714688842052
train,PNEUMONIA,person779_virus_1409.jpeg,JPEG,RGB,861,626,False,2,2670630d69c8,75.0,42035,0.538986,77.98903867632926
train,PNEUMONIA,person779_virus_1410.jpeg,JPEG,L,752,576,False,1,5fe3e571bb5a,75.0,37430,0.433152,86.4130836288416
train,PNEUMONIA,person77_bacteria_374.jpeg,JPEG,L,1008,848,False,1,5fe3e571bb5a,75.0,61486,0.854784,71.931622491764
train,PNEUMONIA,person77_bacteria_375.jpeg,JPEG,L,1224,704,False,1,5fe3e571bb5a,75.0,69190,0.861696,80.29513888888889
train,PNEUMONIA,person77_bacteria_376.jpeg,JPEG,L,1024,872,False,1,5fe3e571bb5a,75.0,56821,0.892928,63.6344699684633
train,PNEUMONIA,person77_bacteria_377.jpeg,JPEG,L,1156,820,False,1,5fe3e571bb5a,75.0,101854,0.94792,107.44999578023462
train,PNEUMONIA,person780_bacteria_2684.jpeg,JPEG,L,1453,1073,False,1,5fe3e571bb5a,75.0,108928,1.559069,69.86733749436362
train,PNEUMONIA,person780_virus_1411.jpeg,JPEG,L,816,512,False,1,5fe3e571bb5a,75.0,26221,0.417792,62.76089537377451
train,PNEUMONIA,person781_virus_1412.jpeg,JPEG,L,2258,2109,False,1,5fe3e571bb5a,75.0,367094,4.762122,77.08622332649185
train,PNEUMONIA,person782_bacteria_2686.jpeg,JPEG,L,1312,1144,False,1,5fe3e571bb5a,75.0,102085,1.500928,68.01458830803342
train,PNEUMONIA,person783_bacteria_2687.jpeg,JPEG,L,1431,1044,False,1,5fe3e571bb5a,75.0,93332,1.493964,62.47272357299104
train,PNEUMONIA,person783_virus_1414.jpeg,JPEG,L,912,536,False,1,5fe3e571bb5a,75.0,30669,0.488832,62.739346032992934
train,PNEUMONIA,person785_bacteria_2689.jpeg,JPEG,L,1080,720,False,1,5fe3e571bb5a,75.0,52654,0.7776,67.71347736625515
train,PNEUMONIA,person786_bacteria_2690.jpeg,JPEG,L,1000,816,False,1,5fe3e571bb5a,75.0,62981,0.816,77.18259803921569
train,PNEUMONIA,person787_bacteria_2691.jpeg,JPEG,L,1546,1094,False,1,5fe3e571bb5a,75.0,90351,1.691324,53.42027902400722
train,PNEUMONIA,person788_virus_1419.jpeg,JPEG,L,1940,1469,False,1,5fe3e571bb5a,75.0,241049,2.84986,84.58275143340374
train,PNEUMONIA,person789_bacteria_2694.jpeg,JPEG,L,1080,584,False,1,5fe3e571bb5a,75.0,41061,0.63072,65.1017884322679
train,PNEUMONIA,person789_virus_1420.jpeg,JPEG,L,1224,736,False,1,5fe3e571bb5a,75.0,45142,0.900864,50.10967249218528
train,PNEUMONIA,person790_virus_1421.jpeg,JPEG,L,1658,1145,False,1,5fe3e571bb5a,75.0,146682,1.89841,77.26571183253354
train,PNEUMONIA,person791_virus_1422.jpeg,JPEG,L,1468,1010,False,1,5fe3e571bb5a,75.0,142315,1.48268,95.98497315671621
train,PNEUMONIA,person793_virus_1424.jpeg,JPEG,L,1144,848,False,1,5fe3e571bb5a,75.0,64222,0.970112,66.20060364164138
train,PNEUMONIA,person794_bacteria_2700.jpeg,JPEG,L,1244,959,False,1,5fe3e571bb5a,75.0,111181,1.192996,93.19478020043655
train,PNEUMONIA,person795_virus_1427.jpeg,JPEG,RGB,878,584,False,2,2670630d69c8,75.0,36219,0.512752,70.63648703466784
train,PNEUMONIA,person796_bacteria_2702.jpeg,JPEG,L,1008,576,False,1,5fe3e571bb5a,75.0,48060,0.580608,82.77529761904762
train,PNEUMONIA,person796_virus_1428.jpeg,JPEG,L,1072,752,False,1,5fe3e571bb5a,75.0,50190,0.806144,62.25934820577961
train,PNEUMONIA,person797_virus_1429.jpeg,JPEG,L,920,512,False,1,5fe3e571bb5a,75.0,32155,0.47104,68.26384171195652
train,PNEUMONIA,person798_virus_1430.jpeg,JPEG,L,1294,902,False,1,5fe3e571bb5a,75.0,97514,1.167188,83.54609540194039
train,PNEUMONIA,person799_bacteria_2705.jpeg,JPEG,L,1248,944,False,1,5fe3e571bb5a,75.0,80952,1.178112,68.71333116036506
train,PNEUMONIA,person799_virus_1431.jpeg,JPEG,L,2016,2184,False,1,5fe3e571bb5a,75.0,233694,4.402944,53.076759549973836
train,PNEUMONIA,person7_bacteria_24.jpeg,JPEG,L,1224,896,False,1,5fe3e571bb5a,75.0,91267,1.096704,83.21935545051355
train,PNEUMONIA,person7_bacteria_25.jpeg,JPEG,RGB,932,588,False,2,2670630d69c8,75.0,41915,0.548016,76.48499313888647
train,PNEUMONIA,person7_bacteria_28.jpeg,JPEG,RGB,1033,697,False,2,2670630d69c8,75.0,62747,0.720001,87.14849007154157
train,PNEUMONIA,person7_bacteria_29.jpeg,JPEG,L,1200,824,False,1,5fe3e571bb5a,75.0,99148,0.9888,100.2710355987055
train,PNEUMONIA,person800_bacteria_2706.jpeg,JPEG,RGB,985,621,False,2,2670630d69c8,75.0,41247,0.611685,67.43176635032736
train,PNEUMONIA,person801_virus_1434.jpeg,JPEG,L,1384,1021,False,1,5fe3e571bb5a,75.0,123734,1.413064,87.56432829652442
train,PNEUMONIA,person802_bacteria_2708.jpeg,JPEG,L,1260,971,False,1,5fe3e571bb5a,75.0,117895,1.22346,96.36195707256469
train,PNEUMONIA,person803_bacteria_2710.jpeg,JPEG,RGB,745,467,False,2,2670630d69c8,75.0,20737,0.347915,59.603638819826685
train,PNEUMONIA,person803_virus_1436.jpeg,JPEG,L,1296,847,False,1,5fe3e571bb5a,75.0,89598,1.097712,81.62250207704753
train,PNEUMONIA,person804_bacteria_2711.jpeg,JPEG,L,1064,504,False,1,5fe3e571bb5a,75.0,38601,0.536256,71.98241138560688
train,PNEUMONIA,person805_bacteria_2712.jpeg,JPEG,L,1134,731,False,1,5fe3e571bb5a,75.0,73399,0.828954,88.54411704388905
train,PNEUMONIA,person806_virus_1439.jpeg,JPEG,L,1416,1344,False,1,5fe3e571bb5a,75.0,98755,1.903104,51.8915413976325
train,PNEUMONIA,person806_virus_1440.jpeg,JPEG,L,1216,1152,False,1,5fe3e571bb5a,75.0,100617,1.400832,71.82660019188596
train,PNEUMONIA,person807_virus_1441.jpeg,JPEG,L,1672,1352,False,1,5fe3e571bb5a,75.0,115609,2.260544,51.14211446448289
train,PNEUMONIA,person808_bacteria_2716.jpeg,JPEG,L,1132,821,False,1,5fe3e571bb5a,75.0,89196,0.929372,95.97448599699582
train,PNEUMONIA,person808_virus_1442.jpeg,JPEG,L,1746,1523,False,1,5fe3e571bb5a,75.0,212452,2.659158,79.89446283372405
train,PNEUMONIA,person809_bacteria_2717.jpeg,JPEG,L,1224,928,False,1,5fe3e571bb5a,75.0,81036,1.135872,71.34254563894524
train,PNEUMONIA,person809_bacteria_2718.jpeg,JPEG,L,1008,688,False,1,5fe3e571bb5a,75.0,64639,0.693504,93.2063838132152
train,PNEUMONIA,person80_virus_150.jpeg,JPEG,L,1248,880,True,1,84d411bec87f,91.82745825602969,114901,1.09824,104.6228511072261
train,PNEUMONIA,person810_bacteria_2719.jpeg,JPEG,L,872,608,False,1,5fe3e571bb5a,75.0,38418,0.530176,72.46272935779817
train,PNEUMONIA,person810_virus_1445.jpeg,JPEG,L,2000,1688,False,1,5fe3e571bb5a,75.0,258850,3.376,76.67357819905214
train,PNEUMONIA,person810_virus_1446.jpeg,JPEG,L,1824,1632,False,1,5fe3e571bb5a,75.0,182249,2.976768,61.223783647230825
train,PNEUMONIA,person811_bacteria_2721.jpeg,JPEG,L,1558,933,False,1,5fe3e571bb5a,75.0,103564,1.453614,71.24587407661181
train,PNEUMONIA,person811_virus_1447.jpeg,JPEG,L,1376,999,False,1,5fe3e571bb5a,75.0,119103,1.374624,86.64405684754522
train,PNEUMONIA,person813_bacteria_2723.jpeg,JPEG,RGB,968,499,False,2,2670630d69c8,75.0,40719,0.483032,84.29876281488598
train,PNEUMONIA,person813_bacteria_2724.jpeg,JPEG,L,1080,600,False,1,5fe3e571bb5a,75.0,55401,0.648,85.49537037037037
train,PNEUMONIA,person813_virus_1449.jpeg,JPEG,L,1911,1806,False,1,5fe3e571bb5a,75.0,426953,3.451266,123.70909689371958
train,PNEUMONIA,person814_bacteria_2725.jpeg,JPEG,L,1176,664,False,1,5fe3e571bb5a,75.0,69168,0.780864,88.57880501598231
train,PNEUMONIA,person815_bacteria_2726.jpeg,JPEG,L,1400,1052,False,1,5fe3e571bb5a,75.0,133049,1.4728,90.33745247148289
train,PNEUMONIA,person816_bacteria_2727.jpeg,JPEG,L,1184,864,False,1,5fe3e571bb5a,75.0,94894,1.022976,92.76268455955956
train,PNEUMONIA,person817_bacteria_2728.jpeg,JPEG,RGB,700,463,False,2,2670630d69c8,75.0,23841,0.3241,73.56062943535946
train,PNEUMONIA,person818_bacteria_2729.jpeg,JPEG,L,1072,816,False,1,5fe3e571bb5a,75.0,64298,0.874752,73.5042617793386
train,PNEUMONIA,person819_bacteria_2730.jpeg,JPEG,L,864,528,False,1,5fe3e571bb5a,75.0,35747,0.456192,78.3595503647587
train,PNEUMONIA,person819_virus_1455.jpeg,JPEG,RGB,1072,603,False,2,2670630d69c8,75.0,39263,0.646416,60.739523774164006
train,PNEUMONIA,person81_virus_152.jpeg,JPEG,L,1520,984,False,1,5fe3e571bb5a,75.0,116809,1.49568,78.09758771929825
train,PNEUMONIA,person81_virus_153.jpeg,JPEG,L,1472,1048,True,1,8150a566ea61,89.18831168831169,150512,1.542656,97.56679389312977
train,PNEUMONIA,person820_bacteria_2731.jpeg,JPEG,L,1128,752,False,1,5fe3e571bb5a,75.0,78280,0.848256,92.28346159649917
train,PNEUMONIA,person820_virus_1456.jpeg,JPEG,L,1716,1175,False,1,5fe3e571bb5a,75.0,182722,2.0163,90.6224272181719
train,PNEUMONIA,person823_virus_1459.jpeg,JPEG,L,920,472,False,1,5fe3e571bb5a,75.0,27843,0.43424,64.11892041267501
train,PNEUMONIA,person825_bacteria_2736.jpeg,JPEG,L,888,488,False,1,5fe3e571bb5a,75.0,30159,0.433344,69.5959791758972
train,PNEUMONIA,person826_bacteria_2737.jpeg,JPEG,L,1152,752,False,1,5fe3e571bb5a,75.0,50049,0.866304,57.77302194148936
train,PNEUMONIA,person826_virus_1462.jpeg,JPEG,RGB,843,484,False,2,2670630d69c8,75.0,32355,0.408012,79.29913826063938
train,PNEUMONIA,person827_bacteria_2738.jpeg,JPEG,L,1008,632,False,1,5fe3e571bb5a,75.0,43688,0.637056,68.57795860960418
train,PNEUMONIA,person829_bacteria_2740.jpeg,JPEG,L,1048,704,False,1,5fe3e571bb5a,75.0,65962,0.737792,89.4046018390007
train,PNEUMONIA,person82_virus_154.jpeg,JPEG,L,1400,896,True,1,8150a566ea61,89.18831168831169,123298,1.2544,98.29241071428572
train,PNEUMONIA,person82_virus_155.jpeg,JPEG,L,1328,888,True,1,8150a566ea61,89.18831168831169,128153,1.179264,108.67201915771192
train,PNEUMONIA,person830_bacteria_2741.jpeg,JPEG,L,1040,664,False,1,5fe3e571bb5a,75.0,65444,0.69056,94.76946246524561
train,PNEUMONIA,person830_virus_1466.jpeg,JPEG,L,1160,752,False,1,5fe3e571bb5a,75.0,55088,0.87232,63.15113719735877
train,PNEUMONIA,person831_bacteria_2742.jpeg,JPEG,L,896,528,False,1,5fe3e571bb5a,75.0,26201,0.473088,55.382930871212125
train,PNEUMONIA,person832_bacteria_2743.jpeg,JPEG,L,904,624,False,1,5fe3e571bb5a,75.0,46981,0.564096,83.28546914000454
train,PNEUMONIA,person832_virus_1468.jpeg,JPEG,RGB,801,541,False,2,2670630d69c8,75.0,28688,0.433341,66.2019056585922
train,PNEUMONIA,person833_virus_1469.jpeg,JPEG,L,1716,1222,False,1,5fe3e571bb5a,75.0,184038,2.096952,87.7645267988967
train,PNEUMONIA,person834_bacteria_2747.jpeg,JPEG,L,1000,560,False,1,5fe3e571bb5a,75.0,49684,0.56,88.72142857142856
train,PNEUMONIA,person834_bacteria_2748.jpeg,JPEG,L,1000,560,False,1,5fe3e571bb5a,75.0,49684,0.56,88.72142857142856
train,PNEUMONIA,person835_bacteria_2749.jpeg,JPEG,L,896,480,False,1,5fe3e571bb5a,75.0,36551,0.43008,84.98651413690476
train,PNEUMONIA,person835_bacteria_2750.jpeg,JPEG,L,928,392,False,1,5fe3e571bb5a,75.0,32243,0.363776,88.63421446164674
train,PNEUMONIA,person835_virus_1472.jpeg,JPEG,L,1664,1136,False,1,5fe3e571bb5a,75.0,143091,1.890304,75.69734815140846
train,PNEUMONIA,person836_bacteria_2752.jpeg,JPEG,L,1160,648,False,1,5fe3e571bb5a,75.0,40263,0.75168,53.5640166028097
train,PNEUMONIA,person836_virus_1473.jpeg,JPEG,L,1752,1192,False,1,5fe3e571bb5a,75.0,106261,2.088384,50.881925929331004
train,PNEUMONIA,person837_bacteria_2753.jpeg,JPEG,L,1152,784,False,1,5fe3e571bb5a,75.0,64573,0.903168,71.4961114654195
train,PNEUMONIA,person837_bacteria_2754.jpeg,JPEG,L,904,568,False,1,5fe3e571bb5a,75.0,53031,0.513472,103.27924404836095
train,PNEUMONIA,person837_virus_1475.jpeg,JPEG,L,1656,1320,False,1,5fe3e571bb5a,75.0,126833,2.18592,58.022708973795936
train,PNEUMONIA,person838_virus_1476.jpeg,JPEG,L,1000,664,False,1,5fe3e571bb5a,75.0,39128,0.664,58.92771084337349
train,PNEUMONIA,person839_bacteria_2757.jpeg,JPEG,L,760,440,False,1,5fe3e571bb5a,75.0,31168,0.3344,93.20574162679426
train,PNEUMONIA,person83_virus_156.jpeg,JPEG,L,1504,720,False,1,5fe3e571bb5a,75.0,79119,1.08288,73.06349734042553
train,PNEUMONIA,person840_bacteria_2758.jpeg,JPEG,L,1080,552,False,1,5fe3e571bb5a,75.0,44266,0.59616,74.25187869028449
train,PNEUMONIA,person840_bacteria_2759.jpeg,JPEG,L,992,544,False,1,5fe3e571bb5a,75.0,43914,0.539648,81.37526684060721
train,PNEUMONIA,person841_bacteria_2760.jpeg,JPEG,L,1024,616,False,1,5fe3e571bb5a,75.0,54524,0.630784,86.43846387987013
train,PNEUMONIA,person841_bacteria_2761.jpeg,JPEG,L,1008,768,False,1,5fe3e571bb5a,75.0,82504,0.774144,106.57448743386243
train,PNEUMONIA,person841_virus_1481.jpeg,JPEG,L,1284,878,False,1,5fe3e571bb5a,75.0,106583,1.127352,94.54278699110837
train,PNEUMONIA,person842_bacteria_2762.jpeg,JPEG,L,1104,752,False,1,5fe3e571bb5a,75.0,81698,0.830208,98.40666435399322
train,PNEUMONIA,person842_virus_1483.jpeg,JPEG,L,1616,1288,False,1,5fe3e571bb5a,75.0,121580,2.081408,58.41238238730705
train,PNEUMONIA,person843_bacteria_2763.jpeg,JPEG,L,936,688,False,1,5fe3e571bb5a,75.0,55534,0.643968,86.23720433313457
train,PNEUMONIA,person843_virus_1485.jpeg,JPEG,L,1432,944,False,1,5fe3e571bb5a,75.0,81129,1.351808,60.01517967048576
train,PNEUMONIA,person844_virus_1487.jpeg,JPEG,L,1192,789,False,1,5fe3e571bb5a,75.0,84975,0.940488,90.35203000995227
train,PNEUMONIA,person845_virus_1489.jpeg,JPEG,L,1448,1072,False,1,5fe3e571bb5a,75.0,110684,1.552256,71.30524861878453
train,PNEUMONIA,person846_bacteria_2766.jpeg,JPEG,L,880,472,False,1,5fe3e571bb5a,75.0,36926,0.41536,88.90119414483821
train,PNEUMONIA,person846_virus_1491.jpeg,JPEG,L,1998,1361,False,1,5fe3e571bb5a,75.0,218139,2.719278,80.21945531129954
train,PNEUMONIA,person847_bacteria_2767.jpeg,JPEG,L,952,600,False,1,5fe3e571bb5a,75.0,32451,0.5712,56.811974789915965
train,PNEUMONIA,person847_virus_1492.jpeg,JPEG,L,1808,1432,False,1,5fe3e571bb5a,75.0,237996,2.589056,91.92385178227123
train,PNEUMONIA,person848_bacteria_2769.jpeg,JPEG,RGB,927,523,False,2,2670630d69c8,75.0,38422,0.484821,79.24986747686259
train,PNEUMONIA,person848_virus_1493.jpeg,JPEG,L,1376,800,False,1,5fe3e571bb5a,75.0,78292,1.1008,71.12281976744187
train,PNEUMONIA,person849_bacteria_2770.jpeg,JPEG,L,952,544,False,1,5fe3e571bb5a,75.0,37443,0.517888,72.29941608996539
train,PNEUMONIA,person849_virus_1494.jpeg,JPEG,L,1376,792,False,1,5fe3e571bb5a,75.0,67150,1.089792,61.61726274371623
train,PNEUMONIA,person84_virus_157.jpeg,JPEG,L,1264,704,False,1,5fe3e571bb5a,75.0,83872,0.889856,94.25345224395858
train,PNEUMONIA,person850_bacteria_2771.jpeg,JPEG,L,1152,672,False,1,5fe3e571bb5a,75.0,75042,0.774144,96.93545386904762
train,PNEUMONIA,person851_virus_1496.jpeg,JPEG,L,1432,1000,False,1,5fe3e571bb5a,75.0,108902,1.432,76.04888268156425
train,PNEUMONIA,person852_virus_1497.jpeg,JPEG,L,1168,1000,False,1,5fe3e571bb5a,75.0,81787,1.168,70.02311643835617
train,PNEUMONIA,person853_bacteria_2774.jpeg,JPEG,L,944,568,False,1,5fe3e571bb5a,75.0,40450,0.536192,75.4393948436381
train,PNEUMONIA,person853_bacteria_2775.jpeg,JPEG,L,920,520,False,1,5fe3e571bb5a,75.0,40932,0.4784,85.56020066889633
train,PNEUMONIA,person853_virus_1498.jpeg,JPEG,L,1208,776,False,1,5fe3e571bb5a,75.0,85021,0.937408,90.69796716051069
train,PNEUMONIA,person854_bacteria_2776.jpeg,JPEG,L,824,584,False,1,5fe3e571bb5a,75.0,38638,0.481216,80.29242585450193
train,PNEUMONIA,person855_bacteria_2777.jpeg,JPEG,L,904,672,False,1,5fe3e571bb5a,75.0,35034,0.607488,57.67027496839443
train,PNEUMONIA,person855_virus_1500.jpeg,JPEG,L,1432,944,False,1,5fe3e571bb5a,75.0,115840,1.351808,85.69264274216458
train,PNEUMONIA,person858_bacteria_2780.jpeg,JPEG,L,1072,744,False,1,5fe3e571bb5a,75.0,52491,0.797568,65.8138240250361
train,PNEUMONIA,person859_virus_1504.jpeg,JPEG,L,1288,944,False,1,5fe3e571bb5a,75.0,90036,1.215872,74.05055795346878
train,PNEUMONIA,person860_virus_1505.jpeg,JPEG,L,1000,664,False,1,5fe3e571bb5a,75.0,53246,0.664,80.18975903614458
train,PNEUMONIA,person861_virus_1506.jpeg,JPEG,L,1096,536,False,1,5fe3e571bb5a,75.0,46891,0.587456,79.82044612702909
train,PNEUMONIA,person862_bacteria_2784.jpeg,JPEG,L,992,832,False,1,5fe3e571bb5a,75.0,47138,0.825344,57.11315524193548
train,PNEUMONIA,person862_virus_1507.jpeg,JPEG,L,1336,1056,False,1,5fe3e571bb5a,75.0,97377,1.410816,69.02175762112138
train,PNEUMONIA,person863_bacteria_2785.jpeg,JPEG,L,1000,664,False,1,5fe3e571bb5a,75.0,38975,0.664,58.6972891566265
train,PNEUMONIA,person863_virus_1508.jpeg,JPEG,L,1456,1072,False,1,5fe3e571bb5a,75.0,111601,1.560832,71.5009687141217
train,PNEUMONIA,person864_virus_1509.jpeg,JPEG,L,1272,936,False,1,5fe3e571bb5a,75.0,86772,1.190592,72.88139009837123
train,PNEUMONIA,person866_bacteria_2788.jpeg,JPEG,L,904,536,False,1,5fe3e571bb5a,75.0,37153,0.484544,76.67621516312244
train,PNEUMONIA,person866_virus_1511.jpeg,JPEG,L,1608,1096,False,1,5fe3e571bb5a,75.0,150933,1.762368,85.642158731888
train,PNEUMONIA,person867_bacteria_2789.jpeg,JPEG,L,1104,832,False,1,5fe3e571bb5a,75.0,63293,0.918528,68.90699031493868
train,PNEUMONIA,person867_virus_1512.jpeg,JPEG,L,1672,1184,False,1,5fe3e571bb5a,75.0,144768,1.979648,73.12815207552049
train,PNEUMONIA,person868_virus_1513.jpeg,JPEG,L,984,656,False,1,5fe3e571bb5a,75.0,64410,0.645504,99.78249553837001
train,PNEUMONIA,person868_virus_1514.jpeg,JPEG,L,992,616,False,1,5fe3e571bb5a,75.0,60901,0.611072,99.66256022203605
train,PNEUMONIA,person86_virus_159.jpeg,JPEG,L,1758,1249,False,1,5fe3e571bb5a,75.0,167511,2.195742,76.2890175621726
train,PNEUMONIA,person870_bacteria_2792.jpeg,JPEG,L,1032,640,False,1,5fe3e571bb5a,75.0,62351,0.66048,94.40255571705427
train,PNEUMONIA,person870_virus_1516.jpeg,JPEG,L,1448,856,False,1,5fe3e571bb5a,75.0,85658,1.239488,69.10756699540455
train,PNEUMONIA,person871_bacteria_2793.jpeg,JPEG,L,1156,747,False,1,5fe3e571bb5a,75.0,93866,0.863532,108.70008291528282
train,PNEUMONIA,person871_virus_1517.jpeg,JPEG,L,1528,840,False,1,5fe3e571bb5a,75.0,97518,1.28352,75.97700074794315
train,PNEUMONIA,person872_bacteria_2795.jpeg,JPEG,L,1008,696,False,1,5fe3e571bb5a,75.0,43249,0.701568,61.64619823024996
train,PNEUMONIA,person873_bacteria_2796.jpeg,JPEG,L,912,552,False,1,5fe3e571bb5a,75.0,28372,0.503424,56.35806000508518
train,PNEUMONIA,person874_bacteria_2797.jpeg,JPEG,L,1016,744,False,1,5fe3e571bb5a,75.0,72930,0.755904,96.48050546101094
train,PNEUMONIA,person875_bacteria_2798.jpeg,JPEG,L,928,584,False,1,5fe3e571bb5a,75.0,40936,0.541952,75.53436466698157
train,PNEUMONIA,person876_bacteria_2799.jpeg,JPEG,L,1096,672,False,1,5fe3e571bb5a,75.0,42203,0.736512,57.301170924574215
train,PNEUMONIA,person877_bacteria_2800.jpeg,JPEG,L,1056,664,False,1,5fe3e571bb5a,75.0,44265,0.701184,63.128936199342824
train,PNEUMONIA,person877_virus_1525.jpeg,JPEG,L,1216,672,False,1,5fe3e571bb5a,75.0,65280,0.817152,79.88721804511279
train,PNEUMONIA,person878_bacteria_2801.jpeg,JPEG,L,1692,1295,False,1,5fe3e571bb5a,75.0,185882,2.19114,84.83346568452953
train,PNEUMONIA,person878_virus_1526.jpeg,JPEG,L,1216,744,False,1,5fe3e571bb5a,75.0,63333,0.904704,70.00411184210526
train,PNEUMONIA,person87_virus_160.jpeg,JPEG,L,1636,1130,False,1,5fe3e571bb5a,75.0,175258,1.84868,94.80169634550057
train,PNEUMONIA,person880_bacteria_2804.jpeg,JPEG,L,1024,664,False,1,5fe3e571bb5a,75.0,51766,0.679936,76.13363610692771
train,PNEUMONIA,person880_virus_1529.jpeg,JPEG,L,1416,912,False,1,5fe3e571bb5a,75.0,120304,1.291392,93.15839032609773
train,PNEUMONIA,person881_bacteria_2805.jpeg,JPEG,L,1048,544,False,1,5fe3e571bb5a,75.0,42865,0.570112,75.1869808037719
train,PNEUMONIA,person881_virus_1531.jpeg,JPEG,L,1168,760,False,1,5fe3e571bb5a,75.0,68146,0.88768,76.76865537130497
train,PNEUMONIA,person882_bacteria_2806.jpeg,JPEG,L,1000,568,False,1,5fe3e571bb5a,75.0,55260,0.568,97.2887323943662
train,PNEUMONIA,person883_bacteria_2807.jpeg,JPEG,L,1008,584,False,1,5fe3e571bb5a,75.0,44143,0.588672,74.98742933246358
train,PNEUMONIA,person883_virus_1533.jpeg,JPEG,L,1104,592,False,1,5fe3e571bb5a,75.0,56482,0.653568,86.42099980415198
train,PNEUMONIA,person884_bacteria_2808.jpeg,JPEG,L,1306,762,False,1,5fe3e571bb5a,75.0,98505,0.995172,98.9828893899748
train,PNEUMONIA,person884_virus_1534.jpeg,JPEG,L,1256,824,False,1,5fe3e571bb5a,75.0,78751,1.034944,76.09203976253788
train,PNEUMONIA,person885_bacteria_2809.jpeg,JPEG,L,1256,720,False,1,5fe3e571bb5a,75.0,89557,0.90432,99.03242215145082
train,PNEUMONIA,person886_bacteria_2810.jpeg,JPEG,L,1372,817,False,1,5fe3e571bb5a,75.0,103906,1.120924,92.69673947564688
train,PNEUMONIA,person886_virus_1536.jpeg,JPEG,L,1656,1368,False,1,5fe3e571bb5a,75.0,185376,2.265408,81.82896855665734
train,PNEUMONIA,person887_bacteria_2811.jpeg,JPEG,L,942,571,False,1,5fe3e571bb5a,75.0,59684,0.537882,110.96114017572627
train,PNEUMONIA,person888_bacteria_2812.jpeg,JPEG,RGB,527,219,False,2,2670630d69c8,75.0,11383,0.115413,98.62840407926316
train,PNEUMONIA,person888_virus_1538.jpeg,JPEG,L,1392,832,False,1,5fe3e571bb5a,75.0,83327,1.158144,71.94873867152961
train,PNEUMONIA,person889_bacteria_2813.jpeg,JPEG,L,856,536,False,1,5fe3e571bb5a,75.0,32872,0.458816,71.64527828148975
train,PNEUMONIA,person88_virus_161.jpeg,JPEG,L,1328,976,False,1,5fe3e571bb5a,75.0,124176,1.296128,95.80535255777208
train,PNEUMONIA,person88_virus_163.jpeg,JPEG,L,1472,1176,False,1,5fe3e571bb5a,75.0,168339,1.731072,97.24552185004437
train,PNEUMONIA,person88_virus_164.jpeg,JPEG,L,1432,1176,False,1,5fe3e571bb5a,75.0,119853,1.684032,71.17026279785657
train,PNEUMONIA,person88_virus_165.jpeg,JPEG,L,1520,1176,False,1,5fe3e571bb5a,75.0,102106,1.78752,57.121598639455776
train,PNEUMONIA,person88_virus_166.jpeg,JPEG,L,1512,1008,False,1,5fe3e571bb5a,75.0,98423,1.524096,64.57795309481818
train,PNEUMONIA,person88_virus_167.jpeg,JPEG,L,1344,1216,False,1,5fe3e571bb5a,75.0,121947,1.634304,74.61708470394737
train,PNEUMONIA,person890_bacteria_2814.jpeg,JPEG,L,1016,608,False,1,5fe3e571bb5a,75.0,50612,0.617728,81.9325010360547
train,PNEUMONIA,person890_virus_1540.jpeg,JPEG,L,1768,1072,False,1,5fe3e571bb5a,75.0,130393,1.895296,68.7982246572567
train,PNEUMONIA,person891_virus_1541.jpeg,JPEG,L,1048,632,False,1,5fe3e571bb5a,75.0,57433,0.662336,86.71278625954199
train,PNEUMONIA,person892_bacteria_2817.jpeg,JPEG,L,1080,784,False,1,5fe3e571bb5a,75.0,84570,0.84672,99.87953514739228
train,PNEUMONIA,person893_bacteria_2818.jpeg,JPEG,L,1000,560,False,1,5fe3e571bb5a,75.0,41449,0.56,74.01607142857142
train,PNEUMONIA,person894_bacteria_2819.jpeg,JPEG,RGB,747,464,False,2,2670630d69c8,75.0,33720,0.346608,97.28569450214651
train,PNEUMONIA,person894_virus_1546.jpeg,JPEG,L,1368,928,False,1,5fe3e571bb5a,75.0,86700,1.269504,68.29438898971567
train,PNEUMONIA,person895_bacteria_2820.jpeg,JPEG,L,1000,744,False,1,5fe3e571bb5a,75.0,65563,0.744,88.12231182795699
train,PNEUMONIA,person895_virus_1547.jpeg,JPEG,L,1608,1104,False,1,5fe3e571bb5a,75.0,142066,1.775232,80.02672326771938
train,PNEUMONIA,person896_bacteria_2821.jpeg,JPEG,L,952,696,False,1,5fe3e571bb5a,75.0,42473,0.662592,64.10128706655077
train,PNEUMONIA,person896_virus_1548.jpeg,JPEG,L,1000,624,False,1,5fe3e571bb5a,75.0,52673,0.624,84.41185897435898
train,PNEUMONIA,person897_bacteria_2822.jpeg,JPEG,L,1008,704,False,1,5fe3e571bb5a,75.0,42934,0.709632,60.501781204906194
train,PNEUMONIA,person898_bacteria_2823.jpeg,JPEG,L,912,520,False,1,5fe3e571bb5a,75.0,46577,0.47424,98.21398448043185
train,PNEUMONIA,person898_virus_1552.jpeg,JPEG,L,1384,944,False,1,5fe3e571bb5a,75.0,110770,1.306496,84.78403301655726
train,PNEUMONIA,person899_virus_1553.jpeg,JPEG,L,1456,912,False,1,5fe3e571bb5a,75.0,114753,1.327872,86.41872108155003
train,PNEUMONIA,person89_virus_168.jpeg,JPEG,L,1508,1133,False,1,5fe3e571bb5a,75.0,151024,1.708564,88.39235755874525
train,PNEUMONIA,person8_bacteria_37.jpeg,JPEG,L,1790,1326,False,1,5fe3e571bb5a,75.0,192860,2.37354,81.25416045232016
train,PNEUMONIA,person900_virus_1554.jpeg,JPEG,L,1208,720,False,1,5fe3e571bb5a,75.0,72250,0.86976,83.06889256806475
train,PNEUMONIA,person901_virus_1555.jpeg,JPEG,L,1272,792,False,1,5fe3e571bb5a,75.0,72267,1.007424,71.73444349151895
train,PNEUMONIA,person902_bacteria_2827.jpeg,JPEG,L,1160,800,False,1,5fe3e571bb5a,75.0,93861,0.928,101.14331896551724
train,PNEUMONIA,person903_bacteria_2828.jpeg,JPEG,L,1208,920,False,1,5fe3e571bb5a,75.0,72134,1.11136,64.90606104232653
train,PNEUMONIA,person904_bacteria_2829.jpeg,JPEG,RGB,508,218,False,2,2670630d69c8,75.0,10823,0.110744,97.72989958823955
train,PNEUMONIA,person905_bacteria_2830.jpeg,JPEG,RGB,721,349,False,2,2670630d69c8,75.0,21990,0.251629,87.39056309089969
train,PNEUMONIA,person905_virus_1561.jpeg,JPEG,L,1056,552,False,1,5fe3e571bb5a,75.0,47171,0.582912,80.92302097057532
train,PNEUMONIA,person906_bacteria_2831.jpeg,JPEG,L,1064,712,False,1,5fe3e571bb5a,75.0,76351,0.757568,100.7843520317648
train,PNEUMONIA,person906_virus_1562.jpeg,JPEG,RGB,723,507,False,2,2670630d69c8,75.0,29823,0.366561,81.35890070138394
train,PNEUMONIA,person907_bacteria_2832.jpeg,JPEG,L,824,528,False,1,5fe3e571bb5a,75.0,33253,0.435072,76.43102750809061
train,PNEUMONIA,person907_virus_1563.jpeg,JPEG,L,1208,704,False,1,5fe3e571bb5a,75.0,71694,0.850432,84.3030365743528
train,PNEUMONIA,person908_virus_1564.jpeg,JPEG,L,1408,960,False,1,5fe3e571bb5a,75.0,107163,1.35168,79.2813387784091
train,PNEUMONIA,person909_bacteria_2834.jpeg,JPEG,L,832,520,False,1,5fe3e571bb5a,75.0,32905,0.43264,76.05630547337277
train,PNEUMONIA,person909_virus_1565.jpeg,JPEG,RGB,765,375,False,2,2670630d69c8,75.0,23148,0.286875,80.69019607843137
train,PNEUMONIA,person90_virus_169.jpeg,JPEG,L,1240,1072,False,1,5fe3e571bb5a,75.0,92958,1.32928,69.9310905151661
train,PNEUMONIA,person90_virus_170.jpeg,JPEG,L,1224,768,False,1,5fe3e571bb5a,75.0,80410,0.940032,85.5396412037037
train,PNEUMONIA,person911_bacteria_2836.jpeg,JPEG,L,1024,816,False,1,5fe3e571bb5a,75.0,75171,0.835584,89.96223000919119
train,PNEUMONIA,person911_virus_1567.jpeg,JPEG,L,1168,776,False,1,5fe3e571bb5a,75.0,69899,0.906368,77.11988949300947
train,PNEUMONIA,person912_bacteria_2837.jpeg,JPEG,L,1056,784,False,1,5fe3e571bb5a,75.0,53005,0.827904,64.02312345392703
train,PNEUMONIA,person913_bacteria_2838.jpeg,JPEG,RGB,743,453,False,2,2670630d69c8,75.0,31072,0.336579,92.31710831632395
train,PNEUMONIA,person913_virus_1570.jpeg,JPEG,L,1112,672,False,1,5fe3e571bb5a,75.0,58186,0.747264,77.86538626241864
train,PNEUMONIA,person914_bacteria_2839.jpeg,JPEG,L,1176,696,False,1,5fe3e571bb5a,75.0,67155,0.818496,82.04682735163031
train,PNEUMONIA,person914_virus_1571.jpeg,JPEG,L,1440,800,False,1,5fe3e571bb5a,75.0,97199,1.152,84.37413194444444
train,PNEUMONIA,person915_virus_1572.jpeg,JPEG,L,1608,1056,False,1,5fe3e571bb5a,75.0,118703,1.698048,69.90556215136439
train,PNEUMONIA,person916_bacteria_2841.jpeg,JPEG,L,1368,768,False,1,5fe3e571bb5a,75.0,86854,1.050624,82.66896625243665
train,PNEUMONIA,person917_bacteria_2842.jpeg,JPEG,L,1272,664,False,1,5fe3e571bb5a,75.0,51600,0.844608,61.09343032507388
train,PNEUMONIA,person918_bacteria_2843.jpeg,JPEG,L,1008,640,False,1,5fe3e571bb5a,75.0,48994,0.64512,75.94556051587301
train,PNEUMONIA,person918_virus_1575.jpeg,JPEG,RGB,830,496,False,2,2670630d69c8,75.0,30310,0.41168,73.62514574426739
train,PNEUMONIA,person919_bacteria_2844.jpeg,JPEG,L,1342,1110,False,1,5fe3e571bb5a,75.0,128244,1.48962,86.09175494421396
train,PNEUMONIA,person919_virus_1576.jpeg,JPEG,L,1408,720,False,1,5fe3e571bb5a,75.0,74296,1.01376,73.28756313131314
train,PNEUMONIA,person920_bacteria_2845.jpeg,JPEG,L,1260,843,False,1,5fe3e571bb5a,75.0,100773,1.06218,94.87375021182851
train,PNEUMONIA,person920_virus_1577.jpeg,JPEG,RGB,886,570,False,2,2670630d69c8,75.0,49280,0.50502,97.58029384974853
train,PNEUMONIA,person921_bacteria_2846.jpeg,JPEG,L,1080,672,False,1,5fe3e571bb5a,75.0,53993,0.72576,74.39511684303352
train,PNEUMONIA,person921_virus_1578.jpeg,JPEG,RGB,732,458,False,2,2670630d69c8,75.0,27586,0.335256,82.28338940988378
train,PNEUMONIA,person922_bacteria_2847.jpeg,JPEG,L,1048,752,False,1,5fe3e571bb5a,75.0,57494,0.788096,72.95304125385739
train,PNEUMONIA,person923_bacteria_2848.jpeg,JPEG,RGB,580,294,False,2,2670630d69c8,75.0,14517,0.17052,85.13370865587613
train,PNEUMONIA,person924_bacteria_2849.jpeg,JPEG,L,920,752,False,1,5fe3e571bb5a,75.0,48191,0.69184,69.65627890841813
train,PNEUMONIA,person924_virus_1581.jpeg,JPEG,L,1896,1056,False,1,5fe3e571bb5a,75.0,117868,2.002176,58.869949494949495
train,PNEUMONIA,person925_bacteria_2850.jpeg,JPEG,L,1096,896,False,1,5fe3e571bb5a,75.0,61852,0.982016,62.98471715328467
train,PNEUMONIA,person925_virus_1582.jpeg,JPEG,L,1264,792,False,1,5fe3e571bb5a,75.0,82354,1.001088,82.26449622810382
train,PNEUMONIA,person926_virus_1583.jpeg,JPEG,L,1312,872,False,1,5fe3e571bb5a,75.0,97958,1.144064,85.6228322891027
train,PNEUMONIA,person927_bacteria_2852.jpeg,JPEG,L,976,584,False,1,5fe3e571bb5a,75.0,32437,0.569984,56.90861497866606
train,PNEUMONIA,person927_virus_1584.jpeg,JPEG,L,1256,904,False,1,5fe3e571bb5a,75.0,89088,1.135424,78.46231892227044
train,PNEUMONIA,person928_virus_1586.jpeg,JPEG,L,896,664,False,1,5fe3e571bb5a,75.0,53417,0.594944,89.78492093373494
train,PNEUMONIA,person929_bacteria_2854.jpeg,JPEG,L,1028,685,False,1,5fe3e571bb5a,75.0,73341,0.70418,104.15092731971937
train,PNEUMONIA,person929_virus_1588.jpeg,JPEG,L,1944,1576,False,1,5fe3e571bb5a,75.0,283943,3.063744,92.67843527396545
train,PNEUMONIA,person929_virus_1589.jpeg,JPEG,L,1828,1640,False,1,5fe3e571bb5a,75.0,200689,2.99792,66.94274697123338
train,PNEUMONIA,person92_virus_174.jpeg,JPEG,L,1040,528,False,1,5fe3e571bb5a,75.0,34312,0.54912,62.48543123543123
train,PNEUMONIA,person930_bacteria_2855.jpeg,JPEG,L,944,648,False,1,5fe3e571bb5a,75.0,40105,0.611712,65.56189840970913
train,PNEUMONIA,person931_bacteria_2856.jpeg,JPEG,L,984,712,False,1,5fe3e571bb5a,75.0,44286,0.700608,63.21081118114552
train,PNEUMONIA,person931_virus_1592.jpeg,JPEG,L,1264,888,False,1,5fe3e571bb5a,75.0,90911,1.122432,80.9946615919717
train,PNEUMONIA,person932_virus_1593.jpeg,JPEG,L,1024,648,False,1,5fe3e571bb5a,75.0,59987,0.663552,90.4028621720679
train,PNEUMONIA,person933_bacteria_2858.jpeg,JPEG,L,1152,816,False,1,5fe3e571bb5a,75.0,62327,0.940032,66.30306202342048
train,PNEUMONIA,person933_virus_1594.jpeg,JPEG,L,1408,1168,False,1,5fe3e571bb5a,75.0,141387,1.644544,85.97337620641345
train,PNEUMONIA,person934_bacteria_2859.jpeg,JPEG,L,1152,704,False,1,5fe3e571bb5a,75.0,40349,0.811008,49.75166706123737
train,PNEUMONIA,person934_virus_1595.jpeg,JPEG,RGB,821,490,False,2,2670630d69c8,75.0,35264,0.40229,87.6581570508837
train,PNEUMONIA,person935_virus_1597.jpeg,JPEG,L,1288,728,False,1,5fe3e571bb5a,75.0,104798,0.937664,111.76498191249743
train,PNEUMONIA,person936_bacteria_2861.jpeg,JPEG,L,1256,872,False,1,5fe3e571bb5a,75.0,57071,1.095232,52.10859434348156
train,PNEUMONIA,person936_virus_1598.jpeg,JPEG,L,1128,768,False,1,5fe3e571bb5a,75.0,68587,0.866304,79.17197658096927
train,PNEUMONIA,person937_bacteria_2862.jpeg,JPEG,L,1072,672,False,1,5fe3e571bb5a,75.0,45763,0.720384,63.52584177327647
train,PNEUMONIA,person937_virus_1599.jpeg,JPEG,L,1208,856,False,1,5fe3e571bb5a,75.0,74891,1.034048,72.4250711765798
train,PNEUMONIA,person938_bacteria_2863.jpeg,JPEG,L,920,672,False,1,5fe3e571bb5a,75.0,34575,0.61824,55.924883540372676
train,PNEUMONIA,person938_virus_1600.jpeg,JPEG,RGB,716,444,False,2,2670630d69c8,75.0,28368,0.317904,89.23448588253056
train,PNEUMONIA,person939_bacteria_2864.jpeg,JPEG,L,944,704,False,1,5fe3e571bb5a,75.0,38080,0.664576,57.29969183359014
train,PNEUMONIA,person93_virus_175.jpeg,JPEG,L,1120,592,False,1,5fe3e571bb5a,75.0,48161,0.66304,72.63664333976834
train,PNEUMONIA,person940_bacteria_2865.jpeg,JPEG,L,896,656,False,1,5fe3e571bb5a,75.0,34137,0.587776,58.078247495644604
train,PNEUMONIA,person940_virus_1602.jpeg,JPEG,L,1504,992,False,1,5fe3e571bb5a,75.0,133527,1.491968,89.49722782258064
train,PNEUMONIA,person940_virus_1604.jpeg,JPEG,RGB,778,631,False,2,2670630d69c8,75.0,51488,0.490918,104.88105956595602
train,PNEUMONIA,person940_virus_1605.jpeg,JPEG,L,1504,1064,False,1,5fe3e571bb5a,75.0,142864,1.600256,89.27571588545834
train,PNEUMONIA,person940_virus_1607.jpeg,JPEG,L,1384,1072,False,1,5fe3e571bb5a,75.0,141733,1.483648,95.5300718229661
train,PNEUMONIA,person940_virus_1609.jpeg,JPEG,RGB,923,604,False,2,2670630d69c8,75.0,52342,0.557492,93.88834279236293
train,PNEUMONIA,person941_virus_1610.jpeg,JPEG,L,1688,1120,False,1,5fe3e571bb5a,75.0,132408,1.89056,70.03639133378469
train,PNEUMONIA,person942_bacteria_2867.jpeg,JPEG,RGB,679,304,False,2,2670630d69c8,75.0,15256,0.206416,73.90899930237967
train,PNEUMONIA,person942_virus_1611.jpeg,JPEG,L,1592,1120,False,1,5fe3e571bb5a,75.0,124185,1.78304,69.64790470208185
train,PNEUMONIA,person943_bacteria_2868.jpeg,JPEG,L,1446,1087,False,1,5fe3e571bb5a,75.0,105756,1.571802,67.28328377238354
train,PNEUMONIA,person944_bacteria_2869.jpeg,JPEG,L,992,760,False,1,5fe3e571bb5a,75.0,44229,0.75392,58.66537563667232
train,PNEUMONIA,person945_bacteria_2870.jpeg,JPEG,L,968,656,False,1,5fe3e571bb5a,75.0,33029,0.635008,52.01351793993147
train,PNEUMONIA,person945_virus_1616.jpeg,JPEG,L,1312,752,False,1,5fe3e571bb5a,75.0,69813,0.986624,70.75947878827193
train,PNEUMONIA,person946_bacteria_2871.jpeg,JPEG,L,1284,762,False,1,5fe3e571bb5a,75.0,82496,0.978408,84.31656323333414
train,PNEUMONIA,person947_bacteria_2872.jpeg,JPEG,L,968,560,False,1,5fe3e571bb5a,75.0,32969,0.54208,60.81943624557261
train,PNEUMONIA,person947_virus_1618.jpeg,JPEG,L,1808,1280,False,1,5fe3e571bb5a,75.0,192874,2.31424,83.34226355088497
train,PNEUMONIA,person949_bacteria_2874.jpeg,JPEG,L,960,616,False,1,5fe3e571bb5a,75.0,35632,0.59136,60.254329004329
train,PNEUMONIA,person949_virus_1620.jpeg,JPEG,L,1640,1160,False,1,5fe3e571bb5a,75.0,146031,1.9024,76.76145920941968
train,PNEUMONIA,person94_virus_176.jpeg,JPEG,L,1472,1091,False,1,5fe3e571bb5a,75.0,134169,1.605952,83.54483820188898
train,PNEUMONIA,person950_virus_1621.jpeg,JPEG,L,1048,616,False,1,5fe3e571bb5a,75.0,51851,0.645568,80.31841726975314
train,PNEUMONIA,person951_bacteria_2876.jpeg,JPEG,L,904,544,False,1,5fe3e571bb5a,75.0,23580,0.491776,47.9486595523165
train,PNEUMONIA,person951_virus_1622.jpeg,JPEG,L,1248,856,False,1,5fe3e571bb5a,75.0,86311,1.068288,80.79375599089386
train,PNEUMONIA,person952_bacteria_2877.jpeg,JPEG,L,1080,632,False,1,5fe3e571bb5a,75.0,43402,0.68256,63.58708391936241
train,PNEUMONIA,person952_virus_1623.jpeg,JPEG,L,984,456,False,1,5fe3e571bb5a,75.0,38872,0.448704,86.63172158037369
train,PNEUMONIA,person953_bacteria_2878.jpeg,JPEG,L,1104,744,False,1,5fe3e571bb5a,75.0,45350,0.821376,55.21222923484495
train,PNEUMONIA,person954_bacteria_2879.jpeg,JPEG,L,1056,920,False,1,5fe3e571bb5a,75.0,54621,0.97152,56.22220849802371
train,PNEUMONIA,person954_virus_1626.jpeg,JPEG,RGB,1076,630,False,2,2670630d69c8,75.0,50596,0.67788,74.63857909954564
train,PNEUMONIA,person955_bacteria_2880.jpeg,JPEG,L,1024,744,False,1,5fe3e571bb5a,75.0,49693,0.761856,65.22623697916667
train,PNEUMONIA,person955_virus_1627.jpeg,JPEG,L,1080,688,False,1,5fe3e571bb5a,75.0,62380,0.74304,83.95241171403963
train,PNEUMONIA,person956_bacteria_2881.jpeg,JPEG,L,848,624,False,1,5fe3e571bb5a,75.0,34446,0.529152,65.09660740203194
train,PNEUMONIA,person956_virus_1628.jpeg,JPEG,L,1320,816,False,1,5fe3e571bb5a,75.0,78388,1.07712,72.7755496137849
train,PNEUMONIA,person957_bacteria_2882.jpeg,JPEG,L,904,792,False,1,5fe3e571bb5a,75.0,52154,0.715968,72.8440377223563
train,PNEUMONIA,person957_virus_1629.jpeg,JPEG,L,1152,728,False,1,5fe3e571bb5a,75.0,100851,0.838656,120.25311927655679
train,PNEUMONIA,person958_bacteria_2883.jpeg,JPEG,L,960,688,False,1,5fe3e571bb5a,75.0,42886,0.66048,64.93156492248063
train,PNEUMONIA,person958_virus_1630.jpeg,JPEG,L,1528,1080,False,1,5fe3e571bb5a,75.0,136754,1.65024,82.86915842544114
train,PNEUMONIA,person959_bacteria_2884.jpeg,JPEG,L,1488,1288,False,1,5fe3e571bb5a,75.0,283861,1.916544,148.11087040005341
train,PNEUMONIA,person95_virus_177.jpeg,JPEG,L,1562,998,False,1,5fe3e571bb5a,75.0,137290,1.558876,88.06986572376508
train,PNEUMONIA,person960_bacteria_2885.jpeg,JPEG,L,992,592,False,1,5fe3e571bb5a,75.0,35583,0.587264,60.59114810374891
train,PNEUMONIA,person960_virus_1633.jpeg,JPEG,L,1376,1048,False,1,5fe3e571bb5a,75.0,125985,1.442048,87.3653304189597
train,PNEUMONIA,person961_bacteria_2886.jpeg,JPEG,L,992,752,False,1,5fe3e571bb5a,75.0,46650,0.745984,62.53485329444063
train,PNEUMONIA,person961_virus_1634.jpeg,JPEG,L,1576,792,False,1,5fe3e571bb5a,75.0,110196,1.248192,88.28449469312413
train,PNEUMONIA,person962_bacteria_2887.jpeg,JPEG,L,1056,752,False,1,5fe3e571bb5a,75.0,50892,0.794112,64.08667794970987
train,PNEUMONIA,person962_virus_1635.jpeg,JPEG,L,1456,928,False,1,5fe3e571bb5a,75.0,90324,1.351168,66.84883004926108
train,PNEUMONIA,person963_bacteria_2888.jpeg,JPEG,L,1384,1376,False,1,5fe3e571bb5a,75.0,107367,1.904384,56.37886056593628
train,PNEUMONIA,person963_virus_1636.jpeg,JPEG,RGB,756,544,False,2,2670630d69c8,75.0,37227,0.411264,90.51849906629317
train,PNEUMONIA,person964_bacteria_2889.jpeg,JPEG,RGB,711,353,False,2,2670630d69c8,75.0,23629,0.250983,94.14581864110319
train,PNEUMONIA,person964_virus_1637.jpeg,JPEG,L,1152,536,False,1,5fe3e571bb5a,75.0,46267,0.617472,74.92971341210614
train,PNEUMONIA,person965_bacteria_2890.jpeg,JPEG,L,968,832,False,1,5fe3e571bb5a,75.0,52304,0.805376,64.94357914812461
train,PNEUMONIA,person965_virus_1638.jpeg,JPEG,RGB,870,591,False,2,2670630d69c8,75.0,39179,0.51417,76.19853355893966
train,PNEUMONIA,person966_bacteria_2891.jpeg,JPEG,RGB,843,507,False,2,2670630d69c8,75.0,28294,0.427401,66.2001258771037
train,PNEUMONIA,person966_virus_1639.jpeg,JPEG,L,1016,760,False,1,5fe3e571bb5a,75.0,74846,0.77216,96.93068794032325
train,PNEUMONIA,person967_bacteria_2892.jpeg,JPEG,L,1006,855,False,1,5fe3e571bb5a,75.0,83284,0.86013,96.82722379175242
train,PNEUMONIA,person967_virus_1640.jpeg,JPEG,L,1288,712,False,1,5fe3e571bb5a,75.0,72962,0.917056,79.56111731453696
train,PNEUMONIA,person968_bacteria_2893.jpeg,JPEG,L,1210,817,False,1,5fe3e571bb5a,75.0,94308,0.98857,95.39840375491873
train,PNEUMONIA,person968_virus_1642.jpeg,JPEG,L,1264,840,False,1,5fe3e571bb5a,75.0,89518,1.06176,84.31095539481615
train,PNEUMONIA,person969_bacteria_2894.jpeg,JPEG,L,1202,643,False,1,5fe3e571bb5a,75.0,69162,0.772886,89.48538335537195
train,PNEUMONIA,person969_virus_1643.jpeg,JPEG,L,1080,768,False,1,5fe3e571bb5a,75.0,48880,0.82944,58.93132716049384
train,PNEUMONIA,person96_virus_178.jpeg,JPEG,L,1480,1144,False,1,5fe3e571bb5a,75.0,112905,1.69312,66.68458230958231
train,PNEUMONIA,person96_virus_179.jpeg,JPEG,L,1624,1304,False,1,5fe3e571bb5a,75.0,103366,2.117696,48.810594155157304
train,PNEUMONIA,person970_bacteria_2895.jpeg,JPEG,L,1006,674,False,1,5fe3e571bb5a,75.0,63177,0.678044,93.17536915008466
train,PNEUMONIA,person970_virus_1644.jpeg,JPEG,L,1160,768,False,1,5fe3e571bb5a,75.0,68268,0.89088,76.62984913793103
train,PNEUMONIA,person971_bacteria_2896.jpeg,JPEG,L,1496,1304,False,1,5fe3e571bb5a,75.0,92458,1.950784,47.39530363177061
train,PNEUMONIA,person972_bacteria_2897.jpeg,JPEG,L,1805,1044,False,1,5fe3e571bb5a,75.0,105108,1.88442,55.77737447065941
train,PNEUMONIA,person972_virus_1646.jpeg,JPEG,L,1632,1008,False,1,5fe3e571bb5a,75.0,125583,1.645056,76.33965044351073
train,PNEUMONIA,person973_virus_1647.jpeg,JPEG,L,1224,872,False,1,5fe3e571bb5a,75.0,94072,1.067328,88.13785453019128
train,PNEUMONIA,person974_bacteria_2899.jpeg,JPEG,L,1456,1232,False,1,5fe3e571bb5a,75.0,123363,1.793792,68.77218763379477
train,PNEUMONIA,person974_virus_1649.jpeg,JPEG,L,968,536,False,1,5fe3e571bb5a,75.0,52173,0.518848,100.55546132971507
train,PNEUMONIA,person975_virus_1650.jpeg,JPEG,L,1384,1088,False,1,5fe3e571bb5a,75.0,131635,1.505792,87.41911233424004
train,PNEUMONIA,person976_bacteria_2901.jpeg,JPEG,L,1320,896,False,1,5fe3e571bb5a,75.0,104935,1.18272,88.72345102813853
train,PNEUMONIA,person976_virus_1651.jpeg,JPEG,L,960,576,False,1,5fe3e571bb5a,75.0,50049,0.55296,90.51106770833333
train,PNEUMONIA,person977_bacteria_2902.jpeg,JPEG,L,1418,1059,False,1,5fe3e571bb5a,75.0,135940,1.501662,90.52636345595747
train,PNEUMONIA,person977_virus_1652.jpeg,JPEG,RGB,768,552,False,2,2670630d69c8,75.0,41846,0.423936,98.70829559178743
train,PNEUMONIA,person978_bacteria_2904.jpeg,JPEG,L,1488,1312,False,1,5fe3e571bb5a,75.0,221964,1.952256,113.69615460267507
train,PNEUMONIA,person978_virus_1653.jpeg,JPEG,L,1040,688,False,1,5fe3e571bb5a,75.0,57226,0.71552,79.9781976744186
train,PNEUMONIA,person979_bacteria_2905.jpeg,JPEG,L,1604,1044,False,1,5fe3e571bb5a,75.0,88547,1.674576,52.87726564814018
train,PNEUMONIA,person979_virus_1654.jpeg,JPEG,L,1312,888,False,1,5fe3e571bb5a,75.0,132624,1.165056,113.83487145682267
train,PNEUMONIA,person97_virus_180.jpeg,JPEG,L,1184,880,False,1,5fe3e571bb5a,75.0,70815,1.04192,67.9658707002457
train,PNEUMONIA,person97_virus_181.jpeg,JPEG,L,1056,808,False,1,5fe3e571bb5a,75.0,56867,0.853248,66.6476803930393
train,PNEUMONIA,person980_bacteria_2906.jpeg,JPEG,L,1214,937,False,1,5fe3e571bb5a,75.0,100859,1.137518,88.66584968325775
train,PNEUMONIA,person980_virus_1655.jpeg,JPEG,RGB,754,411,False,2,2670630d69c8,75.0,30469,0.309894,98.32071611583316
train,PNEUMONIA,person981_bacteria_2907.jpeg,JPEG,L,1384,1312,False,1,5fe3e571bb5a,75.0,102581,1.815808,56.493307662484135
train,PNEUMONIA,person981_bacteria_2908.jpeg,JPEG,L,1328,1192,False,1,5fe3e571bb5a,75.0,117450,1.582976,74.19569216463168
train,PNEUMONIA,person981_virus_1657.jpeg,JPEG,L,984,552,False,1,5fe3e571bb5a,75.0,49763,0.543168,91.61622186874042
train,PNEUMONIA,person982_bacteria_2909.jpeg,JPEG,L,1288,768,False,1,5fe3e571bb5a,75.0,47523,0.989184,48.04262907608696
train,PNEUMONIA,person982_virus_1658.jpeg,JPEG,L,1584,1352,False,1,5fe3e571bb5a,75.0,151749,2.141568,70.85882867132867
train,PNEUMONIA,person983_bacteria_2910.jpeg,JPEG,L,1138,677,False,1,5fe3e571bb5a,75.0,70479,0.770426,91.48055750974136
train,PNEUMONIA,person983_virus_1660.jpeg,JPEG,L,1464,872,False,1,5fe3e571bb5a,75.0,99341,1.276608,77.81636962951822
train,PNEUMONIA,person984_bacteria_2911.jpeg,JPEG,L,1264,1248,False,1,5fe3e571bb5a,75.0,110754,1.577472,70.20980404089582
train,PNEUMONIA,person985_bacteria_2912.jpeg,JPEG,L,1080,736,False,1,5fe3e571bb5a,75.0,54844,0.79488,68.99657809983897
train,PNEUMONIA,person986_bacteria_2913.jpeg,JPEG,L,1152,1032,False,1,5fe3e571bb5a,75.0,120405,1.188864,101.27735384366926
train,PNEUMONIA,person987_bacteria_2914.jpeg,JPEG,L,1000,752,False,1,5fe3e571bb5a,75.0,48062,0.752,63.91223404255319
train,PNEUMONIA,person988_bacteria_2915.jpeg,JPEG,L,1136,713,False,1,5fe3e571bb5a,75.0,70595,0.809968,87.15776425735338
train,PNEUMONIA,person988_virus_1666.jpeg,JPEG,L,1288,840,False,1,5fe3e571bb5a,75.0,80379,1.08192,74.29292369121562
train,PNEUMONIA,person989_virus_1667.jpeg,JPEG,L,1480,840,False,1,5fe3e571bb5a,75.0,93297,1.2432,75.04584942084941
train,PNEUMONIA,person98_virus_182.jpeg,JPEG,L,1536,984,False,1,5fe3e571bb5a,75.0,130212,1.511424,86.15186737804876
train,PNEUMONIA,person990_bacteria_2917.jpeg,JPEG,L,1314,940,False,1,5fe3e571bb5a,75.0,126412,1.23516,102.34463551280805
train,PNEUMONIA,person991_bacteria_2918.jpeg,JPEG,L,1072,888,False,1,5fe3e571bb5a,75.0,64748,0.951936,68.01717762538658
train,PNEUMONIA,person991_virus_1669.jpeg,JPEG,L,1312,800,False,1,5fe3e571bb5a,75.0,82573,1.0496,78.67092225609755
train,PNEUMONIA,person992_bacteria_2919.jpeg,JPEG,L,1128,752,False,1,5fe3e571bb5a,75.0,58104,0.848256,68.49818922589407
train,PNEUMONIA,person992_bacteria_2920.jpeg,JPEG,RGB,795,491,False,2,2670630d69c8,75.0,29575,0.390345,75.76630929049944
train,PNEUMONIA,person992_virus_1670.jpeg,JPEG,L,1160,560,False,1,5fe3e571bb5a,75.0,50959,0.6496,78.44673645320198
train,PNEUMONIA,person993_bacteria_2921.jpeg,JPEG,L,1184,792,False,1,5fe3e571bb5a,75.0,61073,0.937728,65.12869403494403
train,PNEUMONIA,person993_virus_1671.jpeg,JPEG,L,1184,688,False,1,5fe3e571bb5a,75.0,62270,0.814592,76.44317646134508
train,PNEUMONIA,person994_bacteria_2922.jpeg,JPEG,L,1304,1408,False,1,5fe3e571bb5a,75.0,126903,1.836032,69.11807637339655
train,PNEUMONIA,person994_virus_1672.jpeg,JPEG,RGB,697,449,False,2,2670630d69c8,75.0,32003,0.312953,102.26136192974664
train,PNEUMONIA,person995_bacteria_2923.jpeg,JPEG,L,1032,744,False,1,5fe3e571bb5a,75.0,63282,0.767808,82.41904226056513
train,PNEUMONIA,person995_virus_1676.jpeg,JPEG,L,1072,720,False,1,5fe3e571bb5a,75.0,60831,0.77184,78.81296641791046
train,PNEUMONIA,person996_bacteria_2924.jpeg,JPEG,L,1294,1018,False,1,5fe3e571bb5a,75.0,121561,1.317292,92.28098250046308
train,PNEUMONIA,person996_virus_1677.jpeg,JPEG,RGB,708,292,False,2,2670630d69c8,75.0,19460,0.206736,94.12971132265305
train,PNEUMONIA,person997_bacteria_2926.jpeg,JPEG,L,1072,736,False,1,5fe3e571bb5a,75.0,71785,0.788992,90.9831785366645
train,PNEUMONIA,person997_virus_1678.jpeg,JPEG,L,984,512,False,1,5fe3e571bb5a,75.0,44492,0.503808,88.31142022357723
train,PNEUMONIA,person998_bacteria_2927.jpeg,JPEG,L,1432,1152,False,1,5fe3e571bb5a,75.0,151209,1.649664,91.66048358938548
train,PNEUMONIA,person998_bacteria_2928.jpeg,JPEG,L,1232,1096,False,1,5fe3e571bb5a,75.0,154324,1.350272,114.2910465446962
train,PNEUMONIA,person99_virus_183.jpeg,JPEG,L,1414,882,False,1,5fe3e571bb5a,75.0,103815,1.247148,83.24192477556794
train,PNEUMONIA,person9_bacteria_38.jpeg,JPEG,L,1256,696,False,1,5fe3e571bb5a,75.0,73449,0.874176,84.02083790907095
train,PNEUMONIA,person9_bacteria_39.jpeg,JPEG,L,1152,856,False,1,5fe3e571bb5a,75.0,76555,0.986112,77.63316945742473
train,PNEUMONIA,person9_bacteria_40.jpeg,JPEG,L,1248,728,False,1,5fe3e571bb5a,75.0,70110,0.908544,77.1674239222316
train,PNEUMONIA,person9_bacteria_41.jpeg,JPEG,L,1176,784,False,1,5fe3e571bb5a,75.0,73602,0.921984,79.83001874219076
val,NORMAL,NORMAL2-IM-1427-0001.jpeg,JPEG,L,1776,1416,False,1,8150a566ea61,89.18831168831169,253130,2.514816,100.65547539064488
val,NORMAL,NORMAL2-IM-1430-0001.jpeg,JPEG,L,1272,1040,False,1,84d411bec87f,91.82745825602969,262713,1.32288,198.59170899854863
val,NORMAL,NORMAL2-IM-1431-0001.jpeg,JPEG,L,1736,1416,False,1,8150a566ea61,89.18831168831169,250393,2.458176,101.86129878413914
val,NORMAL,NORMAL2-IM-1436-0001.jpeg,JPEG,L,1288,928,False,1,84d411bec87f,91.82745825602969,248826,1.195264,208.17660366245445
val,NORMAL,NORMAL2-IM-1437-0001.jpeg,JPEG,L,1240,1104,False,1,84d411bec87f,91.82745825602969,213744,1.36896,156.13604488078542
val,NORMAL,NORMAL2-IM-1438-0001.jpeg,JPEG,L,1328,1104,False,1,8150a566ea61,89.18831168831169,170888,1.466112,116.55862580757814
val,NORMAL,NORMAL2-IM-1440-0001.jpeg,JPEG,L,1632,1225,False,1,bc79aa8c5699,95.51785714285714,530145,1.9992,265.1785714285714
val,NORMAL,NORMAL2-IM-1442-0001.jpeg,JPEG,L,1564,1302,False,1,bc79aa8c5699,95.51785714285714,475144,2.036328,233.3337261973513
val,PNEUMONIA,person1946_bacteria_4874.jpeg,JPEG,L,968,592,False,1,5fe3e571bb5a,75.0,61118,0.573056,106.65275295957115
val,PNEUMONIA,person1946_bacteria_4875.jpeg,JPEG,L,1072,712,False,1,5fe3e571bb5a,75.0,59257,0.763264,77.63630932416568
val,PNEUMONIA,person1947_bacteria_4876.jpeg,JPEG,L,1152,664,False,1,5fe3e571bb5a,75.0,62746,0.764928,82.02863537483266
val,PNEUMONIA,person1949_bacteria_4880.jpeg,JPEG,L,1416,944,False,1,5fe3e571bb5a,75.0,99258,1.336704,74.25578138465958
val,PNEUMONIA,person1950_bacteria_4881.jpeg,JPEG,L,1256,864,False,1,5fe3e571bb5a,75.0,86599,1.085184,79.80121343477236
val,PNEUMONIA,person1951_bacteria_4882.jpeg,JPEG,L,1016,656,False,1,5fe3e571bb5a,75.0,49271,0.666496,73.92542490877665
val,PNEUMONIA,person1952_bacteria_4883.jpeg,JPEG,L,1192,952,False,1,5fe3e571bb5a,75.0,87578,1.134784,77.17592070385201
val,PNEUMONIA,person1954_bacteria_4886.jpeg,JPEG,L,1664,1128,False,1,5fe3e571bb5a,75.0,119629,1.876992,63.73442188352428
test,NORMAL,IM-0001-0001.jpeg,JPEG,L,1857,1317,False,1,5fe3e571bb5a,75.0,252680,2.445669,103.31733362118914
test,NORMAL,IM-0003-0001.jpeg,JPEG,L,2111,1509,False,1,5fe3e571bb5a,75.0,329189,3.185499,103.3398535048983
test,NORMAL,IM-0005-0001.jpeg,JPEG,L,2031,1837,False,1,5fe3e571bb5a,75.0,408620,3.730947,109.52179165236065
test,NORMAL,IM-0006-0001.jpeg,JPEG,L,1663,1326,False,1,5fe3e571bb5a,75.0,252275,2.205138,114.40327090640133
test,NORMAL,IM-0007-0001.jpeg,JPEG,L,2053,1818,False,1,5fe3e571bb5a,75.0,408508,3.732354,109.45049692499693
test,NORMAL,IM-0009-0001.jpeg,JPEG,L,1852,1443,False,1,5fe3e571bb5a,75.0,312466,2.672436,116.92178970796682
test,NORMAL,IM-0010-0001.jpeg,JPEG,L,1873,1478,False,1,5fe3e571bb5a,75.0,299115,2.768294,108.05030101571582
test,NORMAL,IM-0011-0001-0001.jpeg,JPEG,L,2144,1916,False,1,5fe3e571bb5a,75.0,446983,4.107904,108.81047853114386
test,NORMAL,IM-0011-0001-0002.jpeg,JPEG,L,2214,1945,False,1,5fe3e571bb5a,75.0,422882,4.30623,98.20237191232238
test,NORMAL,IM-0011-0001.jpeg,JPEG,L,1863,1785,False,1,5fe3e571bb5a,75.0,398446,3.325455,119.81698744983771
test,NORMAL,IM-0013-0001.jpeg,JPEG,L,2444,2155,False,1,5fe3e571bb5a,75.0,584425,5.26682,110.96354156777713
test,NORMAL,IM-0015-0001.jpeg,JPEG,L,1803,1238,False,1,5fe3e571bb5a,75.0,254068,2.232114,113.82393551583834
test,NORMAL,IM-0016-0001.jpeg,JPEG,L,2498,2057,False,1,5fe3e571bb5a,75.0,542420,5.138386,105.56233027257976
test,NORMAL,IM-0017-0001.jpeg,JPEG,L,1984,1559,False,1,5fe3e571bb5a,75.0,352557,3.093056,113.98338730368931
test,NORMAL,IM-0019-0001.jpeg,JPEG,L,1917,1432,False,1,5fe3e571bb5a,75.0,287151,2.745144,104.60325578548886
test,NORMAL,IM-0021-0001.jpeg,JPEG,L,2624,1893,False,1,5fe3e571bb5a,75.0,495157,4.967232,99.68469360802958
test,NORMAL,IM-0022-0001.jpeg,JPEG,L,1300,617,False,1,5fe3e571bb5a,75.0,82987,0.8021,103.46216182520881
test,NORMAL,IM-0023-0001.jpeg,JPEG,L,2022,1384,False,1,5fe3e571bb5a,75.0,306362,2.798448,109.47568080593244
test,NORMAL,IM-0025-0001.jpeg,JPEG,L,2720,2458,False,1,5fe3e571bb5a,75.0,684508,6.68576,102.38297515914421
test,NORMAL,IM-0027-0001.jpeg,JPEG,L,2271,1827,False,1,5fe3e571bb5a,75.0,453961,4.149117,109.41147236869917
test,NORMAL,IM-0028-0001.jpeg,JPEG,L,2522,2124,False,1,5fe3e571bb5a,75.0,564253,5.356728,105.33538383879115
test,NORMAL,IM-0029-0001.jpeg,JPEG,L,2343,2139,False,1,5fe3e571bb5a,75.0,585587,5.011677,116.84452130494444
test,NORMAL,IM-0030-0001.jpeg,JPEG,L,1647,1314,False,1,5fe3e571bb5a,75.0,249256,2.164158,115.17458521974828
test,NORMAL,IM-0031-0001.jpeg,JPEG,L,1949,1632,False,1,5fe3e571bb5a,75.0,339818,3.180768,106.83520457952292
test,NORMAL,IM-0033-0001-0001.jpeg,JPEG,L,2170,1953,False,1,5fe3e571bb5a,75.0,469797,4.23801,110.85320704764737
test,NORMAL,IM-0033-0001-0002.jpeg,JPEG,L,2024,1836,False,1,5fe3e571bb5a,75.0,415817,3.716064,111.89715785304021
test,NORMAL,IM-0033-0001.jpeg,JPEG,L,1658,1534,False,1,5fe3e571bb5a,75.0,284670,2.543372,111.92621449005493
test,NORMAL,IM-0035-0001.jpeg,JPEG,L,2480,2329,False,1,5fe3e571bb5a,75.0,633623,5.77592,109.70079225474038
test,NORMAL,IM-0036-0001.jpeg,JPEG,L,2096,1709,False,1,5fe3e571bb5a,75.0,361969,3.582064,101.05039999285329
test,NORMAL,IM-0037-0001.jpeg,JPEG,L,1741,1504,False,1,5fe3e571bb5a,75.0,295895,2.618464,113.00327214733522
test,NORMAL,IM-0039-0001.jpeg,JPEG,L,2153,1793,False,1,5fe3e571bb5a,75.0,398874,3.860329,103.32642632273053
test,NORMAL,IM-0041-0001.jpeg,JPEG,L,2022,2071,False,1,5fe3e571bb5a,75.0,482253,4.187562,115.16319041962842
test,NORMAL,IM-0043-0001.jpeg,JPEG,L,2297,2032,False,1,5fe3e571bb5a,75.0,535486,4.667504,114.72641480328672
test,NORMAL,IM-0045-0001.jpeg,JPEG,L,2746,2382,False,1,5fe3e571bb5a,75.0,723830,6.540972,110.66092317777847
test,NORMAL,IM-0046-0001.jpeg,JPEG,L,2001,1725,False,1,5fe3e571bb5a,75.0,385082,3.451725,111.56218991953298
test,NORMAL,IM-0049-0001.jpeg,JPEG,L,1762,1060,False,1,5fe3e571bb5a,75.0,173441,1.86772,92.8624204912942
test,NORMAL,IM-0050-0001.jpeg,JPEG,L,2752,1882,False,1,5fe3e571bb5a,75.0,524136,5.179264,101.19893482935026
test,NORMAL,IM-0059-0001.jpeg,JPEG,L,1616,1041,False,1,5fe3e571bb5a,75.0,133376,1.682256,79.28400909255191
test,NORMAL,IM-0061-0001.jpeg,JPEG,L,1754,1318,False,1,5fe3e571bb5a,75.0,181176,2.311772,78.37105043230906
test,NORMAL,IM-0063-0001.jpeg,JPEG,L,2034,1761,False,1,5fe3e571bb5a,75.0,260247,3.581874,72.65665961449231
test,NORMAL,IM-0065-0001.jpeg,JPEG,L,1562,1021,False,1,5fe3e571bb5a,75.0,122201,1.594802,76.62455903616875
test,NORMAL,IM-0067-0001.jpeg,JPEG,L,1572,1125,False,1,5fe3e571bb5a,75.0,133989,1.7685,75.76420695504666
test,NORMAL,IM-0069-0001.jpeg,JPEG,L,1974,1226,False,1,5fe3e571bb5a,75.0,178755,2.420124,73.86191781908695
test,NORMAL,IM-0070-0001.jpeg,JPEG,L,2034,1392,False,1,5fe3e571bb5a,75.0,196776,2.831328,69.4995422642661
test,NORMAL,IM-0071-0001.jpeg,JPEG,L,2060,1558,False,1,5fe3e571bb5a,75.0,257524,3.20948,80.23854331542805
test,NORMAL,IM-0073-0001.jpeg,JPEG,L,1322,650,False,1,5fe3e571bb5a,75.0,81911,0.8593,95.32293727452578
test,NORMAL,IM-0075-0001.jpeg,JPEG,L,1786,1068,False,1,5fe3e571bb5a,75.0,157190,1.907448,82.40853748044508
test,NORMAL,IM-0077-0001.jpeg,JPEG,L,1740,1246,False,1,5fe3e571bb5a,75.0,144868,2.16804,66.81980037268686
test,NORMAL,IM-0079-0001.jpeg,JPEG,L,1774,1230,False,1,5fe3e571bb5a,75.0,171872,2.18202,78.7673806839534
test,NORMAL,IM-0081-0001.jpeg,JPEG,L,1260,767,False,1,5fe3e571bb5a,75.0,76784,0.96642,79.4519980960659
test,NORMAL,IM-0083-0001.jpeg,JPEG,L,1240,925,False,1,5fe3e571bb5a,75.0,93290,1.147,81.33391455972101
test,NORMAL,IM-0084-0001.jpeg,JPEG,L,1754,1187,False,1,5fe3e571bb5a,75.0,161480,2.081998,77.5601129299836
test,NORMAL,IM-0085-0001.jpeg,JPEG,L,1558,1014,False,1,5fe3e571bb5a,75.0,132754,1.579812,84.0315176742549
test,NORMAL,IM-0086-0001.jpeg,JPEG,L,2006,1461,False,1,5fe3e571bb5a,75.0,231577,2.930766,79.01586138231438
test,NORMAL,IM-0087-0001.jpeg,JPEG,L,1890,1357,False,1,5fe3e571bb5a,75.0,198585,2.56473,77.42920307400779
test,NORMAL,IM-0089-0001.jpeg,JPEG,L,2426,2076,False,1,5fe3e571bb5a,75.0,353289,5.036376,70.14746317590267
test,NORMAL,IM-0091-0001.jpeg,JPEG,L,1754,1036,False,1,5fe3e571bb5a,75.0,147728,1.817144,81.29680421584641
test,NORMAL,IM-0093-0001.jpeg,JPEG,L,1788,1282,False,1,5fe3e571bb5a,75.0,151508,2.292216,66.09673782924472
test,NORMAL,IM-0095-0001.jpeg,JPEG,L,1866,1311,False,1,5fe3e571bb5a,75.0,176391,2.446326,72.10445378089429
test,NORMAL,IM-0097-0001.jpeg,JPEG,L,1558,925,False,1,5fe3e571bb5a,75.0,109296,1.44115,75.83943378551852
test,NORMAL,IM-0099-0001.jpeg,JPEG,L,1862,1326,False,1,5fe3e571bb5a,75.0,183008,2.469012,74.12195647489764
test,NORMAL,IM-0101-0001.jpeg,JPEG,L,1460,906,False,1,5fe3e571bb5a,75.0,121292,1.32276,91.6961504732529
test,NORMAL,IM-0102-0001.jpeg,JPEG,L,1472,863,False,1,5fe3e571bb5a,75.0,112970,1.270336,88.92922817270392
test,NORMAL,IM-0103-0001.jpeg,JPEG,L,1970,2085,False,1,5fe3e571bb5a,75.0,290748,4.10745,70.78552386517183
test,NORMAL,IM-0105-0001.jpeg,JPEG,L,2022,1299,False,1,5fe3e571bb5a,75.0,190781,2.626578,72.63481229188702
test,NORMAL,IM-0107-0001.jpeg,JPEG,L,1824,1125,False,1,5fe3e571bb5a,75.0,152748,2.052,74.43859649122807
test,NORMAL,IM-0109-0001.jpeg,JPEG,L,1802,1110,False,1,5fe3e571bb5a,75.0,156688,2.00022,78.33538310785812
test,NORMAL,IM-0110-0001.jpeg,JPEG,L,1542,871,False,1,5fe3e571bb5a,75.0,110489,1.343082,82.26526749669789
test,NORMAL,IM-0111-0001.jpeg,JPEG,L,1910,1303,False,1,5fe3e571bb5a,75.0,182525,2.48873,73.34061951276354
test,NORMAL,NORMAL2-IM-0007-0001.jpeg,JPEG,L,2165,1907,False,1,5fe3e571bb5a,75.0,233579,4.128655,56.5750831687317
test,NORMAL,NORMAL2-IM-0012-0001.jpeg,JPEG,L,1784,1440,False,1,5fe3e571bb5a,75.0,194969,2.56896,75.89413614848031
test,NORMAL,NORMAL2-IM-0013-0001.jpeg,JPEG,L,2165,1749,False,1,5fe3e571bb5a,75.0,172237,3.786585,45.486104233762084
test,NORMAL,NORMAL2-IM-0019-0001.jpeg,JPEG,L,2043,2087,False,1,5fe3e571bb5a,75.0,250898,4.263741,58.84456865461575
test,NORMAL,NORMAL2-IM-0023-0001.jpeg,JPEG,L,2071,1296,False,1,5fe3e571bb5a,75.0,164604,2.684016,61.32750326376594
test,NORMAL,NORMAL2-IM-0027-0001.jpeg,JPEG,L,1856,1418,False,1,5fe3e571bb5a,75.0,172008,2.631808,65.3573512961432
test,NORMAL,NORMAL2-IM-0028-0001.jpeg,JPEG,L,2381,1965,False,1,5fe3e571bb5a,75.0,276526,4.678665,59.10361182089336
test,NORMAL,NORMAL2-IM-0029-0001.jpeg,JPEG,L,1928,1756,False,1,5fe3e571bb5a,75.0,208908,3.385568,61.705450902182434
test,NORMAL,NORMAL2-IM-0030-0001.jpeg,JPEG,L,2517,2713,False,1,5fe3e571bb5a,75.0,365776,6.828621,53.56513416105536
test,NORMAL,NORMAL2-IM-0033-0001.jpeg,JPEG,L,2431,2195,False,1,5fe3e571bb5a,75.0,322160,5.336045,60.37430344009468
test,NORMAL,NORMAL2-IM-0035-0001.jpeg,JPEG,L,1762,1224,False,1,5fe3e571bb5a,75.0,136837,2.156688,63.447749512215026
test,NORMAL,NORMAL2-IM-0041-0001.jpeg,JPEG,L,2187,1332,False,1,5fe3e571bb5a,75.0,141899,2.913084,48.710919424225324
test,NORMAL,NORMAL2-IM-0045-0001.jpeg,JPEG,L,1733,1044,False,1,5fe3e571bb5a,75.0,115725,1.809252,63.96289737416346
test,NORMAL,NORMAL2-IM-0051-0001.jpeg,JPEG,L,2028,1742,False,1,5fe3e571bb5a,75.0,195568,3.532776,55.35816592956927
test,NORMAL,NORMAL2-IM-0052-0001.jpeg,JPEG,L,2446,2224,False,1,5fe3e571bb5a,75.0,269774,5.439904,49.5916839708936
test,NORMAL,NORMAL2-IM-0058-0001.jpeg,JPEG,L,1683,1361,False,1,5fe3e571bb5a,75.0,161005,2.290563,70.29057921567754
test,NORMAL,NORMAL2-IM-0059-0001.jpeg,JPEG,L,2244,2030,False,1,5fe3e571bb5a,75.0,299291,4.55532,65.70142163448452
test,NORMAL,NORMAL2-IM-0060-0001.jpeg,JPEG,L,2323,1893,False,1,5fe3e571bb5a,75.0,219071,4.397439,49.81785989527086
test,NORMAL,NORMAL2-IM-0066-0001.jpeg,JPEG,L,2194,2094,False,1,5fe3e571bb5a,75.0,244641,4.594236,53.24955008841513
test,NORMAL,NORMAL2-IM-0072-0001.jpeg,JPEG,L,1992,1620,False,1,5fe3e571bb5a,75.0,159759,3.22704,49.506358768406955
test,NORMAL,NORMAL2-IM-0073-0001.jpeg,JPEG,L,2496,2296,False,1,5fe3e571bb5a,75.0,276319,5.730816,48.21634475788439
test,NORMAL,NORMAL2-IM-0079-0001.jpeg,JPEG,L,2345,1936,False,1,5fe3e571bb5a,75.0,294415,4.53992,64.85026167861989
test,NORMAL,NORMAL2-IM-0081-0001.jpeg,JPEG,L,2517,2310,False,1,5fe3e571bb5a,75.0,267452,5.81427,45.999239801385215
test,NORMAL,NORMAL2-IM-0086-0001.jpeg,JPEG,L,2474,2224,False,1,5fe3e571bb5a,75.0,301376,5.502176,54.77396579098887
test,NORMAL,NORMAL2-IM-0092-0001.jpeg,JPEG,L,2143,1576,False,1,5fe3e571bb5a,75.0,155551,3.377368,46.056870320320435
test,NORMAL,NORMAL2-IM-0095-0001.jpeg,JPEG,L,2517,1979,False,1,5fe3e571bb5a,75.0,249317,4.981143,50.05216674164946
test,NORMAL,NORMAL2-IM-0096-0001.jpeg,JPEG,L,2517,1979,False,1,5fe3e571bb5a,75.0,249317,4.981143,50.05216674164946
test,NORMAL,NORMAL2-IM-0098-0001.jpeg,JPEG,L,1266,1044,False,1,5fe3e571bb5a,75.0,90445,1.321704,68.43060170809802
test,NORMAL,NORMAL2-IM-0102-0001.jpeg,JPEG,L,2366,2152,False,1,5fe3e571bb5a,75.0,301627,5.091632,59.23974866997458
test,NORMAL,NORMAL2-IM-0105-0001.jpeg,JPEG,L,2352,2166,False,1,5fe3e571bb5a,75.0,226013,5.094432,44.36471033473408
test,NORMAL,NORMAL2-IM-0107-0001.jpeg,JPEG,L,1741,1706,False,1,5fe3e571bb5a,75.0,156742,2.970146,52.77248997187343
test,NORMAL,NORMAL2-IM-0110-0001.jpeg,JPEG,L,2251,1828,False,1,5fe3e571bb5a,75.0,277066,4.114828,67.33355561884967
test,NORMAL,NORMAL2-IM-0111-0001.jpeg,JPEG,L,2035,1526,False,1,5fe3e571bb5a,75.0,176049,3.10541,56.691064947945684
test,NORMAL,NORMAL2-IM-0112-0001.jpeg,JPEG,L,2266,1843,False,1,5fe3e571bb5a,75.0,350938,4.176238,84.03208820953212
test,NORMAL,NORMAL2-IM-0117-0001.jpeg,JPEG,L,1971,1526,False,1,5fe3e571bb5a,75.0,145621,3.007746,48.41532496427558
test,NORMAL,NORMAL2-IM-0120-0001.jpeg,JPEG,L,2093,1764,False,1,5fe3e571bb5a,75.0,247841,3.692052,67.12825279817294
test,NORMAL,NORMAL2-IM-0123-0001.jpeg,JPEG,L,2043,1217,False,1,5fe3e571bb5a,75.0,122054,2.486331,49.090004508651504
test,NORMAL,NORMAL2-IM-0129-0001.jpeg,JPEG,L,2302,1663,False,1,5fe3e571bb5a,75.0,229189,3.828226,59.868200048795444
test,NORMAL,NORMAL2-IM-0130-0001.jpeg,JPEG,L,1827,1641,False,1,5fe3e571bb5a,75.0,218340,2.998107,72.82595317645435
test,NORMAL,NORMAL2-IM-0131-0001.jpeg,JPEG,L,1784,1389,False,1,5fe3e571bb5a,75.0,124024,2.477976,50.050525105973584
test,NORMAL,NORMAL2-IM-0132-0001.jpeg,JPEG,L,2115,1792,False,1,5fe3e571bb5a,75.0,214026,3.79008,56.470048125633234
test,NORMAL,NORMAL2-IM-0135-0001.jpeg,JPEG,L,2136,1713,False,1,5fe3e571bb5a,75.0,183941,3.658968,50.271278677485014
test,NORMAL,NORMAL2-IM-0139-0001.jpeg,JPEG,L,2014,1375,False,1,5fe3e571bb5a,75.0,132708,2.76925,47.922000541662904
test,NORMAL,NORMAL2-IM-0141-0001.jpeg,JPEG,L,1712,1519,False,1,5fe3e571bb5a,75.0,161837,2.600528,62.23236204340041
test,NORMAL,NORMAL2-IM-0145-0001.jpeg,JPEG,L,1726,1505,False,1,5fe3e571bb5a,75.0,154293,2.59763,59.39760473970504
test,NORMAL,NORMAL2-IM-0146-0001.jpeg,JPEG,L,1827,1375,False,1,5fe3e571bb5a,75.0,131547,2.512125,52.36483057172712
test,NORMAL,NORMAL2-IM-0150-0001.jpeg,JPEG,L,1611,1454,False,1,5fe3e571bb5a,75.0,122431,2.342394,52.26746653210348
test,NORMAL,NORMAL2-IM-0171-0001.jpeg,JPEG,L,1752,1224,False,1,5fe3e571bb5a,75.0,138289,2.144448,64.48699152415912
test,NORMAL,NORMAL2-IM-0173-0001-0001.jpeg,JPEG,L,1304,952,False,1,5fe3e571bb5a,75.0,93657,1.241408,75.4441730680002
test,NORMAL,NORMAL2-IM-0173-0001-0002.jpeg,JPEG,L,1304,952,False,1,5fe3e571bb5a,75.0,93657,1.241408,75.4441730680002
test,NORMAL,NORMAL2-IM-0195-0001.jpeg,JPEG,L,1432,1016,False,1,5fe3e571bb5a,75.0,116424,1.454912,80.02133462367485
test,NORMAL,NORMAL2-IM-0196-0001.jpeg,JPEG,L,1720,1568,False,1,5fe3e571bb5a,75.0,197497,2.69696,73.2294880161367
test,NORMAL,NORMAL2-IM-0198-0001.jpeg,JPEG,L,1960,1688,False,1,5fe3e571bb5a,75.0,310935,3.30848,93.98122400619016
test,NORMAL,NORMAL2-IM-0199-0001.jpeg,JPEG,L,1584,1168,False,1,5fe3e571bb5a,75.0,139457,1.850112,75.37759876158849
test,NORMAL,NORMAL2-IM-0201-0001.jpeg,JPEG,L,1800,1456,False,1,5fe3e571bb5a,75.0,201393,2.6208,76.8440934065934
test,NORMAL,NORMAL2-IM-0206-0001.jpeg,JPEG,L,1536,1064,False,1,5fe3e571bb5a,75.0,134195,1.634304,82.111406445802
test,NORMAL,NORMAL2-IM-0207-0001.jpeg,JPEG,L,1454,1079,False,1,5fe3e571bb5a,75.0,172867,1.568866,110.18595597074574
test,NORMAL,NORMAL2-IM-0210-0001.jpeg,JPEG,L,1680,984,False,1,5fe3e571bb5a,75.0,112454,1.65312,68.02530971738288
test,NORMAL,NORMAL2-IM-0213-0001.jpeg,JPEG,L,1952,1600,False,1,5fe3e571bb5a,75.0,286814,3.1232,91.83337602459017
test,NORMAL,NORMAL2-IM-0217-0001.jpeg,JPEG,L,1408,1040,False,1,5fe3e571bb5a,75.0,122483,1.46432,83.64496831293707
test,NORMAL,NORMAL2-IM-0219-0001.jpeg,JPEG,L,1248,680,False,1,5fe3e571bb5a,75.0,68433,0.84864,80.63843325791856
test,NORMAL,NORMAL2-IM-0221-0001.jpeg,JPEG,L,1336,936,False,1,5fe3e571bb5a,75.0,109497,1.250496,87.56285505911254
test,NORMAL,NORMAL2-IM-0222-0001.jpeg,JPEG,L,1504,1056,False,1,5fe3e571bb5a,75.0,124107,1.588224,78.14200012088975
test,NORMAL,NORMAL2-IM-0229-0001.jpeg,JPEG,L,1488,1168,False,1,5fe3e571bb5a,75.0,141876,1.737984,81.6325121520106
test,NORMAL,NORMAL2-IM-0232-0001.jpeg,JPEG,L,1392,912,False,1,5fe3e571bb5a,75.0,97653,1.269504,76.92216802782819
test,NORMAL,NORMAL2-IM-0233-0001.jpeg,JPEG,L,1560,1008,False,1,5fe3e571bb5a,75.0,128835,1.57248,81.93108974358974
test,NORMAL,NORMAL2-IM-0237-0001.jpeg,JPEG,L,1392,1168,False,1,5fe3e571bb5a,75.0,128958,1.625856,79.31698748228625
test,NORMAL,NORMAL2-IM-0238-0001.jpeg,JPEG,L,1440,1064,False,1,5fe3e571bb5a,75.0,122961,1.53216,80.25336779448622
test,NORMAL,NORMAL2-IM-0241-0001.jpeg,JPEG,L,1248,880,False,1,5fe3e571bb5a,75.0,66752,1.09824,60.78088578088577
test,NORMAL,NORMAL2-IM-0246-0001-0001.jpeg,JPEG,L,1168,824,False,1,5fe3e571bb5a,75.0,75213,0.962432,78.1488977922596
test,NORMAL,NORMAL2-IM-0246-0001-0002.jpeg,JPEG,L,1168,824,False,1,5fe3e571bb5a,75.0,75213,0.962432,78.1488977922596
test,NORMAL,NORMAL2-IM-0246-0001.jpeg,JPEG,L,1368,904,False,1,5fe3e571bb5a,75.0,100422,1.236672,81.2034233814625
test,NORMAL,NORMAL2-IM-0249-0001.jpeg,JPEG,L,1426,832,False,1,5fe3e571bb5a,75.0,96490,1.186432,81.32788056964074
test,NORMAL,NORMAL2-IM-0251-0001.jpeg,JPEG,L,1744,1168,False,1,5fe3e571bb5a,75.0,193348,2.036992,94.9183894683926
test,NORMAL,NORMAL2-IM-0252-0001.jpeg,JPEG,L,1264,832,False,1,5fe3e571bb5a,75.0,83645,1.051648,79.53706943768258
test,NORMAL,NORMAL2-IM-0256-0001.jpeg,JPEG,L,984,496,False,1,5fe3e571bb5a,75.0,46174,0.488064,94.60644505638605
test,NORMAL,NORMAL2-IM-0259-0001.jpeg,JPEG,L,1448,1136,False,1,5fe3e571bb5a,75.0,160005,1.644928,97.2717346899074
test,NORMAL,NORMAL2-IM-0267-0001.jpeg,JPEG,L,1560,1016,False,1,5fe3e571bb5a,75.0,121120,1.58496,76.41833232384414
test,NORMAL,NORMAL2-IM-0271-0001.jpeg,JPEG,L,1564,1010,False,1,5fe3e571bb5a,75.0,184905,1.57964,117.05515180674078
test,NORMAL,NORMAL2-IM-0272-0001.jpeg,JPEG,L,1340,917,False,1,5fe3e571bb5a,75.0,105401,1.22878,85.77694949462068
test,NORMAL,NORMAL2-IM-0273-0001.jpeg,JPEG,L,1720,1303,False,1,5fe3e571bb5a,75.0,170432,2.24116,76.04633314890503
test,NORMAL,NORMAL2-IM-0274-0001.jpeg,JPEG,L,1646,1214,False,1,5fe3e571bb5a,75.0,158103,1.998244,79.12096821008846
test,NORMAL,NORMAL2-IM-0275-0001.jpeg,JPEG,L,1748,1079,False,1,5fe3e571bb5a,75.0,164180,1.886092,87.0477155939371
test,NORMAL,NORMAL2-IM-0276-0001.jpeg,JPEG,L,1604,1334,False,1,5fe3e571bb5a,75.0,203639,2.139736,95.17015183181476
test,NORMAL,NORMAL2-IM-0277-0001.jpeg,JPEG,L,1754,1377,False,1,5fe3e571bb5a,75.0,208452,2.415258,86.30630764912071
test,NORMAL,NORMAL2-IM-0278-0001.jpeg,JPEG,L,1700,1113,False,1,5fe3e571bb5a,75.0,169918,1.8921,89.80392156862746
test,NORMAL,NORMAL2-IM-0279-0001.jpeg,JPEG,L,1376,1040,False,1,5fe3e571bb5a,75.0,125248,1.43104,87.52236135957067
test,NORMAL,NORMAL2-IM-0280-0001.jpeg,JPEG,L,1460,1071,False,1,5fe3e571bb5a,75.0,139455,1.56366,89.18498906411881
test,NORMAL,NORMAL2-IM-0281-0001.jpeg,JPEG,L,2040,1619,False,1,5fe3e571bb5a,75.0,256848,3.30276,77.76768520873452
test,NORMAL,NORMAL2-IM-0282-0001.jpeg,JPEG,L,2667,2280,False,1,5fe3e571bb5a,75.0,655568,6.08076,107.8102079345345
test,NORMAL,NORMAL2-IM-0283-0001.jpeg,JPEG,L,1400,882,False,1,5fe3e571bb5a,75.0,109218,1.2348,88.4499514091351
test,NORMAL,NORMAL2-IM-0285-0001.jpeg,JPEG,L,1456,839,False,1,5fe3e571bb5a,75.0,124892,1.221584,102.23775033071814
test,NORMAL,NORMAL2-IM-0286-0001.jpeg,JPEG,L,1692,1214,False,1,5fe3e571bb5a,75.0,187018,2.054088,91.04673217505773
test,NORMAL,NORMAL2-IM-0287-0001.jpeg,JPEG,L,1785,1585,False,1,5fe3e571bb5a,75.0,235700,2.829225,83.30903339253682
test,NORMAL,NORMAL2-IM-0288-0001.jpeg,JPEG,L,1348,812,False,1,5fe3e571bb5a,75.0,100754,1.094576,92.04842788440456
test,NORMAL,NORMAL2-IM-0289-0001.jpeg,JPEG,L,1894,1597,False,1,5fe3e571bb5a,75.0,249564,3.024718,82.50818754012771
test,NORMAL,NORMAL2-IM-0290-0001.jpeg,JPEG,L,1396,897,False,1,5fe3e571bb5a,75.0,122798,1.252212,98.06486441592956
test,NORMAL,NORMAL2-IM-0292-0001.jpeg,JPEG,L,2380,2074,False,1,5fe3e571bb5a,75.0,527838,4.93612,106.93378605058224
test,NORMAL,NORMAL2-IM-0294-0001.jpeg,JPEG,L,1530,994,False,1,5fe3e571bb5a,75.0,130295,1.52082,85.6741757735958
test,NORMAL,NORMAL2-IM-0297-0001.jpeg,JPEG,L,1890,1334,False,1,5fe3e571bb5a,75.0,220904,2.52126,87.6165092057146
test,NORMAL,NORMAL2-IM-0300-0001.jpeg,JPEG,L,1508,1260,False,1,5fe3e571bb5a,75.0,169118,1.90008,89.0057260746916
test,NORMAL,NORMAL2-IM-0301-0001.jpeg,JPEG,L,1816,1157,False,1,5fe3e571bb5a,75.0,164694,2.101112,78.38420798129751
test,NORMAL,NORMAL2-IM-0302-0001.jpeg,JPEG,L,1596,1087,False,1,5fe3e571bb5a,75.0,154012,1.734852,88.77529610595025
test,NORMAL,NORMAL2-IM-0303-0001.jpeg,JPEG,L,1504,948,False,1,5fe3e571bb5a,75.0,116048,1.425792,81.3919561899632
test,NORMAL,NORMAL2-IM-0304-0001.jpeg,JPEG,L,1532,986,False,1,5fe3e571bb5a,75.0,125259,1.510552,82.92266668078955
test,NORMAL,NORMAL2-IM-0305-0001.jpeg,JPEG,L,1612,1179,False,1,5fe3e571bb5a,75.0,157745,1.900548,82.99974533660819
test,NORMAL,NORMAL2-IM-0307-0001.jpeg,JPEG,L,1816,1435,False,1,5fe3e571bb5a,75.0,222504,2.60596,85.38273803128213
test,NORMAL,NORMAL2-IM-0309-0001.jpeg,JPEG,L,1724,1442,False,1,5fe3e571bb5a,75.0,221805,2.486008,89.22135407448407
test,NORMAL,NORMAL2-IM-0310-0001.jpeg,JPEG,L,1646,1346,False,1,5fe3e571bb5a,75.0,183761,2.215516,82.94275464496758
test,NORMAL,NORMAL2-IM-0311-0001.jpeg,JPEG,L,1844,1504,False,1,5fe3e571bb5a,75.0,214783,2.773376,77.44460181381825
test,NORMAL,NORMAL2-IM-0312-0001.jpeg,JPEG,L,2028,1538,False,1,5fe3e571bb5a,75.0,290831,3.119064,93.24303701366821
test,NORMAL,NORMAL2-IM-0313-0001.jpeg,JPEG,L,1620,1110,False,1,5fe3e571bb5a,75.0,142179,1.7982,79.0674007340674
test,NORMAL,NORMAL2-IM-0315-0001.jpeg,JPEG,L,1442,770,False,1,5fe3e571bb5a,75.0,94149,1.11034,84.79294630473548
test,NORMAL,NORMAL2-IM-0316-0001.jpeg,JPEG,L,1464,925,False,1,5fe3e571bb5a,75.0,113283,1.3542,83.65307930881701
test,NORMAL,NORMAL2-IM-0317-0001.jpeg,JPEG,L,1624,1187,False,1,5fe3e571bb5a,75.0,165845,1.927688,86.03311324239192
test,NORMAL,NORMAL2-IM-0319-0001.jpeg,JPEG,L,1678,1195,False,1,5fe3e571bb5a,75.0,173513,2.00521,86.53108651961641
test,NORMAL,NORMAL2-IM-0321-0001.jpeg,JPEG,L,2026,1412,False,1,5fe3e571bb5a,75.0,221559,2.860712,77.44890083307932
test,NORMAL,NORMAL2-IM-0322-0001.jpeg,JPEG,L,1256,813,False,1,5fe3e571bb5a,75.0,89644,1.021128,87.78918999381077
test,NORMAL,NORMAL2-IM-0323-0001.jpeg,JPEG,L,1796,1372,False,1,5fe3e571bb5a,75.0,218749,2.464112,88.77396806638659
test,NORMAL,NORMAL2-IM-0325-0001.jpeg,JPEG,L,1612,1164,False,1,5fe3e571bb5a,75.0,144815,1.876368,77.17835733715347
test,NORMAL,NORMAL2-IM-0326-0001.jpeg,JPEG,L,1522,1183,False,1,5fe3e571bb5a,75.0,145504,1.800526,80.81194051071742
test,NORMAL,NORMAL2-IM-0327-0001.jpeg,JPEG,L,1384,824,False,1,5fe3e571bb5a,75.0,106747,1.140416,93.60356220887816
test,NORMAL,NORMAL2-IM-0328-0001.jpeg,JPEG,L,1338,967,False,1,5fe3e571bb5a,75.0,129885,1.293846,100.38675391043446
test,NORMAL,NORMAL2-IM-0329-0001.jpeg,JPEG,L,2216,1953,False,1,5fe3e571bb5a,75.0,473482,4.327848,109.40356500505563
test,NORMAL,NORMAL2-IM-0330-0001.jpeg,JPEG,L,1226,747,False,1,5fe3e571bb5a,75.0,96065,0.915822,104.89483764312278
test,NORMAL,NORMAL2-IM-0331-0001.jpeg,JPEG,L,1674,1064,False,1,5fe3e571bb5a,75.0,164379,1.781136,92.28885385506777
test,NORMAL,NORMAL2-IM-0332-0001.jpeg,JPEG,L,1802,1226,False,1,5fe3e571bb5a,75.0,206811,2.209252,93.61132184105752
test,NORMAL,NORMAL2-IM-0333-0001.jpeg,JPEG,L,2226,1731,False,1,5fe3e571bb5a,75.0,301696,3.853206,78.29739702471137
test,NORMAL,NORMAL2-IM-0335-0001.jpeg,JPEG,L,1300,821,False,1,5fe3e571bb5a,75.0,108852,1.0673,101.98819450951
test,NORMAL,NORMAL2-IM-0336-0001.jpeg,JPEG,L,1612,941,False,1,5fe3e571bb5a,75.0,129685,1.516892,85.49389145700552
test,NORMAL,NORMAL2-IM-0337-0001.jpeg,JPEG,L,1766,1349,False,1,5fe3e571bb5a,75.0,174939,2.382334,73.43176901307709
test,NORMAL,NORMAL2-IM-0338-0001.jpeg,JPEG,L,1450,890,False,1,5fe3e571bb5a,75.0,112185,1.2905,86.9314219294847
test,NORMAL,NORMAL2-IM-0339-0001.jpeg,JPEG,L,1898,1403,False,1,5fe3e571bb5a,75.0,214834,2.662894,80.67688762676997
test,NORMAL,NORMAL2-IM-0340-0001.jpeg,JPEG,L,1292,751,False,1,5fe3e571bb5a,75.0,80220,0.970292,82.67614285184253
test,NORMAL,NORMAL2-IM-0341-0001.jpeg,JPEG,L,1670,1319,False,1,5fe3e571bb5a,75.0,226628,2.20273,102.8850562710818
test,NORMAL,NORMAL2-IM-0343-0001.jpeg,JPEG,L,1778,1168,False,1,5fe3e571bb5a,75.0,148354,2.076704,71.43723900950738
test,NORMAL,NORMAL2-IM-0345-0001.jpeg,JPEG,L,1538,1202,False,1,5fe3e571bb5a,75.0,194067,1.848676,104.9762100011035
test,NORMAL,NORMAL2-IM-0346-0001.jpeg,JPEG,L,1288,917,False,1,5fe3e571bb5a,75.0,107822,1.181096,91.28978508097565
test,NORMAL,NORMAL2-IM-0347-0001.jpeg,JPEG,L,1542,963,False,1,5fe3e571bb5a,75.0,146918,1.484946,98.93827789023977
test,NORMAL,NORMAL2-IM-0348-0001.jpeg,JPEG,L,1762,1249,False,1,5fe3e571bb5a,75.0,202692,2.200738,92.10183129477477
test,NORMAL,NORMAL2-IM-0349-0001.jpeg,JPEG,L,1214,662,False,1,5fe3e571bb5a,75.0,78309,0.803668,97.43948993863137
test,NORMAL,NORMAL2-IM-0350-0001.jpeg,JPEG,L,1570,1164,False,1,5fe3e571bb5a,75.0,152801,1.82748,83.61295335653467
test,NORMAL,NORMAL2-IM-0351-0001.jpeg,JPEG,L,1550,1033,False,1,5fe3e571bb5a,75.0,130445,1.60115,81.46956874746276
test,NORMAL,NORMAL2-IM-0352-0001.jpeg,JPEG,L,1638,1323,False,1,5fe3e571bb5a,75.0,189243,2.167074,87.32650569385264
test,NORMAL,NORMAL2-IM-0353-0001.jpeg,JPEG,L,1782,1434,False,1,5fe3e571bb5a,75.0,219608,2.555388,85.93919983971122
test,NORMAL,NORMAL2-IM-0354-0001.jpeg,JPEG,L,1470,1072,False,1,5fe3e571bb5a,75.0,128243,1.57584,81.38072393136359
test,NORMAL,NORMAL2-IM-0357-0001.jpeg,JPEG,L,1936,1554,False,1,5fe3e571bb5a,75.0,214696,3.008544,71.3620940893668
test,NORMAL,NORMAL2-IM-0359-0001.jpeg,JPEG,L,1450,1149,False,1,5fe3e571bb5a,75.0,163380,1.66605,98.06428378500044
test,NORMAL,NORMAL2-IM-0360-0001.jpeg,JPEG,L,1094,898,False,1,5fe3e571bb5a,75.0,91356,0.982412,92.99153511968503
test,NORMAL,NORMAL2-IM-0361-0001.jpeg,JPEG,L,1778,1337,False,1,5fe3e571bb5a,75.0,215050,2.377186,90.4641033558165
test,NORMAL,NORMAL2-IM-0362-0001.jpeg,JPEG,L,1592,921,False,1,5fe3e571bb5a,75.0,131517,1.466232,89.69726482575744
test,NORMAL,NORMAL2-IM-0364-0001.jpeg,JPEG,L,1472,921,False,1,5fe3e571bb5a,75.0,115324,1.355712,85.06526459897087
test,NORMAL,NORMAL2-IM-0366-0001.jpeg,JPEG,L,1298,747,False,1,5fe3e571bb5a,75.0,86486,0.969606,89.19705529875021
test,NORMAL,NORMAL2-IM-0368-0001.jpeg,JPEG,L,1686,1122,False,1,5fe3e571bb5a,75.0,158476,1.891692,83.77473711365275
test,NORMAL,NORMAL2-IM-0369-0001.jpeg,JPEG,L,1434,906,False,1,5fe3e571bb5a,75.0,113328,1.299204,87.22879547784643
test,NORMAL,NORMAL2-IM-0370-0001.jpeg,JPEG,L,1742,1392,False,1,5fe3e571bb5a,75.0,220605,2.424864,90.97623619304011
test,NORMAL,NORMAL2-IM-0372-0001.jpeg,JPEG,L,2198,1485,False,1,5fe3e571bb5a,75.0,242770,3.26403,74.37738010986419
test,NORMAL,NORMAL2-IM-0373-0001.jpeg,JPEG,L,1454,979,False,1,5fe3e571bb5a,75.0,120201,1.423466,84.44248053694292
test,NORMAL,NORMAL2-IM-0374-0001-0001.jpeg,JPEG,L,1968,1484,False,1,5fe3e571bb5a,75.0,237201,2.920512,81.2189780422063
test,NORMAL,NORMAL2-IM-0374-0001-0002.jpeg,JPEG,L,1516,982,False,1,5fe3e571bb5a,75.0,120881,1.488712,81.19837819537963
test,NORMAL,NORMAL2-IM-0374-0001.jpeg,JPEG,L,2148,1600,False,1,5fe3e571bb5a,75.0,253048,3.4368,73.62895716945997
test,NORMAL,NORMAL2-IM-0376-0001.jpeg,JPEG,L,1124,716,False,1,5fe3e571bb5a,75.0,69989,0.804784,86.9661921708185
test,NORMAL,NORMAL2-IM-0378-0001.jpeg,JPEG,L,1586,1048,False,1,5fe3e571bb5a,75.0,124337,1.662128,74.80591145808265
test,NORMAL,NORMAL2-IM-0380-0001.jpeg,JPEG,L,1940,1489,False,1,5fe3e571bb5a,75.0,244900,2.88866,84.77979409137802
test,NORMAL,NORMAL2-IM-0381-0001.jpeg,JPEG,L,2010,1705,False,1,5fe3e571bb5a,75.0,285854,3.42705,83.41109700763046
test,PNEUMONIA,person100_bacteria_475.jpeg,JPEG,L,1106,762,False,1,5fe3e571bb5a,75.0,77394,0.842772,91.83266648630948
test,PNEUMONIA,person100_bacteria_477.jpeg,JPEG,L,1024,680,False,1,5fe3e571bb5a,75.0,56146,0.69632,80.63246783088235
test,PNEUMONIA,person100_bacteria_478.jpeg,JPEG,L,1128,624,False,1,5fe3e571bb5a,75.0,56060,0.703872,79.64516275686488
test,PNEUMONIA,person100_bacteria_479.jpeg,JPEG,L,904,552,False,1,5fe3e571bb5a,75.0,38870,0.499008,77.89454277286136
test,PNEUMONIA,person100_bacteria_480.jpeg,JPEG,L,880,536,False,1,5fe3e571bb5a,75.0,45177,0.47168,95.77891791044776
test,PNEUMONIA,person100_bacteria_481.jpeg,JPEG,L,952,624,False,1,5fe3e571bb5a,75.0,44984,0.594048,75.72452057746176
test,PNEUMONIA,person100_bacteria_482.jpeg,JPEG,L,1040,696,False,1,5fe3e571bb5a,75.0,47915,0.72384,66.19556808134394
test,PNEUMONIA,person101_bacteria_483.jpeg,JPEG,L,1064,720,False,1,5fe3e571bb5a,75.0,48067,0.76608,62.74409983291562
test,PNEUMONIA,person101_bacteria_484.jpeg,JPEG,L,1064,840,False,1,5fe3e571bb5a,75.0,100116,0.89376,112.01664876476906
test,PNEUMONIA,person101_bacteria_485.jpeg,JPEG,L,1032,752,False,1,5fe3e571bb5a,75.0,62710,0.776064,80.80519132442686
test,PNEUMONIA,person101_bacteria_486.jpeg,JPEG,L,1136,680,False,1,5fe3e571bb5a,75.0,55204,0.77248,71.46333885666942
test,PNEUMONIA,person102_bacteria_487.jpeg,JPEG,L,1240,936,False,1,5fe3e571bb5a,75.0,80904,1.16064,69.7063688999173
test,PNEUMONIA,person103_bacteria_488.jpeg,JPEG,L,904,656,False,1,5fe3e571bb5a,75.0,42587,0.593024,71.81328243039069
test,PNEUMONIA,person103_bacteria_489.jpeg,JPEG,L,1000,744,False,1,5fe3e571bb5a,75.0,55723,0.744,74.89650537634408
test,PNEUMONIA,person103_bacteria_490.jpeg,JPEG,L,1206,871,False,1,5fe3e571bb5a,75.0,82434,1.050426,78.47673229718228
test,PNEUMONIA,person104_bacteria_491.jpeg,JPEG,L,1144,784,False,1,5fe3e571bb5a,75.0,55948,0.896896,62.37958470101327
test,PNEUMONIA,person104_bacteria_492.jpeg,JPEG,L,992,592,False,1,5fe3e571bb5a,75.0,39848,0.587264,67.85363993025283
test,PNEUMONIA,person108_bacteria_504.jpeg,JPEG,L,1336,1040,False,1,5fe3e571bb5a,75.0,117102,1.38944,84.27999769691387
test,PNEUMONIA,person108_bacteria_506.jpeg,JPEG,L,1184,1032,False,1,5fe3e571bb5a,75.0,120527,1.221888,98.63997354913052
test,PNEUMONIA,person108_bacteria_507.jpeg,JPEG,L,1176,1032,False,1,5fe3e571bb5a,75.0,89320,1.213632,73.59726836471022
test,PNEUMONIA,person108_bacteria_511.jpeg,JPEG,L,1438,1260,False,1,5fe3e571bb5a,75.0,147504,1.81188,81.4093648585999
test,PNEUMONIA,person109_bacteria_512.jpeg,JPEG,L,1256,808,False,1,5fe3e571bb5a,75.0,76452,1.014848,75.33344894999054
test,PNEUMONIA,person109_bacteria_513.jpeg,JPEG,L,976,696,False,1,5fe3e571bb5a,75.0,47817,0.679296,70.39199406444318
test,PNEUMONIA,person109_bacteria_517.jpeg,JPEG,L,1024,752,False,1,5fe3e571bb5a,75.0,58189,0.770048,75.56541929853724
test,PNEUMONIA,person109_bacteria_519.jpeg,JPEG,L,1080,776,False,1,5fe3e571bb5a,75.0,64931,0.83808,77.47589728904161
test,PNEUMONIA,person109_bacteria_522.jpeg,JPEG,L,1112,736,False,1,5fe3e571bb5a,75.0,65326,0.818432,79.8184821707851
test,PNEUMONIA,person109_bacteria_523.jpeg,JPEG,L,952,640,False,1,5fe3e571bb5a,75.0,44712,0.60928,73.38497899159664
test,PNEUMONIA,person109_bacteria_526.jpeg,JPEG,L,1088,576,False,1,5fe3e571bb5a,75.0,44571,0.626688,71.12151501225489
test,PNEUMONIA,person109_bacteria_527.jpeg,JPEG,L,968,536,False,1,5fe3e571bb5a,75.0,36535,0.518848,70.41561305045022
test,PNEUMONIA,person109_bacteria_528.jpeg,JPEG,L,1322,736,False,1,5fe3e571bb5a,75.0,67488,0.972992,69.36131026771032
test,PNEUMONIA,person10_virus_35.jpeg,JPEG,L,1488,1136,False,1,5fe3e571bb5a,75.0,142932,1.690368,84.55673557473874
test,PNEUMONIA,person110_bacteria_531.jpeg,JPEG,L,1160,688,False,1,5fe3e571bb5a,75.0,67170,0.79808,84.16449478748997
test,PNEUMONIA,person111_bacteria_533.jpeg,JPEG,L,992,600,False,1,5fe3e571bb5a,75.0,52299,0.5952,87.8679435483871
test,PNEUMONIA,person111_bacteria_534.jpeg,JPEG,L,976,712,False,1,5fe3e571bb5a,75.0,51603,0.694912,74.25832335605084
test,PNEUMONIA,person111_bacteria_535.jpeg,JPEG,L,888,536,False,1,5fe3e571bb5a,75.0,31641,0.475968,66.47715812827752
test,PNEUMONIA,person111_bacteria_536.jpeg,JPEG,L,1008,648,False,1,5fe3e571bb5a,75.0,53463,0.653184,81.84983098177543
test,PNEUMONIA,person111_bacteria_537.jpeg,JPEG,L,1130,666,False,1,5fe3e571bb5a,75.0,64995,0.75258,86.36291158415052
test,PNEUMONIA,person112_bacteria_538.jpeg,JPEG,L,952,640,False,1,5fe3e571bb5a,75.0,45442,0.60928,74.58311449579831
test,PNEUMONIA,person112_bacteria_539.jpeg,JPEG,L,936,712,False,1,5fe3e571bb5a,75.0,61680,0.666432,92.55257850763468
test,PNEUMONIA,person113_bacteria_540.jpeg,JPEG,L,1160,776,False,1,5fe3e571bb5a,75.0,85385,0.90016,94.85535904728049
test,PNEUMONIA,person113_bacteria_541.jpeg,JPEG,L,1080,824,False,1,5fe3e571bb5a,75.0,52299,0.88992,58.76820388349514
test,PNEUMONIA,person113_bacteria_542.jpeg,JPEG,L,1088,768,False,1,5fe3e571bb5a,75.0,66087,0.835584,79.09079159007354
test,PNEUMONIA,person113_bacteria_543.jpeg,JPEG,L,1388,1013,False,1,5fe3e571bb5a,75.0,119660,1.406044,85.10402234922947
test,PNEUMONIA,person114_bacteria_544.jpeg,JPEG,L,1144,672,False,1,5fe3e571bb5a,75.0,58958,0.768768,76.69153762903763
test,PNEUMONIA,person114_bacteria_545.jpeg,JPEG,L,1328,920,False,1,5fe3e571bb5a,75.0,90867,1.22176,74.37385411210059
test,PNEUMONIA,person114_bacteria_546.jpeg,JPEG,L,1080,696,False,1,5fe3e571bb5a,75.0,49529,0.75168,65.89107066836952
test,PNEUMONIA,person117_bacteria_553.jpeg,JPEG,L,952,624,False,1,5fe3e571bb5a,75.0,37906,0.594048,63.80965847877612
test,PNEUMONIA,person117_bacteria_556.jpeg,JPEG,L,904,648,False,1,5fe3e571bb5a,75.0,40243,0.585792,68.6984458647438
test,PNEUMONIA,person117_bacteria_557.jpeg,JPEG,L,1086,739,False,1,5fe3e571bb5a,75.0,62487,0.802554,77.86018137097317
test,PNEUMONIA,person118_bacteria_559.jpeg,JPEG,L,952,680,False,1,5fe3e571bb5a,75.0,39047,0.64736,60.317288680177946
test,PNEUMONIA,person118_bacteria_560.jpeg,JPEG,L,1088,600,False,1,5fe3e571bb5a,75.0,52602,0.6528,80.57904411764704
test,PNEUMONIA,person119_bacteria_565.jpeg,JPEG,L,1072,608,False,1,5fe3e571bb5a,75.0,46077,0.651776,70.69453309112332
test,PNEUMONIA,person119_bacteria_566.jpeg,JPEG,L,1088,784,False,1,5fe3e571bb5a,75.0,58769,0.852992,68.89748086734694
test,PNEUMONIA,person119_bacteria_567.jpeg,JPEG,L,1210,859,False,1,5fe3e571bb5a,75.0,83750,1.03939,80.57610713976467
test,PNEUMONIA,person119_bacteria_568.jpeg,JPEG,L,1222,878,False,1,5fe3e571bb5a,75.0,84113,1.072916,78.39663123674174
test,PNEUMONIA,person11_virus_38.jpeg,JPEG,L,1496,960,False,1,5fe3e571bb5a,75.0,122990,1.43616,85.6380904634581
test,PNEUMONIA,person120_bacteria_570.jpeg,JPEG,L,1112,736,False,1,5fe3e571bb5a,75.0,54361,0.818432,66.42091218329683
test,PNEUMONIA,person120_bacteria_571.jpeg,JPEG,L,1120,592,False,1,5fe3e571bb5a,75.0,39809,0.66304,60.04011824324324
test,PNEUMONIA,person120_bacteria_572.jpeg,JPEG,L,1024,688,False,1,5fe3e571bb5a,75.0,47184,0.704512,66.97401889534883
test,PNEUMONIA,person120_bacteria_573.jpeg,JPEG,L,1272,813,False,1,5fe3e571bb5a,75.0,87049,1.034136,84.17558232186097
test,PNEUMONIA,person121_bacteria_575.jpeg,JPEG,L,1072,632,False,1,5fe3e571bb5a,75.0,48474,0.677504,71.54791706026828
test,PNEUMONIA,person121_bacteria_576.jpeg,JPEG,L,1088,584,False,1,5fe3e571bb5a,75.0,44100,0.635392,69.40597300564062
test,PNEUMONIA,person121_bacteria_578.jpeg,JPEG,L,1032,520,False,1,5fe3e571bb5a,75.0,44398,0.53664,82.73330351818724
test,PNEUMONIA,person121_bacteria_579.jpeg,JPEG,L,1112,600,False,1,5fe3e571bb5a,75.0,50433,0.6672,75.58902877697841
test,PNEUMONIA,person121_bacteria_580.jpeg,JPEG,L,1198,701,False,1,5fe3e571bb5a,75.0,80035,0.839798,95.30267993017368
test,PNEUMONIA,person122_bacteria_581.jpeg,JPEG,L,1206,875,False,1,5fe3e571bb5a,75.0,89049,1.05525,84.38663823738452
test,PNEUMONIA,person122_bacteria_582.jpeg,JPEG,L,984,520,False,1,5fe3e571bb5a,75.0,33662,0.51168,65.78721075672294
test,PNEUMONIA,person122_bacteria_583.jpeg,JPEG,L,936,632,False,1,5fe3e571bb5a,75.0,42420,0.591552,71.70967218435574
test,PNEUMONIA,person122_bacteria_584.jpeg,JPEG,L,832,640,False,1,5fe3e571bb5a,75.0,34127,0.53248,64.0906700721154
test,PNEUMONIA,person122_bacteria_585.jpeg,JPEG,L,928,624,False,1,5fe3e571bb5a,75.0,40854,0.579072,70.5508123342175
test,PNEUMONIA,person122_bacteria_586.jpeg,JPEG,L,864,496,False,1,5fe3e571bb5a,75.0,31821,0.428544,74.25375224014337
test,PNEUMONIA,person123_bacteria_587.jpeg,JPEG,L,1232,808,False,1,5fe3e571bb5a,75.0,70656,0.995456,70.97852642407098
test,PNEUMONIA,person124_bacteria_589.jpeg,JPEG,L,976,608,False,1,5fe3e571bb5a,75.0,39453,0.593408,66.48545351596204
test,PNEUMONIA,person124_bacteria_590.jpeg,JPEG,L,992,696,False,1,5fe3e571bb5a,75.0,39727,0.690432,57.539337690025945
test,PNEUMONIA,person124_bacteria_591.jpeg,JPEG,L,1072,696,False,1,5fe3e571bb5a,75.0,48194,0.746112,64.59351947160748
test,PNEUMONIA,person124_bacteria_592.jpeg,JPEG,L,1094,709,False,1,5fe3e571bb5a,75.0,71078,0.775646,91.63716437653261
test,PNEUMONIA,person125_bacteria_594.jpeg,JPEG,L,1072,704,False,1,5fe3e571bb5a,75.0,56228,0.754688,74.50496099050204
test,PNEUMONIA,person125_bacteria_595.jpeg,JPEG,L,1336,744,False,1,5fe3e571bb5a,75.0,72854,0.993984,73.29494237331788
test,PNEUMONIA,person126_bacteria_598.jpeg,JPEG,L,912,648,False,1,5fe3e571bb5a,75.0,37610,0.590976,63.64048624648041
test,PNEUMONIA,person126_bacteria_599.jpeg,JPEG,L,856,592,False,1,5fe3e571bb5a,75.0,34379,0.506752,67.84186347562516
test,PNEUMONIA,person126_bacteria_600.jpeg,JPEG,L,840,600,False,1,5fe3e571bb5a,75.0,32606,0.504,64.69444444444444
test,PNEUMONIA,person127_bacteria_602.jpeg,JPEG,L,992,608,False,1,5fe3e571bb5a,75.0,39154,0.603136,64.917365237691
test,PNEUMONIA,person127_bacteria_603.jpeg,JPEG,L,1032,648,False,1,5fe3e571bb5a,75.0,47069,0.668736,70.3850248827639
test,PNEUMONIA,person127_bacteria_604.jpeg,JPEG,L,1300,812,False,1,5fe3e571bb5a,75.0,81241,1.0556,76.96191739295188
test,PNEUMONIA,person128_bacteria_605.jpeg,JPEG,L,1000,600,False,1,5fe3e571bb5a,75.0,40026,0.6,66.71000000000001
test,PNEUMONIA,person128_bacteria_606.jpeg,JPEG,L,1160,736,False,1,5fe3e571bb5a,75.0,62868,0.85376,73.6366191904048
test,PNEUMONIA,person128_bacteria_607.jpeg,JPEG,L,1160,736,False,1,5fe3e571bb5a,75.0,62868,0.85376,73.6366191904048
test,PNEUMONIA,person128_bacteria_608.jpeg,JPEG,L,1086,874,False,1,5fe3e571bb5a,75.0,79936,0.949164,84.2172690915374
test,PNEUMONIA,person130_bacteria_623.jpeg,JPEG,L,1310,882,False,1,5fe3e571bb5a,75.0,101997,1.15542,88.27699018538713
test,PNEUMONIA,person130_bacteria_625.jpeg,JPEG,L,1040,656,False,1,5fe3e571bb5a,75.0,44955,0.68224,65.89323405253283
test,PNEUMONIA,person130_bacteria_626.jpeg,JPEG,L,1000,704,False,1,5fe3e571bb5a,75.0,65875,0.704,93.57244318181819
test,PNEUMONIA,person130_bacteria_627.jpeg,JPEG,L,1080,720,False,1,5fe3e571bb5a,75.0,49659,0.7776,63.86188271604939
test,PNEUMONIA,person130_bacteria_628.jpeg,JPEG,L,1330,797,False,1,5fe3e571bb5a,75.0,76728,1.06001,72.38422279035103
test,PNEUMONIA,person131_bacteria_629.jpeg,JPEG,L,1184,648,False,1,5fe3e571bb5a,75.0,77741,0.767232,101.32658700367033
test,PNEUMONIA,person132_bacteria_632.jpeg,JPEG,L,1120,704,False,1,5fe3e571bb5a,75.0,50093,0.78848,63.531097808441565
test,PNEUMONIA,person133_bacteria_633.jpeg,JPEG,L,976,632,False,1,5fe3e571bb5a,75.0,44413,0.616832,72.00177682091719
test,PNEUMONIA,person133_bacteria_634.jpeg,JPEG,L,936,696,False,1,5fe3e571bb5a,75.0,43197,0.651456,66.30839227821987
test,PNEUMONIA,person133_bacteria_635.jpeg,JPEG,L,936,704,False,1,5fe3e571bb5a,75.0,52571,0.658944,79.78067939005439
test,PNEUMONIA,person133_bacteria_637.jpeg,JPEG,L,992,640,False,1,5fe3e571bb5a,75.0,45731,0.63488,72.03093497983872
test,PNEUMONIA,person133_bacteria_638.jpeg,JPEG,L,944,616,False,1,5fe3e571bb5a,75.0,42766,0.581504,73.54377613911511
test,PNEUMONIA,person134_bacteria_640.jpeg,JPEG,L,1256,856,False,1,5fe3e571bb5a,75.0,81725,1.075136,76.01363920471455
test,PNEUMONIA,person134_bacteria_641.jpeg,JPEG,L,1280,872,False,1,5fe3e571bb5a,75.0,81913,1.11616,73.38822391055045
test,PNEUMONIA,person134_bacteria_642.jpeg,JPEG,L,1280,848,False,1,5fe3e571bb5a,75.0,75878,1.08544,69.90529186320755
test,PNEUMONIA,person134_bacteria_643.jpeg,JPEG,L,1184,792,False,1,5fe3e571bb5a,75.0,62765,0.937728,66.93305521430521
test,PNEUMONIA,person134_bacteria_644.jpeg,JPEG,L,1184,792,False,1,5fe3e571bb5a,75.0,62765,0.937728,66.93305521430521
test,PNEUMONIA,person135_bacteria_646.jpeg,JPEG,L,1056,616,False,1,5fe3e571bb5a,75.0,43097,0.650496,66.25252115308935
test,PNEUMONIA,person135_bacteria_647.jpeg,JPEG,L,1008,600,False,1,5fe3e571bb5a,75.0,41725,0.6048,68.98974867724868
test,PNEUMONIA,person136_bacteria_648.jpeg,JPEG,L,1068,720,False,1,5fe3e571bb5a,75.0,74112,0.76896,96.37952559300874
test,PNEUMONIA,person136_bacteria_649.jpeg,JPEG,L,840,648,False,1,5fe3e571bb5a,75.0,38062,0.54432,69.92577895355673
test,PNEUMONIA,person136_bacteria_650.jpeg,JPEG,L,936,528,False,1,5fe3e571bb5a,75.0,38135,0.494208,77.16386622636622
test,PNEUMONIA,person136_bacteria_652.jpeg,JPEG,L,920,608,False,1,5fe3e571bb5a,75.0,40226,0.55936,71.91433066361556
test,PNEUMONIA,person136_bacteria_654.jpeg,JPEG,L,1082,720,False,1,5fe3e571bb5a,75.0,59797,0.77904,76.7572910248511
test,PNEUMONIA,person137_bacteria_655.jpeg,JPEG,L,1168,712,False,1,5fe3e571bb5a,75.0,63347,0.831616,76.1733780975835
test,PNEUMONIA,person138_bacteria_657.jpeg,JPEG,L,1296,888,False,1,5fe3e571bb5a,75.0,84338,1.150848,73.28335279724168
test,PNEUMONIA,person138_bacteria_658.jpeg,JPEG,L,1200,944,False,1,5fe3e571bb5a,75.0,83191,1.1328,73.43838276836158
test,PNEUMONIA,person138_bacteria_659.jpeg,JPEG,L,1248,816,False,1,5fe3e571bb5a,75.0,85933,1.018368,84.38305209904476
test,PNEUMONIA,person139_bacteria_661.jpeg,JPEG,L,1040,856,False,1,5fe3e571bb5a,75.0,57235,0.89024,64.29165168943206
test,PNEUMONIA,person139_bacteria_662.jpeg,JPEG,L,1000,776,False,1,5fe3e571bb5a,75.0,55203,0.776,71.13788659793815
test,PNEUMONIA,person139_bacteria_663.jpeg,JPEG,L,920,920,False,1,5fe3e571bb5a,75.0,73864,0.8464,87.26843100189036
test,PNEUMONIA,person139_bacteria_664.jpeg,JPEG,L,976,664,False,1,5fe3e571bb5a,75.0,48156,0.648064,74.30747580485878
test,PNEUMONIA,person139_bacteria_665.jpeg,JPEG,L,928,736,False,1,5fe3e571bb5a,75.0,64686,0.683008,94.70752904797602
test,PNEUMONIA,person139_bacteria_666.jpeg,JPEG,L,1260,1029,False,1,5fe3e571bb5a,75.0,109134,1.29654,84.17326114119116
test,PNEUMONIA,person140_bacteria_667.jpeg,JPEG,L,992,792,False,1,5fe3e571bb5a,75.0,54167,0.785664,68.94423061257739
test,PNEUMONIA,person140_bacteria_668.jpeg,JPEG,L,1344,824,False,1,5fe3e571bb5a,75.0,91652,1.107456,82.75904415164123
test,PNEUMONIA,person141_bacteria_670.jpeg,JPEG,L,944,536,False,1,5fe3e571bb5a,75.0,32200,0.505984,63.63837591702505
test,PNEUMONIA,person141_bacteria_676.jpeg,JPEG,L,920,568,False,1,5fe3e571bb5a,75.0,35477,0.52256,67.8907685241886
test,PNEUMONIA,person141_bacteria_677.jpeg,JPEG,L,848,632,False,1,5fe3e571bb5a,75.0,38184,0.535936,71.24731311201337
test,PNEUMONIA,person141_bacteria_678.jpeg,JPEG,L,856,536,False,1,5fe3e571bb5a,75.0,31388,0.458816,68.41086622959966
test,PNEUMONIA,person141_bacteria_681.jpeg,JPEG,L,920,624,False,1,5fe3e571bb5a,75.0,38447,0.57408,66.9715022296544
test,PNEUMONIA,person142_bacteria_682.jpeg,JPEG,L,1088,776,False,1,5fe3e571bb5a,75.0,70409,0.844288,83.39452888114009
test,PNEUMONIA,person142_bacteria_683.jpeg,JPEG,L,904,576,False,1,5fe3e571bb5a,75.0,38339,0.520704,73.62916359390364
test,PNEUMONIA,person142_bacteria_684.jpeg,JPEG,L,1096,712,False,1,5fe3e571bb5a,75.0,50431,0.780352,64.62596366767816
test,PNEUMONIA,person143_bacteria_687.jpeg,JPEG,L,944,744,False,1,5fe3e571bb5a,75.0,53721,0.702336,76.48903089119737
test,PNEUMONIA,person143_bacteria_688.jpeg,JPEG,L,872,696,False,1,5fe3e571bb5a,75.0,54846,0.606912,90.36894969946219
test,PNEUMONIA,person143_bacteria_689.jpeg,JPEG,L,1190,925,False,1,5fe3e571bb5a,75.0,91033,1.10075,82.7008857597093
test,PNEUMONIA,person144_bacteria_690.jpeg,JPEG,L,1016,648,False,1,5fe3e571bb5a,75.0,48694,0.658368,73.9616749295227
test,PNEUMONIA,person145_bacteria_696.jpeg,JPEG,L,984,672,False,1,5fe3e571bb5a,75.0,42386,0.661248,64.10000483933412
test,PNEUMONIA,person146_bacteria_700.jpeg,JPEG,L,1168,776,False,1,5fe3e571bb5a,75.0,70177,0.906368,77.4266081768112
test,PNEUMONIA,person146_bacteria_703.jpeg,JPEG,L,976,616,False,1,5fe3e571bb5a,75.0,43097,0.601216,71.68305567383437
test,PNEUMONIA,person146_bacteria_704.jpeg,JPEG,L,1410,720,False,1,5fe3e571bb5a,75.0,84804,1.0152,83.53427895981086
test,PNEUMONIA,person147_bacteria_705.jpeg,JPEG,L,1008,704,False,1,5fe3e571bb5a,75.0,49863,0.709632,70.26599702380952
test,PNEUMONIA,person147_bacteria_706.jpeg,JPEG,L,1120,808,False,1,5fe3e571bb5a,75.0,65311,0.90496,72.17004066478077
test,PNEUMONIA,person147_bacteria_707.jpeg,JPEG,L,1088,856,False,1,5fe3e571bb5a,75.0,76037,0.931328,81.64363145959318
test,PNEUMONIA,person147_bacteria_711.jpeg,JPEG,L,1268,816,False,1,5fe3e571bb5a,75.0,91413,1.034688,88.34837168305808
test,PNEUMONIA,person149_bacteria_713.jpeg,JPEG,L,1224,1008,False,1,5fe3e571bb5a,75.0,86897,1.233792,70.43083437078536
test,PNEUMONIA,person14_virus_44.jpeg,JPEG,L,1568,1184,False,1,5fe3e571bb5a,75.0,124790,1.856512,67.21744863485935
test,PNEUMONIA,person150_bacteria_715.jpeg,JPEG,L,968,584,False,1,5fe3e571bb5a,75.0,40630,0.565312,71.8718159175818
test,PNEUMONIA,person150_bacteria_716.jpeg,JPEG,L,992,608,False,1,5fe3e571bb5a,75.0,44507,0.603136,73.79264378183362
test,PNEUMONIA,person150_bacteria_717.jpeg,JPEG,L,1260,816,False,1,5fe3e571bb5a,75.0,90458,1.02816,87.98046996576409
test,PNEUMONIA,person151_bacteria_718.jpeg,JPEG,L,824,424,False,1,5fe3e571bb5a,75.0,25240,0.349376,72.2430848140685
test,PNEUMONIA,person152_bacteria_720.jpeg,JPEG,L,1192,760,False,1,5fe3e571bb5a,75.0,68086,0.90592,75.15674673260332
test,PNEUMONIA,person152_bacteria_721.jpeg,JPEG,L,1232,824,False,1,5fe3e571bb5a,75.0,59933,1.015168,59.0375189131257
test,PNEUMONIA,person152_bacteria_722.jpeg,JPEG,L,1120,648,False,1,5fe3e571bb5a,75.0,47466,0.72576,65.40178571428572
test,PNEUMONIA,person152_bacteria_723.jpeg,JPEG,L,1136,752,False,1,5fe3e571bb5a,75.0,57995,0.854272,67.88821359005094
test,PNEUMONIA,person152_bacteria_724.jpeg,JPEG,L,1350,936,False,1,5fe3e571bb5a,75.0,113007,1.2636,89.43257359924027
test,PNEUMONIA,person153_bacteria_725.jpeg,JPEG,L,1464,808,False,1,5fe3e571bb5a,75.0,99718,1.182912,84.29874749770059
test,PNEUMONIA,person153_bacteria_726.jpeg,JPEG,L,1720,1095,False,1,5fe3e571bb5a,75.0,145929,1.8834,77.4816820643517
test,PNEUMONIA,person154_bacteria_728.jpeg,JPEG,L,1558,1218,False,1,5fe3e571bb5a,75.0,174431,1.897644,91.91976998846991
test,PNEUMONIA,person155_bacteria_729.jpeg,JPEG,L,1224,976,False,1,5fe3e571bb5a,75.0,87454,1.194624,73.20629754634093
test,PNEUMONIA,person155_bacteria_730.jpeg,JPEG,L,1184,1128,False,1,5fe3e571bb5a,75.0,92073,1.335552,68.94003378378378
test,PNEUMONIA,person155_bacteria_731.jpeg,JPEG,L,1312,792,False,1,5fe3e571bb5a,75.0,74642,1.039104,71.83304077358954
test,PNEUMONIA,person157_bacteria_735.jpeg,JPEG,L,1008,728,False,1,5fe3e571bb5a,75.0,57364,0.733824,78.17133263561834
test,PNEUMONIA,person157_bacteria_739.jpeg,JPEG,L,1232,792,False,1,5fe3e571bb5a,75.0,65315,0.975744,66.9386642398006
test,PNEUMONIA,person157_bacteria_740.jpeg,JPEG,L,1152,832,False,1,5fe3e571bb5a,75.0,75695,0.958464,78.9753188434829
test,PNEUMONIA,person158_bacteria_742.jpeg,JPEG,L,936,680,False,1,5fe3e571bb5a,75.0,47695,0.63648,74.93558320764203
test,PNEUMONIA,person158_bacteria_743.jpeg,JPEG,L,992,784,False,1,5fe3e571bb5a,75.0,58180,0.777728,74.8076448321264
test,PNEUMONIA,person158_bacteria_744.jpeg,JPEG,L,968,656,False,1,5fe3e571bb5a,75.0,45590,0.635008,71.7943710945374
test,PNEUMONIA,person158_bacteria_745.jpeg,JPEG,L,1406,913,False,1,5fe3e571bb5a,75.0,98615,1.283678,76.82222488817288
test,PNEUMONIA,person159_bacteria_746.jpeg,JPEG,L,1032,648,False,1,5fe3e571bb5a,75.0,44725,0.668736,66.87990477557662
test,PNEUMONIA,person159_bacteria_747.jpeg,JPEG,L,1144,704,False,1,5fe3e571bb5a,75.0,55803,0.805376,69.28813374125873
test,PNEUMONIA,person15_virus_46.jpeg,JPEG,L,1314,1145,False,1,5fe3e571bb5a,75.0,145696,1.50453,96.83821525659177
test,PNEUMONIA,person1608_virus_2786.jpeg,JPEG,L,1072,800,False,1,5fe3e571bb5a,75.0,69161,0.8576,80.64482276119404
test,PNEUMONIA,person1610_virus_2793.jpeg,JPEG,L,1120,880,False,1,5fe3e571bb5a,75.0,77315,0.9856,78.44460227272727
test,PNEUMONIA,person1612_virus_2797.jpeg,JPEG,L,832,448,False,1,5fe3e571bb5a,75.0,32626,0.372736,87.53112122252746
test,PNEUMONIA,person1612_virus_2798.jpeg,JPEG,L,1040,576,False,1,5fe3e571bb5a,75.0,41264,0.59904,68.88354700854701
test,PNEUMONIA,person1613_virus_2799.jpeg,JPEG,L,1112,600,False,1,5fe3e571bb5a,75.0,58689,0.6672,87.96312949640287
test,PNEUMONIA,person1614_virus_2800.jpeg,JPEG,L,1216,936,True,1,84d411bec87f,91.82745825602969,176761,1.138176,155.3019919590643
test,PNEUMONIA,person1615_virus_2801.jpeg,JPEG,L,1400,1048,True,1,8150a566ea61,89.18831168831169,207414,1.4672,141.3672300981461
test,PNEUMONIA,person1616_virus_2802.jpeg,JPEG,L,1288,920,True,1,84d411bec87f,91.82745825602969,124375,1.18496,104.9613489062922
test,PNEUMONIA,person1618_virus_2805.jpeg,JPEG,L,1072,640,False,1,5fe3e571bb5a,75.0,61582,0.68608,89.75921175373134
test,PNEUMONIA,person1619_virus_2806.jpeg,JPEG,L,1304,816,False,1,5fe3e571bb5a,75.0,129416,1.064064,121.62426320221341
test,PNEUMONIA,person161_bacteria_757.jpeg,JPEG,L,856,696,False,1,5fe3e571bb5a,75.0,51325,0.595776,86.14814964013321
test,PNEUMONIA,person161_bacteria_759.jpeg,JPEG,L,856,480,False,1,5fe3e571bb5a,75.0,38042,0.41088,92.58664330218069
test,PNEUMONIA,person161_bacteria_762.jpeg,JPEG,L,1164,801,False,1,5fe3e571bb5a,75.0,70327,0.932364,75.42869523061809
test,PNEUMONIA,person1620_virus_2807.jpeg,JPEG,L,1112,736,False,1,5fe3e571bb5a,75.0,101136,0.818432,123.57288082577415
test,PNEUMONIA,person1622_virus_2810.jpeg,JPEG,L,1184,648,False,1,5fe3e571bb5a,75.0,48340,0.767232,63.005714047380714
test,PNEUMONIA,person1623_virus_2813.jpeg,JPEG,L,1344,1152,True,1,8150a566ea61,89.18831168831169,151338,1.548288,97.74538070436508
test,PNEUMONIA,person1625_virus_2817.jpeg,JPEG,L,1112,704,False,1,5fe3e571bb5a,75.0,63218,0.782848,80.75386281883584
test,PNEUMONIA,person1626_virus_2818.jpeg,JPEG,L,1344,968,True,1,8150a566ea61,89.18831168831169,144016,1.300992,110.69706808343172
test,PNEUMONIA,person1627_virus_2819.jpeg,JPEG,L,1000,448,False,1,5fe3e571bb5a,75.0,36994,0.448,82.57589285714286
test,PNEUMONIA,person1628_virus_2821.jpeg,JPEG,L,1024,608,False,1,5fe3e571bb5a,75.0,54996,0.622592,88.33393297697368
test,PNEUMONIA,person1628_virus_2822.jpeg,JPEG,L,1096,472,False,1,5fe3e571bb5a,75.0,45972,0.517312,88.8670666831622
test,PNEUMONIA,person1629_virus_2823.jpeg,JPEG,L,1072,616,False,1,5fe3e571bb5a,75.0,51507,0.660352,77.9993094591975
test,PNEUMONIA,person1631_virus_2826.jpeg,JPEG,L,1120,784,False,1,5fe3e571bb5a,75.0,65618,0.87808,74.72895408163265
test,PNEUMONIA,person1632_virus_2827.jpeg,JPEG,L,1592,1000,False,1,5fe3e571bb5a,75.0,115171,1.592,72.34359296482413
test,PNEUMONIA,person1633_virus_2829.jpeg,JPEG,L,1120,528,False,1,5fe3e571bb5a,75.0,48130,0.59136,81.38866341991343
test,PNEUMONIA,person1634_virus_2830.jpeg,JPEG,L,1336,1024,True,1,8150a566ea61,89.18831168831169,141502,1.368064,103.43229556511977
test,PNEUMONIA,person1635_virus_2831.jpeg,JPEG,L,1056,840,True,1,84d411bec87f,91.82745825602969,107540,0.88704,121.2346681096681
test,PNEUMONIA,person1637_virus_2834.jpeg,JPEG,L,1080,672,False,1,5fe3e571bb5a,75.0,60742,0.72576,83.69433421516754
test,PNEUMONIA,person1640_virus_2839.jpeg,JPEG,L,1248,768,False,1,5fe3e571bb5a,75.0,80069,0.958464,83.53887052617522
test,PNEUMONIA,person1641_virus_2840.jpeg,JPEG,L,1088,712,False,1,5fe3e571bb5a,75.0,64575,0.774656,83.35958154329148
test,PNEUMONIA,person1642_virus_2842.jpeg,JPEG,L,1312,1000,True,1,8150a566ea61,89.18831168831169,126265,1.312,96.23856707317073
test,PNEUMONIA,person1643_virus_2843.jpeg,JPEG,L,1432,1288,True,1,8150a566ea61,89.18831168831169,170521,1.844416,92.45257035289218
test,PNEUMONIA,person1644_virus_2844.jpeg,JPEG,L,1400,1048,True,1,8150a566ea61,89.18831168831169,150107,1.4672,102.30847873500545
test,PNEUMONIA,person1645_virus_2845.jpeg,JPEG,L,1144,680,False,1,5fe3e571bb5a,75.0,58783,0.77792,75.56432538050186
test,PNEUMONIA,person1647_virus_2848.jpeg,JPEG,L,1168,768,False,1,5fe3e571bb5a,75.0,64062,0.897024,71.41614940068493
test,PNEUMONIA,person1649_virus_2850.jpeg,JPEG,L,1360,920,True,1,8150a566ea61,89.18831168831169,101343,1.2512,80.99664322250639
test,PNEUMONIA,person1650_virus_2852.jpeg,JPEG,L,1120,784,False,1,5fe3e571bb5a,75.0,78229,0.87808,89.09097120991254
test,PNEUMONIA,person1650_virus_2854.jpeg,JPEG,L,1120,680,False,1,5fe3e571bb5a,75.0,71250,0.7616,93.55304621848738
test,PNEUMONIA,person1651_virus_2855.jpeg,JPEG,L,888,464,False,1,5fe3e571bb5a,75.0,37909,0.412032,92.0049899036968
test,PNEUMONIA,person1653_virus_2858.jpeg,JPEG,L,1008,592,False,1,5fe3e571bb5a,75.0,46675,0.596736,78.21716806091806
test,PNEUMONIA,person1653_virus_2859.jpeg,JPEG,L,1096,760,False,1,5fe3e571bb5a,75.0,60451,0.83296,72.5737130234345
test,PNEUMONIA,person1655_virus_2861.jpeg,JPEG,L,1544,1264,True,1,8150a566ea61,89.18831168831169,171775,1.951616,88.0168024857349
test,PNEUMONIA,person1656_virus_2862.jpeg,JPEG,L,1160,960,True,1,84d411bec87f,91.82745825602969,119938,1.1136,107.70294540229887
test,PNEUMONIA,person1657_virus_2864.jpeg,JPEG,L,1624,1288,True,1,8150a566ea61,89.18831168831169,181471,2.091712,86.75716351008171
test,PNEUMONIA,person1659_virus_2867.jpeg,JPEG,L,1264,744,False,1,5fe3e571bb5a,75.0,65313,0.940416,69.45117905267456
test,PNEUMONIA,person1660_virus_2869.jpeg,JPEG,L,1024,568,False,1,5fe3e571bb5a,75.0,48842,0.581632,83.97405919894365
test,PNEUMONIA,person1661_virus_2872.jpeg,JPEG,L,1600,992,False,1,5fe3e571bb5a,75.0,161415,1.5872,101.69795866935483
test,PNEUMONIA,person1661_virus_2873.jpeg,JPEG,L,1600,992,False,1,5fe3e571bb5a,75.0,161415,1.5872,101.69795866935483
test,PNEUMONIA,person1662_virus_2875.jpeg,JPEG,L,1160,672,False,1,5fe3e571bb5a,75.0,63808,0.77952,81.85550082101807
test,PNEUMONIA,person1663_virus_2876.jpeg,JPEG,L,944,528,False,1,5fe3e571bb5a,75.0,49843,0.498432,99.99959874165384
test,PNEUMONIA,person1664_virus_2877.jpeg,JPEG,L,1280,984,True,1,84d411bec87f,91.82745825602969,126409,1.25952,100.36283663617887
test,PNEUMONIA,person1665_virus_2878.jpeg,JPEG,L,1432,1024,True,1,8150a566ea61,89.18831168831169,152009,1.466368,103.66360968051676
test,PNEUMONIA,person1667_virus_2881.jpeg,JPEG,L,952,664,False,1,5fe3e571bb5a,75.0,57852,0.632128,91.51943910094157
test,PNEUMONIA,person1668_virus_2882.jpeg,JPEG,L,1168,728,False,1,5fe3e571bb5a,75.0,63941,0.850304,75.19781160620202
test,PNEUMONIA,person1669_virus_2884.jpeg,JPEG,L,1288,736,False,1,5fe3e571bb5a,75.0,73866,0.947968,77.92035174183094
test,PNEUMONIA,person1669_virus_2885.jpeg,JPEG,L,1248,728,False,1,5fe3e571bb5a,75.0,73033,0.908544,80.38465941110172
test,PNEUMONIA,person1670_virus_2886.jpeg,JPEG,L,1120,552,False,1,5fe3e571bb5a,75.0,55391,0.61824,89.59465579710144
test,PNEUMONIA,person1671_virus_2887.jpeg,JPEG,L,1512,888,False,1,5fe3e571bb5a,75.0,103418,1.342656,77.02494160827494
test,PNEUMONIA,person1672_virus_2888.jpeg,JPEG,L,1456,1080,True,1,8150a566ea61,89.18831168831169,161596,1.57248,102.76505901505901
test,PNEUMONIA,person1673_virus_2889.jpeg,JPEG,L,1168,840,True,1,84d411bec87f,91.82745825602969,115055,0.98112,117.26903946510112
test,PNEUMONIA,person1674_virus_2890.jpeg,JPEG,L,1960,1416,False,1,5fe3e571bb5a,75.0,179836,2.77536,64.79735962181483
test,PNEUMONIA,person1675_virus_2891.jpeg,JPEG,L,952,520,False,1,5fe3e571bb5a,75.0,37645,0.49504,76.044360051713
test,PNEUMONIA,person1676_virus_2892.jpeg,JPEG,L,1624,1104,True,1,8150a566ea61,89.18831168831169,179115,1.792896,99.90261565645748
test,PNEUMONIA,person1678_virus_2895.jpeg,JPEG,L,1408,840,True,1,8150a566ea61,89.18831168831169,118628,1.18272,100.30100108225108
test,PNEUMONIA,person1679_virus_2896.jpeg,JPEG,L,1248,840,True,1,84d411bec87f,91.82745825602969,116159,1.04832,110.80490689865691
test,PNEUMONIA,person1680_virus_2897.jpeg,JPEG,L,1624,968,True,1,8150a566ea61,89.18831168831169,142811,1.572032,90.8448428530717
test,PNEUMONIA,person1682_virus_2899.jpeg,JPEG,L,1712,1392,False,1,5fe3e571bb5a,75.0,188931,2.383104,79.27937681276185
test,PNEUMONIA,person1685_virus_2903.jpeg,JPEG,L,792,560,False,1,5fe3e571bb5a,75.0,28813,0.44352,64.9643759018759
test,PNEUMONIA,person16_virus_47.jpeg,JPEG,L,1582,1333,False,1,5fe3e571bb5a,75.0,262329,2.108806,124.39693362025716
test,PNEUMONIA,person171_bacteria_826.jpeg,JPEG,L,1088,672,False,1,5fe3e571bb5a,75.0,45807,0.731136,62.65181853991597
test,PNEUMONIA,person172_bacteria_827.jpeg,JPEG,L,1088,752,False,1,5fe3e571bb5a,75.0,72260,0.818176,88.31840581977472
test,PNEUMONIA,person172_bacteria_828.jpeg,JPEG,L,1458,990,False,1,5fe3e571bb5a,75.0,110035,1.44342,76.2321431045711
test,PNEUMONIA,person173_bacteria_829.jpeg,JPEG,L,1192,992,False,1,5fe3e571bb5a,75.0,88778,1.182464,75.0788184672007
test,PNEUMONIA,person173_bacteria_830.jpeg,JPEG,L,1208,792,False,1,5fe3e571bb5a,75.0,74440,0.956736,77.80620777309518
test,PNEUMONIA,person173_bacteria_831.jpeg,JPEG,L,1368,1002,False,1,5fe3e571bb5a,75.0,110494,1.370736,80.60924933758214
test,PNEUMONIA,person174_bacteria_832.jpeg,JPEG,L,1365,1118,False,1,5fe3e571bb5a,75.0,177825,1.52607,116.52479899349308
test,PNEUMONIA,person175_bacteria_833.jpeg,JPEG,L,1096,880,False,1,5fe3e571bb5a,75.0,74941,0.96448,77.70093729263438
test,PNEUMONIA,person175_bacteria_834.jpeg,JPEG,L,1184,960,False,1,5fe3e571bb5a,75.0,94656,1.13664,83.27702702702703
test,PNEUMONIA,person175_bacteria_835.jpeg,JPEG,L,1208,640,False,1,5fe3e571bb5a,75.0,84646,0.77312,109.48623758278146
test,PNEUMONIA,person17_virus_48.jpeg,JPEG,L,1224,856,False,1,5fe3e571bb5a,75.0,81460,1.047744,77.747999511331
test,PNEUMONIA,person18_virus_49.jpeg,JPEG,L,1198,654,False,1,5fe3e571bb5a,75.0,76792,0.783492,98.01248768334585
test,PNEUMONIA,person19_virus_50.jpeg,JPEG,L,1462,1010,False,1,5fe3e571bb5a,75.0,120494,1.47662,81.60122441792743
test,PNEUMONIA,person1_virus_11.jpeg,JPEG,L,872,560,False,1,5fe3e571bb5a,75.0,32495,0.48832,66.54447903014416
test,PNEUMONIA,person1_virus_12.jpeg,JPEG,L,1080,624,False,1,5fe3e571bb5a,75.0,45909,0.67392,68.12232905982906
test,PNEUMONIA,person1_virus_13.jpeg,JPEG,L,1136,654,False,1,5fe3e571bb5a,75.0,68287,0.742944,91.91406081750442
test,PNEUMONIA,person1_virus_6.jpeg,JPEG,L,944,640,False,1,5fe3e571bb5a,75.0,41193,0.60416,68.18226959745762
test,PNEUMONIA,person1_virus_7.jpeg,JPEG,L,1000,544,False,1,5fe3e571bb5a,75.0,36142,0.544,66.4375
test,PNEUMONIA,person1_virus_8.jpeg,JPEG,L,960,544,False,1,5fe3e571bb5a,75.0,45566,0.52224,87.25107230392156
test,PNEUMONIA,person1_virus_9.jpeg,JPEG,L,856,552,False,1,5fe3e571bb5a,75.0,39175,0.472512,82.90794731139103
test,PNEUMONIA,person20_virus_51.jpeg,JPEG,L,1320,1208,False,1,5fe3e571bb5a,75.0,130320,1.59456,81.72787477423239
test,PNEUMONIA,person21_virus_52.jpeg,JPEG,L,1952,1296,True,1,8150a566ea61,89.18831168831169,230498,2.529792,91.11341960129528
test,PNEUMONIA,person21_virus_53.jpeg,JPEG,L,2000,1456,True,1,8150a566ea61,89.18831168831169,246082,2.912,84.50618131868131
test,PNEUMONIA,person22_virus_54.jpeg,JPEG,L,1216,584,False,1,5fe3e571bb5a,75.0,56048,0.710144,78.92483777937996
test,PNEUMONIA,person22_virus_55.jpeg,JPEG,L,1096,712,False,1,5fe3e571bb5a,75.0,63275,0.780352,81.08520257524809
test,PNEUMONIA,person23_virus_56.jpeg,JPEG,L,1520,872,False,1,5fe3e571bb5a,75.0,102091,1.32544,77.02423346209561
test,PNEUMONIA,person24_virus_58.jpeg,JPEG,L,1352,792,False,1,5fe3e571bb5a,75.0,102742,1.070784,95.95025700794932
test,PNEUMONIA,person25_virus_59.jpeg,JPEG,L,960,616,False,1,5fe3e571bb5a,75.0,44926,0.59136,75.97064393939394
test,PNEUMONIA,person26_virus_60.jpeg,JPEG,L,1152,720,False,1,5fe3e571bb5a,75.0,66772,0.82944,80.5025077160494
test,PNEUMONIA,person28_virus_62.jpeg,JPEG,L,1216,872,False,1,5fe3e571bb5a,75.0,99858,1.060352,94.17438737324964
test,PNEUMONIA,person28_virus_63.jpeg,JPEG,L,1232,864,False,1,5fe3e571bb5a,75.0,89739,1.064448,84.30566829004329
test,PNEUMONIA,person29_virus_64.jpeg,JPEG,L,1024,600,False,1,5fe3e571bb5a,75.0,50531,0.6144,82.24446614583334
test,PNEUMONIA,person30_virus_69.jpeg,JPEG,L,1576,1216,False,1,5fe3e571bb5a,75.0,171646,1.916416,89.56614847715736
test,PNEUMONIA,person31_virus_70.jpeg,JPEG,L,896,544,False,1,5fe3e571bb5a,75.0,43593,0.487424,89.4354812237395
test,PNEUMONIA,person32_virus_71.jpeg,JPEG,L,1288,952,True,1,84d411bec87f,91.82745825602969,117926,1.226176,96.1737956051986
test,PNEUMONIA,person33_virus_72.jpeg,JPEG,L,1024,552,False,1,5fe3e571bb5a,75.0,47796,0.565248,84.55757472826087
test,PNEUMONIA,person34_virus_76.jpeg,JPEG,L,1648,1400,False,1,5fe3e571bb5a,75.0,191393,2.3072,82.95466366158114
test,PNEUMONIA,person35_virus_80.jpeg,JPEG,L,1552,1016,False,1,5fe3e571bb5a,75.0,129272,1.576832,81.98210081987173
test,PNEUMONIA,person36_virus_81.jpeg,JPEG,L,1264,824,True,1,84d411bec87f,91.82745825602969,101154,1.041536,97.12002273565196
test,PNEUMONIA,person37_virus_82.jpeg,JPEG,L,1080,752,False,1,5fe3e571bb5a,75.0,74926,0.81216,92.2552206461781
test,PNEUMONIA,person38_virus_83.jpeg,JPEG,L,1400,1136,False,1,5fe3e571bb5a,75.0,118773,1.5904,74.68121227364185
test,PNEUMONIA,person38_virus_84.jpeg,JPEG,L,1488,976,False,1,5fe3e571bb5a,75.0,111268,1.452288,76.61565750044068
test,PNEUMONIA,person39_virus_85.jpeg,JPEG,L,1120,696,False,1,5fe3e571bb5a,75.0,75744,0.77952,97.16748768472907
test,PNEUMONIA,person3_virus_15.jpeg,JPEG,L,1304,968,False,1,5fe3e571bb5a,75.0,89254,1.262272,70.7090072504183
test,PNEUMONIA,person3_virus_16.jpeg,JPEG,L,1256,848,False,1,5fe3e571bb5a,75.0,80991,1.065088,76.04160407402956
test,PNEUMONIA,person3_virus_17.jpeg,JPEG,L,1344,1120,False,1,5fe3e571bb5a,75.0,93728,1.50528,62.26615646258503
test,PNEUMONIA,person40_virus_87.jpeg,JPEG,L,1040,768,False,1,5fe3e571bb5a,75.0,63199,0.79872,79.12535056089743
test,PNEUMONIA,person41_virus_88.jpeg,JPEG,L,1328,984,True,1,8150a566ea61,89.18831168831169,135889,1.306752,103.98989249681655
test,PNEUMONIA,person42_virus_89.jpeg,JPEG,L,1016,616,False,1,5fe3e571bb5a,75.0,55355,0.625856,88.44686317619389
test,PNEUMONIA,person43_virus_92.jpeg,JPEG,L,1192,752,False,1,5fe3e571bb5a,75.0,72862,0.896384,81.28436027416821
test,PNEUMONIA,person44_virus_93.jpeg,JPEG,L,1192,920,True,1,84d411bec87f,91.82745825602969,121791,1.09664,111.05832360665305
test,PNEUMONIA,person44_virus_94.jpeg,JPEG,L,1392,1008,True,1,8150a566ea61,89.18831168831169,137063,1.403136,97.68333219303047
test,PNEUMONIA,person45_virus_95.jpeg,JPEG,L,1376,912,True,1,8150a566ea61,89.18831168831169,121069,1.254912,96.47608756629947
test,PNEUMONIA,person46_virus_96.jpeg,JPEG,L,1192,872,False,1,5fe3e571bb5a,75.0,99292,1.039424,95.52598362169819
test,PNEUMONIA,person47_virus_99.jpeg,JPEG,L,1344,864,True,1,8150a566ea61,89.18831168831169,120508,1.161216,103.77741953262786
test,PNEUMONIA,person48_virus_100.jpeg,JPEG,L,1352,1064,True,1,8150a566ea61,89.18831168831169,147504,1.438528,102.5381501090003
test,PNEUMONIA,person49_virus_101.jpeg,JPEG,L,1336,1032,False,1,5fe3e571bb5a,75.0,116515,1.378752,84.50758366986956
test,PNEUMONIA,person50_virus_102.jpeg,JPEG,L,1280,760,False,1,5fe3e571bb5a,75.0,87815,0.9728,90.27035361842105
test,PNEUMONIA,person51_virus_105.jpeg,JPEG,L,1160,696,False,1,5fe3e571bb5a,75.0,68218,0.80736,84.49514466904479
test,PNEUMONIA,person52_virus_106.jpeg,JPEG,L,1048,688,False,1,5fe3e571bb5a,75.0,56909,0.721024,78.92802458725369
test,PNEUMONIA,person53_virus_107.jpeg,JPEG,L,1168,712,False,1,5fe3e571bb5a,75.0,63110,0.831616,75.88839079575189
test,PNEUMONIA,person53_virus_108.jpeg,JPEG,L,1152,728,False,1,5fe3e571bb5a,75.0,75652,0.838656,90.20623473748475
test,PNEUMONIA,person54_virus_109.jpeg,JPEG,L,1184,816,False,1,5fe3e571bb5a,75.0,78068,0.966144,80.80368971913089
test,PNEUMONIA,person55_virus_110.jpeg,JPEG,L,1464,744,False,1,5fe3e571bb5a,75.0,99955,1.089216,91.76784035489747
test,PNEUMONIA,person56_virus_112.jpeg,JPEG,L,1088,576,False,1,5fe3e571bb5a,75.0,50811,0.626688,81.07862285539215
test,PNEUMONIA,person57_virus_113.jpeg,JPEG,L,1192,856,True,1,84d411bec87f,91.82745825602969,118501,1.020352,116.13737220096596
test,PNEUMONIA,person59_virus_116.jpeg,JPEG,L,1072,616,False,1,5fe3e571bb5a,75.0,53215,0.660352,80.58580878077147
test,PNEUMONIA,person60_virus_117.jpeg,JPEG,L,1072,880,True,1,84d411bec87f,91.82745825602969,115830,0.94336,122.78451492537313
test,PNEUMONIA,person61_virus_118.jpeg,JPEG,L,1088,696,False,1,5fe3e571bb5a,75.0,63413,0.757248,83.74138987491547
test,PNEUMONIA,person62_virus_119.jpeg,JPEG,L,1544,872,False,1,5fe3e571bb5a,75.0,122215,1.346368,90.77384489233256
test,PNEUMONIA,person63_virus_121.jpeg,JPEG,L,1504,1032,True,1,8150a566ea61,89.18831168831169,156654,1.552128,100.92853166749134
test,PNEUMONIA,person64_virus_122.jpeg,JPEG,L,1112,592,False,1,5fe3e571bb5a,75.0,52196,0.658304,79.28859615010694
test,PNEUMONIA,person65_virus_123.jpeg,JPEG,L,1320,768,False,1,5fe3e571bb5a,75.0,71737,1.01376,70.76329703282828
test,PNEUMONIA,person66_virus_125.jpeg,JPEG,L,1432,976,False,1,5fe3e571bb5a,75.0,125293,1.397632,89.64663087279055
test,PNEUMONIA,person67_virus_126.jpeg,JPEG,L,1296,880,True,1,84d411bec87f,91.82745825602969,129544,1.14048,113.58726150392819
test,PNEUMONIA,person69_virus_129.jpeg,JPEG,L,1048,440,False,1,5fe3e571bb5a,75.0,32927,0.46112,71.40657529493407
test,PNEUMONIA,person70_virus_130.jpeg,JPEG,L,1160,624,False,1,5fe3e571bb5a,75.0,60375,0.72384,83.40931697612731
test,PNEUMONIA,person71_virus_131.jpeg,JPEG,L,1232,888,True,1,84d411bec87f,91.82745825602969,115281,1.094016,105.37414443664443
test,PNEUMONIA,person71_virus_132.jpeg,JPEG,L,1368,904,True,1,8150a566ea61,89.18831168831169,117286,1.236672,94.8400222532733
test,PNEUMONIA,person72_virus_133.jpeg,JPEG,L,1528,968,False,1,5fe3e571bb5a,75.0,132856,1.479104,89.82194625935702
test,PNEUMONIA,person74_virus_135.jpeg,JPEG,L,840,560,False,1,5fe3e571bb5a,75.0,42080,0.4704,89.45578231292517
test,PNEUMONIA,person75_virus_136.jpeg,JPEG,L,960,576,False,1,5fe3e571bb5a,75.0,55188,0.55296,99.8046875
test,PNEUMONIA,person76_virus_138.jpeg,JPEG,L,1224,744,False,1,5fe3e571bb5a,75.0,66308,0.910656,72.81344437416544
test,PNEUMONIA,person77_virus_139.jpeg,JPEG,L,1240,784,False,1,5fe3e571bb5a,75.0,75135,0.97216,77.28666063199474
test,PNEUMONIA,person78_bacteria_378.jpeg,JPEG,L,728,368,False,1,5fe3e571bb5a,75.0,19666,0.267904,73.40689202102246
test,PNEUMONIA,person78_bacteria_380.jpeg,JPEG,L,864,464,False,1,5fe3e571bb5a,75.0,26834,0.400896,66.93506545338442
test,PNEUMONIA,person78_bacteria_381.jpeg,JPEG,L,824,536,False,1,5fe3e571bb5a,75.0,33076,0.441664,74.88950876684538
test,PNEUMONIA,person78_bacteria_382.jpeg,JPEG,L,1016,544,False,1,5fe3e571bb5a,75.0,43526,0.552704,78.75101320055582
test,PNEUMONIA,person78_bacteria_384.jpeg,JPEG,L,744,424,False,1,5fe3e571bb5a,75.0,22147,0.315456,70.20630452424426
test,PNEUMONIA,person78_bacteria_385.jpeg,JPEG,L,936,568,False,1,5fe3e571bb5a,75.0,50204,0.531648,94.4309016492115
test,PNEUMONIA,person78_bacteria_386.jpeg,JPEG,L,744,416,False,1,5fe3e571bb5a,75.0,24892,0.309504,80.42545492142266
test,PNEUMONIA,person78_bacteria_387.jpeg,JPEG,L,1022,643,False,1,5fe3e571bb5a,75.0,52311,0.657146,79.60331494066767
test,PNEUMONIA,person78_virus_140.jpeg,JPEG,L,1592,1144,False,1,5fe3e571bb5a,75.0,146404,1.821248,80.38663597708823
test,PNEUMONIA,person79_virus_148.jpeg,JPEG,L,1632,1312,False,1,5fe3e571bb5a,75.0,202767,2.141184,94.6985406205165
test,PNEUMONIA,person80_bacteria_389.jpeg,JPEG,L,1144,824,False,1,5fe3e571bb5a,75.0,56725,0.942656,60.17571627401724
test,PNEUMONIA,person80_bacteria_390.jpeg,JPEG,L,1104,640,False,1,5fe3e571bb5a,75.0,70623,0.70656,99.95329483695653
test,PNEUMONIA,person80_bacteria_391.jpeg,JPEG,L,1032,744,False,1,5fe3e571bb5a,75.0,66520,0.767808,86.63624239393181
test,PNEUMONIA,person80_bacteria_392.jpeg,JPEG,L,1152,832,False,1,5fe3e571bb5a,75.0,89074,0.958464,92.93411124465813
test,PNEUMONIA,person80_bacteria_393.jpeg,JPEG,L,1310,844,False,1,5fe3e571bb5a,75.0,97653,1.10564,88.3226004847871
test,PNEUMONIA,person81_bacteria_395.jpeg,JPEG,L,912,584,False,1,5fe3e571bb5a,75.0,36164,0.532608,67.89984378755108
test,PNEUMONIA,person81_bacteria_396.jpeg,JPEG,L,1048,480,False,1,5fe3e571bb5a,75.0,38766,0.50304,77.06345419847327
test,PNEUMONIA,person81_bacteria_397.jpeg,JPEG,L,888,344,False,1,5fe3e571bb5a,75.0,23063,0.305472,75.49955478734547
test,PNEUMONIA,person81_bacteria_398.jpeg,JPEG,L,848,600,False,1,5fe3e571bb5a,75.0,33719,0.5088,66.27161949685535
test,PNEUMONIA,person82_bacteria_402.jpeg,JPEG,L,928,536,False,1,5fe3e571bb5a,75.0,37323,0.497408,75.03498134328358
test,PNEUMONIA,person82_bacteria_403.jpeg,JPEG,L,936,496,False,1,5fe3e571bb5a,75.0,39250,0.464256,84.5438723462917
test,PNEUMONIA,person82_bacteria_404.jpeg,JPEG,L,840,464,False,1,5fe3e571bb5a,75.0,39082,0.38976,100.27196223316913
test,PNEUMONIA,person82_bacteria_405.jpeg,JPEG,L,952,568,False,1,5fe3e571bb5a,75.0,44470,0.540736,82.2397621020239
test,PNEUMONIA,person83_bacteria_407.jpeg,JPEG,L,1148,897,False,1,5fe3e571bb5a,75.0,89698,1.029756,87.10607172961362
test,PNEUMONIA,person83_bacteria_409.jpeg,JPEG,L,968,712,False,1,5fe3e571bb5a,75.0,49721,0.689216,72.14138963692078
test,PNEUMONIA,person83_bacteria_410.jpeg,JPEG,L,912,648,False,1,5fe3e571bb5a,75.0,40345,0.590976,68.26842376001733
test,PNEUMONIA,person83_bacteria_411.jpeg,JPEG,L,1016,832,False,1,5fe3e571bb5a,75.0,65173,0.845312,77.09934320109025
test,PNEUMONIA,person83_bacteria_412.jpeg,JPEG,L,864,560,False,1,5fe3e571bb5a,75.0,32544,0.48384,67.26190476190476
test,PNEUMONIA,person83_bacteria_414.jpeg,JPEG,L,1010,717,False,1,5fe3e571bb5a,75.0,74328,0.72417,102.63888313517545
test,PNEUMONIA,person85_bacteria_417.jpeg,JPEG,L,1048,568,False,1,5fe3e571bb5a,75.0,43627,0.595264,73.29017041178368
test,PNEUMONIA,person85_bacteria_419.jpeg,JPEG,L,952,672,False,1,5fe3e571bb5a,75.0,52235,0.639744,81.6498474389756
test,PNEUMONIA,person85_bacteria_421.jpeg,JPEG,L,952,632,False,1,5fe3e571bb5a,75.0,40828,0.601664,67.85847250292522
test,PNEUMONIA,person85_bacteria_422.jpeg,JPEG,L,904,480,False,1,5fe3e571bb5a,75.0,38211,0.43392,88.06001106194691
test,PNEUMONIA,person85_bacteria_423.jpeg,JPEG,L,872,504,False,1,5fe3e571bb5a,75.0,34379,0.439488,78.22511649919906
test,PNEUMONIA,person85_bacteria_424.jpeg,JPEG,L,1032,632,False,1,5fe3e571bb5a,75.0,41561,0.652224,63.72197281915415
test,PNEUMONIA,person86_bacteria_428.jpeg,JPEG,L,832,552,False,1,5fe3e571bb5a,75.0,35555,0.459264,77.41734601449275
test,PNEUMONIA,person86_bacteria_429.jpeg,JPEG,L,784,552,False,1,5fe3e571bb5a,75.0,29736,0.432768,68.7111801242236
test,PNEUMONIA,person87_bacteria_433.jpeg,JPEG,L,1064,808,False,1,5fe3e571bb5a,75.0,59990,0.859712,69.77918186555497
test,PNEUMONIA,person87_bacteria_434.jpeg,JPEG,L,1032,760,False,1,5fe3e571bb5a,75.0,59622,0.78432,76.01744186046511
test,PNEUMONIA,person88_bacteria_437.jpeg,JPEG,L,1144,848,False,1,5fe3e571bb5a,75.0,73151,0.970112,75.40469554030875
test,PNEUMONIA,person88_bacteria_438.jpeg,JPEG,L,1144,760,False,1,5fe3e571bb5a,75.0,60947,0.86944,70.09914427677586
test,PNEUMONIA,person88_bacteria_439.jpeg,JPEG,L,1512,991,False,1,5fe3e571bb5a,75.0,115394,1.498392,77.01189007949856
test,PNEUMONIA,person89_bacteria_440.jpeg,JPEG,L,1280,1000,False,1,5fe3e571bb5a,75.0,100077,1.28,78.18515624999999
test,PNEUMONIA,person8_virus_27.jpeg,JPEG,L,1008,696,False,1,5fe3e571bb5a,75.0,50488,0.701568,71.9645137748586
test,PNEUMONIA,person8_virus_28.jpeg,JPEG,L,992,688,False,1,5fe3e571bb5a,75.0,47339,0.682496,69.36157867591898
test,PNEUMONIA,person90_bacteria_442.jpeg,JPEG,L,1232,888,False,1,5fe3e571bb5a,75.0,68156,1.094016,62.29890604890605
test,PNEUMONIA,person90_bacteria_443.jpeg,JPEG,L,904,664,False,1,5fe3e571bb5a,75.0,64884,0.600256,108.09387994455699
test,PNEUMONIA,person91_bacteria_445.jpeg,JPEG,L,1110,870,False,1,5fe3e571bb5a,75.0,79839,0.9657,82.67474370922646
test,PNEUMONIA,person91_bacteria_446.jpeg,JPEG,L,864,664,False,1,5fe3e571bb5a,75.0,40987,0.573696,71.44376115573405
test,PNEUMONIA,person91_bacteria_447.jpeg,JPEG,L,936,656,False,1,5fe3e571bb5a,75.0,53704,0.614016,87.4635188659579
test,PNEUMONIA,person91_bacteria_448.jpeg,JPEG,L,1128,817,False,1,5fe3e571bb5a,75.0,75921,0.921576,82.38170264850649
test,PNEUMONIA,person91_bacteria_449.jpeg,JPEG,L,1006,740,False,1,5fe3e571bb5a,75.0,68341,0.74444,91.80189135457525
test,PNEUMONIA,person92_bacteria_450.jpeg,JPEG,L,1072,560,False,1,5fe3e571bb5a,75.0,52064,0.60032,86.727078891258
test,PNEUMONIA,person92_bacteria_451.jpeg,JPEG,L,1040,568,False,1,5fe3e571bb5a,75.0,42612,0.59072,72.13569880823403
test,PNEUMONIA,person93_bacteria_453.jpeg,JPEG,L,952,656,False,1,5fe3e571bb5a,75.0,47288,0.624512,75.71992211518754
test,PNEUMONIA,person93_bacteria_454.jpeg,JPEG,L,1056,592,False,1,5fe3e571bb5a,75.0,46057,0.625152,73.67328265765765
test,PNEUMONIA,person94_bacteria_456.jpeg,JPEG,L,1008,704,False,1,5fe3e571bb5a,75.0,59300,0.709632,83.56443903318902
test,PNEUMONIA,person94_bacteria_457.jpeg,JPEG,L,1016,688,False,1,5fe3e571bb5a,75.0,56231,0.699008,80.44400064090827
test,PNEUMONIA,person94_bacteria_458.jpeg,JPEG,L,952,560,False,1,5fe3e571bb5a,75.0,39852,0.53312,74.75240096038414
test,PNEUMONIA,person95_bacteria_463.jpeg,JPEG,L,1000,704,False,1,5fe3e571bb5a,75.0,53641,0.704,76.19460227272728
test,PNEUMONIA,person96_bacteria_464.jpeg,JPEG,L,936,800,False,1,5fe3e571bb5a,75.0,55416,0.7488,74.00641025641025
test,PNEUMONIA,person96_bacteria_465.jpeg,JPEG,L,1120,856,False,1,5fe3e571bb5a,75.0,70188,0.95872,73.2101134846462
test,PNEUMONIA,person96_bacteria_466.jpeg,JPEG,L,1064,856,False,1,5fe3e571bb5a,75.0,59726,0.910784,65.57647038156138
test,PNEUMONIA,person97_bacteria_468.jpeg,JPEG,L,1400,1024,False,1,5fe3e571bb5a,75.0,81458,1.4336,56.82059151785714
test,PNEUMONIA,person99_bacteria_473.jpeg,JPEG,L,1264,1016,False,1,5fe3e571bb5a,75.0,95292,1.284224,74.20200837237117
test,PNEUMONIA,person99_bacteria_474.jpeg,JPEG,L,1704,1122,False,1,5fe3e571bb5a,75.0,168372,1.911888,88.06582812382315
