group_id,label,p_resnet,p_densenet,rank_resnet,rank_densenet,hardness,hard_normal
normal:normal2:1356,0,0.7944586873054504,0.9952515363693236,0.9948770491803278,0.9989754098360656,0.9969262295081966,True
normal:normal2:855,0,0.8357330560684204,0.8762806057929993,0.9959016393442623,0.9969262295081968,0.9964139344262295,True
normal:normal2:723,0,0.7747952342033386,0.8844314813613892,0.9938524590163934,0.9979508196721312,0.9959016393442623,True
normal:normal2:765,0,0.8806599974632263,0.4427261352539062,0.9979508196721312,0.9877049180327869,0.992827868852459,True
normal:normal2:736,0,0.4855540096759796,0.699634850025177,0.9897540983606558,0.9938524590163934,0.9918032786885246,True
normal:normal2:941,0,0.857049822807312,0.4311482906341553,0.9969262295081968,0.985655737704918,0.9912909836065573,True
normal:normal2:1048,0,0.3439053297042846,0.8193642497062683,0.9805327868852459,0.9959016393442623,0.9882172131147542,True
normal:normal2:425,0,0.352530688047409,0.6351497173309326,0.9825819672131147,0.992827868852459,0.9877049180327868,True
normal:normal2:665,0,0.3752049207687378,0.3925894200801849,0.9846311475409836,0.9836065573770492,0.9841188524590163,True
normal:normal2:1086,0,0.2271854281425476,0.4976942539215088,0.9743852459016393,0.9887295081967213,0.9815573770491803,True
normal:normal2:1400,0,0.9707531332969666,0.1361775398254394,0.9989754098360656,0.9631147540983607,0.9810450819672132,True
normal:im:580,0,0.2588324248790741,0.3281707167625427,0.9774590163934426,0.9825819672131147,0.9800204918032787,True
normal:normal2:771,0,0.6411490440368652,0.1396660059690475,0.992827868852459,0.9641393442622951,0.978483606557377,True
normal:normal2:1396,0,0.3994592726230621,0.1620504409074783,0.9877049180327869,0.9672131147540983,0.9774590163934427,True
normal:normal2:554,0,0.3214353919029236,0.1854207068681717,0.9784836065573771,0.9723360655737705,0.9754098360655739,True
normal:normal2:1436,0,0.5616641044616699,0.1180440634489059,0.9918032786885246,0.9579918032786885,0.9748975409836065,True
normal:normal2:1406,0,0.1958146095275879,0.228351205587387,0.9733606557377049,0.9743852459016393,0.9738729508196722,True
normal:normal2:396,0,0.1188110262155532,0.2477337270975113,0.9672131147540983,0.9795081967213115,0.9733606557377049,True
normal:normal2:1438,0,0.057644136250019,0.5186436772346497,0.9456967213114754,0.9907786885245902,0.9682377049180328,True
normal:im:546,0,0.0978194326162338,0.1813145875930786,0.9641393442622951,0.9713114754098361,0.9677254098360656,True
normal:normal2:621,0,0.242872804403305,0.1194793507456779,0.9764344262295082,0.9590163934426229,0.9677254098360655,True
normal:im:691,0,0.3484501540660858,0.1075742468237876,0.9815573770491803,0.9528688524590164,0.9672131147540983,True
normal:normal2:803,0,0.0642455965280532,0.3106811940670013,0.9497950819672131,0.9815573770491803,0.9656762295081966,True
normal:im:301,0,0.0518403127789497,0.4319980442523956,0.9415983606557377,0.9866803278688525,0.9641393442622951,True
normal:normal2:1437,0,0.3993081748485565,0.0753275007009506,0.9866803278688525,0.9415983606557377,0.9641393442622951,True
normal:im:735,0,0.0381845012307167,0.7770262956619263,0.930327868852459,0.9948770491803278,0.9626024590163934,True
normal:normal2:718,0,0.0736894160509109,0.1425274163484573,0.9590163934426229,0.9661885245901639,0.9626024590163934,True
normal:normal2:719,0,0.3612427115440368,0.0685136169195175,0.9836065573770492,0.9364754098360656,0.9600409836065573,True
normal:normal2:419,0,0.4282214045524597,0.05392986536026,0.9887295081967213,0.9282786885245902,0.9585040983606558,True
normal:normal2:890,0,0.1335613578557968,0.0747348293662071,0.9692622950819673,0.9405737704918032,0.9549180327868853,True
normal:im:326,0,0.0557098239660263,0.114673413336277,0.944672131147541,0.9569672131147541,0.9508196721311475,True
normal:normal2:793,0,0.050191443413496,0.1283743679523468,0.9375,0.9620901639344263,0.9497950819672132,True
normal:normal2:1062,0,0.0978342071175575,0.0537251494824886,0.9651639344262295,0.9272540983606558,0.9462090163934427,True
normal:normal2:1015,0,0.0360178090631961,0.1398478001356125,0.9262295081967213,0.9651639344262295,0.9456967213114754,True
normal:normal2:1214,0,0.0350247956812381,0.1239492148160934,0.9252049180327869,0.9610655737704918,0.9431352459016393,True
normal:normal2:1430,0,0.1246287822723388,0.0468798466026783,0.9682377049180327,0.9180327868852459,0.9431352459016393,True
normal:normal2:1051,0,0.0272546987980604,0.174119547009468,0.9139344262295082,0.9702868852459017,0.9421106557377049,True
normal:im:651,0,0.0229280441999435,0.2330290675163269,0.9088114754098361,0.9754098360655737,0.9421106557377049,True
normal:normal2:1247,0,0.0482846572995185,0.0724716186523437,0.9364754098360656,0.9385245901639344,0.9375,True
normal:im:517,0,0.03741524863289665,0.0777885646093636,0.9282786885245902,0.9436475409836066,0.9359631147540983,True
normal:normal2:600,0,0.064357653260231,0.0471384301781654,0.9508196721311475,0.9190573770491803,0.9349385245901639,True
normal:normal2:727,0,0.3760145604610443,0.0232284124940633,0.985655737704918,0.8842213114754098,0.9349385245901639,True
normal:normal2:1431,0,0.4877931475639343,0.022056695073843,0.9907786885245902,0.8790983606557377,0.9349385245901639,True
normal:normal2:1271,0,0.0705501139163971,0.0430672541260719,0.9559426229508197,0.9129098360655737,0.9344262295081966,True
normal:im:228,0,0.0270968079566955,0.1081085205078125,0.9129098360655737,0.9538934426229508,0.9334016393442623,True
normal:im:237,0,0.0136913144960999,0.3033948540687561,0.8842213114754098,0.9805327868852459,0.9323770491803278,True
normal:normal2:854,0,0.3252590298652649,0.0225196182727813,0.9795081967213115,0.882172131147541,0.9308401639344263,True
normal:normal2:927,0,0.164429485797882,0.0245478581637144,0.9713114754098361,0.8872950819672131,0.9293032786885246,True
normal:normal2:1328,0,0.0603102855384349,0.0373075827956199,0.9487704918032787,0.9088114754098361,0.9287909836065573,True
normal:im:265,0,0.0294412057846784,0.0690821781754493,0.9180327868852459,0.9375,0.927766393442623,True
normal:normal2:569,0,0.0097132679075002,0.5016514658927917,0.8647540983606558,0.9897540983606558,0.9272540983606558,True
normal:normal2:1084,0,0.0187504757195711,0.1200979799032211,0.8944672131147541,0.9600409836065574,0.9272540983606558,True
normal:im:645,0,0.0189080908894538,0.108675330877304,0.8965163934426229,0.9549180327868853,0.9257172131147541,True
normal:normal2:1257,0,0.0404287651181221,0.0441710166633129,0.9334016393442623,0.9159836065573771,0.9246926229508197,True
normal:normal2:840,0,0.0347910746932029,0.0502289794385433,0.9241803278688525,0.9221311475409836,0.923155737704918,True
normal:im:236,0,0.168675497174263,0.020839249715209,0.9723360655737705,0.8729508196721312,0.9226434426229508,True
normal:im:158,0,0.1414225250482559,0.0212728809565305,0.9702868852459017,0.8739754098360656,0.9221311475409837,True
normal:im:647,0,0.028900146484375,0.0536408238112926,0.9170081967213115,0.9262295081967213,0.9216188524590164,True
normal:normal2:559,0,0.0793114155530929,0.02231908403337,0.9610655737704918,0.8811475409836066,0.9211065573770492,True
normal:normal2:654,0,0.0168633088469505,0.0967360436916351,0.8913934426229508,0.9508196721311475,0.9211065573770492,True
normal:im:178,0,0.0082615558058023,0.4193041026592254,0.8555327868852459,0.9846311475409836,0.9200819672131147,True
normal:normal2:790,0,0.2349334359169006,0.0139352194964885,0.9754098360655737,0.8514344262295082,0.913422131147541,True
normal:im:384,0,0.0540734715759754,0.022748839110136,0.9426229508196722,0.8831967213114754,0.9129098360655739,True
normal:normal2:1305,0,0.0964900478720665,0.0181200467050075,0.9631147540983607,0.8627049180327869,0.9129098360655739,True
normal:im:596,0,0.0071981479413807,0.2440075576305389,0.8452868852459017,0.9784836065573771,0.9118852459016393,True
normal:normal2:1385,0,0.0389586016535759,0.0251517482101917,0.9323770491803278,0.889344262295082,0.9108606557377049,True
normal:normal2:776,0,0.0450194329023361,0.0238227248191833,0.9354508196721312,0.8862704918032787,0.9108606557377049,True
normal:normal2:1033,0,0.0852326676249504,0.014907294884324,0.9620901639344263,0.8524590163934426,0.9072745901639344,True
normal:im:421,0,0.0786130055785179,0.0137737784534692,0.9600409836065574,0.8504098360655737,0.9052254098360656,True
normal:normal2:1287,0,0.0058935042470693,0.1686480194330215,0.8360655737704918,0.9692622950819673,0.9026639344262295,True
normal:normal2:651,0,0.00572408910375085,0.1670410698861815,0.8350409836065574,0.9682377049180327,0.9016393442622951,True
normal:im:474,0,0.0049224593676626,0.2436044216156005,0.8227459016393442,0.9774590163934426,0.9001024590163934,True
normal:normal2:618,0,0.0114994030445814,0.0484648793935775,0.875,0.9200819672131147,0.8975409836065573,True
normal:im:435,0,0.06909600086510176,0.0113057515118271,0.9549180327868853,0.8370901639344263,0.8960040983606558,True
normal:normal2:705,0,0.1047870740294456,0.010177950374782,0.9661885245901639,0.8258196721311475,0.8960040983606556,True
normal:normal2:851,0,0.008885983399371349,0.0628541875242566,0.8596311475409836,0.9323770491803278,0.8960040983606556,True
normal:normal2:389,0,0.0195041187107563,0.0266820807009935,0.8975409836065574,0.8934426229508197,0.8954918032786885,True
normal:normal2:1197,0,0.0342837795615196,0.0191970095038414,0.9221311475409836,0.867827868852459,0.8949795081967213,True
normal:im:674,0,0.0576856322586536,0.012554682791233,0.9467213114754098,0.8422131147540983,0.8944672131147541,True
normal:normal2:428,0,0.0146852014586329,0.0328526347875595,0.8852459016393442,0.9026639344262295,0.8939549180327868,True
normal:im:663,0,0.0104262270033359,0.0458521656692028,0.8698770491803278,0.9170081967213115,0.8934426229508197,True
normal:normal2:1423,0,0.0303145106881856,0.0189276225864887,0.9200819672131147,0.8657786885245902,0.8929303278688525,True
normal:normal2:967,0,0.0669301077723503,0.0102970264852046,0.9538934426229508,0.8278688524590164,0.8908811475409837,True
normal:normal2:856,0,0.0736334323883056,0.0099998759105801,0.9579918032786885,0.8237704918032787,0.8908811475409836,True
normal:normal2:1412,0,0.0119577115401625,0.0331821404397487,0.8780737704918032,0.9036885245901639,0.8908811475409836,True
normal:im:431,0,0.0281084813177585,0.0191195365041494,0.9149590163934426,0.8668032786885246,0.8908811475409836,True
normal:normal2:636,0,0.0066764377988874,0.0678164362907409,0.8422131147540983,0.9344262295081968,0.8883196721311475,True
normal:normal2:664,0,0.0099113723263144,0.035422034561634,0.867827868852459,0.9057377049180327,0.8867827868852458,True
normal:im:513,0,0.0086515275761485,0.0441651232540607,0.8586065573770492,0.9149590163934426,0.8867827868852458,True
normal:im:621,0,0.0347767323255538,0.013576534576714,0.923155737704918,0.8493852459016393,0.8862704918032787,True
normal:im:527,0,0.0124841555953025,0.0254361480474472,0.8801229508196722,0.8903688524590164,0.8852459016393444,True
normal:normal2:1336,0,0.0054688416421413,0.0679314956068992,0.8319672131147541,0.9354508196721312,0.8837090163934427,True
normal:normal2:480,0,0.0054493029601871,0.0645108968019485,0.8309426229508197,0.9334016393442623,0.882172131147541,True
normal:normal2:922,0,0.0198103711009025,0.0178734306246042,0.8995901639344263,0.860655737704918,0.8801229508196722,True
normal:im:570,0,0.0245194025337696,0.0134773254394531,0.9108606557377049,0.8483606557377049,0.8796106557377049,True
normal:normal2:657,0,0.0213697012513875,0.0156153300777077,0.9036885245901639,0.8555327868852459,0.8796106557377049,True
normal:im:214,0,0.0123188402503728,0.022147899493575,0.8790983606557377,0.8801229508196722,0.8796106557377049,True
normal:normal2:911,0,0.0507418699562549,0.0096289301291108,0.9385245901639344,0.8186475409836066,0.8785860655737705,True
normal:normal2:1132,0,0.0304682608693838,0.0111685171723365,0.9211065573770492,0.8360655737704918,0.8785860655737705,True
normal:im:715,0,0.0042191403917968,0.0808309540152549,0.8114754098360656,0.944672131147541,0.8780737704918034,True
normal:normal2:910,0,0.0075124078430235,0.0359729826450347,0.8493852459016393,0.9067622950819673,0.8780737704918034,True
normal:normal2:744,0,0.0165885481983423,0.0185210984200239,0.8903688524590164,0.8647540983606558,0.8775614754098361,True
normal:normal2:393,0,0.0053771771490573,0.0529151037335395,0.8288934426229508,0.9252049180327869,0.8770491803278688,True
normal:normal2:757,0,0.003758558537811,0.0942851230502128,0.8022540983606558,0.9497950819672131,0.8760245901639344,True
normal:normal2:1362,0,0.0162972342222929,0.0172154866158962,0.889344262295082,0.8596311475409836,0.8744877049180328,True
normal:im:451,0,0.066231183707714,0.0075700231827795,0.9528688524590164,0.7930327868852459,0.8729508196721312,True
normal:im:560,0,0.0384216159582138,0.0087364893406629,0.9313524590163934,0.8094262295081968,0.8703893442622951,True
normal:normal2:468,0,0.0222345031797885,0.0108944997191429,0.9067622950819673,0.8340163934426229,0.8703893442622951,True
normal:im:525,0,0.022856498891239117,0.0106841068203114,0.9077868852459017,0.8309426229508197,0.8693647540983607,True
normal:normal2:1302,0,0.0157539676874876,0.0134428441524505,0.8883196721311475,0.8473360655737705,0.867827868852459,True
normal:im:364,0,0.0036290781572461,0.0586171224713325,0.8002049180327869,0.930327868852459,0.865266393442623,True
normal:im:703,0,0.0027079514693468,0.1117538586258888,0.7735655737704918,0.9559426229508197,0.8647540983606558,True
normal:im:151,0,0.0041943592950701,0.0431199856102466,0.8104508196721312,0.9139344262295082,0.8621926229508197,True
normal:im:555,0,0.002713005213687767,0.0757067835656926,0.7745901639344263,0.9426229508196722,0.8586065573770492,True
normal:normal2:579,0,0.0117321712896227,0.0114945853129029,0.8770491803278688,0.8391393442622951,0.858094262295082,True
normal:normal2:841,0,0.0148977683857083,0.0103130061179399,0.8862704918032787,0.8288934426229508,0.8575819672131147,True
normal:im:447,0,0.0028545814566314,0.0622675530612468,0.7797131147540983,0.9313524590163934,0.8555327868852458,True
normal:im:649,0,0.0030534660909324,0.0503279194235801,0.7858606557377049,0.923155737704918,0.8545081967213115,True
normal:normal2:818,0,0.0036539906104735313,0.0361409679753705,0.8012295081967213,0.9077868852459017,0.8545081967213115,True
normal:normal2:1123,0,0.0029275794513523,0.0520320385694503,0.7827868852459017,0.9241803278688525,0.8534836065573771,True
normal:normal2:772,0,0.0370016060769557,0.0063657751306891,0.9272540983606558,0.7766393442622951,0.8519467213114754,True
normal:im:684,0,0.0090611698105931,0.0113107673823833,0.8616803278688525,0.8381147540983607,0.8498975409836066,True
normal:normal2:1401,0,0.0033102883026003,0.0334946699440479,0.7940573770491803,0.9047131147540983,0.8493852459016393,True
normal:im:510,0,0.012581892311573,0.0095033049583435,0.8811475409836066,0.8165983606557377,0.8488729508196722,True
normal:normal2:517,0,0.0543617978692054,0.0048520336858928,0.9436475409836066,0.7520491803278688,0.8478483606557377,True
normal:im:549,0,0.02580801296668743,0.0065721079784755,0.9118852459016393,0.7797131147540983,0.8457991803278688,True
normal:im:634,0,0.0019746460020542,0.0849044322967529,0.7418032786885246,0.9477459016393442,0.8447745901639344,True
normal:im:348,0,0.0018524738261476,0.1003459766507148,0.7366803278688525,0.951844262295082,0.8442622950819673,True
normal:normal2:502,0,0.0028456836007535,0.0385548062622547,0.7786885245901639,0.9098360655737705,0.8442622950819672,True
normal:normal2:435,0,0.0011702802730724,0.5246013402938843,0.6956967213114754,0.9918032786885246,0.84375,True
normal:im:251,0,0.0031803620513528,0.0285777021199464,0.7889344262295082,0.8965163934426229,0.8427254098360655,True
normal:normal2:678,0,0.070822037756443,0.0034455012064427,0.9569672131147541,0.7202868852459017,0.8386270491803278,True
normal:normal2:969,0,0.0012029421050101,0.2384555339813232,0.6987704918032787,0.9764344262295082,0.8376024590163934,True
normal:normal2:730,0,0.0188632514327764,0.005932146217674,0.8954918032786885,0.7756147540983607,0.8355532786885246,True
normal:normal2:1232,0,0.0510073192417621,0.0035468013957142,0.9405737704918032,0.7233606557377049,0.8319672131147541,True
normal:im:303,0,0.0074084675870835,0.0094137592241168,0.8473360655737705,0.8155737704918032,0.8314549180327868,True
normal:im:304,0,0.0022961089853197,0.0273645352572202,0.7612704918032787,0.8944672131147541,0.8278688524590163,True
normal:normal2:383,0,0.0108672380447387,0.0067376908846199,0.8729508196721312,0.7817622950819673,0.8273565573770492,True
normal:normal2:406,0,0.0085733179003,0.0079482905566692,0.8575819672131147,0.7961065573770492,0.826844262295082,True
normal:im:162,0,0.0221193619072437,0.0043544881045818,0.9057377049180327,0.7469262295081968,0.8263319672131147,True
normal:im:300,0,0.0073888017795979,0.0085289701819419,0.8463114754098361,0.8063524590163934,0.8263319672131147,True
normal:im:575,0,0.0027971749659627,0.0192838311195373,0.7766393442622951,0.8698770491803278,0.8232581967213115,True
normal:im:672,0,0.0090588154271245,0.0069120028056204,0.860655737704918,0.7827868852459017,0.8217213114754098,True
normal:normal2:1156,0,0.0199315510690212,0.0042628585360944,0.9006147540983607,0.7418032786885246,0.8212090163934427,True
normal:normal2:822,0,0.0075356247834861,0.0074947797693312,0.8504098360655737,0.7909836065573771,0.8206967213114754,True
normal:im:523,0,0.011655627793515975,0.0055540254422794,0.8760245901639344,0.764344262295082,0.8201844262295082,True
normal:normal2:1022,0,0.0104467328637838,0.0058038937859237,0.8709016393442623,0.7694672131147541,0.8201844262295082,True
normal:im:490,0,0.0084471041336655,0.0069370223209261,0.8565573770491803,0.7838114754098361,0.8201844262295082,True
normal:normal2:1341,0,0.019546827301383,0.0042233895510435,0.8985655737704918,0.7397540983606558,0.8191598360655739,True
normal:normal2:880,0,0.0022692594211548,0.0220237988978624,0.7592213114754098,0.8780737704918032,0.8186475409836065,True
normal:im:448,0,0.0038233937229961,0.0105477422475814,0.8032786885245902,0.8299180327868853,0.8165983606557377,True
normal:normal2:1067,0,0.00808460186817675,0.0058534080162644,0.8545081967213115,0.7745901639344263,0.8145491803278688,True
normal:normal2:623,0,0.0241678357124328,0.0033283256925642,0.9098360655737705,0.7161885245901639,0.8130122950819672,True
normal:im:680,0,0.0038347928784787,0.0098567781969904,0.805327868852459,0.8206967213114754,0.8130122950819672,True
normal:normal2:1171,0,0.0046899863518774,0.008515995927155,0.8176229508196722,0.805327868852459,0.8114754098360656,True
normal:normal2:1236,0,0.002946822438389,0.0111548006534576,0.7838114754098361,0.8350409836065574,0.8094262295081968,True
normal:normal2:1047,0,0.0018621180206537,0.0216510891914367,0.7387295081967213,0.8770491803278688,0.8078893442622951,True
normal:normal2:1102,0,0.009825865990327,0.0045749226992484,0.8657786885245902,0.7479508196721312,0.8068647540983607,True
normal:normal2:653,0,0.0282730665057897,0.002592263976112,0.9159836065573771,0.6967213114754098,0.8063524590163935,True
normal:normal2:539,0,0.0204362925142049,0.0029056679923087,0.9016393442622951,0.7069672131147541,0.8043032786885246,True
normal:normal2:1073,0,0.0022979127243161,0.0133632998913526,0.7622950819672131,0.8452868852459017,0.8037909836065573,True
normal:normal2:872,0,0.0095526874065399,0.0042869988828897,0.8637295081967213,0.742827868852459,0.8032786885245902,True
normal:normal2:441,0,0.0013183974660933,0.0293108597397804,0.7069672131147541,0.8985655737704918,0.802766393442623,True
normal:normal2:1154,0,0.003279211392509704,0.0088596558053571,0.7930327868852459,0.8114754098360656,0.8022540983606558,True
normal:normal2:997,0,0.0075705670751631,0.0047758840955793,0.8514344262295082,0.75,0.8007172131147541,True
normal:normal2:834,0,0.0217001307755708,0.00254419259727,0.9047131147540983,0.694672131147541,0.7996926229508197,True
normal:normal2:693,0,0.0013796048006042,0.0246553476899862,0.7100409836065574,0.8883196721311475,0.7991803278688525,True
normal:im:515,0,0.0042578019201755,0.0069614313542842,0.8125,0.7848360655737705,0.7986680327868853,True
normal:im:516,0,0.0094454670324921,0.0038929008878767,0.8627049180327869,0.7325819672131147,0.7976434426229508,True
normal:normal2:1371,0,0.0064289649017155,0.004899657331407,0.8391393442622951,0.7540983606557377,0.7966188524590163,True
normal:im:737,0,0.0154403699561953,0.0027866896707564,0.8872950819672131,0.7038934426229508,0.795594262295082,True
normal:normal2:587,0,0.0014589300456767,0.0192149983098109,0.7192622950819673,0.8688524590163934,0.7940573770491803,True
normal:im:450,0,0.0007424232899211,0.0810944214463234,0.639344262295082,0.9456967213114754,0.7925204918032787,True
normal:normal2:1017,0,0.0508422888815403,0.0016607786528766,0.9395491803278688,0.6413934426229508,0.7904713114754098,True
normal:normal2:947,0,0.0014656709972769,0.0157083161175251,0.7213114754098361,0.8565573770491803,0.7889344262295082,True
normal:im:536,0,0.0016887167003005,0.0130684962496161,0.7315573770491803,0.8442622950819673,0.7879098360655739,True
normal:normal2:602,0,0.0012136023724451,0.0213473495095968,0.7008196721311475,0.875,0.7879098360655737,True
normal:im:149,0,0.0010642776032909,0.0254628881812095,0.6823770491803278,0.8913934426229508,0.7868852459016393,True
normal:normal2:412,0,0.0046446798369288,0.0050610234029591,0.8155737704918032,0.7561475409836066,0.7858606557377049,True
normal:normal2:971,0,0.0054855839116497995,0.0040393212111666,0.8329918032786885,0.7377049180327869,0.7853483606557377,True
normal:im:682,0,0.0134896077215671,0.002466031583026,0.882172131147541,0.6885245901639344,0.7853483606557377,True
normal:normal2:466,0,0.0077990307472646,0.0033808706793934,0.8534836065573771,0.7172131147540983,0.7853483606557377,True
normal:im:125,0,0.0018330564489588,0.0107766855508089,0.735655737704918,0.8329918032786885,0.7843237704918032,True
normal:im:206,0,0.0023488935548812,0.0083629209548234,0.7653688524590164,0.8012295081967213,0.7832991803278688,True
normal:im:199,0,0.0006724998820573,0.0742597505450248,0.6270491803278688,0.9395491803278688,0.7832991803278688,True
normal:im:499,0,0.0021709096957540945,0.0087310701395229,0.7530737704918032,0.8084016393442623,0.7807377049180328,True
normal:im:234,0,0.0177422072738409,0.0019792597740888,0.8934426229508197,0.6659836065573771,0.7797131147540983,True
normal:im:622,0,0.0014383034043324,0.0125275172370796,0.7161885245901639,0.8411885245901639,0.7786885245901639,True
normal:normal2:1054,0,0.003835397073999,0.0048262006603181,0.8063524590163934,0.7510245901639344,0.7786885245901639,True
normal:im:577,0,0.0005699358298443,0.081291563808918,0.6096311475409836,0.9467213114754098,0.7781762295081966,True
normal:im:127,0,0.0136459721252322,0.0020849162247031,0.8831967213114754,0.673155737704918,0.7781762295081966,True
normal:normal2:867,0,0.0100903920829296,0.0024028003681451,0.8688524590163934,0.6864754098360656,0.7776639344262295,True
normal:normal2:630,0,0.0376709923148155,0.0015292692696675,0.9293032786885246,0.6239754098360656,0.7766393442622951,True
normal:im:584,0,0.0016696760430932,0.0097702611237764,0.7305327868852459,0.819672131147541,0.7751024590163935,True
normal:normal2:537,0,0.0027418739628046,0.0058525456115603,0.7756147540983607,0.7735655737704918,0.7745901639344263,True
normal:im:677,0,0.0004291779769118,0.2081724405288696,0.5758196721311475,0.9733606557377049,0.7745901639344261,True
normal:normal2:1360,0,0.0602620020508766,0.0011562048457562,0.9477459016393442,0.6014344262295082,0.7745901639344261,True
normal:normal2:799,0,0.0052083181217312,0.0034932189155369,0.826844262295082,0.7213114754098361,0.774077868852459,True
normal:im:180,0,0.009898442775011,0.0020731457043439,0.8668032786885246,0.6721311475409836,0.7694672131147541,True
normal:im:519,0,0.003974700128461934,0.0038086262647993,0.8073770491803278,0.7295081967213115,0.7684426229508197,True
normal:normal2:522,0,0.0066418265923857,0.0024880382698029,0.8411885245901639,0.6905737704918032,0.7658811475409836,True
normal:im:757,0,0.0011334102600812,0.0119116706773638,0.6905737704918032,0.8401639344262295,0.7653688524590163,True
normal:normal2:945,0,0.0006898451829329,0.0287017207592725,0.6290983606557377,0.8975409836065574,0.7633196721311475,True
normal:im:702,0,0.0016046956880018,0.008090928196907,0.7274590163934426,0.798155737704918,0.7628073770491803,True
normal:normal2:1112,0,0.0053808451630175,0.0025261573027819,0.8299180327868853,0.6915983606557377,0.7607581967213115,True
normal:im:569,0,0.0016177010256797,0.0074525051750242,0.7284836065573771,0.7889344262295082,0.7587090163934427,True
normal:im:673,0,0.0064584366045892,0.0021373373456299,0.8401639344262295,0.6772540983606558,0.7587090163934427,True
normal:normal2:395,0,0.0005424469329113557,0.038866651164426,0.6034836065573771,0.9108606557377049,0.757172131147541,True
normal:normal2:696,0,0.0046496144495904,0.0025345820467919,0.8165983606557377,0.6936475409836066,0.7551229508196722,True
normal:im:430,0,0.010988026857376,0.001602069940418,0.8739754098360656,0.6331967213114754,0.7535860655737705,True
normal:normal2:536,0,0.0006236108602024,0.0236497353762388,0.6198770491803278,0.8852459016393442,0.752561475409836,True
normal:im:642,0,0.000811277073808,0.0151156075298786,0.6495901639344263,0.8534836065573771,0.7515368852459017,True
normal:normal2:1170,0,0.0018916891422122,0.0051444135606288,0.7397540983606558,0.757172131147541,0.7484631147540983,True
normal:normal2:1011,0,0.0006564953946508,0.0195719897747039,0.6229508196721312,0.8709016393442623,0.7469262295081968,True
normal:im:618,0,0.0031893954255792327,0.0026646452697605,0.7899590163934426,0.701844262295082,0.7459016393442623,True
normal:normal2:1019,0,0.000706510618329,0.0152000933885574,0.6331967213114754,0.8545081967213115,0.7438524590163935,True
normal:normal2:595,0,0.0004807447257917,0.0321508832275867,0.5860655737704918,0.9006147540983607,0.7433401639344263,True
normal:normal2:950,0,0.0021802647970616,0.003633206244558,0.7540983606557377,0.7274590163934426,0.7407786885245902,True
normal:normal2:415,0,0.0074795614928007,0.0015620430931448,0.8483606557377049,0.6301229508196722,0.7392418032786885,True
normal:im:488,0,0.0014505935832858,0.0051934169605374,0.7182377049180327,0.7581967213114754,0.7382172131147541,True
normal:im:612,0,0.0009201511117377394,0.0080422578515329,0.6680327868852459,0.7971311475409836,0.7325819672131147,True
normal:normal2:535,0,0.0018525849445722498,0.0035701061206054,0.7377049180327869,0.7254098360655737,0.7315573770491803,True
normal:im:253,0,0.003489350201562,0.0019396573770791,0.7971311475409836,0.6639344262295082,0.7305327868852458,True
normal:normal2:603,0,0.0009404375450685,0.0074669173918664,0.6700819672131147,0.7899590163934426,0.7300204918032787,True
normal:normal2:479,0,0.0015231118304654,0.0039720148779451,0.7233606557377049,0.735655737704918,0.7295081967213115,True
normal:im:761,0,0.0022114240564405,0.0026239331346005,0.7561475409836066,0.6997950819672131,0.7279713114754098,True
normal:normal2:571,0,0.0008488888852298,0.0077126962132751,0.6577868852459017,0.7950819672131147,0.7264344262295082,True
normal:im:582,0,0.007067056838423,0.001229403540492,0.8442622950819673,0.6086065573770492,0.7264344262295082,True
normal:normal2:707,0,0.0648343786597251,0.0004232762439642,0.951844262295082,0.5,0.725922131147541,True
normal:im:688,0,0.0008051558979786,0.0084207709878683,0.6485655737704918,0.8022540983606558,0.7254098360655739,True
normal:im:128,0,0.0023975223302841,0.0022420829627662,0.7674180327868853,0.6823770491803278,0.7248975409836065,True
normal:im:509,0,0.0007167991231350335,0.0090559580130502,0.6352459016393442,0.8135245901639344,0.7243852459016393,True
normal:normal2:568,0,0.001431068056263,0.003853166475892,0.7151639344262295,0.7315573770491803,0.7233606557377049,True
normal:im:285,0,0.0171278025954961,0.0006888200878165,0.8924180327868853,0.5522540983606558,0.7223360655737705,True
normal:normal2:1289,0,0.0045267879031598,0.00154576881323,0.8145491803278688,0.6280737704918032,0.721311475409836,True
normal:normal2:1098,0,0.0026384287048131,0.0020122055429965,0.7715163934426229,0.6690573770491803,0.7202868852459017,True
normal:im:419,0,0.0015520413871854,0.003292569424957,0.7254098360655737,0.7151639344262295,0.7202868852459017,True
normal:im:272,0,0.0003246233391109,0.0324208326637744,0.5368852459016393,0.9016393442622951,0.7192622950819672,True
normal:im:491,0,0.000873161279741878,0.0058379950545107,0.6629098360655737,0.7725409836065574,0.7177254098360656,True
normal:im:248,0,0.0213124491274356,0.0005698029999621,0.9026639344262295,0.5327868852459017,0.7177254098360656,True
normal:normal2:1141,0,0.0002773574087768,0.0497883930802345,0.5122950819672131,0.9211065573770492,0.7167008196721312,True
normal:im:213,0,0.0021400596015155,0.0022141190711408,0.7479508196721312,0.680327868852459,0.7141393442622951,True
normal:im:635,0,0.0011872109025716,0.0038234121166169,0.6977459016393442,0.7305327868852459,0.7141393442622951,True
normal:im:480,0,0.0007325386395677,0.0075609721243381,0.6362704918032787,0.7920081967213115,0.7141393442622951,True
normal:im:552,0,0.0003157756873406,0.026143392547965,0.5338114754098361,0.8924180327868853,0.7131147540983607,False
normal:im:351,0,0.0038329623639583,0.0013695602538064,0.8043032786885246,0.6168032786885246,0.7105532786885246,False
normal:normal2:1278,0,0.0050150458700954,0.0010542856762185,0.8237704918032787,0.5973360655737705,0.7105532786885246,False
normal:normal2:533,0,0.0017187395133078,0.0023084734566509,0.7325819672131147,0.6834016393442623,0.7079918032786885,False
normal:normal2:1181,0,0.0026409793645143,0.0016514536691829,0.7725409836065574,0.6383196721311475,0.7054303278688525,False
normal:normal2:882,0,0.002107358071953,0.0018822879064828,0.7469262295081968,0.6618852459016393,0.704405737704918,False
normal:normal2:866,0,0.0002457028604112,0.0415719002485275,0.4959016393442623,0.9118852459016393,0.7038934426229508,False
normal:im:176,0,0.0011438009096309,0.0032602653373032,0.6936475409836066,0.7141393442622951,0.7038934426229508,False
normal:normal2:824,0,0.0010976089397445,0.0034051178954541,0.6875,0.7182377049180327,0.7028688524590163,False
normal:normal2:780,0,0.0003979747125413,0.0128278005868196,0.5614754098360656,0.8432377049180327,0.7023565573770492,False
normal:normal2:885,0,0.0006191283464431,0.0070833167992532,0.617827868852459,0.7858606557377049,0.701844262295082,False
normal:normal2:1046,0,0.0025767120532691,0.0016136050689965,0.7694672131147541,0.6342213114754098,0.701844262295082,False
normal:normal2:1266,0,0.0004254463159061672,0.0102069661176453,0.5737704918032787,0.826844262295082,0.7003073770491803,False
normal:normal2:660,0,0.0021645650267601,0.0017547021852806,0.7510245901639344,0.6485655737704918,0.6997950819672132,False
normal:normal2:1376,0,0.0009495263802818,0.0037916551809757,0.6711065573770492,0.7284836065573771,0.6997950819672132,False
normal:normal2:848,0,0.0061776423826813,0.000778742833063,0.8381147540983607,0.5594262295081968,0.6987704918032787,False
normal:im:602,0,0.0002536175306886,0.0311752762645483,0.4979508196721312,0.8995901639344263,0.6987704918032787,False
normal:normal2:804,0,0.0007056627655401,0.0055055026896297,0.632172131147541,0.7633196721311475,0.6977459016393442,False
normal:im:400,0,0.0003245954576414,0.0160853862762451,0.5358606557377049,0.8575819672131147,0.6967213114754098,False
normal:normal2:1288,0,0.0005083290161564,0.0083447219803929,0.5922131147540983,0.8002049180327869,0.6962090163934427,False
normal:im:193,0,0.0011859354563057,0.0025596020277589,0.6967213114754098,0.6956967213114754,0.6962090163934427,False
normal:im:693,0,0.0010365897323936,0.0029532292392104,0.6813524590163934,0.7090163934426229,0.6951844262295082,False
normal:normal2:588,0,0.0108493594452738,0.000497366359923,0.8719262295081968,0.514344262295082,0.6931352459016393,False
normal:normal2:1206,0,0.0415521562099456,0.0002828505530487,0.9344262295081968,0.45184426229508196,0.6931352459016393,False
normal:normal2:1295,0,0.0010686294408515,0.0026169465854763,0.6834016393442623,0.6987704918032787,0.6910860655737705,False
normal:im:195,0,0.0003216382465325,0.0134053500369191,0.5348360655737705,0.8463114754098361,0.6905737704918034,False
normal:im:741,0,0.0001576664217282,0.0572966486215591,0.45184426229508196,0.9293032786885246,0.6905737704918032,False
normal:normal2:1160,0,0.0002654751588124,0.0214628148823976,0.5020491803278688,0.8760245901639344,0.6890368852459017,False
normal:normal2:1100,0,0.0007361229509115,0.0039778370410203,0.6372950819672131,0.7366803278688525,0.6869877049180328,False
normal:im:479,0,0.0035134062636643,0.0008758736075833,0.798155737704918,0.5737704918032787,0.6859631147540983,False
normal:im:215,0,0.00760766165331,0.0004984688712283,0.8524590163934426,0.5174180327868853,0.6849385245901639,False
normal:normal2:1189,0,0.0012047557393088,0.0020089067984372,0.6997950819672131,0.6680327868852459,0.6839139344262295,False
normal:normal2:1049,0,0.0029912770260125,0.0009199349442496,0.7848360655737705,0.5819672131147541,0.6834016393442623,False
normal:im:432,0,0.000238758555497,0.0198604278266429,0.4918032786885246,0.8719262295081968,0.6818647540983607,False
normal:im:131,0,0.0020416527986526,0.0013696124078705,0.742827868852459,0.617827868852459,0.680327868852459,False
normal:im:544,0,0.0005511497729457,0.0049057085998356,0.6055327868852459,0.7551229508196722,0.680327868852459,False
normal:normal2:1225,0,0.0014080255059525,0.0017286274814978,0.7120901639344263,0.6465163934426229,0.6793032786885246,False
normal:normal2:635,0,0.0017498019151389,0.00145616219379,0.7346311475409836,0.6209016393442623,0.677766393442623,False
normal:normal2:448,0,0.001463811728172,0.001642056624405,0.7202868852459017,0.6352459016393442,0.677766393442623,False
normal:normal2:488,0,0.0002898680395446,0.0107151418924331,0.5225409836065574,0.8319672131147541,0.6772540983606558,False
normal:im:641,0,0.0010129261063411,0.0021369399037212,0.6772540983606558,0.6762295081967213,0.6767418032786885,False
normal:im:484,0,0.0035882829688489,0.0007049123523756,0.7991803278688525,0.5532786885245902,0.6762295081967213,False
normal:im:615,0,0.0040236744098365,0.0006426073960028,0.8094262295081968,0.5430327868852459,0.6762295081967213,False
normal:normal2:1192,0,0.0006998032331466,0.0034182271920144,0.6311475409836066,0.7192622950819673,0.6752049180327869,False
normal:normal2:1209,0,0.0004469217965379,0.0057950462214648,0.5788934426229508,0.7684426229508197,0.6736680327868853,False
normal:im:333,0,0.0010211684275418,0.001964048249647,0.6793032786885246,0.6649590163934426,0.6721311475409836,False
normal:im:362,0,0.0020496216602623,0.0010681897401809,0.7438524590163934,0.5993852459016393,0.6716188524590163,False
normal:im:457,0,0.0009555284632369,0.0020559937693178,0.6721311475409836,0.6700819672131147,0.6711065573770492,False
normal:normal2:994,0,0.0001048127014655,0.0911590456962585,0.39036885245901637,0.9487704918032787,0.6695696721311475,False
normal:normal2:1131,0,0.0022336291149258,0.00090875121532,0.7581967213114754,0.5799180327868853,0.6690573770491803,False
normal:im:452,0,0.0052336431108415,0.0004274354141671,0.8278688524590164,0.5020491803278688,0.6649590163934427,False
normal:im:486,0,0.000394073606003,0.0057857320643961,0.5594262295081968,0.7674180327868853,0.663422131147541,False
normal:normal2:929,0,0.0009201649809256,0.0017751845298334,0.6690573770491803,0.6536885245901639,0.6613729508196722,False
normal:normal2:667,0,0.0011361327487975,0.0015450624050572,0.6915983606557377,0.6270491803278688,0.6593237704918032,False
normal:im:730,0,0.0002776272594928,0.0084970137104392,0.5133196721311475,0.8043032786885246,0.658811475409836,False
normal:im:655,0,0.0009589146357029,0.0016911822604015,0.673155737704918,0.6444672131147541,0.658811475409836,False
normal:normal2:1038,0,0.0011205354239791,0.0014917728258296,0.6895491803278688,0.6229508196721312,0.65625,False
normal:normal2:408,0,0.0022328463383018,0.0007056621252559,0.757172131147541,0.555327868852459,0.65625,False
normal:im:217,0,0.0005484875873662,0.002937891986221,0.6045081967213115,0.7079918032786885,0.65625,False
normal:normal2:576,0,0.0012945302296429,0.0011790719581767,0.7059426229508197,0.6034836065573771,0.6547131147540983,False
normal:normal2:1117,0,0.0300179999321699,0.0001605487195774,0.9190573770491803,0.39036885245901637,0.6547131147540983,False
normal:im:497,0,0.0012223587740056998,0.0012190427805762,0.701844262295082,0.6065573770491803,0.6542008196721312,False
normal:im:389,0,0.0005028605810366,0.0031432290561497,0.5901639344262295,0.7120901639344263,0.6511270491803278,False
normal:im:277,0,0.0007946951664052,0.0018486371263861,0.6454918032786885,0.6557377049180327,0.6506147540983607,False
normal:normal2:1105,0,0.0034675735514611,0.0004547882126644,0.7950819672131147,0.5061475409836066,0.6506147540983607,False
normal:im:666,0,0.0005792003045523036,0.0023807083659145,0.6127049180327869,0.6854508196721312,0.649077868852459,False
normal:im:354,0,0.0003257673524785,0.0052398135885596,0.5379098360655737,0.7592213114754098,0.6485655737704918,False
normal:normal2:433,0,0.0017478555673733,0.0007868662360124,0.7336065573770492,0.5614754098360656,0.6475409836065573,False
normal:normal2:1050,0,0.0007780867745168,0.0017606180626899,0.6424180327868853,0.6495901639344263,0.6460040983606558,False
normal:normal2:1252,0,0.0040204632095992,0.0003627805854193,0.8084016393442623,0.48155737704918034,0.6449795081967213,False
normal:normal2:827,0,0.0005593282403424,0.0022255489602684,0.6086065573770492,0.6813524590163934,0.6449795081967213,False
normal:im:541,0,0.0010156130883842,0.0012603434734046,0.6782786885245902,0.6116803278688525,0.6449795081967213,False
normal:normal2:774,0,0.0012360822875052,0.0009756766376085,0.7038934426229508,0.5860655737704918,0.6449795081967213,False
normal:im:683,0,0.0002686945954337,0.0064870100468397,0.5040983606557377,0.7786885245901639,0.6413934426229508,False
normal:normal2:1055,0,0.0022694340441375,0.0005186409689486,0.7602459016393442,0.5225409836065574,0.6413934426229508,False
normal:normal2:585,0,0.0022101136855781,0.0005452792393043,0.7551229508196722,0.5266393442622951,0.6408811475409837,False
normal:normal2:944,0,0.0047183316200971,0.000305827910779,0.8186475409836066,0.46311475409836067,0.6408811475409837,False
normal:normal2:390,0,0.000741007446777,0.0016715616220608,0.6383196721311475,0.6434426229508197,0.6408811475409836,False
normal:im:442,0,0.0001936907501658,0.0087801264598965,0.4702868852459016,0.8104508196721312,0.6403688524590164,False
normal:normal2:965,0,0.0010694732191041,0.0010462331119924,0.6844262295081968,0.5963114754098361,0.6403688524590164,False
normal:normal2:449,0,0.0002824245020747,0.005306941922754,0.5174180327868853,0.7612704918032787,0.639344262295082,False
normal:im:185,0,0.000218020970351,0.0076768295839428,0.48360655737704916,0.7940573770491803,0.6388319672131147,False
normal:normal2:829,0,0.0011608973145484,0.0009068612707778,0.694672131147541,0.5788934426229508,0.6367827868852459,False
normal:im:481,0,0.0008298311731778,0.0014557206304743,0.6516393442622951,0.6198770491803278,0.6357581967213115,False
normal:im:291,0,0.0013614421477541,0.0007495795725844,0.7090163934426229,0.5584016393442623,0.6337090163934427,False
normal:im:706,0,0.0032134875655174,0.0003363240975886,0.7909836065573771,0.4723360655737705,0.6316598360655739,False
normal:im:273,0,0.0002130175125785,0.0066222269088029,0.4805327868852459,0.7807377049180327,0.6306352459016393,False
normal:im:464,0,0.0002990989014506,0.0039686397649347,0.5256147540983607,0.7346311475409836,0.6301229508196722,False
normal:im:717,0,0.0023881089873611,0.0003961836919188,0.7663934426229508,0.49385245901639346,0.6301229508196722,False
normal:normal2:886,0,0.006694043520838,0.0001966962299775,0.8432377049180327,0.41700819672131145,0.6301229508196721,False
normal:im:664,0,0.0004848403041251,0.0020663186442106,0.5870901639344263,0.6711065573770492,0.6290983606557377,False
normal:normal2:930,0,0.0004063007072545,0.0025302972644567,0.5635245901639344,0.6926229508196722,0.6280737704918034,False
normal:normal2:1150,0,0.0027991298120468,0.0003535723953973,0.7776639344262295,0.4764344262295082,0.6270491803278688,False
normal:im:405,0,0.002095004543662,0.0004210921179037,0.7459016393442623,0.4989754098360656,0.622438524590164,False
normal:normal2:1348,0,0.0034736322704702,0.0002767928817775,0.7961065573770492,0.44774590163934425,0.6219262295081966,False
normal:normal2:1243,0,0.0003636769251897,0.0024087824858725,0.5512295081967213,0.6875,0.6193647540983607,False
normal:im:456,0,0.0015863360604271,0.0004600593820214,0.7264344262295082,0.5102459016393442,0.6183401639344261,False
normal:normal2:1200,0,0.0029239850118756,0.0002856418141163,0.7817622950819673,0.45286885245901637,0.6173155737704918,False
normal:normal2:620,0,0.0003971515689045,0.0020993654616177,0.5604508196721312,0.6741803278688525,0.6173155737704918,False
normal:im:593,0,0.0006133444258011,0.0014017379144206,0.6157786885245902,0.6188524590163934,0.6173155737704918,False
normal:normal2:397,0,0.0011433992767706,0.0006335844518616,0.6926229508196722,0.5409836065573771,0.6168032786885247,False
normal:normal2:551,0,0.0004399098106659,0.0017638459103181,0.576844262295082,0.6526639344262295,0.6147540983606558,False
normal:normal2:526,0,0.0007572435424663,0.000942709040828,0.6413934426229508,0.5840163934426229,0.6127049180327868,False
normal:im:660,0,0.0005727668073328582,0.0012804913118695,0.610655737704918,0.6137295081967213,0.6121926229508197,False
normal:im:631,0,0.000235289496004026,0.0039659775599526,0.4887295081967213,0.7336065573770492,0.6111680327868853,False
normal:normal2:858,0,0.0019613897893577,0.0003626097459346,0.7407786885245902,0.4805327868852459,0.610655737704918,False
normal:im:465,0,0.0003780380939133,0.0018542328616604,0.5563524590163934,0.6588114754098361,0.6075819672131147,False
normal:normal2:1349,0,0.0016411553369835,0.0003745343419723,0.7295081967213115,0.48565573770491804,0.6075819672131147,False
normal:normal2:900,0,0.0002640557650011,0.0030796024948358,0.5010245901639344,0.7110655737704918,0.6060450819672132,False
normal:normal2:974,0,0.0008585242321714,0.0006722797988913,0.6618852459016393,0.5491803278688525,0.6055327868852459,False
normal:im:256,0,0.0001113451799028,0.0089286668226122,0.3975409836065574,0.8125,0.6050204918032787,False
normal:im:191,0,0.0002867490693461,0.0024816510267555,0.5204918032786885,0.6895491803278688,0.6050204918032787,False
normal:normal2:1204,0,0.0006854592938907,0.0009127528755925,0.6280737704918032,0.5809426229508197,0.6045081967213115,False
normal:im:709,0,0.000959686585702,0.0005832750466652,0.6741803278688525,0.5348360655737705,0.6045081967213115,False
normal:normal2:995,0,7.275825631341247e-05,0.0167667200245584,0.3463114754098361,0.8586065573770492,0.6024590163934427,False
normal:normal2:1330,0,0.0001044192395056,0.0093200234696269,0.38934426229508196,0.8145491803278688,0.6019467213114754,False
normal:im:471,0,0.0048358929343521,0.0001539723452879,0.819672131147541,0.3831967213114754,0.6014344262295082,False
normal:im:143,0,0.000127745050122,0.0072791744023561,0.4149590163934426,0.7879098360655737,0.6014344262295082,False
normal:im:625,0,0.000350456131855,0.0018539963057264,0.5450819672131147,0.6567622950819673,0.600922131147541,False
normal:im:133,0,0.0008556536049582,0.0006316229118965,0.6608606557377049,0.5399590163934426,0.6004098360655737,False
normal:im:177,0,0.0010966408299282,0.0004776796558871,0.6864754098360656,0.5133196721311475,0.5998975409836065,False
normal:normal2:1275,0,0.0001482294464949,0.0052516278810799,0.4395491803278688,0.7602459016393442,0.5998975409836065,False
normal:im:687,0,0.0051466766744852,0.0001308492501266,0.8247950819672131,0.3698770491803279,0.5973360655737705,False
normal:normal2:515,0,0.0001530650770291,0.0043268054723739,0.4487704918032787,0.7459016393442623,0.5973360655737705,False
normal:im:676,0,0.0001028005426633,0.0086345076560974,0.38729508196721313,0.8073770491803278,0.5973360655737705,False
normal:im:420,0,0.0007856768206693,0.0006758895469829,0.6434426229508197,0.5502049180327869,0.5968237704918034,False
normal:im:698,0,0.0012546243378892,0.0003755300422199,0.7049180327868853,0.48668032786885246,0.5957991803278688,False
normal:normal2:1005,0,0.0002290731936227,0.0028520554769784,0.48668032786885246,0.7049180327868853,0.5957991803278688,False
normal:im:630,0,0.0010353964753448,0.000459077215055,0.680327868852459,0.5092213114754098,0.5947745901639344,False
normal:im:522,0,0.0025935103185474,0.0001936628395924,0.7704918032786885,0.4139344262295082,0.5922131147540983,False
normal:im:369,0,0.0001449076953576,0.0046837469562888,0.4323770491803279,0.7489754098360656,0.5906762295081968,False
normal:normal2:826,0,0.0032456673216074,0.0001595036592334,0.7920081967213115,0.38934426229508196,0.5906762295081968,False
normal:normal2:1220,0,0.0004474230809137,0.001116840634495,0.5799180327868853,0.6004098360655737,0.5901639344262295,False
normal:im:534,0,0.0061713811010122,9.471372322877868e-05,0.8370901639344263,0.33709016393442626,0.5870901639344263,False
normal:im:656,0,0.00028030902717543553,0.0018542162530745,0.5153688524590164,0.6577868852459017,0.586577868852459,False
normal:normal2:437,0,0.0002708866377361,0.0019956289324909,0.5061475409836066,0.6670081967213115,0.586577868852459,False
normal:im:713,0,8.66905611474067e-05,0.0084341578185558,0.36885245901639346,0.8032786885245902,0.5860655737704918,False
normal:normal2:496,0,5.141642031958327e-05,0.0180580522865057,0.30635245901639346,0.8616803278688525,0.584016393442623,False
normal:normal2:402,0,0.0030837976373732,0.0001517837372375,0.7868852459016393,0.38114754098360654,0.5840163934426229,False
normal:normal2:464,0,0.0001171226540463,0.0053996630012989,0.4047131147540984,0.7622950819672131,0.5835040983606558,False
normal:normal2:1180,0,0.0001360797905363,0.0042342962697148,0.42213114754098363,0.7407786885245902,0.5814549180327869,False
normal:normal2:977,0,0.0005213849362917,0.0007964191609062,0.5973360655737705,0.5625,0.5799180327868853,False
normal:normal2:933,0,0.0004065134271513,0.001044898526743,0.5645491803278688,0.5952868852459017,0.5799180327868853,False
normal:im:614,0,0.0009774564532563,0.0003640076029114,0.6762295081967213,0.48258196721311475,0.579405737704918,False
normal:im:264,0,0.0055846371687948,7.831345283193514e-05,0.8340163934426229,0.3237704918032787,0.5788934426229508,False
normal:normal2:1290,0,7.862495840527117e-05,0.0083105582743883,0.35655737704918034,0.7991803278688525,0.5778688524590164,False
normal:im:548,0,0.0001161858162959,0.0048870095051825,0.4026639344262295,0.7530737704918032,0.5778688524590163,False
normal:normal2:1221,0,0.0005106783355586,0.0007820391329005,0.5942622950819673,0.5604508196721312,0.5773565573770492,False
normal:normal2:1323,0,0.0014911727048456,0.0002228644589195,0.7223360655737705,0.43135245901639346,0.576844262295082,False
normal:im:235,0,0.0004208344616927,0.0008869188022799,0.5717213114754098,0.576844262295082,0.5742827868852459,False
normal:normal2:907,0,0.0004415394505485,0.0008339093765243,0.5778688524590164,0.5706967213114754,0.5742827868852459,False
normal:normal2:979,0,0.0004286405164748,0.0008594131213612,0.5747950819672131,0.5727459016393442,0.5737704918032787,False
normal:normal2:833,0,0.0003090208338107,0.0013152380706742,0.5317622950819673,0.6147540983606558,0.5732581967213115,False
normal:normal2:1335,0,5.899488314753398e-05,0.0099893026053905,0.31864754098360654,0.8227459016393442,0.5706967213114754,False
normal:im:728,0,5.8994995924877e-05,0.0099241407588124,0.319672131147541,0.8217213114754098,0.5706967213114754,False
normal:normal2:1010,0,0.0006113438284955,0.0005321420612744,0.6147540983606558,0.5235655737704918,0.5691598360655739,False
normal:normal2:1113,0,0.0001473435113439,0.0026147370226681,0.4375,0.6977459016393442,0.5676229508196722,False
normal:normal2:629,0,8.37769330246374e-05,0.0058132726699113,0.36475409836065575,0.7704918032786885,0.5676229508196722,False
normal:normal2:1127,0,0.0002154514804715,0.0016630277968943,0.48258196721311475,0.6424180327868853,0.5625,False
normal:normal2:443,0,0.0045204572379589,6.552203558385372e-05,0.8135245901639344,0.3114754098360656,0.5625,False
normal:normal2:1270,0,0.0005591412191279,0.0004982783575542,0.6075819672131147,0.5163934426229508,0.5619877049180328,False
normal:normal2:821,0,0.0002933496143668,0.0010631445329636,0.5245901639344263,0.5983606557377049,0.5614754098360656,False
normal:im:295,0,0.0001123086185543,0.0035281088203191,0.39959016393442626,0.7223360655737705,0.5609631147540983,False
normal:normal2:797,0,0.0023274566046893,0.0001165790163213,0.764344262295082,0.35655737704918034,0.5604508196721312,False
normal:normal2:955,0,0.0003747045702766,0.0008126121247187,0.5543032786885246,0.5665983606557377,0.5604508196721312,False
normal:im:697,0,0.0004511334409471,0.0005942300776951,0.5809426229508197,0.5368852459016393,0.5589139344262295,False
normal:normal2:819,0,0.0013196535874158,0.0001841367775341,0.7079918032786885,0.4088114754098361,0.5584016393442623,False
normal:im:347,0,7.24428246030584e-05,0.0058294413611292,0.3452868852459016,0.7715163934426229,0.5584016393442622,False
normal:im:472,0,0.0003372307692188,0.0008378001512028,0.5420081967213115,0.5717213114754098,0.5568647540983607,False
normal:normal2:1306,0,0.0001188958631246,0.0028699601534754,0.4067622950819672,0.7059426229508197,0.5563524590163934,False
normal:im:222,0,0.0001710269716568,0.0017621917650103,0.4610655737704918,0.6506147540983607,0.5558401639344263,False
normal:normal2:1237,0,0.0031039745081216,7.188446033978835e-05,0.7879098360655737,0.3176229508196721,0.5527663934426229,False
normal:im:154,0,0.0005350624560378,0.000423370685894,0.6024590163934426,0.5010245901639344,0.5517418032786885,False
normal:im:385,0,0.000907625304535,0.0002227739751106,0.6659836065573771,0.430327868852459,0.548155737704918,False
normal:normal2:810,0,0.0002353976015001,0.0011943140998482,0.48975409836065575,0.6055327868852459,0.5476434426229508,False
normal:normal2:641,0,0.0003582537174224,0.0006521614268422,0.548155737704918,0.5450819672131147,0.5466188524590163,False
normal:normal2:650,0,0.0007966172415763,0.0002701948687899,0.6465163934426229,0.4456967213114754,0.5461065573770492,False
normal:normal2:478,0,0.0006673278403468,0.0002995863324031,0.625,0.46209016393442626,0.5435450819672132,False
normal:normal2:1018,0,3.213200398022309e-05,0.0096051199361681,0.26741803278688525,0.8176229508196722,0.5425204918032787,False
normal:im:623,0,0.0008842119132168,0.0002011454780586,0.6639344262295082,0.41905737704918034,0.5414959016393442,False
normal:im:345,0,0.0003747201990336,0.0005329842097125,0.555327868852459,0.5245901639344263,0.5399590163934427,False
normal:im:302,0,0.0020880715455859,8.789153798716143e-05,0.7448770491803278,0.32991803278688525,0.5373975409836065,False
normal:normal2:869,0,0.0001811301335692,0.0012214558664709,0.4661885245901639,0.6075819672131147,0.5368852459016393,False
normal:normal2:1135,0,0.0014089019969105,0.0001176131845568,0.7131147540983607,0.36065573770491804,0.5368852459016393,False
normal:im:507,0,0.0009619998163543,0.0001646828022785,0.6752049180327869,0.39549180327868855,0.5353483606557378,False
normal:normal2:394,0,4.9758127715904266e-05,0.0056902165524661,0.3012295081967213,0.7653688524590164,0.5332991803278688,False
normal:im:640,0,3.90609132712722e-05,0.0071526551619172,0.2786885245901639,0.7868852459016393,0.5327868852459017,False
normal:im:535,0,0.0002362283557886,0.0008296145242638,0.49077868852459017,0.569672131147541,0.5302254098360656,False
normal:im:270,0,0.0052005215547978,2.443810080876574e-05,0.8258196721311475,0.23155737704918034,0.5286885245901639,False
normal:im:526,0,1.7051102986442856e-05,0.0101532069966197,0.23258196721311475,0.8247950819672131,0.5286885245901639,False
normal:normal2:879,0,0.0025751853827387,4.841286499868147e-05,0.7684426229508197,0.28688524590163933,0.5276639344262295,False
normal:im:532,0,0.0001757589780027,0.0010080026695504,0.46209016393442626,0.5901639344262295,0.5261270491803278,False
normal:im:466,0,9.464356480748393e-06,0.018314067274332,0.1885245901639344,0.8637295081967213,0.5261270491803278,False
normal:normal2:1040,0,3.5982946428703144e-05,0.0064854761585593,0.2735655737704918,0.7776639344262295,0.5256147540983607,False
normal:normal2:583,0,0.0002913945354521,0.0005452397745102,0.5235655737704918,0.5256147540983607,0.5245901639344263,False
normal:normal2:1035,0,0.001397437416017,9.538062295177951e-05,0.7110655737704918,0.33811475409836067,0.5245901639344263,False
normal:normal2:830,0,0.0002717115276027,0.0006270944722928,0.5092213114754098,0.5389344262295082,0.524077868852459,False
normal:normal2:1138,0,0.0001698144187685,0.0009525806526653,0.4600409836065574,0.5850409836065574,0.5225409836065574,False
normal:im:392,0,3.804515654337592e-05,0.0057757510803639,0.2776639344262295,0.7663934426229508,0.5220286885245902,False
normal:im:358,0,0.0008359381463378,0.000156682668603,0.6536885245901639,0.38729508196721313,0.5204918032786885,False
normal:normal2:1134,0,0.0006214917520992,0.0001989032025448,0.6188524590163934,0.4180327868852459,0.5184426229508197,False
normal:im:521,0,0.0005160371074452,0.0002490961924195,0.5963114754098361,0.4375,0.516905737704918,False
normal:normal2:1337,0,4.416695446707308e-06,0.0277905724942684,0.13729508196721313,0.8954918032786885,0.5163934426229508,False
normal:normal2:836,0,0.0005748511175625,0.0002053719799732,0.6116803278688525,0.42110655737704916,0.5163934426229508,False
normal:im:551,0,0.0023033510466726336,3.785996492903602e-05,0.7633196721311475,0.26331967213114754,0.5133196721311475,False
normal:normal2:637,0,0.0008555117528885,0.0001248751214006,0.6598360655737705,0.36577868852459017,0.5128073770491803,False
normal:im:566,0,9.991564002120867e-05,0.0016546706901863,0.382172131147541,0.639344262295082,0.5107581967213115,False
normal:im:299,0,0.0003009088395629,0.0004037033359054,0.5266393442622951,0.4948770491803279,0.5107581967213115,False
normal:im:317,0,0.0001967851421795,0.000656385323964,0.4723360655737705,0.5461065573770492,0.5092213114754098,False
normal:normal2:1147,0,0.0001392670819768,0.001029523438774,0.42520491803278687,0.5932377049180327,0.5092213114754098,False
normal:im:724,0,0.0004160726384725,0.000270769407507,0.569672131147541,0.44672131147540983,0.5081967213114754,False
normal:normal2:509,0,0.0006458043353632,0.0001638079702388,0.6209016393442623,0.39344262295081966,0.507172131147541,False
normal:normal2:652,0,5.6482960644643754e-05,0.0026621571741998,0.3114754098360656,0.7008196721311475,0.5061475409836065,False
normal:normal2:680,0,7.844200445106253e-05,0.0017624360043555,0.3555327868852459,0.6516393442622951,0.5035860655737705,False
normal:im:245,0,0.0001961824746103,0.0005889895255677,0.4713114754098361,0.5358606557377049,0.5035860655737705,False
normal:normal2:655,0,0.0002713325375225,0.0004161905962973,0.507172131147541,0.4979508196721312,0.5025614754098361,False
normal:normal2:453,0,0.000408064952353,0.0002518092805985,0.5655737704918032,0.4395491803278688,0.502561475409836,False
normal:im:606,0,0.0021607379894703,3.263376129325479e-05,0.75,0.2510245901639344,0.5005122950819672,False
normal:normal2:541,0,4.678335244534537e-05,0.0027182463090866,0.29610655737704916,0.7028688524590164,0.4994877049180328,False
normal:normal2:919,0,9.77195959421806e-05,0.0013505149399861,0.38114754098360654,0.6157786885245902,0.4984631147540983,False
normal:im:543,0,0.00017690677668721625,0.000569585346966,0.4641393442622951,0.5317622950819673,0.4979508196721312,False
normal:im:604,0,0.0001586599537404,0.0006425427854992,0.45389344262295084,0.5420081967213115,0.4979508196721312,False
normal:normal2:1311,0,0.000694352434948,0.0001182292762678,0.6301229508196722,0.36270491803278687,0.4964139344262295,False
normal:im:182,0,0.000112658177386,0.0010113288881257,0.40061475409836067,0.5911885245901639,0.4959016393442623,False
normal:normal2:1151,0,7.021374767646194e-05,0.0017334594158455,0.3432377049180328,0.6475409836065574,0.4953893442622951,False
normal:im:478,0,0.000281084299786,0.0003505424829199,0.5163934426229508,0.47438524590163933,0.4953893442622951,False
normal:normal2:1422,0,6.339117680909112e-05,0.0018625480588525,0.32991803278688525,0.6608606557377049,0.4953893442622951,False
normal:im:531,0,0.0001376940963382208,0.0008108249930955,0.42418032786885246,0.5655737704918032,0.4948770491803278,False
normal:im:538,0,0.0005296488525345,0.0001559362717671,0.5993852459016393,0.38524590163934425,0.4923155737704918,False
normal:im:395,0,0.0009088260121643,6.873140227980912e-05,0.6670081967213115,0.3155737704918033,0.49129098360655743,False
normal:normal2:1244,0,0.004881938919425,6.218129328772193e-06,0.8206967213114754,0.16188524590163936,0.4912909836065574,False
normal:normal2:1155,0,0.0002073567011393,0.0004457875038497,0.4774590163934426,0.5030737704918032,0.4902663934426229,False
normal:normal2:962,0,1.8951715901494023e-05,0.0042958576232194,0.23565573770491804,0.7448770491803278,0.4902663934426229,False
normal:normal2:694,0,0.0010820404859259,5.129202691023238e-05,0.6854508196721312,0.29405737704918034,0.48975409836065575,False
normal:normal2:439,0,0.0028954658191651,1.3508857591659762e-05,0.7807377049180327,0.19569672131147542,0.4882172131147541,False
normal:normal2:528,0,0.0007869768305681,8.97870704648085e-05,0.6444672131147541,0.3319672131147541,0.4882172131147541,False
normal:im:739,0,0.0049160313792526,5.295482878864277e-06,0.8217213114754098,0.15368852459016394,0.48770491803278687,False
normal:normal2:1260,0,0.0005329137784428,0.0001379309542244,0.6014344262295082,0.3739754098360656,0.48770491803278687,False
normal:normal2:582,0,2.422643046884332e-05,0.0032194685190916,0.2551229508196721,0.7131147540983607,0.4841188524590164,False
normal:im:463,0,0.0021420666016638,2.16255102714058e-05,0.7489754098360656,0.2192622950819672,0.4841188524590164,False
normal:normal2:416,0,4.478103559359047e-05,0.002194552990962,0.2889344262295082,0.6793032786885246,0.4841188524590164,False
normal:normal2:1267,0,0.000132298329845,0.000657741096802,0.4180327868852459,0.5471311475409836,0.48258196721311475,False
normal:normal2:555,0,0.000101885694978874,0.0009047938161378,0.38422131147540983,0.5778688524590164,0.48104508196721313,False
normal:normal2:1176,0,0.0002888054877985,0.0002568165946286,0.5215163934426229,0.4405737704918033,0.4810450819672131,False
normal:normal2:815,0,0.0003620432980824,0.0001752556272549,0.5502049180327869,0.4057377049180328,0.47797131147540983,False
normal:normal2:429,0,0.0001368121593259,0.0005664390628226,0.42315573770491804,0.5307377049180327,0.4769467213114754,False
normal:im:719,0,0.0008330596028827,5.913829227210954e-05,0.6526639344262295,0.30020491803278687,0.47643442622950816,False
normal:im:145,0,1.664886440266855e-05,0.0035485713742673,0.22848360655737704,0.7243852459016393,0.47643442622950816,False
normal:normal2:530,0,6.749002932338044e-05,0.0012712470488622,0.3391393442622951,0.6127049180327869,0.475922131147541,False
normal:normal2:935,0,0.000176709567313,0.0003773100906983,0.46311475409836067,0.4887295081967213,0.475922131147541,False
normal:im:288,0,0.0004108124703634,0.0001511061709607,0.5676229508196722,0.3801229508196721,0.4738729508196722,False
normal:normal2:450,0,0.0011046279687434,3.516904325806536e-05,0.6885245901639344,0.25614754098360654,0.4723360655737705,False
normal:im:337,0,0.0004214175569359,0.0001347251672996,0.5727459016393442,0.3719262295081967,0.4723360655737705,False
normal:im:307,0,0.0004966387059539,0.0001075265972758,0.5891393442622951,0.3514344262295082,0.4702868852459017,False
normal:normal2:1093,0,0.0001412144774803,0.0004553649341687,0.4293032786885246,0.507172131147541,0.4682377049180328,False
normal:normal2:1318,0,5.646378485835157e-05,0.0015370271867141,0.3104508196721312,0.6260245901639344,0.4682377049180328,False
normal:normal2:1122,0,0.0004192064516246,0.0001236766838701,0.5706967213114754,0.36475409836065575,0.4677254098360656,False
normal:normal2:914,0,0.0002193347609136,0.000277507933788,0.48463114754098363,0.44979508196721313,0.4672131147540984,False
normal:im:473,0,1.316883663093904e-05,0.0036154140252619,0.2069672131147541,0.7264344262295082,0.4667008196721311,False
normal:normal2:490,0,0.0004086630360689,0.0001256267132703,0.5665983606557377,0.3668032786885246,0.4667008196721311,False
normal:normal2:1045,0,0.0003438568674027,0.0001594109053257,0.5440573770491803,0.38831967213114754,0.4661885245901639,False
normal:normal2:961,0,0.0001983260008273,0.0002910046896431,0.47540983606557374,0.45594262295081966,0.4656762295081967,False
normal:normal2:1128,0,4.643045213013761e-05,0.0015545318795678,0.29200819672131145,0.6290983606557377,0.4605532786885246,False
normal:im:662,0,0.0005519299884326,6.51656009722501e-05,0.6065573770491803,0.3104508196721312,0.45850409836065575,False
normal:im:325,0,8.231241372413933e-05,0.0007055313326418,0.36168032786885246,0.5543032786885246,0.4579918032786885,False
normal:normal2:1157,0,9.052539098775014e-05,0.000605980749242,0.375,0.5379098360655737,0.45645491803278687,False
normal:normal2:1223,0,0.0001485908869653,0.0003224300162401,0.4405737704918033,0.4713114754098361,0.45594262295081966,False
normal:normal2:992,0,0.0003524941857904,0.0001187650996143,0.5461065573770492,0.3637295081967213,0.45491803278688525,False
normal:im:221,0,0.0014165382599458,1.1807041119027415e-05,0.7141393442622951,0.19364754098360656,0.45389344262295084,False
normal:normal2:1088,0,0.0002508263569325,0.0001893009175546,0.4969262295081967,0.4108606557377049,0.45389344262295084,False
normal:normal2:820,0,0.0004640215192921,7.798078877385706e-05,0.5829918032786885,0.32274590163934425,0.45286885245901637,False
normal:im:453,0,4.662351921069785e-05,0.0012538123164631,0.29405737704918034,0.610655737704918,0.45235655737704916,False
normal:normal2:561,0,0.0001508090790593,0.0002916999801527,0.444672131147541,0.45901639344262296,0.451844262295082,False
normal:normal2:592,0,0.0014412393793463,1.042320036503952e-05,0.7172131147540983,0.1864754098360656,0.45184426229508196,False
normal:im:311,0,5.704048089683056e-05,0.0009961785981431,0.3145491803278688,0.5881147540983607,0.45133196721311475,False
normal:im:495,0,0.0021697918418794,4.197338057565503e-06,0.7520491803278688,0.14651639344262296,0.4492827868852459,False
normal:normal2:1203,0,5.950348167971242e-06,0.0040553454309701,0.15778688524590165,0.7387295081967213,0.4482581967213115,False
normal:im:160,0,0.0001450500858481,0.000295362639008,0.4344262295081967,0.4610655737704918,0.44774590163934425,False
normal:im:599,0,9.630864951759575e-05,0.0004978292854502,0.3790983606557377,0.5153688524590164,0.4472336065573771,False
normal:normal2:1294,0,9.127318844545808e-05,0.00050754975382,0.3760245901639344,0.5184426229508197,0.44723360655737704,False
normal:im:209,0,0.0005100566195324,5.9824338677572086e-05,0.5932377049180327,0.3012295081967213,0.447233606557377,False
normal:normal2:627,0,0.0002568695053923,0.0001639062538743,0.4989754098360656,0.3944672131147541,0.44672131147540983,False
normal:im:650,0,0.0005292059625692809,5.100815500706327e-05,0.5983606557377049,0.2930327868852459,0.4456967213114754,False
normal:normal2:1002,0,2.3788328689988703e-05,0.0016437825979664,0.2540983606557377,0.6362704918032787,0.44518442622950816,False
normal:normal2:775,0,4.914576948067406e-06,0.0042931381613016,0.14651639344262296,0.7438524590163934,0.44518442622950816,False
normal:im:753,0,0.000189431826584,0.0002020802785409,0.4682377049180328,0.42008196721311475,0.44415983606557374,False
normal:normal2:508,0,6.922024476807564e-05,0.0006437450647354,0.3411885245901639,0.5440573770491803,0.4426229508196721,False
normal:normal2:552,0,0.0006158451433293,3.955279680667445e-05,0.6168032786885246,0.26741803278688525,0.4421106557377049,False
normal:normal2:1124,0,0.0001563884725328,0.0002308474067831,0.45081967213114754,0.4334016393442623,0.4421106557377049,False
normal:im:391,0,6.096849756431766e-05,0.0007226672605611,0.32581967213114754,0.5563524590163934,0.4410860655737705,False
normal:im:583,0,0.0008012367761693,2.364024476264603e-05,0.6475409836065574,0.22950819672131148,0.43852459016393447,False
normal:im:331,0,0.0008408576250076,2.282623609062284e-05,0.6547131147540983,0.2223360655737705,0.4385245901639344,False
normal:im:309,0,0.0005122095462866,4.651554627344012e-05,0.5952868852459017,0.2817622950819672,0.4385245901639344,False
normal:normal2:888,0,4.2142870370298624e-05,0.0010144095867872,0.2827868852459016,0.5922131147540983,0.4375,False
normal:im:750,0,4.40144503954798e-05,0.0009829566115513,0.28688524590163933,0.5870901639344263,0.4369877049180328,False
normal:im:170,0,5.3034098527859896e-05,0.0008002838003449,0.3073770491803279,0.5635245901639344,0.4354508196721312,False
normal:normal2:1116,0,0.00014003945034346234,0.0002657494515005,0.42725409836065575,0.44364754098360654,0.4354508196721312,False
normal:im:554,0,2.6981779228663072e-05,0.0012523690238595,0.2612704918032787,0.6096311475409836,0.4354508196721312,False
normal:normal2:604,0,0.0007110012811608,2.512197352189105e-05,0.6342213114754098,0.2346311475409836,0.4344262295081967,False
normal:normal2:1058,0,0.0004734522663056,4.792937761521898e-05,0.5840163934426229,0.2848360655737705,0.4344262295081967,False
normal:im:562,0,0.0006490180385299,3.0349434382515028e-05,0.6219262295081968,0.2459016393442623,0.4339139344262295,False
normal:normal2:847,0,0.0003741049149539,6.704223778797314e-05,0.5532786885245902,0.3135245901639344,0.4334016393442623,False
normal:normal2:903,0,0.0015316944336518,3.527871058395249e-06,0.7243852459016393,0.13831967213114754,0.4313524590163934,False
normal:im:350,0,0.0007554837502539,2.221163049398456e-05,0.6403688524590164,0.22131147540983606,0.43084016393442626,False
normal:normal2:1008,0,0.0003087357617914,8.84678665897809e-05,0.5307377049180327,0.33094262295081966,0.4308401639344262,False
normal:im:410,0,0.0001918740745168,0.0001606798323336,0.4692622950819672,0.39139344262295084,0.430327868852459,False
normal:normal2:895,0,1.1371663276804613e-05,0.0019260618137195,0.19672131147540983,0.6629098360655737,0.4298155737704918,False
normal:normal2:1269,0,0.00010624890880232244,0.0003106391505222,0.39344262295081966,0.4651639344262295,0.4293032786885246,False
normal:normal2:1114,0,0.00122689420823,5.3303720051189885e-06,0.7028688524590164,0.15471311475409835,0.4287909836065574,False
normal:normal2:702,0,0.0001268832129426,0.0002683763450477,0.41290983606557374,0.444672131147541,0.4287909836065574,False
normal:im:446,0,0.0003730737953446,6.0167098126839846e-05,0.5522540983606558,0.30225409836065575,0.42725409836065575,False
normal:normal2:981,0,0.0006644820678047,2.415915332676377e-05,0.6239754098360656,0.2305327868852459,0.42725409836065575,False
normal:normal2:454,0,0.0005314369918778,3.338195529067889e-05,0.6004098360655737,0.2530737704918033,0.4267418032786885,False
normal:im:714,0,0.0001233749353559,0.0002632423420436,0.4098360655737705,0.4426229508196721,0.42622950819672134,False
normal:normal2:837,0,0.0001459974009776,0.0001964059192687,0.4354508196721312,0.4149590163934426,0.4252049180327869,False
normal:normal2:1144,0,0.0004802452458534,3.862561425194144e-05,0.5850409836065574,0.26536885245901637,0.4252049180327869,False
normal:im:249,0,3.601126809371635e-05,0.0008785901591181,0.27459016393442626,0.5758196721311475,0.42520491803278687,False
normal:im:620,0,2.58247479318167e-05,0.0009989236508166,0.2581967213114754,0.5891393442622951,0.42366803278688525,False
normal:normal2:1191,0,0.0001342223840765,0.0002167427446693,0.41905737704918034,0.42725409836065575,0.42315573770491804,False
normal:normal2:692,0,0.0004905482055619,3.622574877226725e-05,0.5881147540983607,0.2581967213114754,0.42315573770491804,False
normal:normal2:1350,0,0.0008464995771646,9.612900612410158e-06,0.6567622950819673,0.1834016393442623,0.42008196721311475,False
normal:normal2:753,0,0.0001885837264126,0.0001313464017584,0.4672131147540984,0.3709016393442623,0.41905737704918034,False
normal:im:255,0,7.899139745859429e-05,0.0003607000398915,0.35758196721311475,0.47950819672131145,0.4185450819672131,False
normal:im:427,0,0.0005057290545664,3.0255052479333244e-05,0.5911885245901639,0.24487704918032788,0.4180327868852459,False
normal:im:308,0,0.000119943950267,0.0002147818158846,0.4088114754098361,0.4262295081967213,0.41752049180327866,False
normal:im:568,0,0.0001975431514438,0.0001176116202259,0.47438524590163933,0.35963114754098363,0.4170081967213115,False
normal:im:557,0,0.0001075302861863,0.0002507599128875,0.3944672131147541,0.4385245901639344,0.41649590163934425,False
normal:normal2:811,0,1.3652029338118156e-05,0.0015362120466306,0.20799180327868852,0.625,0.41649590163934425,False
normal:im:458,0,0.0001093393439077,0.0002446157159283,0.39651639344262296,0.4354508196721312,0.4159836065573771,False
normal:im:440,0,0.00032879828359,4.9351623601978645e-05,0.5399590163934426,0.28790983606557374,0.41393442622950816,False
normal:im:669,0,0.0003861346922349,4.0573137084720656e-05,0.5573770491803278,0.2694672131147541,0.41342213114754095,False
normal:normal2:456,0,0.0006685547996312,1.4108672075963112e-05,0.6260245901639344,0.19979508196721313,0.41290983606557374,False
normal:im:434,0,0.0001530195295345,0.000143425684655,0.44774590163934425,0.3770491803278688,0.41239754098360654,False
normal:normal2:476,0,9.323132690042256e-05,0.0002597492130007,0.3770491803278688,0.4415983606557377,0.40932377049180324,False
normal:im:312,0,1.859486110333819e-05,0.0009206908871419,0.2346311475409836,0.5829918032786885,0.40881147540983603,False
normal:im:305,0,2.0375071471789852e-05,0.0008769517298787,0.24180327868852458,0.5747950819672131,0.4082991803278688,False
normal:im:542,0,0.0001467184920329,0.0001493874733569,0.4364754098360656,0.3790983606557377,0.4077868852459017,False
normal:normal2:1334,0,0.0003114375285804,4.36106784036383e-05,0.5327868852459017,0.2797131147540984,0.40625,False
normal:im:644,0,0.00022105756859976553,7.893769738605745e-05,0.48565573770491804,0.32581967213114754,0.4057377049180328,False
normal:im:189,0,0.0008185975020751,5.7591532822698355e-06,0.6506147540983607,0.15881147540983606,0.4047131147540984,False
normal:im:115,0,0.0003414011152926,3.950432801502757e-05,0.5430327868852459,0.26639344262295084,0.4047131147540984,False
normal:normal2:1060,0,8.588194759795442e-06,0.0015892665833234,0.17725409836065573,0.632172131147541,0.4047131147540984,False
normal:im:129,0,5.6611347645230126e-06,0.0017957319505512,0.15471311475409835,0.6547131147540983,0.4047131147540983,False
normal:im:274,0,0.0001264268212253,0.000166558267665,0.41188524590163933,0.39651639344262296,0.4042008196721312,False
normal:normal2:873,0,2.0874083929811604e-05,0.0008052276680245,0.24385245901639344,0.5645491803278688,0.4042008196721311,False
normal:im:500,0,0.0008449611486867,4.624323537427699e-06,0.6557377049180327,0.14959016393442623,0.4026639344262295,False
normal:normal2:976,0,7.2120424192689825e-06,0.0016471149865537,0.1680327868852459,0.6372950819672131,0.4026639344262295,False
normal:im:424,0,0.0001157160222646,0.0001712146331556,0.4016393442622951,0.39959016393442626,0.40061475409836067,False
normal:normal2:1182,0,0.0001030322455335,0.0001906865800265,0.38831967213114754,0.41188524590163933,0.4001024590163934,False
normal:normal2:648,0,2.068300318569527e-06,0.0030777992215007,0.08709016393442623,0.7100409836065574,0.39856557377049184,False
normal:im:220,0,0.0001053276646416,0.0001723821042105,0.39241803278688525,0.4016393442622951,0.39702868852459017,False
normal:normal2:1279,0,0.0003927221987396,2.470650360919535e-05,0.5584016393442623,0.2336065573770492,0.39600409836065575,False
normal:im:637,0,0.0003997713793069,2.3495662389905192e-05,0.5625,0.22745901639344263,0.39497950819672134,False
normal:normal2:1227,0,1.560331838845741e-05,0.0008226325153373,0.2192622950819672,0.5686475409836066,0.3939549180327869,False
normal:normal2:451,0,6.92996309226146e-06,0.0014588867779821,0.16598360655737704,0.6219262295081968,0.3939549180327869,False
normal:normal2:673,0,2.8040556117048254e-06,0.0023701905738562,0.10348360655737705,0.6844262295081968,0.3939549180327869,False
normal:normal2:1094,0,0.00035373280358420004,2.6233188551808933e-05,0.5471311475409836,0.2387295081967213,0.39293032786885246,False
normal:im:511,0,4.9873721006103246e-05,0.0003711540884978,0.30225409836065575,0.48360655737704916,0.39293032786885246,False
normal:normal2:952,0,0.0001487989065935,0.0001005093654384,0.4415983606557377,0.3442622950819672,0.39293032786885246,False
normal:normal2:946,0,3.5174914955860004e-05,0.0004771886160597,0.27151639344262296,0.5122950819672131,0.391905737704918,False
normal:im:275,0,6.0519501857925206e-05,0.0002915275981649,0.32274590163934425,0.45799180327868855,0.3903688524590164,False
normal:im:268,0,0.0001696954423096,7.052874570945278e-05,0.45901639344262296,0.3165983606557377,0.38780737704918034,False
normal:normal2:983,0,8.75552277648213e-05,0.0001751967635451,0.3698770491803279,0.4047131147540984,0.38729508196721313,False
normal:im:266,0,2.094189403578639e-05,0.0005531259230338,0.24487704918032788,0.5286885245901639,0.3867827868852459,False
normal:im:216,0,8.608186362835113e-06,0.0010383006883785,0.17827868852459017,0.5942622950819673,0.3862704918032787,False
normal:im:371,0,0.0002294364967383,4.6735374780837446e-05,0.48770491803278687,0.2838114754098361,0.3857581967213115,False
normal:normal2:473,0,3.924330485460814e-06,0.001655975705944,0.1290983606557377,0.6403688524590164,0.3847336065573771,False
normal:normal2:874,0,7.171917241066694e-05,0.0002145178150385,0.3442622950819672,0.42520491803278687,0.38473360655737704,False
normal:normal2:566,0,3.0507412702718284e-06,0.0018589762039482,0.1096311475409836,0.6598360655737705,0.38473360655737704,False
normal:normal2:831,0,0.0008497167145833,1.412693791280617e-06,0.6588114754098361,0.10450819672131148,0.3816598360655738,False
normal:normal2:1196,0,3.202667721780017e-05,0.0004061889485456,0.26639344262295084,0.4959016393442623,0.3811475409836066,False
normal:im:226,0,0.000279018015135,3.0492543373839e-05,0.514344262295082,0.24692622950819673,0.3806352459016394,False
normal:im:211,0,7.709021883783862e-05,0.0001811937108868,0.35348360655737704,0.4077868852459016,0.38063524590163933,False
normal:im:368,0,0.0004133568727411,1.0476475836185273e-05,0.5686475409836066,0.1875,0.3780737704918033,False
normal:normal2:557,0,2.2323753000819124e-05,0.0004512919695116,0.2510245901639344,0.5051229508196722,0.3780737704918033,False
normal:normal2:1277,0,0.00010172781442935253,0.0001363956883627,0.3831967213114754,0.3729508196721312,0.3780737704918033,False
normal:normal2:482,0,0.0002409424632787,3.784303044085391e-05,0.492827868852459,0.26229508196721313,0.3775614754098361,False
normal:im:608,0,0.00033410173879622743,1.8938378037347547e-05,0.5409836065573771,0.21311475409836064,0.3770491803278689,False
normal:normal2:1245,0,0.0001514347532065,6.296787614701316e-05,0.44672131147540983,0.30635245901639346,0.3765368852459017,False
normal:im:729,0,1.6169046830327716e-06,0.0021015300881117,0.07684426229508197,0.6752049180327869,0.37602459016393447,False
normal:normal2:682,0,0.0006020588916726,2.5122385522990953e-06,0.6137295081967213,0.13319672131147542,0.3734631147540984,False
normal:normal2:1106,0,0.0001319774019066,8.413119212491438e-05,0.41700819672131145,0.32786885245901637,0.3724385245901639,False
normal:normal2:511,0,0.0002662328188307,2.670640424184967e-05,0.5030737704918032,0.24077868852459017,0.3719262295081967,False
normal:normal2:1317,0,4.4240641727810726e-06,0.0011801683576777,0.13831967213114754,0.6045081967213115,0.3714139344262295,False
normal:im:401,0,1.6055040759965777e-05,0.0005077708628959,0.22336065573770492,0.5194672131147541,0.3714139344262295,False
normal:normal2:749,0,0.0001078568529919,0.0001008835679385,0.39549180327868855,0.3463114754098361,0.37090163934426235,False
normal:normal2:1110,0,1.0274237638441264e-06,0.0021525451447814,0.0625,0.6782786885245902,0.3703893442622951,False
normal:normal2:1293,0,6.875848339404911e-05,0.000170032333699,0.3401639344262295,0.3985655737704918,0.36936475409836067,False
normal:normal2:1315,0,0.0003086068609263,1.5908181012491696e-05,0.5297131147540983,0.2069672131147541,0.3683401639344262,False
normal:normal2:993,0,0.0002716358867473,2.3288843294722028e-05,0.5081967213114754,0.22643442622950818,0.3673155737704918,False
normal:normal2:796,0,1.4472059774561783e-05,0.0005092230276204,0.21413934426229508,0.5204918032786885,0.3673155737704918,False
normal:normal2:500,0,6.357497477438301e-05,0.0001726169721223,0.33094262295081966,0.4026639344262295,0.3668032786885246,False
normal:im:329,0,0.0004632087948266,4.923025244352175e-06,0.5819672131147541,0.15163934426229508,0.3668032786885246,False
normal:normal2:545,0,1.1590883332246449e-05,0.000581162283197,0.19774590163934427,0.5338114754098361,0.36577868852459017,False
normal:normal2:814,0,0.0001644798903726,4.190302570350468e-05,0.45799180327868855,0.2725409836065574,0.36526639344262296,False
normal:normal2:1025,0,2.6480449832888553e-06,0.0015888746129348,0.09938524590163934,0.6311475409836066,0.36526639344262296,False
normal:im:315,0,0.0002428671577945,2.538478838687297e-05,0.49385245901639346,0.23668032786885246,0.36526639344262296,False
normal:normal2:540,0,0.0002090649941237,3.3272968721576035e-05,0.47848360655737704,0.2520491803278688,0.3652663934426229,False
normal:im:229,0,7.781758176861331e-05,0.0001412047859048,0.35450819672131145,0.375,0.36475409836065575,False
normal:im:607,0,0.0001019136907416,0.0001001690252451,0.38524590163934425,0.3432377049180328,0.3642418032786885,False
normal:im:356,0,0.0001394503196934,5.2716331992996857e-05,0.4262295081967213,0.29508196721311475,0.360655737704918,False
normal:normal2:1126,0,0.0003071058890782,1.1309692126815207e-05,0.5286885245901639,0.1915983606557377,0.36014344262295084,False
normal:normal2:1273,0,8.396497287321836e-05,0.0001058068446582,0.3668032786885246,0.34938524590163933,0.35809426229508196,False
normal:im:298,0,2.0493964257184416e-05,0.0003477233403827,0.24282786885245902,0.4733606557377049,0.35809426229508196,False
normal:im:320,0,0.0001170570030808,6.432548980228603e-05,0.4036885245901639,0.3094262295081967,0.35655737704918034,False
normal:im:692,0,2.8308435503276996e-05,0.0002774084568955,0.26331967213114754,0.4487704918032787,0.35604508196721313,False
normal:im:261,0,0.000135993148433,5.003094702260569e-05,0.42110655737704916,0.29098360655737704,0.3560450819672131,False
normal:normal2:896,0,0.0003273195761721,7.560826816188637e-06,0.5389344262295082,0.17008196721311475,0.35450819672131145,False
normal:im:581,0,0.0003615959140006,5.578780474024825e-06,0.5491803278688525,0.1567622950819672,0.35297131147540983,False
normal:im:591,0,0.0002854183258023,1.0024069524661172e-05,0.5194672131147541,0.18545081967213115,0.3524590163934426,False
normal:normal2:936,0,2.0185461835353635e-05,0.0003079520538449,0.23975409836065573,0.4641393442622951,0.3519467213114754,False
normal:im:469,0,6.060631130822003e-05,0.0001423790236003,0.3237704918032787,0.3760245901639344,0.3498975409836066,False
normal:im:445,0,0.0008971893694251,7.85034899308812e-08,0.6649590163934426,0.03278688524590164,0.3488729508196721,False
normal:im:207,0,6.247512942536559e-07,0.0016998903593048,0.050204918032786885,0.6454918032786885,0.3478483606557377,False
normal:normal2:1300,0,8.137585973599926e-05,9.272745228372514e-05,0.35963114754098363,0.3350409836065574,0.3473360655737705,False
normal:im:505,0,1.617195541333179e-05,0.0003158519944766,0.22643442622950818,0.4672131147540984,0.3468237704918033,False
normal:normal2:865,0,6.680002115899697e-06,0.0005643475451506,0.16290983606557377,0.5297131147540983,0.34631147540983603,False
normal:normal2:485,0,5.071213672636077e-05,0.0001555465860292,0.3043032786885246,0.38422131147540983,0.3442622950819672,False
normal:normal2:520,0,1.675642852205783e-05,0.0002864004636649,0.22950819672131148,0.45389344262295084,0.3417008196721312,False
normal:normal2:507,0,6.113196286605671e-05,0.0001151357573689,0.32684426229508196,0.3555327868852459,0.3411885245901639,False
normal:normal2:684,0,4.2937655962305143e-05,0.000167175909155,0.2838114754098361,0.3975409836065574,0.34067622950819676,False
normal:normal2:1261,0,1.607025296834763e-05,0.0002910541370511,0.22438524590163936,0.4569672131147541,0.3406762295081967,False
normal:normal2:472,0,1.2262712516530884e-05,0.0003555468574631,0.2028688524590164,0.47848360655737704,0.3406762295081967,False
normal:normal2:683,0,3.1440301881957566e-06,0.0008185136830434,0.11270491803278689,0.5676229508196722,0.34016393442622955,False
normal:normal2:1158,0,0.0001609926694072,2.2860238459543325e-05,0.45594262295081966,0.22336065573770492,0.3396516393442623,False
normal:normal2:912,0,5.868677544640377e-05,0.0001181677434942,0.3176229508196721,0.36168032786885246,0.3396516393442623,False
normal:im:394,0,9.432130900677294e-05,5.8086563512915745e-05,0.3780737704918033,0.29918032786885246,0.3386270491803279,False
normal:im:282,0,0.0002719100157264,6.947240308363689e-06,0.5102459016393442,0.16598360655737704,0.33811475409836067,False
normal:normal2:923,0,0.0002432432811474,7.69479538575979e-06,0.4948770491803279,0.17315573770491804,0.33401639344262296,False
normal:normal2:1304,0,1.1779631677200086e-05,0.0003139236941933,0.19979508196721313,0.4661885245901639,0.3329918032786885,False
normal:im:751,0,7.828569323464762e-06,0.0003830822533927,0.17315573770491804,0.48975409836065575,0.3314549180327869,False
normal:normal2:913,0,9.01674695796828e-07,0.0011646187631413,0.05942622950819672,0.6024590163934426,0.33094262295081966,False
normal:normal2:1190,0,0.0002829041914083,3.5773114177573007e-06,0.5184426229508197,0.1403688524590164,0.32940573770491804,False
normal:im:455,0,5.332954970072024e-06,0.0004468459810595,0.1526639344262295,0.5040983606557377,0.3283811475409836,False
normal:im:670,0,4.20624201069586e-06,0.0005118157132528,0.13524590163934427,0.5215163934426229,0.3283811475409836,False
normal:im:766,0,0.0001622670679353,1.398928179696668e-05,0.4569672131147541,0.1987704918032787,0.32786885245901637,False
normal:normal2:887,0,1.5920548321446404e-05,0.0002361821825616,0.22131147540983606,0.4344262295081967,0.32786885245901637,False
normal:im:156,0,9.3434491645894e-06,0.0003168079128954,0.1864754098360656,0.4682377049180328,0.32735655737704916,False
normal:im:540,0,3.265465056756511e-05,0.0001563261612318,0.26844262295081966,0.3862704918032787,0.32735655737704916,False
normal:normal2:1347,0,0.0001581076649017,1.4308491699921431e-05,0.45286885245901637,0.20081967213114754,0.32684426229508196,False
normal:normal2:871,0,0.0001603019918547,1.2882863302365877e-05,0.45491803278688525,0.19467213114754098,0.32479508196721313,False
normal:normal2:1184,0,2.556718754931353e-06,0.0006799034308642,0.09631147540983606,0.5512295081967213,0.3237704918032787,False
normal:normal2:622,0,0.0001807486696634,8.28959218779346e-06,0.4651639344262295,0.18032786885245902,0.32274590163934425,False
normal:normal2:1253,0,4.180432370048948e-06,0.0004763124161399,0.13422131147540983,0.5112704918032787,0.32274590163934425,False
normal:im:601,0,6.519469752674922e-05,6.390484486473724e-05,0.3350409836065574,0.3084016393442623,0.32172131147540983,False
normal:im:372,0,8.874965715222061e-05,3.960518733947538e-05,0.3729508196721312,0.26844262295081966,0.3206967213114754,False
normal:im:147,0,0.0002133852394763,5.594540652964497e-06,0.48155737704918034,0.15778688524590165,0.319672131147541,False
normal:im:578,0,2.301610265931231e-06,0.0006668411660939,0.09118852459016394,0.548155737704918,0.31967213114754095,False
normal:normal2:1163,0,0.0002609426446724,2.5061674477910856e-06,0.5,0.13217213114754098,0.3160860655737705,False
normal:im:738,0,8.430040907114744e-05,3.8135021895868704e-05,0.367827868852459,0.26434426229508196,0.3160860655737705,False
normal:normal2:1185,0,0.0002689273096621,2.1548758013523184e-06,0.5051229508196722,0.12397540983606557,0.3145491803278689,False
normal:normal2:960,0,0.0001353740517515,1.5285122572095133e-05,0.42008196721311475,0.2038934426229508,0.3119877049180328,False
normal:im:530,0,6.569217475771438e-06,0.0002930854388978,0.16188524590163936,0.4600409836065574,0.3109631147540984,False
normal:normal2:386,0,5.287701242195908e-06,0.0003185764071531,0.15061475409836064,0.4692622950819672,0.3099385245901639,False
normal:im:343,0,4.625712244887836e-05,8.117931429296732e-05,0.29098360655737704,0.32684426229508196,0.3089139344262295,False
normal:normal2:942,0,3.0204143968148855e-06,0.0004554190090857,0.10860655737704918,0.5081967213114754,0.3084016393442623,False
normal:normal2:1226,0,3.7715169582952512e-06,0.000391781766666,0.12397540983606557,0.4918032786885246,0.3078893442622951,False
normal:im:168,0,1.393178081343649e-05,0.0001732713135425,0.21209016393442623,0.4036885245901639,0.3078893442622951,False
normal:normal2:563,0,9.339182724943385e-06,0.0002195766428485,0.18545081967213115,0.4293032786885246,0.3073770491803279,False
normal:normal2:875,0,4.491230811254354e-06,0.0003525883075781,0.13934426229508196,0.47540983606557374,0.3073770491803278,False
normal:normal2:1178,0,0.0002091076603392,2.4992173166538123e-06,0.47950819672131145,0.13114754098360656,0.305327868852459,False
normal:normal2:934,0,0.0001121893801609,1.6877127563930117e-05,0.3985655737704918,0.21004098360655737,0.3043032786885246,False
normal:normal2:899,0,3.62498599315586e-06,0.0003714337653946,0.12090163934426229,0.48463114754098363,0.30276639344262296,False
normal:normal2:898,0,5.4581778385909274e-05,5.3458592446986586e-05,0.3094262295081967,0.29610655737704916,0.3027663934426229,False
normal:im:283,0,0.0001194007563753,1.3758238310401794e-05,0.4077868852459016,0.19672131147540983,0.30225409836065575,False
normal:normal2:462,0,1.6784209947218187e-05,0.0001300935837207,0.2305327868852459,0.36885245901639346,0.29969262295081966,False
normal:im:257,0,0.0001450013951398,6.7312762439541984e-06,0.4334016393442623,0.16495901639344263,0.29918032786885246,False
normal:normal2:956,0,1.1708898455253802e-06,0.0005456525250338,0.06659836065573771,0.5276639344262295,0.2971311475409836,False
normal:im:686,0,6.973298150114715e-05,3.062470204895362e-05,0.3422131147540984,0.24795081967213115,0.29508196721311475,False
normal:normal2:1256,0,1.9375764168216847e-05,0.0001098776119761,0.23668032786885246,0.35348360655737704,0.29508196721311475,False
normal:normal2:931,0,6.333619239740074e-05,3.65347987099085e-05,0.32889344262295084,0.25922131147540983,0.29405737704918034,False
normal:normal2:489,0,8.172744855983183e-05,2.310681702510919e-05,0.36065573770491804,0.22540983606557377,0.2930327868852459,False
normal:im:353,0,3.218213805666892e-06,0.0003196518518961,0.11372950819672131,0.4702868852459016,0.29200819672131145,False
normal:normal2:1240,0,2.1176563677727245e-05,9.321506513515489e-05,0.2459016393442623,0.3360655737704918,0.29098360655737704,False
normal:normal2:521,0,5.997668267809786e-05,3.6612123949453235e-05,0.3206967213114754,0.26024590163934425,0.29047131147540983,False
normal:im:600,0,0.0001304415200138,6.38133587926859e-06,0.41598360655737704,0.16290983606557377,0.2894467213114754,False
normal:normal2:1280,0,2.698571734072175e-05,6.767337617930025e-05,0.26229508196721313,0.3145491803278688,0.288422131147541,False
normal:normal2:645,0,0.0001971916208276,1.3474506204147474e-06,0.4733606557377049,0.10245901639344263,0.28790983606557374,False
normal:normal2:954,0,0.0002763918018899,4.152611552399321e-07,0.5112704918032787,0.06454918032786885,0.28790983606557374,False
normal:im:314,0,5.1384962063139035e-08,0.0007447596290148,0.017418032786885244,0.5573770491803278,0.28739754098360654,False
normal:normal2:1026,0,0.0003062974428758,1.7175969446725506e-07,0.5276639344262295,0.04610655737704918,0.28688524590163933,False
normal:normal2:486,0,4.851843641517917e-06,0.0002180166193284,0.1444672131147541,0.42827868852459017,0.2863729508196721,False
normal:normal2:1089,0,9.59083354246104e-06,0.0001519776560598,0.19057377049180327,0.382172131147541,0.2863729508196721,False
normal:normal2:988,0,5.80407822781126e-06,0.0001964205439435,0.1557377049180328,0.41598360655737704,0.2858606557377049,False
normal:normal2:609,0,4.783123586094007e-06,0.0002092259383061,0.14344262295081966,0.42418032786885246,0.2838114754098361,False
normal:im:223,0,3.3464220905443653e-06,0.0002783659729175,0.11577868852459017,0.45081967213114754,0.2832991803278688,False
normal:normal2:403,0,7.576923235319555e-05,2.0160145140835084e-05,0.35040983606557374,0.2151639344262295,0.2827868852459016,False
normal:im:657,0,0.0001271813380299,4.897719009022694e-06,0.4139344262295082,0.15061475409836064,0.2822745901639344,False
normal:normal2:1310,0,4.022836947115138e-06,0.0002240114554297,0.13114754098360656,0.4323770491803279,0.2817622950819672,False
normal:normal2:455,0,1.523774358247465e-06,0.000375923118554,0.07274590163934426,0.48770491803278687,0.2802254098360656,False
normal:im:493,0,4.3511481635505334e-05,4.195861038169824e-05,0.2858606557377049,0.2735655737704918,0.2797131147540983,False
normal:im:616,0,1.2095368902009795e-06,0.000387247710023,0.06762295081967214,0.49077868852459017,0.2792008196721312,False
normal:im:240,0,1.047493014993961e-06,0.0003942240728065,0.06454918032786885,0.492827868852459,0.2786885245901639,False
normal:normal2:1442,0,6.895681508467533e-06,0.0001635769731365,0.16495901639344263,0.39241803278688525,0.2786885245901639,False
normal:im:590,0,2.2194690245669335e-05,6.388247857103124e-05,0.25,0.3073770491803279,0.2786885245901639,False
normal:normal2:1044,0,6.035536353010684e-05,2.5336319595226087e-05,0.32172131147540983,0.23565573770491804,0.2786885245901639,False
normal:normal2:1173,0,0.0001480924256611,2.0394602415763075e-06,0.4385245901639344,0.11782786885245902,0.2781762295081967,False
normal:normal2:1167,0,1.2262945347174536e-05,0.0001068941855919,0.2038934426229508,0.35040983606557374,0.2771516393442623,False
normal:normal2:1174,0,3.541445767041296e-05,4.3386928155086935e-05,0.2725409836065574,0.2786885245901639,0.27561475409836067,False
normal:normal2:1202,0,0.000150276813656,1.4330532849271549e-06,0.44364754098360654,0.10553278688524591,0.2745901639344262,False
normal:normal2:1145,0,0.0001499607751611,1.571480197526398e-06,0.4426229508196721,0.10655737704918032,0.2745901639344262,False
normal:normal2:503,0,4.031486241728999e-06,0.0001787201181286,0.13217213114754098,0.4067622950819672,0.2694672131147541,False
normal:normal2:808,0,0.0001244578743353,2.1367734461819055e-06,0.4108606557377049,0.12295081967213115,0.26690573770491804,False
normal:im:438,0,1.0212995221081655e-05,9.898571443045512e-05,0.1915983606557377,0.3411885245901639,0.26639344262295084,False
normal:normal2:877,0,9.497067367192358e-06,9.980261529562996e-05,0.18954918032786885,0.3422131147540984,0.26588114754098363,False
normal:im:624,0,2.339548723284679e-05,4.335614718797842e-05,0.2530737704918033,0.2776639344262295,0.2653688524590164,False
normal:im:617,0,1.5722687294328352e-06,0.0002879847015719,0.07479508196721311,0.45491803278688525,0.26485655737704916,False
normal:im:361,0,2.845877816071152e-06,0.0002069226029561,0.10553278688524591,0.42315573770491804,0.26434426229508196,False
normal:normal2:1120,0,4.3412295781308785e-05,2.8467944503063336e-05,0.2848360655737705,0.24282786885245902,0.26383196721311475,False
normal:normal2:1228,0,8.82188123796368e-06,0.0001037337569869,0.17930327868852458,0.3483606557377049,0.26383196721311475,False
normal:normal2:573,0,7.407199882436544e-05,8.146961590682622e-06,0.3483606557377049,0.17827868852459017,0.26331967213114754,False
normal:im:359,0,5.6541539379395545e-05,1.881539174064528e-05,0.3135245901639344,0.21209016393442623,0.26280737704918034,False
normal:im:210,0,4.650117989513092e-05,2.4580675017205067e-05,0.2930327868852459,0.23258196721311475,0.26280737704918034,False
normal:normal2:687,0,1.5846786993733988e-07,0.0004071150615345,0.025614754098360656,0.4969262295081967,0.26127049180327866,False
normal:normal2:698,0,8.429928129771724e-06,0.0001020582203636,0.17520491803278687,0.3473360655737705,0.26127049180327866,False
normal:normal2:857,0,2.5879887743940344e-06,0.0002058599493466,0.09836065573770492,0.42213114754098363,0.26024590163934425,False
normal:im:243,0,0.0001538929354865,4.7207933562276594e-07,0.44979508196721313,0.06864754098360656,0.25922131147540983,False
normal:normal2:594,0,1.7687539184407797e-06,0.000244721857598,0.08094262295081968,0.4364754098360656,0.2587090163934426,False
normal:normal2:647,0,2.88638261736196e-06,0.0001867166574811,0.10655737704918032,0.4098360655737705,0.2581967213114754,False
normal:im:628,0,9.632003639126197e-05,2.842723006324377e-06,0.3801229508196721,0.13524590163934427,0.2576844262295082,False
normal:im:646,0,6.47761862637708e-06,0.0001140151289291,0.1598360655737705,0.35450819672131145,0.257172131147541,False
normal:normal2:388,0,2.875626705645118e-07,0.0003540751349646,0.03381147540983607,0.4774590163934426,0.25563524590163933,False
normal:normal2:1059,0,1.702413101156708e-05,4.201570845907554e-05,0.23155737704918034,0.27459016393442626,0.2530737704918033,False
normal:normal2:807,0,2.4296441551996395e-05,3.077272413065657e-05,0.257172131147541,0.2489754098360656,0.2530737704918033,False
normal:normal2:643,0,1.3737914741795976e-05,5.08921111759264e-05,0.21004098360655737,0.29200819672131145,0.2510245901639344,False
normal:normal2:616,0,0.0001021355128614,1.7423152485207538e-06,0.3862704918032787,0.11270491803278689,0.2494877049180328,False
normal:im:439,0,1.1971693690308408e-05,5.7882783186376706e-05,0.20081967213114754,0.29815573770491804,0.2494877049180328,False
normal:normal2:894,0,1.3731117178394923e-05,5.002475154469721e-05,0.20901639344262296,0.2899590163934426,0.2494877049180328,False
normal:im:338,0,8.805318793747574e-05,2.180075171054341e-06,0.3709016393442623,0.1260245901639344,0.24846311475409835,False
normal:normal2:966,0,2.4271752408822067e-05,2.5887422452797185e-05,0.25614754098360654,0.23770491803278687,0.2469262295081967,False
normal:normal2:939,0,6.462498276960105e-05,5.91061098020873e-06,0.33299180327868855,0.1598360655737705,0.24641393442622953,False
normal:normal2:959,0,0.0001988095318665,9.3574863413437e-09,0.4764344262295082,0.01331967213114754,0.24487704918032788,False
normal:im:494,0,5.245161446509883e-06,9.608784603187814e-05,0.14856557377049182,0.3401639344262295,0.24436475409836067,False
normal:normal2:686,0,0.0001438719191355,2.682439799173153e-07,0.43135245901639346,0.055327868852459015,0.24334016393442623,False
normal:im:340,0,1.5673015241191024e-06,0.0001932913000928,0.07377049180327869,0.41290983606557374,0.2433401639344262,False
normal:im:718,0,6.525185654027155e-06,7.864108920330182e-05,0.16086065573770492,0.32479508196721313,0.24282786885245902,False
normal:im:294,0,2.1786929210065864e-05,2.3578506443300284e-05,0.2489754098360656,0.22848360655737704,0.2387295081967213,False
normal:normal2:491,0,4.798297231900506e-05,8.286248885269742e-06,0.29815573770491804,0.17930327868852458,0.2387295081967213,False
normal:normal2:1014,0,8.287192031275481e-05,1.7892041341838194e-06,0.3637295081967213,0.11372950819672131,0.23872950819672129,False
normal:im:681,0,8.108741167234257e-05,2.054597871392616e-06,0.35860655737704916,0.11885245901639344,0.23872950819672129,False
normal:normal2:1241,0,0.0001511067530373,7.158219972325243e-08,0.4456967213114754,0.030737704918032786,0.2382172131147541,False
normal:normal2:1327,0,5.105855962028727e-05,7.1983545240073e-06,0.305327868852459,0.16905737704918034,0.23719262295081966,False
normal:im:417,0,5.002370016882196e-05,7.562658993265359e-06,0.30327868852459017,0.1711065573770492,0.23719262295081966,False
normal:im:346,0,4.086900298716501e-05,1.1480367902549917e-05,0.2807377049180328,0.19262295081967212,0.23668032786885246,False
normal:im:166,0,8.263620838988572e-05,1.655021151236724e-06,0.36270491803278687,0.1096311475409836,0.23616803278688525,False
normal:im:727,0,6.474403198808432e-05,3.457357024672092e-06,0.33401639344262296,0.13729508196721313,0.23565573770491804,False
normal:normal2:1333,0,2.2975373212830164e-05,2.059708458546083e-05,0.2520491803278688,0.21618852459016394,0.23411885245901637,False
normal:im:506,0,1.0546660860200063e-06,0.0001721610024105,0.06557377049180328,0.40061475409836067,0.23309426229508198,False
normal:im:592,0,2.95648533210624e-06,0.0001167241862276,0.10758196721311475,0.35860655737704916,0.23309426229508196,False
normal:im:416,0,4.5520639105234295e-05,7.92374339653179e-06,0.2899590163934426,0.17520491803278687,0.23258196721311475,False
normal:im:250,0,0.0001414801372447,1.0054738908138461e-07,0.430327868852459,0.03483606557377049,0.23258196721311475,False
normal:normal2:392,0,8.81362720974721e-05,9.208117717207642e-07,0.3719262295081967,0.09221311475409837,0.23206967213114754,False
normal:normal2:1183,0,1.9661076748889172e-06,0.0001489781861891,0.08299180327868852,0.3780737704918033,0.23053278688524592,False
normal:im:633,0,5.7946646847995e-05,3.886500962835271e-06,0.3165983606557377,0.14344262295081966,0.2300204918032787,False
normal:im:632,0,9.037454583449288e-05,7.496972216358699e-07,0.3739754098360656,0.08401639344262295,0.22899590163934427,False
normal:im:700,0,3.617252150434069e-05,9.349795618618373e-06,0.27561475409836067,0.18237704918032788,0.22899590163934427,False
normal:im:734,0,6.21496292296797e-05,2.4486821530445013e-06,0.32786885245901637,0.13012295081967212,0.22899590163934425,False
normal:im:561,0,1.4734203432453796e-05,2.764512100839056e-05,0.21618852459016394,0.24180327868852458,0.22899590163934425,False
normal:im:694,0,0.0001400839246343,5.26632533137672e-08,0.42827868852459017,0.02459016393442623,0.2264344262295082,False
normal:im:475,0,3.5254258818895323e-06,9.100099123315886e-05,0.11782786885245902,0.33299180327868855,0.2254098360655738,False
normal:normal2:385,0,0.0001184255961561,1.504427018517163e-07,0.4057377049180328,0.04405737704918033,0.22489754098360656,False
normal:im:409,0,2.175178633478936e-05,1.451338357583154e-05,0.24795081967213115,0.20184426229508196,0.22489754098360654,False
normal:normal2:423,0,7.497645128751174e-05,1.0320461569790496e-06,0.34938524590163933,0.09631147540983606,0.2228483606557377,False
normal:im:428,0,2.0000627046101727e-05,1.5811847333679907e-05,0.2387295081967213,0.20594262295081966,0.2223360655737705,False
normal:normal2:414,0,3.686504896904807e-06,7.716148684266955e-05,0.12192622950819672,0.3206967213114754,0.22131147540983606,False
normal:normal2:862,0,0.0001048552730935,1.798174480427406e-07,0.39139344262295084,0.04815573770491803,0.21977459016393444,False
normal:normal2:978,0,5.246447017270839e-06,4.9724778364179656e-05,0.14959016393442623,0.2889344262295082,0.2192622950819672,False
normal:im:441,0,9.095831956074107e-06,3.4574455639813095e-05,0.18237704918032788,0.2551229508196721,0.21875,False
normal:normal2:626,0,1.8213415387435816e-05,1.4923330127203371e-05,0.2336065573770492,0.2028688524590164,0.2182377049180328,False
normal:normal2:1148,0,3.3351277579640737e-06,7.584521517856047e-05,0.11475409836065574,0.31864754098360654,0.21670081967213115,False
normal:normal2:1023,0,3.996612122136867e-06,6.156272138468921e-05,0.13012295081967212,0.30327868852459017,0.21670081967213115,False
normal:normal2:1346,0,6.691754970233887e-05,1.0002000863096328e-06,0.33811475409836067,0.0942622950819672,0.21618852459016394,False
normal:normal2:908,0,3.5772025057667634e-06,6.588467658730224e-05,0.11987704918032786,0.3125,0.21618852459016394,False
normal:normal2:1001,0,2.9935168640804477e-05,7.102417384885484e-06,0.26434426229508196,0.1680327868852459,0.2161885245901639,False
normal:normal2:506,0,3.367265162523836e-05,5.952243554929737e-06,0.2694672131147541,0.16086065573770492,0.2151639344262295,False
normal:normal2:1041,0,1.615832297829911e-05,1.5563087799819186e-05,0.22540983606557377,0.20491803278688525,0.2151639344262295,False
normal:normal2:924,0,8.828505087876692e-06,3.254913099226542e-05,0.18032786885245902,0.25,0.2151639344262295,False
normal:normal2:1004,0,9.173765647574328e-06,2.8674063287326135e-05,0.1834016393442623,0.24385245901639344,0.21362704918032788,False
normal:normal2:580,0,1.473664724471746e-05,1.660120688029565e-05,0.21721311475409835,0.20799180327868852,0.21260245901639344,False
normal:im:707,0,8.384119428228587e-05,3.329272715291154e-07,0.36577868852459017,0.0584016393442623,0.21209016393442623,False
normal:im:203,0,6.422803562600166e-05,8.20811919766129e-07,0.3319672131147541,0.09016393442622951,0.2110655737704918,False
normal:im:411,0,6.673072334706376e-07,0.000128607818624,0.05225409836065574,0.367827868852459,0.21004098360655737,False
normal:im:512,0,6.680562364635989e-06,3.358304820721969e-05,0.16393442622950818,0.2540983606557377,0.20901639344262296,False
normal:normal2:1286,0,6.651521107414737e-05,7.162930728554784e-07,0.3360655737704918,0.08196721311475409,0.20901639344262293,False
normal:im:695,0,1.0536423360463232e-05,2.1967020074953325e-05,0.19262295081967212,0.22028688524590165,0.20645491803278687,False
normal:normal2:512,0,9.418196782462472e-07,0.0001091249723685,0.060450819672131145,0.3524590163934426,0.20645491803278687,False
normal:normal2:399,0,6.753805905646004e-07,0.0001165884677902,0.05327868852459016,0.35758196721311475,0.20543032786885246,False
normal:normal2:1224,0,7.59734830353409e-05,3.505313657115039e-07,0.3514344262295082,0.05942622950819672,0.20543032786885246,False
normal:im:482,0,1.4157067198539153e-06,9.599068289389834e-05,0.06967213114754098,0.3391393442622951,0.20440573770491804,False
normal:im:242,0,9.073515684576703e-06,2.2953694497118704e-05,0.18135245901639344,0.22438524590163936,0.2028688524590164,False
normal:im:459,0,3.4166812838520855e-05,2.536391548346728e-06,0.27049180327868855,0.13422131147540983,0.2023565573770492,False
normal:im:754,0,3.667533383122645e-05,2.1865089365746826e-06,0.2766393442622951,0.12704918032786885,0.20184426229508196,False
normal:im:524,0,6.078121077734977e-05,5.52807932763244e-07,0.32479508196721313,0.07581967213114754,0.20030737704918034,False
normal:normal2:1037,0,3.858732725348091e-06,4.115521369385533e-05,0.12807377049180327,0.27151639344262296,0.19979508196721313,False
normal:normal2:1108,0,4.960131263942458e-05,1.1972160791628994e-06,0.30020491803278687,0.09733606557377049,0.1987704918032787,False
normal:im:386,0,5.449186210171319e-05,7.774857522235834e-07,0.3084016393442623,0.08709016393442623,0.19774590163934425,False
normal:normal2:915,0,4.668690235121176e-05,1.2348640439086012e-06,0.29508196721311475,0.09836065573770492,0.19672131147540983,False
normal:normal2:699,0,5.745582893723622e-05,6.182705760693352e-07,0.3155737704918033,0.07684426229508197,0.19620901639344263,False
normal:im:564,0,8.168240128725301e-07,9.236465120920911e-05,0.0584016393442623,0.33401639344262296,0.19620901639344263,False
normal:im:414,0,7.36597939976491e-05,1.6567189220495493e-07,0.3473360655737705,0.045081967213114756,0.19620901639344263,False
normal:im:748,0,6.675629992969334e-05,2.1036386499417858e-07,0.33709016393442626,0.050204918032786885,0.19364754098360656,False
normal:im:286,0,1.2760454410454258e-05,9.00426948646782e-06,0.20594262295081966,0.18135245901639344,0.19364754098360654,False
normal:normal2:1274,0,7.656464003957808e-05,7.491897946465542e-08,0.3524590163934426,0.031762295081967214,0.19211065573770492,False
normal:im:327,0,1.0564082003838848e-05,1.088213684852235e-05,0.19364754098360656,0.18954918032786885,0.1915983606557377,False
normal:normal2:640,0,1.1139271919091698e-05,1.0651598131516948e-05,0.19467213114754098,0.1885245901639344,0.1915983606557377,False
normal:normal2:986,0,4.772315605805488e-06,2.6556410375633277e-05,0.14241803278688525,0.23975409836065573,0.1910860655737705,False
normal:im:704,0,1.992755642277189e-05,3.614188472056412e-06,0.23770491803278687,0.1413934426229508,0.18954918032786883,False
normal:im:227,0,5.6521537771914154e-05,3.592860480239324e-07,0.3125,0.060450819672131145,0.1864754098360656,False
normal:im:330,0,1.6914906098008944e-07,0.0001005340964184,0.02663934426229508,0.3452868852459016,0.18596311475409835,False
normal:normal2:1319,0,1.3816536920785438e-05,5.081051767774625e-06,0.21106557377049182,0.1526639344262295,0.18186475409836067,False
normal:im:293,0,4.1701638110680506e-05,6.257733389247733e-07,0.2817622950819672,0.0778688524590164,0.1798155737704918,False
normal:im:117,0,1.9601563394644475e-07,8.714576688362285e-05,0.02971311475409836,0.32889344262295084,0.1793032786885246,False
normal:normal2:1218,0,3.922030202829774e-07,7.746575283817947e-05,0.036885245901639344,0.32172131147540983,0.17930327868852458,False
normal:normal2:661,0,4.834158244193531e-05,3.178969052441971e-07,0.29918032786885246,0.05737704918032787,0.17827868852459017,False
normal:normal2:1161,0,1.4622462458646623e-06,4.8234705900540575e-05,0.0706967213114754,0.2858606557377049,0.17827868852459017,False
normal:normal2:859,0,8.485679245495703e-06,7.978505891514942e-06,0.1762295081967213,0.1762295081967213,0.1762295081967213,False
normal:normal2:1285,0,1.4507364539895208e-05,3.030721018149052e-06,0.2151639344262295,0.1362704918032787,0.17571721311475408,False
normal:normal2:1096,0,1.4735216685342796e-06,4.224653658487417e-05,0.07172131147540983,0.27561475409836067,0.17366803278688525,False
normal:im:671,0,5.759344503530883e-07,6.295820639934391e-05,0.042008196721311473,0.305327868852459,0.17366803278688522,False
normal:im:742,0,4.781039137924381e-07,6.191467400640249e-05,0.039959016393442626,0.3043032786885246,0.1721311475409836,False
normal:im:404,0,1.0460999533279393e-07,7.71046252339147e-05,0.022540983606557378,0.319672131147541,0.1711065573770492,False
normal:im:324,0,1.1277704288659152e-05,3.6678345622931374e-06,0.19569672131147542,0.14241803278688525,0.16905737704918034,False
normal:normal2:1234,0,4.960729143022036e-07,5.549305569729768e-05,0.040983606557377046,0.29713114754098363,0.16905737704918034,False
normal:im:241,0,1.166940728580812e-05,3.554045406417572e-06,0.1987704918032787,0.13934426229508196,0.16905737704918034,False
normal:normal2:460,0,3.145460141240619e-05,5.274779937280982e-07,0.26536885245901637,0.07172131147540983,0.1685450819672131,False
normal:normal2:1090,0,6.815662914050336e-07,4.457633622223511e-05,0.05430327868852459,0.2807377049180328,0.1675204918032787,False
normal:im:502,0,3.728274350578431e-06,1.767141839081887e-05,0.12295081967213115,0.21106557377049182,0.16700819672131148,False
normal:normal2:849,0,4.281094788893824e-06,1.1099643415946048e-05,0.1362704918032787,0.19057377049180327,0.16342213114754098,False
normal:im:489,0,1.2227224033267705e-05,2.0689080884039868e-06,0.20184426229508196,0.11987704918032786,0.16086065573770492,False
normal:normal2:1056,0,5.821002105221851e-06,6.549437784997281e-06,0.1567622950819672,0.16393442622950818,0.1603483606557377,False
normal:normal2:668,0,4.715300019597635e-05,3.670356818474829e-08,0.29713114754098363,0.022540983606557378,0.1598360655737705,False
normal:im:374,0,5.9092423043694e-07,4.081669612787664e-05,0.0430327868852459,0.27049180327868855,0.15676229508196723,False
normal:im:408,0,2.147443956346251e-05,4.2981022829735593e-07,0.24692622950819673,0.06557377049180328,0.15625,False
normal:im:571,0,2.6268811780028045e-05,2.1679618100733933e-07,0.25922131147540983,0.05225409836065574,0.1557377049180328,False
normal:im:332,0,6.246714292501565e-07,3.693284816108644e-05,0.04918032786885246,0.2612704918032787,0.1552254098360656,False
normal:im:547,0,2.0717848201456945e-06,2.124108505086042e-05,0.08811475409836066,0.2182377049180328,0.15317622950819673,False
normal:normal2:1164,0,2.410606384728453e-06,1.670011624810286e-05,0.09528688524590163,0.20901639344262296,0.1521516393442623,False
normal:normal2:497,0,5.4480352673635934e-08,4.236881795804947e-05,0.0194672131147541,0.2766393442622951,0.14805327868852458,False
normal:im:667,0,4.42427844973281e-05,1.2669005844401227e-09,0.28790983606557374,0.007172131147540984,0.14754098360655737,False
normal:normal2:1321,0,2.2316470449368353e-08,4.6611548896180466e-05,0.010245901639344262,0.2827868852459016,0.14651639344262293,False
normal:im:556,0,1.5136638467083683e-05,5.288359830046829e-07,0.2182377049180328,0.07274590163934426,0.14549180327868852,False
normal:im:595,0,3.962150731240399e-05,6.551928999343203e-10,0.2797131147540984,0.006147540983606557,0.14293032786885246,False
normal:im:627,0,7.934049790492281e-06,1.7138906969194068e-06,0.17418032786885246,0.11065573770491803,0.14241803278688525,False
normal:im:119,0,2.034307544818148e-05,1.4526166580708377e-07,0.24077868852459017,0.0430327868852459,0.14190573770491804,False
normal:im:225,0,9.27144537854474e-06,1.0131017234016326e-06,0.18442622950819673,0.09528688524590163,0.1398565573770492,False
normal:normal2:870,0,1.0123869742528768e-06,2.0615398170775737e-05,0.06147540983606557,0.21721311475409835,0.13934426229508196,False
normal:normal2:1344,0,6.2467006500810385e-06,1.9504873307596422e-06,0.15881147540983606,0.11577868852459017,0.13729508196721313,False
normal:im:483,0,2.6656785848899744e-05,1.0860485843977584e-08,0.26024590163934425,0.014344262295081968,0.1372950819672131,False
normal:im:316,0,3.8141624827403575e-06,4.432586592884036e-06,0.125,0.14754098360655737,0.1362704918032787,False
normal:normal2:1030,0,3.819050562015036e-06,4.078868187207263e-06,0.12704918032786885,0.1444672131147541,0.13575819672131148,False
normal:im:276,0,2.0370462152641267e-06,9.834520824369974e-06,0.0860655737704918,0.18442622950819673,0.13524590163934427,False
normal:im:504,0,4.766380243381718e-06,2.285686150571564e-06,0.1413934426229508,0.12807377049180327,0.13473360655737704,False
normal:normal2:589,0,1.6470901755383238e-05,1.3309494306668057e-07,0.22745901639344263,0.0389344262295082,0.13319672131147542,False
normal:normal2:1343,0,2.255649405924487e-06,8.007036740309559e-06,0.08913934426229508,0.17725409836065573,0.13319672131147542,False
normal:normal2:1292,0,2.322065711268806e-06,7.611672117491253e-06,0.09221311475409837,0.1721311475409836,0.13217213114754098,False
normal:normal2:1016,0,7.592677775392076e-06,7.822509360266849e-07,0.1721311475409836,0.08811475409836066,0.13012295081967212,False
normal:im:721,0,1.100066371328978e-09,3.575908704078756e-05,0.0010245901639344263,0.257172131147541,0.1290983606557377,False
normal:normal2:1028,0,5.651360424963059e-06,1.3974503190183896e-06,0.15368852459016394,0.10348360655737705,0.1285860655737705,False
normal:im:388,0,1.5974279449437745e-05,5.549620851752479e-08,0.2223360655737705,0.027663934426229508,0.125,False
normal:im:379,0,1.5743793483125046e-05,5.2951826035041456e-08,0.22028688524590165,0.025614754098360656,0.12295081967213115,False
normal:im:705,0,1.36060759814427e-06,7.828763955330942e-06,0.06864754098360656,0.17418032786885246,0.12141393442622951,False
normal:normal2:905,0,5.087616955279373e-06,9.107941991715052e-07,0.14754098360655737,0.09118852459016394,0.11936475409836066,False
normal:normal2:948,0,3.5466403005557368e-06,2.0032739485031925e-06,0.11885245901639344,0.1168032786885246,0.11782786885245902,False
normal:im:141,0,1.6218064047279768e-06,5.3387511798064224e-06,0.0778688524590164,0.1557377049180328,0.1168032786885246,False
normal:normal2:1320,0,4.505370270635467e-06,8.173195737981587e-07,0.1403688524590164,0.08913934426229508,0.11475409836065574,False
normal:im:675,0,1.4013408872415312e-05,1.3385916375341368e-08,0.21311475409836064,0.015368852459016393,0.11424180327868852,False
normal:im:733,0,2.6006382825016772e-08,1.9521565263858065e-05,0.01331967213114754,0.21413934426229508,0.11372950819672131,False
normal:normal2:475,0,3.096712589467643e-06,1.9457293092273176e-06,0.11168032786885246,0.11475409836065574,0.1132172131147541,False
normal:normal2:410,0,3.815690433839336e-06,1.27931025417638e-06,0.1260245901639344,0.09938524590163934,0.11270491803278687,False
normal:normal2:906,0,9.38644188863691e-06,1.263318409883141e-07,0.1875,0.035860655737704916,0.11168032786885246,False
normal:normal2:975,0,1.2529374544101302e-05,4.932215080799551e-09,0.20491803278688525,0.011270491803278689,0.10809426229508197,False
normal:normal2:987,0,3.4339429078045214e-08,1.3844512977811974e-05,0.015368852459016393,0.19774590163934427,0.10655737704918034,False
normal:normal2:1175,0,2.829720870067831e-06,1.5969186506481492e-06,0.10450819672131148,0.10758196721311475,0.10604508196721311,False
normal:normal2:843,0,4.857677140535088e-06,3.945680475681002e-07,0.14549180327868852,0.06352459016393443,0.10450819672131148,False
normal:normal2:1205,0,5.29972658114275e-06,2.777041743229347e-07,0.15163934426229508,0.05635245901639344,0.10399590163934426,False
normal:normal2:1262,0,7.4006011345773e-06,7.991940975671241e-08,0.1711065573770492,0.03381147540983607,0.10245901639344263,False
normal:normal2:409,0,6.94000902967673e-07,4.141583303862717e-06,0.055327868852459015,0.14549180327868852,0.10040983606557377,False
normal:im:381,0,4.105334483028855e-06,4.303155094476097e-07,0.13319672131147542,0.06659836065573771,0.09989754098360656,False
normal:normal2:407,0,2.280915168739739e-06,1.6539893294975627e-06,0.09016393442622951,0.10860655737704918,0.09938524590163934,False
normal:im:609,0,2.572003268141998e-06,1.3244265346656905e-06,0.09733606557377049,0.10040983606557377,0.09887295081967212,False
normal:normal2:633,0,2.779168653432862e-06,7.585755952277395e-07,0.10245901639344263,0.0860655737704918,0.0942622950819672,False
normal:im:529,0,7.1489666879642755e-06,1.7149938358329564e-08,0.16700819672131148,0.0194672131147541,0.0932377049180328,False
normal:normal2:842,0,5.1716515514499406e-08,7.100046786945313e-06,0.018442622950819672,0.16700819672131148,0.09272540983606557,False
normal:normal2:663,0,7.230504706967622e-06,8.57082760319372e-09,0.16905737704918034,0.012295081967213115,0.09067622950819673,False
normal:normal2:1187,0,3.5154616853105836e-06,3.896789735335915e-07,0.1168032786885246,0.0625,0.08965163934426229,False
normal:normal2:550,0,7.239294973260257e-06,2.282773303718954e-09,0.17008196721311475,0.00819672131147541,0.08913934426229508,False
normal:normal2:672,0,7.408372653117112e-07,2.076367536574253e-06,0.05635245901639344,0.12090163934426229,0.08862704918032786,False
normal:normal2:893,0,6.625134005844302e-07,2.1708699478040216e-06,0.05122950819672131,0.125,0.08811475409836066,False
normal:normal2:523,0,1.6047581539169189e-06,9.583953897163155e-07,0.07581967213114754,0.0932377049180328,0.08452868852459017,False
normal:normal2:1201,0,1.7990731748795952e-06,6.868791047054401e-07,0.08196721311475409,0.08094262295081968,0.08145491803278689,False
normal:normal2:1307,0,2.6505261985221296e-07,2.397224761807593e-06,0.03278688524590164,0.1290983606557377,0.08094262295081968,False
normal:normal2:547,0,3.060497647311422e-06,2.1585400133972146e-07,0.11065573770491803,0.05122950819672131,0.08094262295081966,False
normal:im:365,0,2.5049669005738906e-08,4.47580305262818e-06,0.011270491803278689,0.14856557377049182,0.07991803278688525,False
normal:im:679,0,3.210067802683625e-07,2.082936362057808e-06,0.03483606557377049,0.12192622950819672,0.0783811475409836,False
normal:normal2:669,0,4.399407771416009e-07,1.3286633020470615e-06,0.0389344262295082,0.1014344262295082,0.0701844262295082,False
normal:normal2:516,0,2.0361837869131705e-06,2.3119028469409386e-07,0.08504098360655737,0.05327868852459016,0.06915983606557377,False
normal:normal2:601,0,2.7668083930620924e-06,1.3243112562122408e-07,0.10040983606557377,0.036885245901639344,0.06864754098360656,False
normal:im:239,0,7.702517450525193e-07,6.362319027175545e-07,0.05737704918032787,0.07889344262295082,0.06813524590163934,False
normal:im:658,0,2.3579107164550805e-06,1.3913476948346218e-07,0.0932377049180328,0.040983606557377046,0.06711065573770492,False
normal:normal2:825,0,2.773280584733584e-06,6.559762510960354e-08,0.1014344262295082,0.028688524590163935,0.06506147540983606,False
normal:normal2:518,0,1.97547637981188e-06,1.326551171132451e-07,0.08401639344262295,0.03790983606557377,0.06096311475409836,False
normal:im:363,0,3.92644636804107e-07,7.192694511104492e-07,0.03790983606557377,0.08299180327868852,0.060450819672131145,False
normal:normal2:838,0,1.9260653516539605e-08,1.7310529756286996e-06,0.009221311475409836,0.11168032786885246,0.060450819672131145,False
normal:normal2:846,0,6.22731818111788e-07,4.4986538227931305e-07,0.0471311475409836,0.06762295081967214,0.05737704918032787,False
normal:normal2:1322,0,6.17957027770899e-07,5.002937086828751e-07,0.045081967213114756,0.06967213114754098,0.05737704918032786,False
normal:normal2:1282,0,1.0296828349964926e-06,1.9613624147041267e-07,0.06352459016393443,0.04918032786885246,0.05635245901639344,False
normal:normal2:809,0,2.321467036381364e-07,6.537367198689026e-07,0.031762295081967214,0.07991803278688525,0.05584016393442623,False
normal:normal2:1136,0,6.197878406055679e-07,3.851735925763933e-07,0.04610655737704918,0.06147540983606557,0.053790983606557374,False
normal:normal2:917,0,4.952551435621899e-08,7.582985972476308e-07,0.01639344262295082,0.08504098360655737,0.0507172131147541,False
normal:im:375,0,1.7394330598108354e-06,1.4915592316810944e-08,0.07991803278688525,0.017418032786885244,0.04866803278688525,False
normal:im:319,0,2.360635562581592e-06,2.1004264993962352e-10,0.0942622950819672,0.0030737704918032786,0.048668032786885244,False
normal:normal2:1351,0,8.487118208222456e-08,5.252887831375119e-07,0.02151639344262295,0.0706967213114754,0.046106557377049176,False
normal:im:339,0,1.7242846297449432e-06,4.929673336206973e-10,0.07889344262295082,0.004098360655737705,0.04149590163934427,False
normal:im:563,0,1.7306678756767724e-08,5.306486059453164e-07,0.00819672131147541,0.07377049180327869,0.040983606557377046,False
normal:im:382,0,9.744825391067025e-09,5.426095981420076e-07,0.005122950819672131,0.07479508196721311,0.039959016393442626,False
normal:normal2:529,0,1.564778955298607e-07,2.3272836813248435e-07,0.02459016393442623,0.05430327868852459,0.039446721311475405,False
normal:im:218,0,1.5183086077286134e-07,1.3437185941711505e-07,0.0235655737704918,0.039959016393442626,0.031762295081967214,False
normal:normal2:1329,0,2.071714391149726e-07,7.080642916434955e-08,0.030737704918032786,0.02971311475409836,0.030225409836065573,False
normal:normal2:777,0,1.1257462517733074e-08,1.7528419959944588e-07,0.006147540983606557,0.0471311475409836,0.02663934426229508,False
normal:im:423,0,1.7404771313067613e-07,4.8228727678178984e-08,0.027663934426229508,0.0235655737704918,0.025614754098360656,False
normal:normal2:493,0,1.7662713958088719e-07,3.4182658481540784e-08,0.028688524590163935,0.02151639344262295,0.025102459016393443,False
normal:normal2:1342,0,6.24573203822365e-07,1.2178662245343475e-10,0.04815573770491803,0.0020491803278688526,0.025102459016393443,False
normal:im:485,0,1.2713236685613085e-08,1.3935307663359708e-07,0.007172131147540984,0.042008196721311473,0.02459016393442623,False
normal:im:712,0,3.659393144062051e-07,3.9631236070647455e-09,0.035860655737704916,0.010245901639344262,0.023053278688524588,False
normal:im:140,0,6.047806664355448e-07,3.376165720690022e-13,0.04405737704918033,0.0010245901639344263,0.022540983606557378,False
normal:normal2:666,0,2.5120051816429626e-08,5.3231719476798396e-08,0.012295081967213115,0.02663934426229508,0.0194672131147541,False
normal:normal2:418,0,7.673792623563713e-08,1.3756803696196584e-08,0.020491803278688523,0.01639344262295082,0.018442622950819672,False
normal:normal2:1303,0,2.7948976466518616e-08,3.058525521737465e-08,0.014344262295081968,0.020491803278688523,0.017418032786885244,False
normal:normal2:596,0,6.526488238733918e-09,1.659599391246047e-08,0.0030737704918032786,0.018442622950819672,0.010758196721311475,False
normal:normal2:1109,0,7.637459553677672e-09,3.4377747315517126e-09,0.004098360655737705,0.009221311475409836,0.006659836065573771,False
normal:normal2:440,0,6.145328246276449e-09,5.371325606517985e-10,0.0020491803278688526,0.005122950819672131,0.0035860655737704914,False
