group_id,label,p_resnet,p_densenet,rank_resnet,rank_densenet,hardness,hard_normal
normal:normal2:741,0,0.8848179578781128,0.8955060243606567,0.9979529170931423,0.9969293756397134,0.9974411463664279,True
normal:normal2:1356,0,0.7944586873054504,0.9952515363693236,0.9948822927328557,0.9989764585465711,0.9969293756397134,True
normal:normal2:855,0,0.8357330560684204,0.8762806057929993,0.9959058341862845,0.9948822927328557,0.9953940634595702,True
normal:normal2:611,0,0.7650535702705383,0.9810356497764589,0.9928352098259979,0.9979529170931423,0.9953940634595702,True
normal:normal2:1064,0,0.94852614402771,0.7564007639884949,0.9989764585465711,0.9918116683725691,0.9953940634595702,True
normal:normal2:723,0,0.7747952342033386,0.8844314813613892,0.9938587512794268,0.9959058341862845,0.9948822927328557,True
normal:normal2:1250,0,0.4987598657608032,0.8336058855056763,0.9856704196519959,0.9938587512794268,0.9897645854657113,True
normal:normal2:941,0,0.857049822807312,0.4311482906341553,0.9969293756397134,0.9805527123848515,0.9887410440122825,True
normal:normal2:736,0,0.4855540096759796,0.699634850025177,0.984646878198567,0.9907881269191402,0.9877175025588536,True
normal:im:279,0,0.5477716326713562,0.6291235089302063,0.9866939611054247,0.9877175025588536,0.9872057318321392,True
normal:normal2:425,0,0.352530688047409,0.6351497173309326,0.9805527123848515,0.9887410440122825,0.984646878198567,True
normal:normal2:1419,0,0.1864214986562729,0.6472603678703308,0.9723643807574207,0.9897645854657113,0.981064483111566,True
normal:normal2:1357,0,0.5651888251304626,0.2578266859054565,0.9887410440122825,0.9723643807574207,0.9805527123848516,True
normal:normal2:665,0,0.3752049207687378,0.3925894200801849,0.9815762538382804,0.9764585465711362,0.9790174002047083,True
normal:normal2:1086,0,0.2271854281425476,0.4976942539215088,0.9744114636642784,0.9825997952917093,0.9785056294779939,True
normal:normal2:725,0,0.1542094051837921,0.5244472622871399,0.9682702149437052,0.9856704196519959,0.9769703172978506,True
normal:im:580,0,0.2588324248790741,0.3281707167625427,0.9764585465711362,0.9754350051177073,0.9759467758444218,True
normal:normal2:771,0,0.6411490440368652,0.1396660059690475,0.9907881269191402,0.9559877175025588,0.9733879222108495,True
normal:normal2:1365,0,0.1091067194938659,0.3977644145488739,0.9662231320368475,0.977482088024565,0.9718526100307063,True
normal:normal2:1396,0,0.3994592726230621,0.1620504409074783,0.9825997952917093,0.9590583418628454,0.9708290685772774,True
normal:normal2:1406,0,0.1958146095275879,0.228351205587387,0.9733879222108496,0.9662231320368475,0.9698055271238486,True
normal:normal2:1436,0,0.5616641044616699,0.1180440634489059,0.9877175025588536,0.9508700102354145,0.969293756397134,True
normal:normal2:531,0,0.0768706277012825,0.427051842212677,0.9580348004094166,0.9795291709314228,0.9687819856704196,True
normal:normal2:980,0,0.6220141053199768,0.0992598384618759,0.9897645854657113,0.9426816786079836,0.9662231320368475,True
normal:normal2:1438,0,0.057644136250019,0.5186436772346497,0.9447287615148413,0.984646878198567,0.9646878198567042,True
normal:normal2:621,0,0.242872804403305,0.1194793507456779,0.9754350051177073,0.9518935516888434,0.9636642784032754,True
normal:im:546,0,0.0978194326162338,0.1813145875930786,0.9641760491299898,0.9631525076765609,0.9636642784032754,True
normal:im:691,0,0.3484501540660858,0.1075742468237876,0.9795291709314228,0.9457523029682702,0.9626407369498464,True
normal:im:735,0,0.0381845012307167,0.7770262956619263,0.932446264073695,0.9928352098259979,0.9626407369498464,True
normal:normal2:803,0,0.0642455965280532,0.3106811940670013,0.9488229273285568,0.9744114636642784,0.9616171954964177,True
normal:im:301,0,0.0518403127789497,0.4319980442523956,0.9406345957011258,0.9815762538382804,0.9611054247697031,True
normal:im:377,0,0.0602616108953952,0.2537314593791961,0.946775844421699,0.9713408393039918,0.9590583418628454,True
normal:normal2:718,0,0.0736894160509109,0.1425274163484573,0.9559877175025588,0.9580348004094166,0.9570112589559877,True
normal:im:732,0,0.3399247825145721,0.0786441415548324,0.9785056294779939,0.932446264073695,0.9554759467758445,True
normal:normal2:876,0,0.069735862314701,0.1179283484816551,0.9529170931422722,0.9498464687819856,0.951381780962129,True
normal:normal2:419,0,0.4282214045524597,0.05392986536026,0.9836233367451381,0.917093142272262,0.9503582395087,True
normal:normal2:793,0,0.050191443413496,0.1283743679523468,0.9396110542476971,0.95496417604913,0.9472876151484135,True
normal:im:326,0,0.0557098239660263,0.114673413336277,0.9437052200614124,0.9488229273285568,0.9462640736949846,True
normal:normal2:1015,0,0.0360178090631961,0.1398478001356125,0.9293756397134084,0.9570112589559877,0.9431934493346981,True
normal:normal2:1427,0,0.6954306960105896,0.0379371829330921,0.9918116683725691,0.8925281473899693,0.9421699078812692,True
normal:normal2:1214,0,0.0350247956812381,0.1239492148160934,0.9283520982599796,0.9539406345957011,0.9411463664278403,True
normal:normal2:1051,0,0.0272546987980604,0.174119547009468,0.9191402251791198,0.962128966223132,0.940634595701126,True
normal:im:651,0,0.0229280441999435,0.2330290675163269,0.9119754350051177,0.9672466734902764,0.939611054247697,True
normal:normal2:1264,0,0.037964429706335,0.106180228292942,0.9314227226202662,0.9447287615148413,0.9380757420675537,True
normal:normal2:1379,0,0.1570859551429748,0.0478983111679554,0.9692937563971341,0.9058341862845445,0.9375639713408392,True
normal:normal2:659,0,0.1621169596910476,0.0469039119780063,0.970317297850563,0.9048106448311156,0.9375639713408392,True
normal:normal2:1430,0,0.1246287822723388,0.0468798466026783,0.9672466734902764,0.9037871033776868,0.9355168884339815,True
normal:normal2:1247,0,0.0482846572995185,0.0724716186523437,0.9385875127942682,0.9283520982599796,0.9334698055271239,True
normal:im:228,0,0.0270968079566955,0.1081085205078125,0.9181166837256909,0.946775844421699,0.932446264073695,True
normal:im:517,0,0.03741524863289665,0.0777885646093636,0.9303991811668373,0.9314227226202662,0.9309109518935517,True
normal:im:237,0,0.0136913144960999,0.3033948540687561,0.887410440122825,0.9733879222108496,0.9303991811668373,True
normal:normal2:1084,0,0.0187504757195711,0.1200979799032211,0.8986693961105425,0.9529170931422722,0.9257932446264074,True
normal:normal2:1271,0,0.0705501139163971,0.0430672541260719,0.9539406345957011,0.8966223132036848,0.925281473899693,True
normal:normal2:569,0,0.0097132679075002,0.5016514658927917,0.8659160696008188,0.9836233367451381,0.9247697031729785,True
normal:im:265,0,0.0294412057846784,0.0690821781754493,0.9222108495394064,0.9263050153531218,0.9242579324462641,True
normal:normal2:854,0,0.3252590298652649,0.0225196182727813,0.977482088024565,0.8659160696008188,0.921699078812692,True
normal:normal2:1328,0,0.0603102855384349,0.0373075827956199,0.9477993858751279,0.8915046059365405,0.9196519959058342,True
normal:normal2:1440,0,0.0172940902411937,0.0989512130618095,0.8966223132036848,0.9416581371545547,0.9191402251791198,True
normal:normal2:840,0,0.0347910746932029,0.0502289794385433,0.9273285568065507,0.9109518935516888,0.9191402251791198,True
normal:im:178,0,0.0082615558058023,0.4193041026592254,0.8587512794268168,0.9785056294779939,0.9186284544524054,True
normal:im:647,0,0.028900146484375,0.0536408238112926,0.9211873080859775,0.9160696008188332,0.9186284544524053,True
normal:normal2:1257,0,0.0404287651181221,0.0441710166633129,0.9355168884339816,0.901740020470829,0.9186284544524053,True
normal:normal2:654,0,0.0168633088469505,0.0967360436916351,0.8955987717502559,0.9406345957011258,0.9181166837256909,True
normal:im:236,0,0.168675497174263,0.020839249715209,0.9713408393039918,0.8587512794268168,0.9150460593654044,True
normal:im:183,0,0.0260934401303529,0.0510587133467197,0.917093142272262,0.9129989764585466,0.9150460593654043,True
normal:normal2:417,0,0.0148180685937404,0.0967007502913475,0.8894575230296827,0.9396110542476971,0.9145342886386899,True
normal:normal2:559,0,0.0793114155530929,0.02231908403337,0.9600818833162743,0.8648925281473899,0.9124872057318321,True
normal:normal2:1125,0,0.0254727117717266,0.0490265078842639,0.9150460593654043,0.9089048106448311,0.9119754350051177,True
normal:im:596,0,0.0071981479413807,0.2440075576305389,0.849539406345957,0.970317297850563,0.90992835209826,True
normal:normal2:828,0,0.075465902686119,0.0194834358990192,0.9570112589559877,0.8546571136131014,0.9058341862845445,True
normal:normal2:1305,0,0.0964900478720665,0.0181200467050075,0.9631525076765609,0.8474923234390993,0.9053224155578301,True
normal:im:164,0,0.0133766802027821,0.0681724622845649,0.8833162743091095,0.925281473899693,0.9042988741044012,True
normal:im:152,0,0.066243402659893,0.0204598233103752,0.9508700102354145,0.857727737973388,0.9042988741044012,True
normal:im:384,0,0.0540734715759754,0.022748839110136,0.9416581371545547,0.8669396110542477,0.9042988741044011,True
normal:normal2:776,0,0.0450194329023361,0.0238227248191833,0.9375639713408394,0.8689866939611054,0.9032753326509724,True
normal:normal2:384,0,0.0919989943504333,0.0176510699093341,0.962128966223132,0.8433981576253838,0.902763561924258,True
normal:normal2:1385,0,0.0389586016535759,0.0251517482101917,0.9344933469805528,0.8710337768679631,0.902763561924258,True
normal:normal2:1287,0,0.0058935042470693,0.1686480194330215,0.8413510747185261,0.9611054247697032,0.9012282497441146,True
normal:normal2:651,0,0.00572408910375085,0.1670410698861815,0.8403275332650972,0.9600818833162743,0.9002047082906858,True
normal:im:474,0,0.0049224593676626,0.2436044216156005,0.8290685772773797,0.9692937563971341,0.8991811668372569,True
normal:normal2:1033,0,0.0852326676249504,0.014907294884324,0.9611054247697032,0.8331627430910952,0.8971340839303992,True
normal:im:421,0,0.0786130055785179,0.0137737784534692,0.9590583418628454,0.8311156601842374,0.8950870010235414,True
normal:normal2:618,0,0.0114994030445814,0.0484648793935775,0.8771750255885363,0.9068577277379734,0.8920163766632548,True
normal:normal2:851,0,0.008885983399371349,0.0628541875242566,0.8618219037871033,0.9211873080859775,0.8915046059365404,True
normal:normal2:389,0,0.0195041187107563,0.0266820807009935,0.901740020470829,0.8761514841351075,0.8889457523029682,True
normal:normal2:1197,0,0.0342837795615196,0.0191970095038414,0.925281473899693,0.8515864892528148,0.8884339815762539,True
normal:im:663,0,0.0104262270033359,0.0458521656692028,0.872057318321392,0.9027635619242579,0.8874104401228249,True
normal:normal2:705,0,0.1047870740294456,0.010177950374782,0.9651995905834186,0.8075742067553736,0.8863868986693961,True
normal:im:431,0,0.0281084813177585,0.0191195365041494,0.9201637666325486,0.8505629477993859,0.8853633572159673,True
normal:normal2:636,0,0.0066764377988874,0.0678164362907409,0.8464687819856704,0.9232343909928352,0.8848515864892528,True
normal:im:674,0,0.0576856322586536,0.012554682791233,0.9457523029682702,0.8229273285568065,0.8843398157625384,True
normal:normal2:1412,0,0.0119577115401625,0.0331821404397487,0.8802456499488229,0.8863868986693961,0.8833162743091095,True
normal:normal2:1336,0,0.0054688416421413,0.0679314956068992,0.8372569089048106,0.9242579324462641,0.8807574206755373,True
normal:im:513,0,0.0086515275761485,0.0441651232540607,0.8607983623336745,0.9007164790174002,0.8807574206755373,True
normal:normal2:967,0,0.0669301077723503,0.0102970264852046,0.9518935516888434,0.8096212896622313,0.8807574206755373,True
normal:normal2:480,0,0.0054493029601871,0.0645108968019485,0.8362333674513818,0.9222108495394064,0.8792221084953941,True
normal:normal2:664,0,0.0099113723263144,0.035422034561634,0.8689866939611054,0.8884339815762539,0.8787103377686796,True
normal:im:621,0,0.0347767323255538,0.013576534576714,0.9263050153531218,0.8300921187308086,0.8781985670419652,True
normal:im:715,0,0.0042191403917968,0.0808309540152549,0.8208802456499488,0.9334698055271239,0.8771750255885363,True
normal:normal2:1162,0,0.0047055599279701,0.0707767680287361,0.827021494370522,0.9273285568065507,0.8771750255885363,True
normal:im:527,0,0.0124841555953025,0.0254361480474472,0.8822927328556807,0.872057318321392,0.8771750255885363,True
normal:normal2:757,0,0.003758558537811,0.0942851230502128,0.8137154554759468,0.9385875127942682,0.8761514841351075,True
normal:normal2:922,0,0.0198103711009025,0.0178734306246042,0.9037871033776868,0.8444216990788127,0.8741044012282497,True
normal:normal2:393,0,0.0053771771490573,0.0529151037335395,0.8321392016376663,0.9150460593654043,0.8735926305015353,True
normal:im:214,0,0.0123188402503728,0.022147899493575,0.8812691914022518,0.8638689866939611,0.8725690890481064,True
normal:normal2:657,0,0.0213697012513875,0.0156153300777077,0.9078812691914022,0.8362333674513818,0.872057318321392,True
normal:normal2:744,0,0.0165885481983423,0.0185210984200239,0.8945752302968271,0.849539406345957,0.872057318321392,True
normal:normal2:910,0,0.0075124078430235,0.0359729826450347,0.8526100307062436,0.8894575230296827,0.8710337768679632,True
normal:im:570,0,0.0245194025337696,0.0134773254394531,0.9140225179119754,0.8280450358239508,0.8710337768679631,True
normal:normal2:1219,0,0.0194464232772588,0.0158279407769441,0.9007164790174002,0.8382804503582395,0.8694984646878199,True
normal:normal2:1132,0,0.0304682608693838,0.0111685171723365,0.9232343909928352,0.8147389969293757,0.8689866939611055,True
normal:normal2:1362,0,0.0162972342222929,0.0172154866158962,0.8935516888433982,0.842374616171955,0.8679631525076765,True
normal:im:703,0,0.0027079514693468,0.1117538586258888,0.7881269191402251,0.9477993858751279,0.8679631525076765,True
normal:normal2:746,0,0.015087317675352,0.0180345755070447,0.8904810644831116,0.8454452405322416,0.8679631525076765,True
normal:normal2:998,0,0.0053906771354377,0.0435760095715522,0.834186284544524,0.8986693961105425,0.8664278403275333,True
normal:im:579,0,0.0021091108210384,0.2205294966697693,0.7656090071647902,0.9651995905834186,0.8654042988741044,True
normal:normal2:1254,0,0.0174802970141172,0.0145190320909023,0.8976458546571137,0.8321392016376663,0.86489252814739,True
normal:im:364,0,0.0036290781572461,0.0586171224713325,0.8106448311156602,0.9191402251791198,0.86489252814739,True
normal:im:451,0,0.066231183707714,0.0075700231827795,0.9498464687819856,0.7778915046059366,0.8638689866939611,True
normal:normal2:1053,0,0.004708812572062,0.0438344702124595,0.8280450358239508,0.8996929375639714,0.8638689866939611,True
normal:im:560,0,0.0384216159582138,0.0087364893406629,0.9334698055271239,0.7932446264073695,0.8633572159672467,True
normal:im:525,0,0.022856498891239117,0.0106841068203114,0.9109518935516888,0.8106448311156602,0.8607983623336746,True
normal:im:555,0,0.002713005213687767,0.0757067835656926,0.789150460593654,0.9303991811668373,0.8597748208802456,True
normal:im:151,0,0.0041943592950701,0.0431199856102466,0.81985670419652,0.8976458546571137,0.8587512794268168,True
normal:im:230,0,0.0136072598397731,0.0134792737662792,0.8863868986693961,0.8290685772773797,0.8577277379733879,True
normal:im:447,0,0.0028545814566314,0.0622675530612468,0.7932446264073695,0.9201637666325486,0.8567041965199591,True
normal:im:649,0,0.0030534660909324,0.0503279194235801,0.7983623336745138,0.9119754350051177,0.8551688843398157,True
normal:normal2:1123,0,0.0029275794513523,0.0520320385694503,0.7952917093142272,0.9140225179119754,0.8546571136131014,True
normal:normal2:818,0,0.0036539906104735313,0.0361409679753705,0.8116683725690891,0.8904810644831116,0.8510747185261003,True
normal:im:348,0,0.0018524738261476,0.1003459766507148,0.7543500511770727,0.9437052200614124,0.8490276356192425,True
normal:normal2:579,0,0.0117321712896227,0.0114945853129029,0.8792221084953941,0.8167860798362334,0.8480040941658138,True
normal:im:634,0,0.0019746460020542,0.0849044322967529,0.759467758444217,0.9365404298874105,0.8480040941658138,True
normal:normal2:435,0,0.0011702802730724,0.5246013402938843,0.7072671443193449,0.9866939611054247,0.8469805527123848,True
normal:normal2:1401,0,0.0033102883026003,0.0334946699440479,0.804503582395087,0.887410440122825,0.8459570112589561,True
normal:im:251,0,0.0031803620513528,0.0285777021199464,0.8014329580348004,0.8802456499488229,0.8408393039918116,True
normal:normal2:832,0,0.002688037614764933,0.0410426520490242,0.7860798362333674,0.8945752302968271,0.8403275332650972,True
normal:normal2:969,0,0.0012029421050101,0.2384555339813232,0.7123848515864892,0.9682702149437052,0.8403275332650972,True
normal:im:549,0,0.02580801296668743,0.0065721079784755,0.9160696008188332,0.7635619242579325,0.8398157625383829,True
normal:im:684,0,0.0090611698105931,0.0113107673823833,0.8638689866939611,0.8157625383828045,0.8398157625383829,True
normal:normal2:517,0,0.0543617978692054,0.0048520336858928,0.9426816786079836,0.7308085977482088,0.8367451381780961,True
normal:im:605,0,0.0025591466110199,0.0276215448975563,0.781985670419652,0.8781985670419652,0.8300921187308086,True
normal:normal2:730,0,0.0188632514327764,0.005932146217674,0.8996929375639714,0.7584442169907881,0.8290685772773798,True
normal:im:304,0,0.0022961089853197,0.0273645352572202,0.7778915046059366,0.8771750255885363,0.8275332650972365,True
normal:normal2:678,0,0.070822037756443,0.0034455012064427,0.95496417604913,0.6949846468781986,0.8249744114636643,True
normal:im:303,0,0.0074084675870835,0.0094137592241168,0.8505629477993859,0.7993858751279427,0.8249744114636643,True
normal:im:575,0,0.0027971749659627,0.0192838311195373,0.7922210849539406,0.8536335721596725,0.8229273285568066,True
normal:normal2:1222,0,0.0021769353188574,0.0257802121341228,0.7697031729785057,0.8741044012282497,0.8219037871033776,True
normal:normal2:406,0,0.0085733179003,0.0079482905566692,0.8597748208802457,0.7809621289662231,0.8203684749232344,True
normal:normal2:383,0,0.0108672380447387,0.0067376908846199,0.8751279426816786,0.7656090071647902,0.8203684749232344,True
normal:normal2:880,0,0.0022692594211548,0.0220237988978624,0.7768679631525077,0.8628454452405322,0.8198567041965199,True
normal:im:162,0,0.0221193619072437,0.0043544881045818,0.90992835209826,0.7236438075742068,0.8167860798362334,True
normal:im:672,0,0.0090588154271245,0.0069120028056204,0.8628454452405322,0.7666325486182191,0.8147389969293757,True
normal:normal2:822,0,0.0075356247834861,0.0074947797693312,0.8536335721596725,0.7758444216990789,0.8147389969293757,True
normal:normal2:1022,0,0.0104467328637838,0.0058038937859237,0.8730808597748209,0.7512794268167861,0.8121801432958035,True
normal:normal2:1156,0,0.0199315510690212,0.0042628585360944,0.9048106448311156,0.7185261003070624,0.811668372569089,True
normal:im:523,0,0.011655627793515975,0.0055540254422794,0.8781985670419652,0.744114636642784,0.8111566018423746,True
normal:normal2:1341,0,0.019546827301383,0.0042233895510435,0.9027635619242579,0.7164790174002047,0.8096212896622312,True
normal:im:680,0,0.0038347928784787,0.0098567781969904,0.8147389969293757,0.8034800409416581,0.8091095189355169,True
normal:normal2:1047,0,0.0018621180206537,0.0216510891914367,0.7553735926305015,0.8618219037871033,0.8085977482088025,True
normal:normal2:1171,0,0.0046899863518774,0.008515995927155,0.8259979529170931,0.7901740020470829,0.808085977482088,True
normal:im:740,0,0.0028974858578294,0.0121185258030891,0.7942681678607983,0.81985670419652,0.8070624360286591,True
normal:normal2:1067,0,0.00808460186817675,0.0058534080162644,0.8567041965199591,0.7563971340839304,0.8065506653019447,True
normal:normal2:1236,0,0.002946822438389,0.0111548006534576,0.7963152507676561,0.8137154554759468,0.8050153531218014,True
normal:normal2:441,0,0.0013183974660933,0.0293108597397804,0.7226202661207779,0.8822927328556807,0.8024564994882293,True
normal:normal2:1073,0,0.0022979127243161,0.0133632998913526,0.7789150460593655,0.8259979529170931,0.8024564994882293,True
normal:normal2:623,0,0.0241678357124328,0.0033283256925642,0.9129989764585466,0.6888433981576254,0.8009211873080859,True
normal:im:262,0,0.0134568186476826,0.0041478583589196,0.8843398157625384,0.7154554759467758,0.7998976458546572,True
normal:normal2:452,0,0.0103501658886671,0.0047717993147671,0.8710337768679631,0.7267144319344934,0.7988741044012282,True
normal:normal2:693,0,0.0013796048006042,0.0246553476899862,0.7267144319344934,0.8700102354145343,0.7983623336745138,True
normal:im:450,0,0.0007424232899211,0.0810944214463234,0.6591606960081884,0.9344933469805528,0.7968270214943706,True
normal:normal2:1102,0,0.009825865990327,0.0045749226992484,0.8679631525076765,0.7246673490276356,0.7963152507676561,True
normal:im:514,0,0.0155077604576945,0.003536106320098,0.8925281473899693,0.6970317297850563,0.7947799385875128,True
normal:im:515,0,0.0042578019201755,0.0069614313542842,0.8219037871033776,0.7676560900716479,0.7947799385875127,True
normal:normal2:587,0,0.0014589300456767,0.0192149983098109,0.7328556806550666,0.8526100307062436,0.7927328556806551,True
normal:normal2:872,0,0.0095526874065399,0.0042869988828897,0.8648925281473899,0.7195496417604913,0.7922210849539406,True
normal:normal2:997,0,0.0075705670751631,0.0047758840955793,0.8546571136131014,0.7277379733879222,0.7911975435005119,True
normal:normal2:1052,0,0.0041215075179934,0.0060105053707957,0.8188331627430911,0.759467758444217,0.7891504605936541,True
normal:normal2:487,0,0.0015214245067909,0.0171033069491386,0.736949846468782,0.8413510747185261,0.7891504605936541,True
normal:normal2:1371,0,0.0064289649017155,0.004899657331407,0.8433981576253838,0.7328556806550666,0.7881269191402251,True
normal:im:205,0,0.0022164604160934,0.0098023256286978,0.7737973387922211,0.8024564994882293,0.7881269191402251,True
normal:normal2:602,0,0.0012136023724451,0.0213473495095968,0.714431934493347,0.8597748208802457,0.7871033776867964,True
normal:normal2:834,0,0.0217001307755708,0.00254419259727,0.9089048106448311,0.6653019447287615,0.7871033776867963,True
normal:im:536,0,0.0016887167003005,0.0130684962496161,0.7482088024564995,0.8249744114636642,0.7865916069600818,True
normal:normal2:947,0,0.0014656709972769,0.0157083161175251,0.7349027635619243,0.8372569089048106,0.7860798362333674,True
normal:im:199,0,0.0006724998820573,0.0742597505450248,0.6417604912998977,0.9293756397134084,0.785568065506653,True
normal:im:149,0,0.0010642776032909,0.0254628881812095,0.6939611054247697,0.8730808597748209,0.7835209825997953,True
normal:im:737,0,0.0154403699561953,0.0027866896707564,0.8915046059365405,0.6755373592630501,0.7835209825997953,True
normal:im:206,0,0.0023488935548812,0.0083629209548234,0.7809621289662231,0.7860798362333674,0.7835209825997953,True
normal:im:125,0,0.0018330564489588,0.0107766855508089,0.7533265097236438,0.812691914022518,0.7830092118730809,True
normal:im:499,0,0.0021709096957540945,0.0087310701395229,0.7686796315250768,0.7922210849539406,0.7804503582395087,True
normal:im:577,0,0.0005699358298443,0.081291563808918,0.6243602865916069,0.9355168884339816,0.7799385875127942,True
normal:im:677,0,0.0004291779769118,0.2081724405288696,0.5905834186284544,0.9641760491299898,0.7773797338792221,True
normal:normal2:404,0,0.0140384715050458,0.0025347205810248,0.8884339815762539,0.6642784032753326,0.7763561924257932,True
normal:im:622,0,0.0014383034043324,0.0125275172370796,0.7308085977482088,0.8219037871033776,0.7763561924257932,True
normal:normal2:971,0,0.0054855839116497995,0.0040393212111666,0.8382804503582395,0.7134083930399181,0.7758444216990787,True
normal:normal2:427,0,0.003088652389124,0.0057985340245068,0.8004094165813715,0.7492323439099283,0.77482088024565,True
normal:im:584,0,0.0016696760430932,0.0097702611237764,0.7461617195496417,0.8014329580348004,0.773797338792221,True
normal:normal2:466,0,0.0077990307472646,0.0033808706793934,0.8556806550665302,0.6908904810644831,0.7732855680655066,True
normal:normal2:537,0,0.0027418739628046,0.0058525456115603,0.7901740020470829,0.7553735926305015,0.7727737973387923,True
normal:normal2:1054,0,0.003835397073999,0.0048262006603181,0.8157625383828045,0.7287615148413511,0.7722620266120779,True
normal:im:682,0,0.0134896077215671,0.002466031583026,0.8853633572159673,0.6571136131013307,0.7712384851586489,True
normal:normal2:945,0,0.0006898451829329,0.0287017207592725,0.6448311156601843,0.8812691914022518,0.763050153531218,True
normal:im:702,0,0.0016046956880018,0.008090928196907,0.7420675537359263,0.7830092118730808,0.7625383828045036,True
normal:normal2:867,0,0.0100903920829296,0.0024028003681451,0.8700102354145343,0.6530194472876152,0.7615148413510747,True
normal:im:519,0,0.003974700128461934,0.0038086262647993,0.8167860798362334,0.7041965199590583,0.7604912998976459,True
normal:im:757,0,0.0011334102600812,0.0119116706773638,0.7001023541453428,0.8188331627430911,0.759467758444217,True
normal:im:569,0,0.0016177010256797,0.0074525051750242,0.7430910951893551,0.7737973387922211,0.7584442169907881,True
normal:im:626,0,0.0055888406932353505,0.0028402109164744,0.8393039918116684,0.676560900716479,0.7579324462640737,True
normal:normal2:395,0,0.0005424469329113557,0.038866651164426,0.6192425793244627,0.8935516888433982,0.7563971340839304,True
normal:normal2:522,0,0.0066418265923857,0.0024880382698029,0.8454452405322416,0.6591606960081884,0.7523029682702149,True
normal:normal2:536,0,0.0006236108602024,0.0236497353762388,0.6356192425793245,0.8679631525076765,0.7517911975435005,True
normal:normal2:781,0,0.0067590703256428,0.0024317223578691,0.8474923234390993,0.6550665301944729,0.7512794268167862,True
normal:im:642,0,0.000811277073808,0.0151156075298786,0.6663254861821903,0.834186284544524,0.7502558853633572,True
normal:normal2:812,0,0.0213682781904935,0.0015468783676624,0.9068577277379734,0.5916069600818833,0.7492323439099283,True
normal:normal2:1011,0,0.0006564953946508,0.0195719897747039,0.6397134083930399,0.8556806550665302,0.7476970317297851,True
normal:normal2:1112,0,0.0053808451630175,0.0025261573027819,0.8331627430910952,0.661207778915046,0.7471852610030706,True
normal:normal2:1170,0,0.0018916891422122,0.0051444135606288,0.7563971340839304,0.7359263050153532,0.7461617195496417,True
normal:normal2:696,0,0.0046496144495904,0.0025345820467919,0.8249744114636642,0.6632548618219037,0.744114636642784,True
normal:im:673,0,0.0064584366045892,0.0021373373456299,0.8444216990788127,0.6417604912998977,0.7430910951893552,True
normal:normal2:1019,0,0.000706510618329,0.0152000933885574,0.6499488229273286,0.8352098259979529,0.7425793244626407,True
normal:normal2:595,0,0.0004807447257917,0.0321508832275867,0.6008188331627431,0.8843398157625384,0.7425793244626407,True
normal:normal2:553,0,0.001196565805003,0.0070168105885386,0.7113613101330604,0.7686796315250768,0.7400204708290685,True
normal:im:335,0,0.0007374001434072,0.0123446732759475,0.6560900716479018,0.8208802456499488,0.7384851586489253,True
normal:im:618,0,0.0031893954255792327,0.0026646452697605,0.8024564994882293,0.6734902763561924,0.7379733879222108,True
normal:im:430,0,0.010988026857376,0.001602069940418,0.8761514841351075,0.5977482088024565,0.736949846468782,True
normal:normal2:950,0,0.0021802647970616,0.003633206244558,0.7707267144319345,0.7021494370522006,0.7364380757420675,True
normal:im:553,0,0.0027883778997192725,0.0029391443149506,0.7911975435005117,0.6806550665301945,0.735926305015353,True
normal:im:488,0,0.0014505935832858,0.0051934169605374,0.7318321392016377,0.736949846468782,0.7343909928352099,True
normal:im:370,0,0.008163564838469,0.0016942733200266,0.857727737973388,0.6100307062436029,0.7338792221084954,True
normal:im:612,0,0.0009201511117377394,0.0080422578515329,0.6816786079836233,0.781985670419652,0.7318321392016376,True
normal:normal2:603,0,0.0009404375450685,0.0074669173918664,0.6837256908904811,0.77482088024565,0.7292732855680655,True
normal:im:688,0,0.0008051558979786,0.0084207709878683,0.6653019447287615,0.7871033776867963,0.7262026612077789,True
normal:normal2:571,0,0.0008488888852298,0.0077126962132751,0.6714431934493347,0.7799385875127943,0.7256908904810645,True
normal:im:509,0,0.0007167991231350335,0.0090559580130502,0.6519959058341863,0.797338792221085,0.7246673490276356,True
normal:normal2:479,0,0.0015231118304654,0.0039720148779451,0.7379733879222109,0.7103377686796315,0.7241555783009213,True
normal:normal2:1141,0,0.0002773574087768,0.0497883930802345,0.5383828045035824,0.90992835209826,0.7241555783009213,True
normal:normal2:415,0,0.0074795614928007,0.0015620430931448,0.8515864892528148,0.593654042988741,0.7226202661207779,True
normal:normal2:932,0,0.0005754121229983,0.0117067489773035,0.6264073694984647,0.8178096212896623,0.7221084953940635,True
normal:im:761,0,0.0022114240564405,0.0026239331346005,0.7727737973387923,0.6704196519959058,0.721596724667349,True
normal:im:272,0,0.0003246233391109,0.0324208326637744,0.5578300921187308,0.8853633572159673,0.721596724667349,True
normal:normal2:1281,0,0.0006859069690108,0.0087970942258834,0.6438075742067554,0.7952917093142272,0.7195496417604913,True
normal:im:253,0,0.003489350201562,0.0019396573770791,0.8075742067553736,0.6305015353121801,0.7190378710337768,True
normal:normal2:568,0,0.001431068056263,0.003853166475892,0.72978505629478,0.7072671443193449,0.7185261003070624,True
normal:im:491,0,0.000873161279741878,0.0058379950545107,0.6775844421699079,0.7543500511770727,0.7159672466734903,True
normal:im:480,0,0.0007325386395677,0.0075609721243381,0.654042988741044,0.7768679631525077,0.7154554759467759,False
normal:im:586,0,0.0008978657424449,0.0057993419468402,0.6796315250767656,0.7502558853633572,0.7149437052200613,False
normal:im:552,0,0.0003157756873406,0.026143392547965,0.5547594677584442,0.8751279426816786,0.7149437052200613,False
normal:im:419,0,0.0015520413871854,0.003292569424957,0.7389969293756398,0.6878198567041965,0.7134083930399182,False
normal:im:393,0,0.0002181395102525,0.0486171878874301,0.5158648925281474,0.9078812691914022,0.7118730808597749,False
normal:normal2:866,0,0.0002457028604112,0.0415719002485275,0.5271238485158649,0.8955987717502559,0.7113613101330605,False
normal:normal2:1098,0,0.0026384287048131,0.0020122055429965,0.7840327533265097,0.6356192425793245,0.7098259979529171,False
normal:im:635,0,0.0011872109025716,0.0038234121166169,0.7103377686796315,0.706243602865916,0.7082906857727738,False
normal:im:582,0,0.007067056838423,0.001229403540492,0.8485158648925282,0.5680655066530195,0.7082906857727738,False
normal:im:520,0,0.0036860923282802,0.0016500657657161,0.812691914022518,0.6028659160696008,0.7077789150460594,False
normal:normal2:1289,0,0.0045267879031598,0.00154576881323,0.8229273285568065,0.5905834186284544,0.7067553735926304,False
normal:im:602,0,0.0002536175306886,0.0311752762645483,0.5281473899692938,0.8833162743091095,0.7057318321392017,False
normal:im:213,0,0.0021400596015155,0.0022141190711408,0.7666325486182191,0.6448311156601843,0.7057318321392017,False
normal:normal2:885,0,0.0006191283464431,0.0070833167992532,0.6335721596724667,0.7697031729785057,0.7016376663254862,False
normal:normal2:1326,0,0.0097478106617927,0.0009606273961253,0.8669396110542477,0.5353121801432958,0.7011258955987718,False
normal:normal2:780,0,0.0003979747125413,0.0128278005868196,0.5772773797338793,0.8239508700102354,0.7006141248720573,False
normal:im:741,0,0.0001576664217282,0.0572966486215591,0.481064483111566,0.9181166837256909,0.6995905834186285,False
normal:normal2:904,0,0.0063980533741414,0.0011271073017269,0.842374616171955,0.5568065506653019,0.6995905834186285,False
normal:normal2:1266,0,0.0004254463159061672,0.0102069661176453,0.5885363357215967,0.8085977482088025,0.6985670419651996,False
normal:normal2:533,0,0.0017187395133078,0.0023084734566509,0.7492323439099283,0.6479017400204709,0.6985670419651996,False
normal:im:400,0,0.0003245954576414,0.0160853862762451,0.5568065506653019,0.8393039918116684,0.6980552712384851,False
normal:normal2:1160,0,0.0002654751588124,0.0214628148823976,0.5322415557830092,0.8607983623336745,0.6965199590583419,False
normal:normal2:882,0,0.002107358071953,0.0018822879064828,0.7645854657113613,0.6284544524053224,0.6965199590583419,False
normal:normal2:1288,0,0.0005083290161564,0.0083447219803929,0.6079836233367452,0.7850562947799385,0.6965199590583419,False
normal:normal2:804,0,0.0007056627655401,0.0055055026896297,0.6489252814738997,0.7430910951893551,0.6960081883316274,False
normal:normal2:824,0,0.0010976089397445,0.0034051178954541,0.6980552712384852,0.6929375639713409,0.695496417604913,False
normal:im:176,0,0.0011438009096309,0.0032602653373032,0.7031729785056294,0.6867963152507677,0.6949846468781986,False
normal:normal2:1181,0,0.0026409793645143,0.0016514536691829,0.7850562947799385,0.6038894575230297,0.6944728761514841,False
normal:normal2:1376,0,0.0009495263802818,0.0037916551809757,0.6847492323439099,0.7031729785056294,0.6939611054247696,False
normal:im:195,0,0.0003216382465325,0.0134053500369191,0.5557830092118731,0.827021494370522,0.6914022517911975,False
normal:im:432,0,0.000238758555497,0.0198604278266429,0.526100307062436,0.8567041965199591,0.6914022517911975,False
normal:normal2:1046,0,0.0025767120532691,0.0016136050689965,0.7830092118730808,0.5987717502558854,0.6908904810644831,False
normal:normal2:1278,0,0.0050150458700954,0.0010542856762185,0.8311156601842374,0.5506653019447287,0.6908904810644831,False
normal:normal2:660,0,0.0021645650267601,0.0017547021852806,0.7676560900716479,0.6141248720573184,0.6908904810644831,False
normal:im:193,0,0.0011859354563057,0.0025596020277589,0.7093142272262026,0.6663254861821903,0.6878198567041964,False
normal:im:693,0,0.0010365897323936,0.0029532292392104,0.6929375639713409,0.6816786079836233,0.687308085977482,False
normal:im:248,0,0.0213124491274356,0.0005698029999621,0.9058341862845445,0.46673490276356194,0.6862845445240532,False
normal:im:224,0,0.0308695323765277,0.0004638512036763,0.9242579324462641,0.44319344933469806,0.6837256908904811,False
normal:normal2:575,0,0.0054125213064253,0.0009331105975434,0.8352098259979529,0.5322415557830092,0.6837256908904811,False
normal:normal2:1100,0,0.0007361229509115,0.0039778370410203,0.6550665301944729,0.7113613101330604,0.6832139201637666,False
normal:normal2:1295,0,0.0010686294408515,0.0026169465854763,0.6949846468781986,0.6693961105424769,0.6821903787103378,False
normal:normal2:994,0,0.0001048127014655,0.0911590456962585,0.4216990788126919,0.9375639713408394,0.6796315250767656,False
normal:normal2:488,0,0.0002898680395446,0.0107151418924331,0.5455475946775844,0.8116683725690891,0.6786079836233367,False
normal:im:544,0,0.0005511497729457,0.0049057085998356,0.6212896622313203,0.7338792221084954,0.6775844421699079,False
normal:normal2:1258,0,0.004999650611049822,0.0008726069232428,0.8300921187308086,0.5199590583418628,0.6750255885363357,False
normal:normal2:1189,0,0.0012047557393088,0.0020089067984372,0.7134083930399181,0.6345957011258956,0.6740020470829069,False
normal:normal2:1192,0,0.0006998032331466,0.0034182271920144,0.6479017400204709,0.6939611054247697,0.6709314227226203,False
normal:normal2:1209,0,0.0004469217965379,0.0057950462214648,0.593654042988741,0.7482088024564995,0.6709314227226202,False
normal:im:131,0,0.0020416527986526,0.0013696124078705,0.7604912998976459,0.5803480040941658,0.6704196519959058,False
normal:normal2:1225,0,0.0014080255059525,0.0017286274814978,0.7287615148413511,0.6120777891504606,0.6704196519959058,False
normal:normal2:1179,0,0.0020803774241358,0.0013416358269751,0.7625383828045036,0.5783009211873081,0.6704196519959058,False
normal:normal2:635,0,0.0017498019151389,0.00145616219379,0.7512794268167861,0.5834186284544524,0.6673490276356192,False
normal:normal2:448,0,0.001463811728172,0.001642056624405,0.7338792221084954,0.5997952917093142,0.6668372569089048,False
normal:im:641,0,0.0010129261063411,0.0021369399037212,0.6888433981576254,0.6407369498464688,0.6647901740020471,False
normal:im:730,0,0.0002776272594928,0.0084970137104392,0.5394063459570113,0.789150460593654,0.6642784032753326,False
normal:normal2:1049,0,0.0029912770260125,0.0009199349442496,0.797338792221085,0.5291709314227226,0.6632548618219039,False
normal:im:457,0,0.0009555284632369,0.0020559937693178,0.6857727737973388,0.6366427840327533,0.6612077789150461,False
normal:im:486,0,0.000394073606003,0.0057857320643961,0.5752302968270215,0.7471852610030706,0.6612077789150461,False
normal:im:333,0,0.0010211684275418,0.001964048249647,0.6908904810644831,0.631525076765609,0.6612077789150461,False
normal:im:747,0,0.0008507164893671,0.0023254414554685,0.6724667349027635,0.6489252814738997,0.6606960081883316,False
normal:normal2:588,0,0.0108493594452738,0.000497366359923,0.8741044012282497,0.44626407369498466,0.6601842374616171,False
normal:normal2:863,0,0.0027062033768743,0.0009243960957974,0.7871033776867963,0.5312180143295804,0.6591606960081884,False
normal:im:362,0,0.0020496216602623,0.0010681897401809,0.7615148413510747,0.5547594677584442,0.6581371545547594,False
normal:normal2:1206,0,0.0415521562099456,0.0002828505530487,0.9365404298874105,0.37871033776867963,0.657625383828045,False
normal:normal2:421,0,0.0007398870075121,0.0023648019414395,0.6571136131013307,0.6499488229273286,0.6535312180143296,False
normal:normal2:929,0,0.0009201649809256,0.0017751845298334,0.6827021494370522,0.6192425793244627,0.6509723643807575,False
normal:im:484,0,0.0035882829688489,0.0007049123523756,0.8096212896622313,0.4923234390992835,0.6509723643807575,False
normal:im:429,0,0.0006615419212417668,0.0024959870691721,0.6407369498464688,0.6601842374616171,0.650460593654043,False
normal:im:217,0,0.0005484875873662,0.002937891986221,0.6202661207778914,0.6796315250767656,0.6499488229273285,False
normal:normal2:918,0,0.0011573364026844,0.0015732424799352,0.7052200614124872,0.5946775844421699,0.6499488229273285,False
normal:im:354,0,0.0003257673524785,0.0052398135885596,0.5588536335721597,0.7379733879222109,0.6484135107471853,False
normal:im:655,0,0.0009589146357029,0.0016911822604015,0.6867963152507677,0.609007164790174,0.6479017400204709,False
normal:im:683,0,0.0002686945954337,0.0064870100468397,0.5332650972364381,0.7615148413510747,0.6473899692937564,False
normal:im:442,0,0.0001936907501658,0.0087801264598965,0.5005117707267144,0.7942681678607983,0.6473899692937564,False
normal:im:185,0,0.000218020970351,0.0076768295839428,0.5148413510747185,0.7789150460593655,0.646878198567042,False
normal:im:389,0,0.0005028605810366,0.0031432290561497,0.6069600818833163,0.6847492323439099,0.6458546571136131,False
normal:normal2:667,0,0.0011361327487975,0.0015450624050572,0.7011258955987717,0.5895598771750256,0.6453428863868986,False
normal:im:277,0,0.0007946951664052,0.0018486371263861,0.6632548618219037,0.6223132036847492,0.6427840327533265,False
normal:im:187,0,0.0019684208091348,0.0009092054096981,0.7584442169907881,0.5271238485158649,0.6427840327533265,False
normal:normal2:1038,0,0.0011205354239791,0.0014917728258296,0.6990788126919141,0.5854657113613101,0.6422722620266121,False
normal:normal2:576,0,0.0012945302296429,0.0011790719581767,0.721596724667349,0.5619242579324463,0.6417604912998977,False
normal:normal2:449,0,0.0002824245020747,0.005306941922754,0.5424769703172978,0.7400204708290685,0.6412487205731832,False
normal:im:387,0,0.0002082907885778,0.0073528811335563,0.5097236438075742,0.7727737973387923,0.6412487205731832,False
normal:im:497,0,0.0012223587740056998,0.0012190427805762,0.7154554759467758,0.5660184237461617,0.6407369498464688,False
normal:normal2:1152,0,0.0015917598187418704,0.0009947292061648,0.7410440122824974,0.5394063459570113,0.6402251791197544,False
normal:im:666,0,0.0005792003045523036,0.0023807083659145,0.6274309109518935,0.6519959058341863,0.6397134083930399,False
normal:normal2:1050,0,0.0007780867745168,0.0017606180626899,0.6622313203684749,0.6151484135107472,0.638689866939611,False
normal:im:273,0,0.0002130175125785,0.0066222269088029,0.5127942681678608,0.7645854657113613,0.638689866939611,False
normal:im:654,0,0.0040828641504049,0.0005357151967473,0.8178096212896623,0.45752302968270214,0.6376663254861822,False
normal:normal2:827,0,0.0005593282403424,0.0022255489602684,0.623336745138178,0.6458546571136131,0.6345957011258956,False
normal:normal2:408,0,0.0022328463383018,0.0007056621252559,0.77482088024565,0.49437052200614123,0.6345957011258956,False
normal:normal2:390,0,0.000741007446777,0.0016715616220608,0.6581371545547595,0.6079836233367452,0.6330603889457523,False
normal:im:541,0,0.0010156130883842,0.0012603434734046,0.6898669396110543,0.5731832139201638,0.6315250767656091,False
normal:im:464,0,0.0002990989014506,0.0039686397649347,0.548618219037871,0.7093142272262026,0.6289662231320368,False
normal:normal2:774,0,0.0012360822875052,0.0009756766376085,0.7175025588536336,0.5373592630501536,0.6274309109518936,False
normal:normal2:433,0,0.0017478555673733,0.0007868662360124,0.7502558853633572,0.503582395087001,0.626919140225179,False
normal:im:481,0,0.0008298311731778,0.0014557206304743,0.6673490276356192,0.5823950870010235,0.6248720573183213,False
normal:normal2:695,0,0.0016361270099878,0.0007980418158695,0.744114636642784,0.5056294779938587,0.6248720573183213,False
normal:normal2:965,0,0.0010694732191041,0.0010462331119924,0.6960081883316275,0.5496417604912999,0.6228249744114637,False
normal:normal2:1105,0,0.0034675735514611,0.0004547882126644,0.8055271238485159,0.43705220061412486,0.6212896622313204,False
normal:normal2:930,0,0.0004063007072545,0.0025302972644567,0.579324462640737,0.6622313203684749,0.6207778915046059,False
normal:im:664,0,0.0004848403041251,0.0020663186442106,0.601842374616172,0.6376663254861822,0.6197543500511771,False
normal:normal2:463,0,0.00048868189333,0.0019651206675916,0.6038894575230297,0.6325486182190379,0.6182190378710337,False
normal:normal2:445,0,0.0016882456839084,0.0006685551488772,0.7471852610030706,0.4882292732855681,0.6177072671443193,False
normal:im:508,0,0.0005108657642267,0.0018034738022834,0.6110542476970318,0.6212896622313203,0.616171954964176,False
normal:normal2:829,0,0.0011608973145484,0.0009068612707778,0.706243602865916,0.526100307062436,0.616171954964176,False
normal:normal2:481,0,0.000186561839655,0.0051441113464534,0.49641760491299897,0.7349027635619243,0.6156601842374616,False
normal:normal2:585,0,0.0022101136855781,0.0005452792393043,0.7717502558853634,0.4595701125895599,0.6156601842374616,False
normal:im:631,0,0.000235289496004026,0.0039659775599526,0.5230296827021494,0.7082906857727738,0.6156601842374616,False
normal:im:545,0,0.0008402674804794136,0.0011459430437146,0.6704196519959058,0.5588536335721597,0.6146366427840327,False
normal:im:291,0,0.0013614421477541,0.0007495795725844,0.7256908904810645,0.5005117707267144,0.6131013306038895,False
normal:im:256,0,0.0001113451799028,0.0089286668226122,0.4278403275332651,0.7963152507676561,0.6120777891504606,False
normal:normal2:1243,0,0.0003636769251897,0.0024087824858725,0.5670419651995906,0.654042988741044,0.6105424769703174,False
normal:normal2:1330,0,0.0001044192395056,0.0093200234696269,0.42067553735926305,0.7983623336745138,0.6095189355168884,False
normal:normal2:634,0,0.0001987454597838,0.0039966073818504,0.5066530194472876,0.7123848515864892,0.6095189355168884,False
normal:normal2:995,0,7.275825631341247e-05,0.0167667200245584,0.37871033776867963,0.8403275332650972,0.6095189355168884,False
normal:im:143,0,0.000127745050122,0.0072791744023561,0.44626407369498466,0.7717502558853634,0.609007164790174,False
normal:normal2:620,0,0.0003971515689045,0.0020993654616177,0.5762538382804504,0.638689866939611,0.6074718526100307,False
normal:normal2:900,0,0.0002640557650011,0.0030796024948358,0.5312180143295804,0.6837256908904811,0.6074718526100307,False
normal:im:425,0,0.0012299536028876,0.0007249317714013,0.7164790174002047,0.49744114636642783,0.6069600818833163,False
normal:im:593,0,0.0006133444258011,0.0014017379144206,0.631525076765609,0.5813715455475946,0.6064483111566018,False
normal:normal2:1275,0,0.0001482294464949,0.0052516278810799,0.4728761514841351,0.7389969293756398,0.6059365404298874,False
normal:normal2:662,0,0.0012847607722505,0.0007007078384049,0.7205731832139202,0.49129989764585463,0.6059365404298874,False
normal:im:528,0,0.000212605780689,0.0035921838134527,0.5117707267144319,0.7001023541453428,0.6059365404298873,False
normal:normal2:551,0,0.0004399098106659,0.0017638459103181,0.5916069600818833,0.6182190378710338,0.6049129989764586,False
normal:im:676,0,0.0001028005426633,0.0086345076560974,0.4186284544524053,0.7911975435005117,0.6049129989764586,False
normal:im:764,0,0.0013289757771417,0.0006604776717722,0.7246673490276356,0.4841351074718526,0.6044012282497442,False
normal:normal2:671,0,0.0006343509303405,0.0012356839142739,0.6376663254861822,0.5690890481064483,0.6033776867963152,False
normal:im:461,0,0.0011471398174762,0.0007561304955743,0.7041965199590583,0.5015353121801432,0.6028659160696008,False
normal:im:706,0,0.0032134875655174,0.0003363240975886,0.8034800409416581,0.40122824974411464,0.6023541453428864,False
normal:normal2:391,0,0.0012612285790964,0.0006646620458923,0.7185261003070624,0.48618219037871035,0.6023541453428864,False
normal:im:191,0,0.0002867490693461,0.0024816510267555,0.5435005117707267,0.6581371545547595,0.6008188331627431,False
normal:normal2:515,0,0.0001530650770291,0.0043268054723739,0.4779938587512794,0.7226202661207779,0.6003070624360287,False
normal:im:660,0,0.0005727668073328582,0.0012804913118695,0.6253838280450358,0.5752302968270215,0.6003070624360287,False
normal:normal2:1005,0,0.0002290731936227,0.0028520554769784,0.5199590583418628,0.6775844421699079,0.5987717502558854,False
normal:im:465,0,0.0003780380939133,0.0018542328616604,0.5721596724667349,0.6253838280450358,0.5987717502558854,False
normal:normal2:496,0,5.141642031958327e-05,0.0180580522865057,0.34800409416581374,0.8464687819856704,0.5972364380757421,False
normal:normal2:526,0,0.0007572435424663,0.000942709040828,0.6601842374616171,0.5332650972364381,0.5967246673490276,False
normal:im:405,0,0.002095004543662,0.0004210921179037,0.7635619242579325,0.428863868986694,0.5962128966223132,False
normal:im:369,0,0.0001449076953576,0.0046837469562888,0.4646878198567042,0.7256908904810645,0.5951893551688844,False
normal:im:713,0,8.66905611474067e-05,0.0084341578185558,0.4002047082906858,0.7881269191402251,0.5941658137154555,False
normal:im:625,0,0.000350456131855,0.0018539963057264,0.5609007164790174,0.623336745138178,0.5921187308085978,False
normal:normal2:949,0,0.0005355068133212,0.0012105435598641,0.6182190378710338,0.5649948822927329,0.5916069600818834,False
normal:normal2:447,0,0.0001625470467843,0.0035515213385224,0.4841351074718526,0.6990788126919141,0.5916069600818834,False
normal:im:456,0,0.0015863360604271,0.0004600593820214,0.7400204708290685,0.44114636642784033,0.5905834186284544,False
normal:im:736,0,0.0005874472553841,0.0010546594858169,0.6284544524053224,0.5527123848515865,0.5905834186284544,False
normal:normal2:1348,0,0.0034736322704702,0.0002767928817775,0.8065506653019447,0.37461617195496416,0.5905834186284544,False
normal:normal2:397,0,0.0011433992767706,0.0006335844518616,0.7021494370522006,0.4779938587512794,0.59007164790174,False
normal:normal2:464,0,0.0001171226540463,0.0053996630012989,0.43807574206755373,0.7410440122824974,0.5895598771750256,False
normal:normal2:1180,0,0.0001360797905363,0.0042342962697148,0.45445240532241554,0.7175025588536336,0.5859774820880246,False
normal:normal2:1290,0,7.862495840527117e-05,0.0083105582743883,0.38792221084953943,0.7840327533265097,0.5859774820880246,False
normal:normal2:1204,0,0.0006854592938907,0.0009127528755925,0.6427840327533265,0.5281473899692938,0.5854657113613102,False
normal:im:629,0,0.0012657877584842888,0.0005076923489468,0.7195496417604913,0.45138178096212894,0.5854657113613101,False
normal:normal2:437,0,0.0002708866377361,0.0019956289324909,0.534288638689867,0.6335721596724667,0.5839303991811668,False
normal:im:548,0,0.0001161858162959,0.0048870095051825,0.43500511770726713,0.7318321392016377,0.5834186284544525,False
normal:im:656,0,0.00028030902717543553,0.0018542162530745,0.5404298874104401,0.6243602865916069,0.5823950870010235,False
normal:normal2:974,0,0.0008585242321714,0.0006722797988913,0.6755373592630501,0.48925281473899696,0.5823950870010235,False
normal:im:728,0,5.8994995924877e-05,0.0099241407588124,0.3592630501535312,0.804503582395087,0.5818833162743091,False
normal:normal2:1335,0,5.899488314753398e-05,0.0099893026053905,0.35823950870010235,0.8055271238485159,0.5818833162743091,False
normal:im:559,0,0.0003805572341661,0.0015397062525153,0.5731832139201638,0.5885363357215967,0.5808597748208802,False
normal:normal2:578,0,0.0001478572230553,0.0033638023305684,0.4718526100307062,0.6898669396110543,0.5808597748208802,False
normal:normal2:1349,0,0.0016411553369835,0.0003745343419723,0.7451381780962129,0.41453428863868985,0.5798362333674514,False
normal:im:709,0,0.000959686585702,0.0005832750466652,0.6878198567041965,0.47082906857727735,0.579324462640737,False
normal:normal2:700,0,0.0008801317890174,0.0006155457813292,0.6786079836233367,0.4749232343909928,0.5767656090071648,False
normal:im:367,0,0.0001619578979443,0.0026152955833822,0.48311156601842375,0.6683725690890481,0.5757420675537359,False
normal:im:133,0,0.0008556536049582,0.0006316229118965,0.6745138178096213,0.47697031729785055,0.5757420675537359,False
normal:im:449,0,0.0035177359823137,0.0002112243673764,0.8085977482088025,0.34186284544524054,0.5752302968270215,False
normal:normal2:1220,0,0.0004474230809137,0.001116840634495,0.5946775844421699,0.5557830092118731,0.5752302968270215,False
normal:normal2:629,0,8.37769330246374e-05,0.0058132726699113,0.39508700102354144,0.7523029682702149,0.5736949846468782,False
normal:normal2:1276,0,0.0018058135174214,0.0002991842047777,0.7523029682702149,0.390992835209826,0.5716479017400204,False
normal:normal2:1113,0,0.0001473435113439,0.0026147370226681,0.46980552712384854,0.6673490276356192,0.5685772773797338,False
normal:normal2:1345,0,0.00011284627589701187,0.0038211488617131,0.43091095189355166,0.7052200614124872,0.5680655066530194,False
normal:im:630,0,0.0010353964753448,0.000459077215055,0.691914022517912,0.44012282497441146,0.5660184237461617,False
normal:normal2:833,0,0.0003090208338107,0.0013152380706742,0.5537359263050153,0.5772773797338793,0.5655066530194472,False
normal:im:347,0,7.24428246030584e-05,0.0058294413611292,0.37768679631525076,0.7533265097236438,0.5655066530194472,False
normal:normal2:933,0,0.0004065134271513,0.001044898526743,0.5803480040941658,0.548618219037871,0.5644831115660184,False
normal:im:295,0,0.0001123086185543,0.0035281088203191,0.428863868986694,0.6960081883316275,0.5624360286591608,False
normal:normal2:1127,0,0.0002154514804715,0.0016630277968943,0.5138178096212896,0.6069600818833163,0.560388945752303,False
normal:normal2:1231,0,0.0045661116018891,0.0001509486610302,0.8239508700102354,0.2947799385875128,0.559365404298874,False
normal:im:501,0,0.00013106621994055128,0.0026521042327658,0.44728761514841353,0.6714431934493347,0.559365404298874,False
normal:normal2:1306,0,0.0001188958631246,0.0028699601534754,0.4390992835209826,0.6786079836233367,0.5588536335721597,False
normal:normal2:977,0,0.0005213849362917,0.0007964191609062,0.6131013306038895,0.5046059365404298,0.5588536335721597,False
normal:im:238,0,0.0019239509711042,0.000237619417021,0.7574206755373593,0.3592630501535312,0.5583418628454453,False
normal:normal2:424,0,0.0004769421357195,0.0008377179619856,0.5987717502558854,0.5158648925281474,0.5573183213920163,False
normal:normal2:1221,0,0.0005106783355586,0.0007820391329005,0.6100307062436029,0.5025588536335721,0.5562947799385876,False
normal:im:235,0,0.0004208344616927,0.0008869188022799,0.5854657113613101,0.5230296827021494,0.5542476970317298,False
normal:normal2:979,0,0.0004286405164748,0.0008594131213612,0.5895598771750256,0.518935516888434,0.5542476970317298,False
normal:normal2:1018,0,3.213200398022309e-05,0.0096051199361681,0.3070624360286592,0.8004094165813715,0.5537359263050153,False
normal:normal2:907,0,0.0004415394505485,0.0008339093765243,0.5926305015353122,0.5148413510747185,0.5537359263050153,False
normal:im:636,0,0.0008526414167135,0.0004419776087161,0.6734902763561924,0.43193449334698053,0.5527123848515865,False
normal:im:222,0,0.0001710269716568,0.0017621917650103,0.4882292732855681,0.6161719549641761,0.5522006141248721,False
normal:normal2:821,0,0.0002933496143668,0.0010631445329636,0.5475946775844421,0.5537359263050153,0.5506653019447287,False
normal:normal2:402,0,0.0030837976373732,0.0001517837372375,0.7993858751279427,0.2978505629477994,0.548618219037871,False
normal:im:640,0,3.90609132712722e-05,0.0071526551619172,0.323439099283521,0.7707267144319345,0.5470829068577278,False
normal:normal2:394,0,4.9758127715904266e-05,0.0056902165524661,0.34390992835209827,0.7451381780962129,0.5445240532241555,False
normal:normal2:810,0,0.0002353976015001,0.0011943140998482,0.5240532241555783,0.563971340839304,0.5440122824974412,False
normal:normal2:1323,0,0.0014911727048456,0.0002228644589195,0.7359263050153532,0.3510747185261003,0.5435005117707268,False
normal:normal2:1010,0,0.0006113438284955,0.0005321420612744,0.6305015353121801,0.4564994882292733,0.5435005117707267,False
normal:im:668,0,0.0003521623730193,0.0008928142488002,0.5619242579324463,0.5240532241555783,0.5429887410440123,False
normal:im:574,0,0.0007323459722101,0.0004274857055861,0.6530194472876152,0.43091095189355166,0.5419651995905834,False
normal:normal2:955,0,0.0003747045702766,0.0008126121247187,0.5711361310133061,0.5097236438075742,0.5404298874104401,False
normal:im:755,0,0.0002018832747125,0.0012596690794453,0.5076765609007164,0.5721596724667349,0.5399181166837257,False
normal:im:487,0,0.0002350291324546,0.0011412117164582,0.5220061412487206,0.5578300921187308,0.5399181166837257,False
normal:normal2:1040,0,3.5982946428703144e-05,0.0064854761585593,0.3172978505629478,0.7604912998976459,0.5388945752302968,False
normal:im:472,0,0.0003372307692188,0.0008378001512028,0.5598771750255885,0.5168884339815762,0.5383828045035823,False
normal:normal2:1270,0,0.0005591412191279,0.0004982783575542,0.6223132036847492,0.4483111566018424,0.5353121801432958,False
normal:im:437,0,0.00010633034859588266,0.0022486337984446,0.42374616171954965,0.646878198567042,0.5353121801432958,False
normal:im:697,0,0.0004511334409471,0.0005942300776951,0.5957011258955988,0.4728761514841351,0.5342886386898669,False
normal:im:392,0,3.804515654337592e-05,0.0057757510803639,0.3224155578300921,0.7461617195496417,0.5342886386898669,False
normal:im:526,0,1.7051102986442856e-05,0.0101532069966197,0.2599795291709314,0.8065506653019447,0.5332650972364381,False
normal:normal2:970,0,0.0007691863575018,0.000342621555319,0.661207778915046,0.4022517911975435,0.5317297850562948,False
normal:normal2:869,0,0.0001811301335692,0.0012214558664709,0.49437052200614123,0.5670419651995906,0.5307062436028659,False
normal:im:466,0,9.464356480748393e-06,0.018314067274332,0.20777891504605936,0.8485158648925282,0.5281473899692938,False
normal:im:652,0,0.00018199458099840503,0.0011465891350326,0.4953940634595701,0.5598771750255885,0.5276356192425793,False
normal:normal2:797,0,0.0023274566046893,0.0001165790163213,0.7799385875127943,0.2743091095189355,0.5271238485158649,False
normal:normal2:819,0,0.0013196535874158,0.0001841367775341,0.7236438075742068,0.32753326509723646,0.5255885363357216,False
normal:im:154,0,0.0005350624560378,0.000423370685894,0.617195496417605,0.42988741044012285,0.5235414534288639,False
normal:normal2:641,0,0.0003582537174224,0.0006521614268422,0.5649948822927329,0.481064483111566,0.5230296827021494,False
normal:normal2:1272,0,3.101442416664213e-05,0.0054425881244242,0.3039918116683726,0.7420675537359263,0.5230296827021494,False
normal:im:496,0,0.0022376317065209,0.0001084819232346,0.7758444216990789,0.2671443193449335,0.5214943705220062,False
normal:im:306,0,0.0004250792553648,0.0005114265950396,0.5875127942681678,0.45445240532241554,0.5209825997952917,False
normal:normal2:577,0,0.0005913329077884,0.0003694974875543,0.6294779938587513,0.4104401228249744,0.5199590583418628,False
normal:im:535,0,0.0002362283557886,0.0008296145242638,0.5250767656090072,0.5138178096212896,0.5194472876151484,False
normal:normal2:650,0,0.0007966172415763,0.0002701948687899,0.6642784032753326,0.3725690890481064,0.5184237461617195,False
normal:im:532,0,0.0001757589780027,0.0010080026695504,0.49129989764585463,0.5424769703172978,0.5168884339815762,False
normal:im:385,0,0.000907625304535,0.0002227739751106,0.6806550665301945,0.3490276356192426,0.5148413510747185,False
normal:normal2:1337,0,4.416695446707308e-06,0.0277905724942684,0.14943705220061412,0.8792221084953941,0.5143295803480041,False
normal:im:659,0,0.0005286284722387,0.0003719420637935,0.6141248720573184,0.413510747185261,0.5138178096212896,False
normal:normal2:652,0,5.648296064464376e-05,0.0026621571741998,0.353121801432958,0.6724667349027635,0.5127942681678608,False
normal:normal2:599,0,0.0001713070523692,0.0009667979902587,0.48925281473899696,0.5363357215967247,0.5127942681678608,False
normal:normal2:1138,0,0.0001698144187685,0.0009525806526653,0.4872057318321392,0.534288638689867,0.510747185261003,False
normal:im:746,0,2.6157471438637003e-05,0.0048489123582839,0.2917093142272262,0.72978505629478,0.510747185261003,False
normal:im:566,0,9.991564002120867e-05,0.0016546706901863,0.41453428863868985,0.6049129989764586,0.5097236438075742,False
normal:im:219,0,0.0004595135105773,0.0003877207054756,0.5967246673490276,0.42067553735926305,0.5087001023541453,False
normal:normal2:1169,0,0.0002992946247104,0.0005761689390055,0.5496417604912999,0.4677584442169908,0.5087001023541453,False
normal:normal2:541,0,4.678335244534537e-05,0.0027182463090866,0.34083930399181167,0.6745138178096213,0.5076765609007164,False
normal:normal2:830,0,0.0002717115276027,0.0006270944722928,0.5363357215967247,0.4759467758444217,0.5061412487205732,False
normal:normal2:583,0,0.0002913945354521,0.0005452397745102,0.5465711361310133,0.458546571136131,0.5025588536335721,False
normal:normal2:1147,0,0.0001392670819768,0.001029523438774,0.4595701125895599,0.5455475946775844,0.5025588536335721,False
normal:normal2:1118,0,0.000691142573487,0.0002344159292988,0.6458546571136131,0.3572159672466735,0.5015353121801434,False
normal:normal2:680,0,7.844200445106253e-05,0.0017624360043555,0.3858751279426817,0.617195496417605,0.5015353121801434,False
normal:im:318,0,0.000256134342635,0.0005817183991894,0.5291709314227226,0.46980552712384854,0.4994882292732856,False
normal:im:341,0,0.0004876867460552,0.0003020185395143,0.6028659160696008,0.39201637666325484,0.49744114636642783,False
normal:normal2:1422,0,6.339117680909112e-05,0.0018625480588525,0.3664278403275333,0.6274309109518935,0.4969293756397134,False
normal:im:643,0,0.0003011751978192,0.0004635617369785,0.5516888433981576,0.4421699078812692,0.4969293756397134,False
normal:normal2:919,0,9.77195959421806e-05,0.0013505149399861,0.413510747185261,0.579324462640737,0.496417604912999,False
normal:im:433,0,2.9864509997423735e-05,0.0033974016550928,0.29887410440122825,0.691914022517912,0.49539406345957016,False
normal:normal2:926,0,4.555486157187261e-05,0.0024345489218831,0.33469805527123847,0.6560900716479018,0.49539406345957016,False
normal:im:137,0,0.0011793088633567,0.0001216950840898,0.7082906857727738,0.28249744114636643,0.4953940634595701,False
normal:normal2:1151,0,7.021374767646194e-05,0.0017334594158455,0.37563971340839303,0.6131013306038895,0.4943705220061413,False
normal:normal2:1316,0,0.0006247464916668,0.0002234080311609,0.6366427840327533,0.35209825997952915,0.49437052200614123,False
normal:normal2:962,0,1.8951715901494023e-05,0.0042958576232194,0.2640736949846469,0.721596724667349,0.49283520982599793,False
normal:im:317,0,0.0001967851421795,0.000656385323964,0.5025588536335721,0.4820880245649949,0.4923234390992835,False
normal:normal2:798,0,1.1821586667792872e-05,0.0059306416660547,0.2262026612077789,0.7574206755373593,0.49181166837256907,False
normal:normal2:1291,0,1.040865754475817e-05,0.0065532349981367,0.21596724667349027,0.7625383828045036,0.48925281473899696,False
normal:im:521,0,0.0005160371074452,0.0002490961924195,0.6120777891504606,0.36438075742067555,0.4882292732855681,False
normal:normal2:416,0,4.478103559359047e-05,0.002194552990962,0.33265097236438074,0.6438075742067554,0.4882292732855681,False
normal:im:299,0,0.0003009088395629,0.0004037033359054,0.5506653019447287,0.4247697031729785,0.4877175025588536,False
normal:im:358,0,0.0008359381463378,0.000156682668603,0.6693961105424769,0.30501535312180145,0.4872057318321392,False
normal:im:182,0,0.000112658177386,0.0010113288881257,0.42988741044012285,0.5435005117707267,0.48669396110542473,False
normal:im:245,0,0.0001961824746103,0.0005889895255677,0.5015353121801432,0.4718526100307062,0.48669396110542473,False
normal:normal2:582,0,2.422643046884332e-05,0.0032194685190916,0.2865916069600819,0.6857727737973388,0.48618219037871035,False
normal:normal2:1134,0,0.0006214917520992,0.0001989032025448,0.6345957011258956,0.33572159672466734,0.4851586489252815,False
normal:im:444,0,0.0001458413025829,0.0007491197902709,0.4677584442169908,0.49948822927328557,0.4836233367451382,False
normal:normal2:458,0,0.0003541295009199,0.0003437997947912,0.563971340839304,0.4032753326509724,0.4836233367451382,False
normal:im:531,0,0.0001376940963382208,0.0008108249930955,0.45752302968270214,0.5087001023541453,0.48311156601842375,False
normal:normal2:655,0,0.0002713325375225,0.0004161905962973,0.5353121801432958,0.4278403275332651,0.4815762538382805,False
normal:im:604,0,0.0001586599537404,0.0006425427854992,0.4820880245649949,0.4790174002047083,0.4805527123848516,False
normal:im:543,0,0.00017690677668721625,0.000569585346966,0.49334698055271237,0.4657113613101331,0.4795291709314227,False
normal:im:724,0,0.0004160726384725,0.000270769407507,0.5844421699078812,0.3735926305015353,0.4790174002047083,False
normal:normal2:806,0,9.583473729435354e-05,0.0010350627126172,0.41146366427840325,0.5465711361310133,0.4790174002047083,False
normal:im:145,0,1.664886440266855e-05,0.0035485713742673,0.25588536335721596,0.6980552712384852,0.47697031729785055,False
normal:normal2:509,0,0.0006458043353632,0.0001638079702388,0.638689866939611,0.3091095189355169,0.47389969293756395,False
normal:normal2:453,0,0.000408064952353,0.0002518092805985,0.5813715455475946,0.3664278403275333,0.47389969293756395,False
normal:im:478,0,0.000281084299786,0.0003505424829199,0.5414534288638689,0.4053224155578301,0.4733879222108495,False
normal:normal2:530,0,6.749002932338044e-05,0.0012712470488622,0.37154554759467756,0.5742067553735927,0.4728761514841351,False
normal:normal2:881,0,0.0004093598108738,0.0002391185116721,0.5823950870010235,0.3602865916069601,0.4713408393039918,False
normal:normal2:555,0,0.000101885694978874,0.0009047938161378,0.4165813715455476,0.5250767656090072,0.47082906857727735,False
normal:normal2:1155,0,0.0002073567011393,0.0004457875038497,0.5087001023541453,0.4329580348004094,0.47082906857727735,False
normal:normal2:1318,0,5.646378485835157e-05,0.0015370271867141,0.35209825997952915,0.5875127942681678,0.4698055271238485,False
normal:im:473,0,1.316883663093904e-05,0.0036154140252619,0.23439099283520984,0.7011258955987717,0.46775844421699075,False
normal:normal2:1267,0,0.000132298329845,0.000657741096802,0.44933469805527126,0.48311156601842375,0.4662231320368475,False
normal:normal2:1128,0,4.643045213013761e-05,0.0015545318795678,0.33776867963152507,0.5926305015353122,0.46519959058341864,False
normal:normal2:1311,0,0.000694352434948,0.0001182292762678,0.646878198567042,0.27942681678607983,0.4631525076765609,False
normal:normal2:429,0,0.0001368121593259,0.0005664390628226,0.4554759467758444,0.4646878198567042,0.4600818833162743,False
normal:im:538,0,0.0005296488525345,0.0001559362717671,0.6151484135107472,0.3029682702149437,0.45905834186284544,False
normal:normal2:1314,0,8.397777855861932e-05,0.0008563525625504,0.3971340839303992,0.5179119754350051,0.45752302968270214,False
normal:normal2:1176,0,0.0002888054877985,0.0002568165946286,0.5445240532241555,0.36745138178096215,0.45598771750255884,False
normal:im:453,0,4.662351921069785e-05,0.0012538123164631,0.3398157625383828,0.5711361310133061,0.45547594677584446,False
normal:normal2:935,0,0.000176709567313,0.0003773100906983,0.4923234390992835,0.4165813715455476,0.45445240532241554,False
normal:normal2:1093,0,0.0001412144774803,0.0004553649341687,0.4626407369498465,0.43807574206755373,0.45035823950870013,False
normal:im:476,0,0.0001163796478067,0.00055621919455,0.436028659160696,0.4626407369498465,0.44933469805527126,False
normal:normal2:694,0,0.0010820404859259,5.129202691023238e-05,0.6970317297850563,0.2016376663254862,0.44933469805527126,False
normal:im:503,0,0.0001562570250825,0.0003868358035106,0.4790174002047083,0.4186284544524053,0.4488229273285568,False
normal:im:311,0,5.704048089683056e-05,0.0009961785981431,0.35516888433981575,0.5404298874104401,0.4477993858751279,False
normal:normal2:914,0,0.0002193347609136,0.000277507933788,0.5168884339815762,0.3766632548618219,0.44677584442169904,False
normal:normal2:815,0,0.0003620432980824,0.0001752556272549,0.5660184237461617,0.323439099283521,0.44472876151484136,False
normal:normal2:961,0,0.0001983260008273,0.0002910046896431,0.5046059365404298,0.38485158648925283,0.4447287615148413,False
normal:normal2:1203,0,5.950348167971242e-06,0.0040553454309701,0.17400204708290687,0.714431934493347,0.44421699078812693,False
normal:im:752,0,4.616792648448609e-05,0.0010543850949034,0.33572159672466734,0.5516888433981576,0.44370522006141244,False
normal:im:325,0,8.231241372413933e-05,0.0007055313326418,0.3940634595701126,0.49334698055271237,0.44370522006141244,False
normal:normal2:1002,0,2.3788328689988703e-05,0.0016437825979664,0.28556806550665303,0.6008188331627431,0.44319344933469806,False
normal:normal2:1157,0,9.052539098775014e-05,0.000605980749242,0.406345957011259,0.47389969293756395,0.44012282497441146,False
normal:im:711,0,3.0913495720596984e-05,0.0012876384425908,0.3029682702149437,0.5762538382804504,0.4396110542476971,False
normal:im:719,0,0.0008330596028827,5.913829227210954e-05,0.6683725690890481,0.21084953940634596,0.43961105424769703,False
normal:normal2:775,0,4.914576948067406e-06,0.0042931381613016,0.1586489252814739,0.7205731832139202,0.43961105424769703,False
normal:im:288,0,0.0004108124703634,0.0001511061709607,0.5834186284544524,0.29580348004094165,0.439611054247697,False
normal:im:337,0,0.0004214175569359,0.0001347251672996,0.586489252814739,0.28863868986693964,0.4375639713408393,False
normal:normal2:1223,0,0.0001485908869653,0.0003224300162401,0.47389969293756395,0.3991811668372569,0.43654042988741043,False
normal:im:307,0,0.0004966387059539,0.0001075265972758,0.6059365404298874,0.2661207778915046,0.436028659160696,False
normal:normal2:888,0,4.2142870370298624e-05,0.0010144095867872,0.3265097236438076,0.5445240532241555,0.43551688843398156,False
normal:im:750,0,4.40144503954798e-05,0.0009829566115513,0.33162743091095187,0.5383828045035824,0.43500511770726713,False
normal:im:565,0,0.0013809535885229,2.096757452818565e-05,0.7277379733879222,0.14022517911975435,0.43398157625383826,False
normal:im:554,0,2.6981779228663072e-05,0.0012523690238595,0.29273285568065505,0.5701125895598772,0.43142272262026615,False
normal:im:599,0,9.630864951759575e-05,0.0004978292854502,0.4124872057318321,0.44728761514841353,0.4298874104401228,False
normal:im:391,0,6.096849756431766e-05,0.0007226672605611,0.3633572159672467,0.49641760491299897,0.4298874104401228,False
normal:normal2:1294,0,9.127318844545808e-05,0.00050754975382,0.40736949846468784,0.4503582395087001,0.42886386898669393,False
normal:im:170,0,5.3034098527859896e-05,0.0008002838003449,0.3500511770726714,0.5066530194472876,0.4283520982599795,False
normal:im:160,0,0.0001450500858481,0.000295362639008,0.46673490276356194,0.3889457523029683,0.4278403275332651,False
normal:normal2:508,0,6.922024476807564e-05,0.0006437450647354,0.3735926305015353,0.48004094165813715,0.4268167860798362,False
normal:normal2:895,0,1.1371663276804613e-05,0.0019260618137195,0.2210849539406346,0.6294779938587513,0.42528147389969295,False
normal:normal2:675,0,0.0001324841432506,0.0003261589445173,0.4503582395087001,0.4002047082906858,0.42528147389969295,False
normal:normal2:897,0,0.0008625896880403,3.567230305634439e-05,0.676560900716479,0.17093142272262027,0.42374616171954965,False
normal:im:588,0,4.549078221316449e-05,0.0008283655624836,0.3336745138178096,0.5127942681678608,0.4232343909928352,False
normal:normal2:992,0,0.0003524941857904,0.0001187650996143,0.5629477993858751,0.2804503582395087,0.4216990788126919,False
normal:im:249,0,3.601126809371635e-05,0.0008785901591181,0.31832139201637666,0.5220061412487206,0.4201637666325486,False
normal:normal2:627,0,0.0002568695053923,0.0001639062538743,0.5301944728761515,0.3101330603889457,0.4201637666325486,False
normal:normal2:1301,0,8.645644265925512e-05,0.0004528760618995,0.3991811668372569,0.436028659160696,0.41760491299897645,False
normal:normal2:1124,0,0.0001563884725328,0.0002308474067831,0.48004094165813715,0.35516888433981575,0.41760491299897645,False
normal:im:753,0,0.000189431826584,0.0002020802785409,0.4984646878198567,0.3367451381780962,0.41760491299897645,False
normal:im:620,0,2.58247479318167e-05,0.0009989236508166,0.2906857727737973,0.5414534288638689,0.41606960081883315,False
normal:normal2:1116,0,0.00014003945034346234,0.0002657494515005,0.4616171954964176,0.3705220061412487,0.41606960081883315,False
normal:normal2:811,0,1.3652029338118156e-05,0.0015362120466306,0.23643807574206754,0.586489252814739,0.41146366427840325,False
normal:im:209,0,0.0005100566195324,5.9824338677572086e-05,0.609007164790174,0.21187308085977483,0.41044012282497444,False
normal:im:355,0,0.0001723374152788,0.0001866757229436,0.49027635619242577,0.3295803480040942,0.40992835209825995,False
normal:normal2:702,0,0.0001268832129426,0.0002683763450477,0.4452405322415558,0.37154554759467756,0.4083930399181167,False
normal:normal2:552,0,0.0006158451433293,3.955279680667445e-05,0.6325486182190379,0.18014329580348004,0.406345957011259,False
normal:im:714,0,0.0001233749353559,0.0002632423420436,0.44319344933469806,0.3694984646878199,0.406345957011259,False
normal:im:685,0,3.684079274535179e-05,0.0006636726902797,0.32139201637666326,0.4851586489252815,0.4032753326509724,False
normal:im:410,0,0.0001918740745168,0.0001606798323336,0.49948822927328557,0.3060388945752303,0.40276356192425794,False
normal:normal2:1153,0,0.0001203871652251,0.0002446623402647,0.4421699078812692,0.3623336745138178,0.4022517911975435,False
normal:normal2:564,0,3.241219019400887e-05,0.0007127950666472,0.30808597748208805,0.4953940634595701,0.4017400204708291,False
normal:normal2:837,0,0.0001459974009776,0.0001964059192687,0.4687819856704197,0.3336745138178096,0.40122824974411464,False
normal:im:539,0,0.0001983367498420348,0.0001513778309648,0.5056294779938587,0.2968270214943705,0.40122824974411464,False
normal:normal2:604,0,0.0007110012811608,2.512197352189105e-05,0.6509723643807575,0.14943705220061412,0.4002047082906858,False
normal:im:255,0,7.899139745859429e-05,0.0003607000398915,0.3889457523029683,0.4094165813715456,0.3991811668372569,False
normal:normal2:847,0,0.0003741049149539,6.704223778797314e-05,0.5701125895598772,0.22722620266120777,0.3986693961105425,False
normal:normal2:1191,0,0.0001342223840765,0.0002167427446693,0.4524053224155578,0.34493346980552714,0.3986693961105425,False
normal:normal2:1058,0,0.0004734522663056,4.792937761521898e-05,0.5977482088024565,0.195496417604913,0.39662231320368474,False
normal:im:305,0,2.037507147178985e-05,0.0008769517298787,0.2712384851586489,0.5209825997952917,0.3961105424769703,False
normal:im:312,0,1.859486110333819e-05,0.0009206908871419,0.26202661207778916,0.5301944728761515,0.3961105424769703,False
normal:normal2:1060,0,8.588194759795442e-06,0.0015892665833234,0.195496417604913,0.5967246673490276,0.3961105424769703,False
normal:normal2:1188,0,0.0003887718194164,6.194927118485793e-05,0.5742067553735927,0.21699078812691913,0.39559877175025593,False
normal:im:557,0,0.0001075302861863,0.0002507599128875,0.4257932446264074,0.3654042988741044,0.39559877175025593,False
normal:normal2:976,0,7.2120424192689825e-06,0.0016471149865537,0.18935516888433981,0.601842374616172,0.3955987717502559,False
normal:im:129,0,5.6611347645230126e-06,0.0017957319505512,0.16888433981576254,0.6202661207778914,0.394575230296827,False
normal:im:458,0,0.0001093393439077,0.0002446157159283,0.42681678607983625,0.36131013306038895,0.3940634595701126,False
normal:im:689,0,0.0003684513794723,6.217956251930445e-05,0.5680655066530195,0.218014329580348,0.3930399181166837,False
normal:im:308,0,0.000119943950267,0.0002147818158846,0.44114636642784033,0.34390992835209827,0.39252814738996933,False
normal:normal2:753,0,0.0001885837264126,0.0001313464017584,0.49744114636642783,0.2865916069600819,0.39201637666325484,False
normal:im:446,0,0.0003730737953446,6.0167098126839846e-05,0.5690890481064483,0.2128966223132037,0.39099283520982603,False
normal:normal2:454,0,0.0005314369918778,3.338195529067889e-05,0.6161719549641761,0.1647901740020471,0.3904810644831116,False
normal:im:568,0,0.0001975431514438,0.0001176116202259,0.503582395087001,0.2773797338792221,0.39048106448311154,False
normal:normal2:873,0,2.0874083929811604e-05,0.0008052276680245,0.27328556806550663,0.5076765609007164,0.39048106448311154,False
normal:normal2:648,0,2.068300318569527e-06,0.0030777992215007,0.09621289662231321,0.6827021494370522,0.38945752302968273,False
normal:normal2:692,0,0.0004905482055619,3.622574877226725e-05,0.6049129989764586,0.172978505629478,0.3889457523029683,False
normal:normal2:1144,0,0.0004802452458534,3.862561425194144e-05,0.5997952917093142,0.1780962128966223,0.38894575230296824,False
normal:normal2:476,0,9.323132690042256e-05,0.0002597492130007,0.4083930399181167,0.368474923234391,0.38843398157625386,False
normal:normal2:451,0,6.92996309226146e-06,0.0014588867779821,0.18833162743091095,0.5844421699078812,0.3863868986693961,False
normal:im:434,0,0.0001530195295345,0.000143425684655,0.47697031729785055,0.29273285568065505,0.3848515864892528,False
normal:normal2:1149,0,9.528717055218294e-05,0.0002329012495465,0.4104401228249744,0.3561924257932446,0.38331627430910953,False
normal:im:323,0,0.0001143430708907,0.0001849918771767,0.4329580348004094,0.3285568065506653,0.38075742067553736,False
normal:normal2:673,0,2.804055611704825e-06,0.0023701905738562,0.1105424769703173,0.6509723643807575,0.38075742067553736,False
normal:normal2:1227,0,1.560331838845741e-05,0.0008226325153373,0.24769703172978505,0.5117707267144319,0.3797338792221085,False
normal:normal2:946,0,3.5174914955860004e-05,0.0004771886160597,0.3142272262026612,0.4452405322415558,0.3797338792221085,False
normal:im:644,0,0.00022105756859976553,7.893769738605745e-05,0.518935516888434,0.23950870010235414,0.37922210849539406,False
normal:im:274,0,0.0001264268212253,0.000166558267665,0.44421699078812693,0.3132036847492323,0.37871033776867963,False
normal:im:511,0,4.9873721006103246e-05,0.0003711540884978,0.34493346980552714,0.41146366427840325,0.3781985670419652,False
normal:normal2:1182,0,0.0001030322455335,0.0001906865800265,0.4196519959058342,0.33162743091095187,0.37563971340839303,False
normal:im:424,0,0.0001157160222646,0.0001712146331556,0.43398157625383826,0.31525076765609006,0.37461617195496416,False
normal:im:275,0,6.0519501857925206e-05,0.0002915275981649,0.36131013306038895,0.38689866939611056,0.3741044012282497,False
normal:normal2:473,0,3.924330485460814e-06,0.001655975705944,0.14022517911975435,0.6059365404298874,0.37308085977482086,False
normal:im:216,0,8.608186362835113e-06,0.0010383006883785,0.19651995905834185,0.5475946775844421,0.372057318321392,False
normal:normal2:566,0,3.0507412702718284e-06,0.0018589762039482,0.11668372569089049,0.6264073694984647,0.37154554759467756,False
normal:im:220,0,0.0001053276646416,0.0001723821042105,0.4227226202661208,0.3172978505629478,0.37001023541453426,False
normal:im:266,0,2.094189403578639e-05,0.0005531259230338,0.2743091095189355,0.4616171954964176,0.3679631525076765,False
normal:normal2:952,0,0.0001487989065935,0.0001005093654384,0.4749232343909928,0.25895598771750256,0.36693961105424766,False
normal:normal2:1196,0,3.202667721780017e-05,0.0004061889485456,0.3060388945752303,0.4257932446264074,0.36591606960081885,False
normal:normal2:1338,0,7.455403101630509e-05,0.000222799484618,0.3797338792221085,0.3500511770726714,0.3648925281473899,False
normal:im:729,0,1.6169046830327716e-06,0.0021015300881117,0.08597748208802457,0.6397134083930399,0.36284544524053225,False
normal:normal2:983,0,8.75552277648213e-05,0.0001751967635451,0.40122824974411464,0.3224155578300921,0.3618219037871034,False
normal:normal2:874,0,7.171917241066694e-05,0.0002145178150385,0.3766632548618219,0.3428863868986694,0.35977482088024565,False
normal:normal2:557,0,2.2323753000819124e-05,0.0004512919695116,0.28249744114636643,0.43500511770726713,0.3587512794268168,False
normal:im:268,0,0.0001696954423096,7.052874570945278e-05,0.48618219037871035,0.23029682702149437,0.35823950870010235,False
normal:im:278,0,0.0001478431222494,8.973194780992344e-05,0.47082906857727735,0.24564994882292732,0.35823950870010235,False
normal:im:371,0,0.0002294364967383,4.6735374780837446e-05,0.5209825997952917,0.19447287615148415,0.3577277379733879,False
normal:im:533,0,0.0001139089818025005,0.0001258859338122,0.43193449334698053,0.2835209825997953,0.3577277379733879,False
normal:normal2:1317,0,4.4240641727810726e-06,0.0011801683576777,0.150460593654043,0.5629477993858751,0.35670419651995905,False
normal:normal2:1027,0,2.550305362092331e-05,0.0003888166975229,0.2896622313203685,0.4216990788126919,0.35568065506653024,False
normal:im:297,0,0.0004018005274701,1.7306241716141813e-05,0.5783009211873081,0.13101330603889458,0.35465711361310137,False
normal:normal2:1110,0,1.0274237638441264e-06,0.0021525451447814,0.06550665301944729,0.6427840327533265,0.3541453428863869,False
normal:im:211,0,7.709021883783862e-05,0.0001811937108868,0.3828045035823951,0.3254861821903787,0.3541453428863869,False
normal:normal2:1277,0,0.00010172781442935253,0.0001363956883627,0.4155578300921187,0.2896622313203685,0.35261003070624364,False
normal:im:401,0,1.6055040759965777e-05,0.0005077708628959,0.2517911975435005,0.4524053224155578,0.35209825997952915,False
normal:normal2:1025,0,2.6480449832888557e-06,0.0015888746129348,0.10747185261003071,0.5957011258955988,0.3515864892528147,False
normal:normal2:1104,0,3.572479545255192e-05,0.0002898323873523,0.3162743091095189,0.38382804503582396,0.3500511770726714,False
normal:normal2:1245,0,0.0001514347532065,6.296787614701316e-05,0.4759467758444217,0.22006141248720573,0.3480040941658137,False
normal:normal2:796,0,1.4472059774561783e-05,0.0005092230276204,0.24257932446264074,0.4534288638689867,0.3480040941658137,False
normal:normal2:1106,0,0.0001319774019066,8.413119212491438e-05,0.4483111566018424,0.2436028659160696,0.345957011258956,False
normal:normal2:1091,0,7.486093090847135e-05,0.0001641200360609,0.38075742067553736,0.3111566018423746,0.34595701125895595,False
normal:normal2:545,0,1.1590883332246449e-05,0.000581162283197,0.22210849539406347,0.4687819856704197,0.34544524053224157,False
normal:im:244,0,0.0001385298819513,7.496451144106686e-05,0.458546571136131,0.2323439099283521,0.34544524053224157,False
normal:normal2:500,0,6.357497477438301e-05,0.0001726169721223,0.36745138178096215,0.31832139201637666,0.3428863868986694,False
normal:normal2:1020,0,2.92603939063459e-05,0.000288309995085,0.2978505629477994,0.3828045035823951,0.34032753326509724,False
normal:im:467,0,4.01305988096586e-05,0.0002265093553432,0.32446264073694986,0.3541453428863869,0.33930399181166837,False
normal:im:298,0,2.0493964257184416e-05,0.0003477233403827,0.27226202661207777,0.40429887410440124,0.3382804503582395,False
normal:im:413,0,6.488378858193755e-05,0.0001612810738151,0.368474923234391,0.3070624360286592,0.3377686796315251,False
normal:im:607,0,0.0001019136907416,0.0001001690252451,0.41760491299897645,0.2579324462640737,0.33776867963152507,False
normal:im:229,0,7.781758176861331e-05,0.0001412047859048,0.38382804503582396,0.2906857727737973,0.33725690890481064,False
normal:normal2:540,0,0.0002090649941237,3.3272968721576035e-05,0.510747185261003,0.16376663254861823,0.33725690890481064,False
normal:im:692,0,2.8308435503277e-05,0.0002774084568955,0.2968270214943705,0.37563971340839303,0.33623336745138177,False
normal:normal2:1126,0,0.0003071058890782,1.1309692126815207e-05,0.5527123848515865,0.1187308085977482,0.33572159672466734,False
normal:normal2:814,0,0.0001644798903726,4.190302570350468e-05,0.4851586489252815,0.1842374616171955,0.3346980552712385,False
normal:normal2:853,0,7.849631947465241e-05,0.0001214029980474,0.38689866939611056,0.28147389969293757,0.33418628454452404,False
normal:im:356,0,0.0001394503196934,5.2716331992996857e-05,0.46059365404298874,0.20368474923234392,0.3321392016376663,False
normal:normal2:936,0,2.0185461835353635e-05,0.0003079520538449,0.2691914022517912,0.3930399181166837,0.33111566018423744,False
normal:im:207,0,6.247512942536559e-07,0.0016998903593048,0.05015353121801433,0.6110542476970318,0.33060388945752306,False
normal:normal2:1273,0,8.396497287321836e-05,0.0001058068446582,0.3961105424769703,0.2640736949846469,0.33009211873080857,False
normal:im:320,0,0.0001170570030808,6.432548980228603e-05,0.43705220061412486,0.22313203684749233,0.33009211873080857,False
normal:im:289,0,2.177533860958647e-05,0.0002831759338732,0.27942681678607983,0.3797338792221085,0.3295803480040942,False
normal:im:469,0,6.060631130822003e-05,0.0001423790236003,0.3623336745138178,0.2917093142272262,0.32702149437052197,False
normal:normal2:513,0,5.295980736264028e-05,0.0001538939686724,0.3490276356192426,0.300921187308086,0.3249744114636643,False
normal:im:505,0,1.617195541333179e-05,0.0003158519944766,0.2548618219037871,0.39508700102354144,0.32497441146366424,False
normal:normal2:865,0,6.680002115899697e-06,0.0005643475451506,0.18526100307062435,0.46366427840327534,0.32446264073694986,False
normal:normal2:925,0,3.039954754058272e-05,0.0002212070685345,0.300921187308086,0.34800409416581374,0.32446264073694986,False
normal:normal2:485,0,5.071213672636077e-05,0.0001555465860292,0.34698055271238487,0.30194472876151485,0.32446264073694986,False
normal:normal2:684,0,4.293765596230514e-05,0.000167175909155,0.3285568065506653,0.3142272262026612,0.32139201637666326,False
normal:im:460,0,7.910958811407909e-05,9.455364488530904e-05,0.38996929375639716,0.2517911975435005,0.3208802456499488,False
normal:normal2:1300,0,8.137585973599926e-05,9.272745228372514e-05,0.390992835209826,0.24974411463664278,0.3203684749232344,False
normal:normal2:1261,0,1.607025296834763e-05,0.0002910541370511,0.25281473899692936,0.3858751279426817,0.3193449334698055,False
normal:normal2:472,0,1.2262712516530884e-05,0.0003555468574631,0.23029682702149437,0.4083930399181167,0.3193449334698055,False
normal:normal2:520,0,1.675642852205783e-05,0.0002864004636649,0.2569089048106448,0.38075742067553736,0.3188331627430911,False
normal:normal2:507,0,6.113196286605671e-05,0.0001151357573689,0.36438075742067555,0.27328556806550663,0.3188331627430911,False
normal:normal2:689,0,2.765695899142884e-05,0.0002101666468661,0.2947799385875128,0.34083930399181167,0.3178096212896622,False
normal:normal2:912,0,5.868677544640377e-05,0.0001181677434942,0.3572159672466735,0.27840327533265097,0.3178096212896622,False
normal:im:269,0,8.958044782048091e-05,7.442304922733456e-05,0.40429887410440124,0.23132036847492324,0.3178096212896622,False
normal:normal2:683,0,3.1440301881957566e-06,0.0008185136830434,0.12077789150460594,0.510747185261003,0.3157625383828045,False
normal:im:492,0,0.000142834833241,3.3653293940005824e-05,0.46366427840327534,0.1668372569089048,0.31525076765609006,False
normal:normal2:989,0,7.563560939161107e-05,9.123019844992086e-05,0.38178096212896623,0.24769703172978505,0.3147389969293756,False
normal:normal2:913,0,9.01674695796828e-07,0.0011646187631413,0.06038894575230297,0.5609007164790174,0.3106448311156602,False
normal:im:394,0,9.432130900677294e-05,5.808656351291575e-05,0.4094165813715456,0.20880245649948823,0.3091095189355169,False
normal:normal2:1304,0,1.1779631677200086e-05,0.0003139236941933,0.2241555783009212,0.3940634595701126,0.30910951893551686,False
normal:im:540,0,3.265465056756511e-05,0.0001563261612318,0.3091095189355169,0.3039918116683726,0.30655066530194475,False
normal:normal2:690,0,9.03182735783048e-05,5.606876948149875e-05,0.4053224155578301,0.2067553735926305,0.3060388945752303,False
normal:im:751,0,7.828569323464762e-06,0.0003830822533927,0.19140225179119755,0.41760491299897645,0.304503582395087,False
normal:normal2:887,0,1.5920548321446404e-05,0.0002361821825616,0.24872057318321392,0.35823950870010235,0.30348004094165815,False
normal:normal2:957,0,0.0002730799023993,2.0318193492130376e-06,0.5373592630501536,0.06755373592630501,0.3024564994882293,False
normal:im:156,0,9.3434491645894e-06,0.0003168079128954,0.2067553735926305,0.3961105424769703,0.3014329580348004,False
normal:im:670,0,4.20624201069586e-06,0.0005118157132528,0.14636642784032752,0.4554759467758444,0.300921187308086,False
normal:normal2:1006,0,0.0001368427037959,2.2062167772674e-05,0.4564994882292733,0.14431934493346982,0.30040941658137155,False
normal:im:455,0,5.332954970072024e-06,0.0004468459810595,0.1647901740020471,0.43398157625383826,0.2993858751279427,False
normal:im:696,0,3.33491807396058e-05,0.000132073968416,0.3101330603889457,0.28761514841351077,0.29887410440122825,False
normal:im:201,0,2.030628820648417e-05,0.0001840477925725,0.27021494370522003,0.3265097236438076,0.2983623336745138,False
normal:normal2:1184,0,2.556718754931353e-06,0.0006799034308642,0.10440122824974411,0.49027635619242577,0.29733879222108495,False
normal:im:601,0,6.519469752674922e-05,6.390484486473724e-05,0.3694984646878199,0.22210849539406347,0.2958034800409417,False
normal:im:135,0,2.176607995352242e-05,0.0001642344723222,0.27840327533265097,0.31218014329580346,0.2952917093142272,False
normal:normal2:1253,0,4.180432370048948e-06,0.0004763124161399,0.14534288638689866,0.44421699078812693,0.2947799385875128,False
normal:im:578,0,2.301610265931231e-06,0.0006668411660939,0.10030706243602866,0.4872057318321392,0.29375639713408397,False
normal:im:349,0,3.806023187280516e-06,0.0005056480877101,0.13613101330603888,0.44933469805527126,0.2927328556806551,False
normal:im:372,0,8.874965715222061e-05,3.960518733947538e-05,0.4022517911975435,0.1811668372569089,0.29170931422722624,False
normal:normal2:960,0,0.0001353740517515,1.5285122572095133e-05,0.4534288638689867,0.1269191402251791,0.2901740020470829,False
normal:im:343,0,4.625712244887836e-05,8.117931429296732e-05,0.3367451381780962,0.240532241555783,0.28863868986693964,False
normal:im:738,0,8.430040907114744e-05,3.8135021895868704e-05,0.39815762538382804,0.17604912998976457,0.2871033776867963,False
normal:im:530,0,6.569217475771438e-06,0.0002930854388978,0.18321392016376664,0.38792221084953943,0.28556806550665303,False
normal:normal2:1194,0,8.198395516956225e-05,3.823727820417844e-05,0.3930399181166837,0.17707267144319344,0.28505629477993855,False
normal:im:280,0,5.998652795824455e-06,0.000298919621855,0.17604912998976457,0.38996929375639716,0.28300921187308087,False
normal:normal2:1242,0,0.0002194495755247,7.884740398367285e-07,0.5179119754350051,0.04605936540429888,0.281985670419652,False
normal:im:283,0,0.0001194007563753,1.3758238310401794e-05,0.44012282497441146,0.12384851586489252,0.281985670419652,False
normal:im:257,0,0.0001450013951398,6.7312762439541984e-06,0.4657113613101331,0.09723643807574207,0.28147389969293757,False
normal:normal2:386,0,5.287701242195908e-06,0.0003185764071531,0.16376663254861823,0.3971340839303992,0.2804503582395087,False
normal:im:168,0,1.393178081343649e-05,0.0001732713135425,0.24155578300921188,0.3193449334698055,0.2804503582395087,False
normal:im:172,0,8.885593706509098e-05,2.9005499527556825e-05,0.4032753326509724,0.15660184237461616,0.27993858751279427,False
normal:normal2:875,0,4.491230811254354e-06,0.0003525883075781,0.15148413510747186,0.406345957011259,0.2789150460593654,False
normal:normal2:1226,0,3.7715169582952512e-06,0.000391781766666,0.13510747185261002,0.4227226202661208,0.2789150460593654,False
normal:normal2:898,0,5.458177838590928e-05,5.3458592446986586e-05,0.3510747185261003,0.2047082906857728,0.27789150460593653,False
normal:normal2:942,0,3.020414396814885e-06,0.0004554190090857,0.11566018423746162,0.4390992835209826,0.2773797338792221,False
normal:normal2:563,0,9.339182724943385e-06,0.0002195766428485,0.20573183213920163,0.34698055271238487,0.27635619242579323,False
normal:normal2:1024,0,3.1034782296046615e-05,8.251903636846691e-05,0.30501535312180145,0.24155578300921188,0.27328556806550663,False
normal:normal2:462,0,1.6784209947218187e-05,0.0001300935837207,0.2579324462640737,0.28556806550665303,0.2717502558853634,False
normal:normal2:899,0,3.62498599315586e-06,0.0003714337653946,0.1299897645854657,0.4124872057318321,0.2712384851586489,False
normal:normal2:839,0,4.2472620407352224e-05,6.054120603948832e-05,0.32753326509723646,0.21392016376663256,0.2707267144319345,False
normal:normal2:931,0,6.333619239740074e-05,3.65347987099085e-05,0.3654042988741044,0.17400204708290687,0.26970317297850566,False
normal:normal2:489,0,8.172744855983183e-05,2.3106817025109198e-05,0.39201637666325484,0.14636642784032752,0.26919140225179117,False
normal:normal2:1256,0,1.9375764168216847e-05,0.0001098776119761,0.2661207778915046,0.2712384851586489,0.2686796315250768,False
normal:normal2:525,0,0.0001331505918642,3.917756657756399e-06,0.45138178096212894,0.08597748208802457,0.26867963152507673,False
normal:im:686,0,6.973298150114715e-05,3.062470204895362e-05,0.37461617195496416,0.16069600818833163,0.2676560900716479,False
normal:normal2:956,0,1.1708898455253802e-06,0.0005456525250338,0.07164790174002048,0.46059365404298874,0.2661207778915046,False
normal:im:122,0,2.121796387655195e-05,9.714272891869769e-05,0.27635619242579323,0.2548618219037871,0.2656090071647902,False
normal:normal2:1240,0,2.1176563677727245e-05,9.321506513515489e-05,0.27533265097236437,0.2507676560900716,0.26305015353121797,False
normal:normal2:951,0,1.1815161997219548e-05,0.0001537644566269,0.22517911975435004,0.2998976458546571,0.2625383828045036,False
normal:normal2:1280,0,2.698571734072175e-05,6.767337617930025e-05,0.2937563971340839,0.22824974411463664,0.2610030706243603,False
normal:normal2:1039,0,7.820181053830311e-05,1.918000998557545e-05,0.38485158648925283,0.13613101330603888,0.26049129989764586,False
normal:im:353,0,3.218213805666892e-06,0.0003196518518961,0.1218014329580348,0.39815762538382804,0.2599795291709314,False
normal:im:314,0,5.1384962063139035e-08,0.0007447596290148,0.017400204708290685,0.4984646878198567,0.2579324462640737,False
normal:im:493,0,4.351148163550533e-05,4.195861038169824e-05,0.330603889457523,0.18526100307062435,0.2579324462640737,False
normal:normal2:1142,0,1.4488680032324433e-05,0.0001086489458733,0.2436028659160696,0.26816786079836236,0.255885363357216,False
normal:normal2:1089,0,9.59083354246104e-06,0.0001519776560598,0.21187308085977483,0.29887410440122825,0.2553735926305015,False
normal:normal2:1044,0,6.035536353010684e-05,2.5336319595226087e-05,0.3602865916069601,0.150460593654043,0.2553735926305015,False
normal:normal2:909,0,4.770675514009781e-05,3.40412043442484e-05,0.34186284544524054,0.16786079836233367,0.2548618219037871,False
normal:normal2:1174,0,3.541445767041296e-05,4.3386928155086935e-05,0.31525076765609006,0.19037871033776868,0.25281473899692936,False
normal:normal2:988,0,5.80407822781126e-06,0.0001964205439435,0.17093142272262027,0.33469805527123847,0.25281473899692936,False
normal:im:590,0,2.2194690245669332e-05,6.388247857103124e-05,0.28147389969293757,0.2210849539406346,0.25127942681678606,False
normal:normal2:486,0,4.851843641517917e-06,0.0002180166193284,0.15660184237461616,0.345957011258956,0.25127942681678606,False
normal:im:665,0,0.0001068033088813,2.581793978606584e-06,0.4247697031729785,0.07778915046059365,0.25127942681678606,False
normal:im:223,0,3.3464220905443653e-06,0.0002783659729175,0.12384851586489252,0.37768679631525076,0.2507676560900716,False
normal:im:537,0,2.781606417556759e-05,5.221635728958063e-05,0.29580348004094165,0.20266120777891505,0.24923234390992835,False
normal:normal2:499,0,6.116696567914914e-06,0.0001750331575749,0.17707267144319344,0.32139201637666326,0.24923234390992835,False
normal:normal2:1167,0,1.2262945347174536e-05,0.0001068941855919,0.23132036847492324,0.26509723643807576,0.2482088024564995,False
normal:normal2:455,0,1.523774358247465e-06,0.000375923118554,0.08085977482088025,0.4155578300921187,0.24820880245649948,False
normal:normal2:1442,0,6.895681508467533e-06,0.0001635769731365,0.18730808597748208,0.30808597748208805,0.24769703172978508,False
normal:normal2:1310,0,4.022836947115138e-06,0.0002240114554297,0.14227226202661208,0.353121801432958,0.24769703172978505,False
normal:normal2:609,0,4.783123586094007e-06,0.0002092259383061,0.1555783009211873,0.3398157625383828,0.24769703172978505,False
normal:im:616,0,1.2095368902009795e-06,0.000387247710023,0.07267144319344933,0.4196519959058342,0.24616171954964175,False
normal:im:240,0,1.047493014993961e-06,0.0003942240728065,0.06755373592630501,0.42374616171954965,0.24564994882292734,False
normal:im:359,0,5.6541539379395545e-05,1.881539174064528e-05,0.3541453428863869,0.13408393039918118,0.24411463664278404,False
normal:im:210,0,4.650117989513092e-05,2.4580675017205067e-05,0.33879222108495394,0.14841351074718526,0.2436028659160696,False
normal:normal2:401,0,1.7449445294914767e-05,6.699838559143245e-05,0.2610030706243603,0.2262026612077789,0.2436028659160696,False
normal:normal2:1120,0,4.341229578130879e-05,2.8467944503063336e-05,0.3295803480040942,0.15455475946775846,0.2420675537359263,False
normal:im:383,0,6.901987217133865e-05,8.539908776583616e-06,0.3725690890481064,0.1105424769703173,0.24155578300921188,False
normal:normal2:1043,0,1.895943387353327e-05,5.819706711918116e-05,0.26509723643807576,0.2098259979529171,0.2374616171954964,False
normal:im:624,0,2.339548723284679e-05,4.335614718797842e-05,0.28454452405322417,0.18935516888433981,0.23694984646878198,False
normal:normal2:617,0,3.378113979124464e-05,3.007170562341344e-05,0.31218014329580346,0.15967246673490276,0.2359263050153531,False
normal:im:438,0,1.0212995221081655e-05,9.898571443045512e-05,0.21392016376663256,0.25588536335721596,0.23490276356192424,False
normal:normal2:816,0,4.399778390506981e-06,0.0001744305336615,0.14841351074718526,0.3203684749232344,0.2343909928352098,False
normal:normal2:503,0,4.031486241728999e-06,0.0001787201181286,0.14329580348004095,0.32446264073694986,0.2338792221084954,False
normal:im:617,0,1.5722687294328352e-06,0.0002879847015719,0.08393039918116683,0.38178096212896623,0.23285568065506654,False
normal:normal2:877,0,9.497067367192358e-06,9.980261529562996e-05,0.20880245649948823,0.2569089048106448,0.2328556806550665,False
normal:normal2:1228,0,8.82188123796368e-06,0.0001037337569869,0.19754350051177072,0.263050153531218,0.23029682702149437,False
normal:normal2:937,0,3.0672934371978045e-05,2.7047910407418385e-05,0.30194472876151485,0.15250767656090072,0.2272262026612078,False
normal:normal2:698,0,8.429928129771724e-06,0.0001020582203636,0.19344933469805528,0.2610030706243603,0.2272262026612078,False
normal:normal2:687,0,1.5846786993733988e-07,0.0004071150615345,0.02661207778915046,0.42681678607983625,0.22671443193449337,False
normal:im:646,0,6.47761862637708e-06,0.0001140151289291,0.1811668372569089,0.27226202661207777,0.22671443193449334,False
normal:normal2:491,0,4.798297231900506e-05,8.286248885269742e-06,0.3428863868986694,0.10951893551688843,0.22620266120777893,False
normal:normal2:594,0,1.7687539184407797e-06,0.000244721857598,0.08904810644831115,0.3633572159672467,0.22620266120777893,False
normal:normal2:1177,0,1.0292301340086851e-05,7.794785778969526e-05,0.21494370522006143,0.2374616171954964,0.22620266120777893,False
normal:im:361,0,2.845877816071152e-06,0.0002069226029561,0.11258955987717502,0.33879222108495394,0.22569089048106447,False
normal:normal2:807,0,2.4296441551996395e-05,3.077272413065657e-05,0.28761514841351077,0.1617195496417605,0.22466734902763563,False
normal:im:417,0,5.002370016882196e-05,7.562658993265359e-06,0.345957011258956,0.1023541453428864,0.2241555783009212,False
normal:im:346,0,4.086900298716501e-05,1.1480367902549917e-05,0.3254861821903787,0.11975435005117707,0.2226202661207779,False
normal:normal2:1059,0,1.702413101156708e-05,4.201570845907554e-05,0.25895598771750256,0.1862845445240532,0.2226202661207779,False
normal:normal2:857,0,2.5879887743940344e-06,0.0002058599493466,0.10644831115660185,0.33776867963152507,0.22210849539406347,False
normal:normal2:647,0,2.88638261736196e-06,0.0001867166574811,0.11361310133060389,0.330603889457523,0.22210849539406344,False
normal:normal2:388,0,2.875626705645118e-07,0.0003540751349646,0.03480040941658137,0.40736949846468784,0.2210849539406346,False
normal:im:633,0,5.7946646847995e-05,3.886500962835271e-06,0.3561924257932446,0.0849539406345957,0.22057318321392017,False
normal:normal2:643,0,1.3737914741795976e-05,5.08921111759264e-05,0.23950870010235414,0.20061412487205732,0.22006141248720573,False
normal:im:701,0,5.695933850802248e-06,0.000109481952677,0.1699078812691914,0.27021494370522003,0.22006141248720573,False
normal:normal2:894,0,1.3731117178394923e-05,5.002475154469721e-05,0.23848515864892528,0.19959058341862845,0.21903787103377687,False
normal:im:439,0,1.1971693690308408e-05,5.788278318637671e-05,0.22824974411463664,0.20777891504605936,0.218014329580348,False
normal:im:700,0,3.617252150434069e-05,9.349795618618373e-06,0.3193449334698055,0.11361310133060389,0.2164790174002047,False
normal:im:648,0,1.5983927369234152e-05,3.9458536775782704e-05,0.2507676560900716,0.17911975435005117,0.2149437052200614,False
normal:im:294,0,2.1786929210065864e-05,2.3578506443300284e-05,0.2804503582395087,0.1473899692937564,0.21392016376663253,False
normal:normal2:1333,0,2.2975373212830164e-05,2.0597084585460838e-05,0.2835209825997953,0.13817809621289662,0.21084953940634596,False
normal:im:718,0,6.525185654027155e-06,7.864108920330182e-05,0.18219037871033777,0.23848515864892528,0.21033776867963153,False
normal:normal2:1346,0,6.691754970233887e-05,1.0002000863096328e-06,0.3705220061412487,0.05015353121801433,0.2103377686796315,False
normal:im:340,0,1.5673015241191024e-06,0.0001932913000928,0.08290685772773797,0.33265097236438074,0.20777891504605936,False
normal:im:494,0,5.245161446509883e-06,9.608784603187814e-05,0.1617195496417605,0.2538382804503582,0.20777891504605936,False
normal:normal2:845,0,1.3179704183130523e-05,3.4581411455292255e-05,0.23541453428863868,0.1699078812691914,0.20266120777891505,False
normal:normal2:506,0,3.367265162523836e-05,5.952243554929737e-06,0.3111566018423746,0.09416581371545547,0.20266120777891503,False
normal:im:409,0,2.175178633478936e-05,1.451338357583154e-05,0.2773797338792221,0.12589559877175024,0.2016376663254862,False
normal:normal2:1001,0,2.993516864080448e-05,7.102417384885484e-06,0.2998976458546571,0.10030706243602866,0.2001023541453429,False
normal:im:561,0,1.4734203432453796e-05,2.764512100839056e-05,0.24564994882292732,0.1535312180143296,0.19959058341862845,False
normal:im:428,0,2.0000627046101727e-05,1.5811847333679907e-05,0.2671443193449335,0.12896622313203684,0.19805527123848515,False
normal:normal2:1111,0,4.681417522078846e-06,8.329817501362413e-05,0.15250767656090072,0.24257932446264074,0.19754350051177072,False
normal:im:754,0,3.667533383122645e-05,2.1865089365746826e-06,0.3203684749232344,0.07267144319344933,0.19651995905834185,False
normal:im:598,0,5.6445842346875e-06,6.5484935475979e-05,0.1668372569089048,0.2241555783009212,0.195496417604913,False
normal:im:592,0,2.95648533210624e-06,0.0001167241862276,0.11463664278403275,0.27635619242579323,0.195496417604913,False
normal:im:459,0,3.4166812838520855e-05,2.536391548346728e-06,0.3132036847492323,0.0767656090071648,0.19498464687819855,False
normal:im:619,0,2.00453469005879e-05,1.199321195599623e-05,0.26816786079836236,0.12077789150460594,0.19447287615148415,False
normal:im:613,0,1.4874240150675178e-05,2.1795243810629472e-05,0.24667349027635618,0.14227226202661208,0.19447287615148412,False
normal:normal2:1183,0,1.966107674888917e-06,0.0001489781861891,0.09211873080859775,0.2937563971340839,0.19293756397134082,False
normal:im:506,0,1.0546660860200063e-06,0.0001721610024105,0.06960081883316274,0.3162743091095189,0.19293756397134082,False
normal:normal2:1041,0,1.615832297829911e-05,1.5563087799819186e-05,0.2538382804503582,0.12794268167860798,0.1908904810644831,False
normal:im:475,0,3.5254258818895323e-06,9.100099123315886e-05,0.1269191402251791,0.24667349027635618,0.18679631525076765,False
normal:normal2:649,0,6.295537787082139e-06,4.409384564496577e-05,0.17911975435005117,0.19140225179119755,0.18526100307062437,False
normal:im:441,0,9.095831956074107e-06,3.4574455639813095e-05,0.2016376663254862,0.16888433981576254,0.18526100307062437,False
normal:normal2:414,0,3.686504896904808e-06,7.716148684266955e-05,0.13101330603889458,0.23541453428863868,0.18321392016376664,False
normal:normal2:1103,0,2.5034823920577765e-05,2.248583086839062e-06,0.28863868986693964,0.0736949846468782,0.1811668372569089,False
normal:normal2:978,0,5.246447017270839e-06,4.9724778364179656e-05,0.16274309109518936,0.1985670419651996,0.18065506653019447,False
normal:normal2:924,0,8.828505087876692e-06,3.254913099226542e-05,0.1985670419651996,0.16274309109518936,0.18065506653019447,False
normal:im:695,0,1.0536423360463232e-05,2.1967020074953325e-05,0.21699078812691913,0.14329580348004095,0.18014329580348004,False
normal:normal2:1004,0,9.173765647574328e-06,2.867406328732613e-05,0.20266120777891505,0.1555783009211873,0.17911975435005117,False
normal:im:290,0,5.008473635825794e-06,4.923945743939839e-05,0.15967246673490276,0.19754350051177072,0.17860798362333674,False
normal:normal2:1023,0,3.996612122136867e-06,6.156272138468921e-05,0.14124872057318322,0.21494370522006143,0.1780962128966223,False
normal:normal2:1148,0,3.3351277579640737e-06,7.584521517856047e-05,0.12282497441146366,0.23336745138178097,0.1780962128966223,False
normal:im:313,0,1.226863059855532e-05,1.2951131793670356e-05,0.2323439099283521,0.12282497441146366,0.17758444216990787,False
normal:normal2:908,0,3.5772025057667638e-06,6.588467658730224e-05,0.12896622313203684,0.22517911975435004,0.17707267144319344,False
normal:im:512,0,6.680562364635989e-06,3.358304820721969e-05,0.1862845445240532,0.16581371545547594,0.17604912998976457,False
normal:normal2:1198,0,1.006651837087702e-05,1.892309228423983e-05,0.2128966223132037,0.13510747185261002,0.17400204708290684,False
normal:im:286,0,1.2760454410454258e-05,9.00426948646782e-06,0.23336745138178097,0.11258955987717502,0.172978505629478,False
normal:im:242,0,9.073515684576703e-06,2.2953694497118704e-05,0.20061412487205732,0.14534288638689866,0.17297850562947797,False
normal:normal2:1296,0,6.616125574510079e-06,2.9544919016188945e-05,0.1842374616171955,0.15762538382804503,0.17093142272262027,False
normal:im:411,0,6.673072334706376e-07,0.000128607818624,0.052200614124872056,0.28454452405322417,0.1683725690890481,False
normal:normal2:640,0,1.1139271919091698e-05,1.0651598131516948e-05,0.21903787103377687,0.11566018423746162,0.16734902763561924,False
normal:im:327,0,1.0564082003838848e-05,1.088213684852235e-05,0.218014329580348,0.11668372569089049,0.16734902763561924,False
normal:normal2:512,0,9.418196782462472e-07,0.0001091249723685,0.062436028659160696,0.2691914022517912,0.16581371545547596,False
normal:normal2:1319,0,1.3816536920785438e-05,5.081051767774625e-06,0.240532241555783,0.09109518935516889,0.16581371545547596,False
normal:im:482,0,1.4157067198539153e-06,9.599068289389834e-05,0.07778915046059365,0.25281473899692936,0.1653019447287615,False
normal:normal2:1168,0,1.1831736628664656e-05,7.547988843725761e-06,0.22722620266120777,0.10133060388945753,0.16427840327533266,False
normal:normal2:399,0,6.753805905646004e-07,0.0001165884677902,0.05322415557830092,0.27533265097236437,0.16427840327533264,False
normal:normal2:1285,0,1.4507364539895208e-05,3.030721018149052e-06,0.24462640736949848,0.08085977482088025,0.16274309109518936,False
normal:normal2:1130,0,9.178606319437676e-07,0.0001022090800688,0.06141248720573183,0.26202661207778916,0.1617195496417605,False
normal:normal2:1037,0,3.858732725348091e-06,4.115521369385533e-05,0.13920163766632548,0.18321392016376664,0.16120777891504606,False
normal:normal2:892,0,2.013936182265752e-06,6.781149568269029e-05,0.0931422722620266,0.2292732855680655,0.16120777891504606,False
normal:normal2:868,0,1.8886852558352984e-05,1.2489770142565249e-06,0.263050153531218,0.05322415557830092,0.15813715455475946,False
normal:normal2:642,0,9.235935067408718e-06,8.942091881181113e-06,0.20368474923234392,0.11156601842374617,0.15762538382804503,False
normal:im:564,0,8.168240128725301e-07,9.236465120920911e-05,0.0593654042988741,0.24872057318321392,0.154042988741044,False
normal:im:241,0,1.166940728580812e-05,3.554045406417572e-06,0.22313203684749233,0.08290685772773797,0.15301944728761516,False
normal:normal2:986,0,4.772315605805488e-06,2.655641037563328e-05,0.15455475946775846,0.15148413510747186,0.15301944728761516,False
normal:im:324,0,1.1277704288659152e-05,3.6678345622931374e-06,0.22006141248720573,0.08393039918116683,0.1519959058341863,False
normal:normal2:859,0,8.485679245495703e-06,7.978505891514942e-06,0.19447287615148415,0.10644831115660185,0.150460593654043,False
normal:im:489,0,1.2227224033267705e-05,2.0689080884039868e-06,0.2292732855680655,0.06857727737973388,0.1489252814738997,False
normal:normal2:1332,0,9.501786735199858e-06,2.87349894279032e-06,0.2098259979529171,0.07983623336745138,0.14483111566018425,False
normal:im:330,0,1.6914906098008944e-07,0.0001005340964184,0.027635619242579325,0.2599795291709314,0.14380757420675538,False
normal:im:117,0,1.9601563394644475e-07,8.714576688362285e-05,0.030706243602865915,0.24462640736949848,0.13766632548618218,False
normal:normal2:1161,0,1.4622462458646623e-06,4.8234705900540575e-05,0.07881269191402251,0.19651995905834185,0.13766632548618218,False
normal:normal2:1218,0,3.922030202829774e-07,7.746575283817947e-05,0.037871033776867964,0.23643807574206754,0.13715455475946775,False
normal:im:722,0,5.845072337251622e-06,6.886132723593619e-06,0.172978505629478,0.09825997952917093,0.13561924257932445,False
normal:normal2:1056,0,5.821002105221851e-06,6.549437784997281e-06,0.17195496417604914,0.09621289662231321,0.13408393039918118,False
normal:normal2:1096,0,1.4735216685342796e-06,4.224653658487417e-05,0.07983623336745138,0.18730808597748208,0.13357215967246672,False
normal:normal2:474,0,1.366484684695024e-05,2.535194312258682e-07,0.2374616171954964,0.027635619242579325,0.13254861821903788,False
normal:normal2:849,0,4.281094788893824e-06,1.1099643415946048e-05,0.1473899692937564,0.11770726714431934,0.13254861821903785,False
normal:im:502,0,3.728274350578431e-06,1.767141839081887e-05,0.13203684749232344,0.13203684749232344,0.13203684749232344,False
normal:im:671,0,5.759344503530883e-07,6.295820639934391e-05,0.044012282497441144,0.21903787103377687,0.131525076765609,False
normal:im:388,0,1.5974279449437745e-05,5.549620851752479e-08,0.24974411463664278,0.011258955987717503,0.13050153531218014,False
normal:normal2:852,0,5.982165475870716e-06,3.5169769034837373e-06,0.1750255885363357,0.08188331627430911,0.1284544524053224,False
normal:im:404,0,1.0460999533279393e-07,7.71046252339147e-05,0.022517911975435005,0.23439099283520984,0.1284544524053224,False
normal:im:742,0,4.781039137924381e-07,6.191467400640249e-05,0.04094165813715456,0.21596724667349027,0.1284544524053224,False
normal:im:225,0,9.27144537854474e-06,1.0131017234016326e-06,0.2047082906857728,0.0511770726714432,0.127942681678608,False
normal:im:627,0,7.934049790492281e-06,1.7138906969194068e-06,0.19242579324462641,0.062436028659160696,0.12743091095189354,False
normal:normal2:1234,0,4.960729143022036e-07,5.549305569729768e-05,0.04196519959058342,0.20573183213920163,0.12384851586489252,False
normal:normal2:1090,0,6.815662914050336e-07,4.457633622223511e-05,0.05424769703172978,0.19242579324462641,0.1233367451381781,False
normal:normal2:558,0,8.940497536968905e-06,8.698778515281447e-07,0.19959058341862845,0.04708290685772774,0.12333674513817809,False
normal:normal2:1344,0,6.246700650081039e-06,1.9504873307596422e-06,0.1780962128966223,0.06550665301944729,0.1218014329580348,False
normal:normal2:567,0,3.0629444154328667e-06,1.28938017951441e-05,0.1187308085977482,0.1218014329580348,0.1202661207778915,False
normal:im:547,0,2.0717848201456945e-06,2.124108505086042e-05,0.09723643807574207,0.14124872057318322,0.11924257932446264,False
normal:normal2:999,0,6.388087967934553e-06,1.3209928511059843e-06,0.18014329580348004,0.05527123848515865,0.11770726714431934,False
normal:im:477,0,9.558400051901115e-06,2.024713410264667e-07,0.21084953940634596,0.02354145342886387,0.11719549641760492,False
normal:normal2:1164,0,2.410606384728453e-06,1.670011624810286e-05,0.10337768679631525,0.1299897645854657,0.11668372569089047,False
normal:im:504,0,4.766380243381718e-06,2.285686150571564e-06,0.1535312180143296,0.07471852610030706,0.11412487205731833,False
normal:im:374,0,5.9092423043694e-07,4.081669612787664e-05,0.04503582395087001,0.18219037871033777,0.1136131013306039,False
normal:im:316,0,3.8141624827403575e-06,4.432586592884036e-06,0.13715455475946775,0.08904810644831115,0.11310133060388945,False
normal:normal2:1028,0,5.651360424963059e-06,1.3974503190183896e-06,0.16786079836233367,0.05834186284544524,0.11310133060388945,False
normal:normal2:1030,0,3.819050562015036e-06,4.078868187207263e-06,0.13817809621289662,0.08700102354145343,0.11258955987717503,False
normal:im:332,0,6.246714292501565e-07,3.693284816108644e-05,0.04912998976458546,0.1750255885363357,0.11207778915046059,False
normal:im:661,0,5.590423370449571e-06,1.1056749826821033e-06,0.16581371545547594,0.052200614124872056,0.109007164790174,False
normal:im:276,0,2.0370462152641267e-06,9.834520824369974e-06,0.09518935516888434,0.11463664278403275,0.10491299897645855,False
normal:normal2:905,0,5.087616955279373e-06,9.107941991715052e-07,0.16069600818833163,0.048106448311156604,0.10440122824974411,False
normal:normal2:497,0,5.4480352673635934e-08,4.236881795804948e-05,0.019447287615148412,0.18833162743091095,0.10388945752302968,False
normal:im:678,0,1.3183160945118289e-06,1.790731039363891e-05,0.0736949846468782,0.1330603889457523,0.10337768679631526,False
normal:normal2:1343,0,2.255649405924487e-06,8.007036740309559e-06,0.09825997952917093,0.10747185261003071,0.10286591606960083,False
normal:normal2:1292,0,2.322065711268806e-06,7.611672117491253e-06,0.10133060388945753,0.10337768679631525,0.1023541453428864,False
normal:normal2:1321,0,2.2316470449368356e-08,4.661154889618047e-05,0.01023541453428864,0.19344933469805528,0.10184237461617196,False
normal:normal2:870,0,1.0123869742528768e-06,2.061539817077573e-05,0.06345957011258956,0.13920163766632548,0.10133060388945753,False
normal:im:357,0,5.594383765128441e-07,2.993559610331431e-05,0.042988741044012284,0.1586489252814739,0.1008188331627431,False
normal:normal2:663,0,7.230504706967622e-06,8.57082760319372e-09,0.19037871033776868,0.0040941658137154556,0.09723643807574207,False
normal:normal2:948,0,3.5466403005557368e-06,2.0032739485031925e-06,0.12794268167860798,0.06653019447287616,0.09723643807574206,False
normal:normal2:843,0,4.857677140535088e-06,3.945680475681002e-07,0.15762538382804503,0.030706243602865915,0.09416581371545547,False
normal:im:292,0,3.7639495076291496e-06,1.2921789220854407e-06,0.1330603889457523,0.05424769703172978,0.09365404298874105,False
normal:normal2:860,0,1.8918242403742624e-06,6.174013378767995e-06,0.09109518935516889,0.09518935516888434,0.09314227226202662,False
normal:normal2:475,0,3.096712589467643e-06,1.9457293092273176e-06,0.11975435005117707,0.06448311156601842,0.09211873080859775,False
normal:im:705,0,1.36060759814427e-06,7.828763955330942e-06,0.0767656090071648,0.10440122824974411,0.09058341862845445,False
normal:im:399,0,1.0691701390896924e-06,8.010077181097586e-06,0.07062436028659161,0.10849539406345957,0.08955987717502559,False
normal:im:141,0,1.6218064047279768e-06,5.3387511798064224e-06,0.08700102354145343,0.09211873080859775,0.08955987717502559,False
normal:im:381,0,4.105334483028855e-06,4.303155094476097e-07,0.14431934493346982,0.03172978505629478,0.0880245649948823,False
normal:im:721,0,1.100066371328978e-09,3.575908704078756e-05,0.0010235414534288639,0.17195496417604914,0.086489252814739,False
normal:normal2:1175,0,2.829720870067831e-06,1.5969186506481492e-06,0.11156601842374617,0.06038894575230297,0.08597748208802457,False
normal:im:609,0,2.572003268141998e-06,1.3244265346656905e-06,0.10542476970317298,0.05629477993858751,0.08085977482088025,False
normal:normal2:407,0,2.280915168739739e-06,1.6539893294975627e-06,0.0992835209825998,0.06141248720573183,0.08034800409416581,False
normal:normal2:543,0,3.423993121032254e-06,5.037532559981628e-07,0.12487205731832139,0.03480040941658137,0.07983623336745138,False
normal:normal2:1187,0,3.515461685310584e-06,3.896789735335915e-07,0.12589559877175024,0.02968270214943705,0.07778915046059365,False
normal:normal2:633,0,2.779168653432862e-06,7.585755952277395e-07,0.10951893551688843,0.04503582395087001,0.07727737973387921,False
normal:im:403,0,3.767964926737477e-06,1.7255860029763428e-07,0.13408393039918118,0.019447287615148412,0.0767656090071648,False
normal:im:710,0,7.773493280183175e-07,5.530111593543552e-06,0.05834186284544524,0.0931422722620266,0.07574206755373593,False
normal:im:733,0,2.600638282501677e-08,1.9521565263858065e-05,0.01330603889457523,0.13715455475946775,0.0752302968270215,False
normal:normal2:413,0,1.0546459634497296e-06,2.8391168598318477e-06,0.06857727737973388,0.07881269191402251,0.0736949846468782,False
normal:normal2:501,0,4.0606275319987617e-07,7.957753041409887e-06,0.038894575230296824,0.10542476970317298,0.07215967246673491,False
normal:normal2:409,0,6.94000902967673e-07,4.141583303862717e-06,0.05527123848515865,0.08802456499488229,0.07164790174002048,False
normal:normal2:547,0,3.060497647311422e-06,2.1585400133972146e-07,0.11770726714431934,0.02456499488229273,0.07113613101330604,False
normal:normal2:619,0,1.566318360346486e-06,1.562582383485278e-06,0.08188331627430911,0.0593654042988741,0.07062436028659161,False
normal:normal2:987,0,3.4339429078045214e-08,1.3844512977811974e-05,0.015353121801432957,0.12487205731832139,0.07011258955987718,False
normal:normal2:523,0,1.6047581539169189e-06,9.583953897163155e-07,0.0849539406345957,0.04912998976458546,0.06704196519959058,False
normal:normal2:1201,0,1.7990731748795952e-06,6.868791047054401e-07,0.09007164790174002,0.04196519959058342,0.06601842374616172,False
normal:normal2:672,0,7.408372653117112e-07,2.076367536574253e-06,0.05629477993858751,0.06960081883316274,0.06294779938587512,False
normal:normal2:601,0,2.7668083930620924e-06,1.3243112562122408e-07,0.10849539406345957,0.015353121801432957,0.06192425793244626,False
normal:normal2:893,0,6.625134005844302e-07,2.1708699478040216e-06,0.0511770726714432,0.07164790174002048,0.061412487205731836,False
normal:im:658,0,2.3579107164550805e-06,1.3913476948346218e-07,0.1023541453428864,0.017400204708290685,0.059877175025588536,False
normal:normal2:516,0,2.0361837869131705e-06,2.3119028469409386e-07,0.09416581371545547,0.0255885363357216,0.059877175025588536,False
normal:normal2:842,0,5.1716515514499406e-08,7.100046786945313e-06,0.01842374616171955,0.0992835209825998,0.05885363357215967,False
normal:im:231,0,1.321306626778096e-06,6.392473324012826e-07,0.07574206755373593,0.03991811668372569,0.05783009211873081,False
normal:normal2:1307,0,2.6505261985221296e-07,2.397224761807593e-06,0.033776867963152504,0.07574206755373593,0.054759467758444216,False
normal:normal2:1308,0,1.014415374811506e-06,7.220832003440592e-07,0.06448311156601842,0.042988741044012284,0.05373592630501535,False
normal:im:679,0,3.210067802683625e-07,2.082936362057808e-06,0.03582395087001024,0.07062436028659161,0.05322415557830092,False
normal:im:365,0,2.5049669005738906e-08,4.47580305262818e-06,0.011258955987717503,0.09007164790174002,0.05066530194472876,False
normal:normal2:669,0,4.399407771416009e-07,1.3286633020470615e-06,0.03991811668372569,0.057318321392016376,0.04861821903787103,False
normal:im:716,0,1.3196846566643217e-06,1.9188091471278312e-07,0.07471852610030706,0.021494370522006142,0.048106448311156604,False
normal:im:239,0,7.702517450525193e-07,6.362319027175545e-07,0.057318321392016376,0.038894575230296824,0.0481064483111566,False
normal:im:339,0,1.7242846297449432e-06,4.929673336206973e-10,0.08802456499488229,0.0010235414534288639,0.04452405322415558,False
normal:normal2:1282,0,1.0296828349964926e-06,1.9613624147041267e-07,0.06653019447287616,0.022517911975435005,0.04452405322415558,False
normal:normal2:846,0,6.22731818111788e-07,4.4986538227931305e-07,0.048106448311156604,0.032753326509723645,0.040429887410440124,False
normal:normal2:1322,0,6.17957027770899e-07,5.002937086828751e-07,0.04605936540429888,0.033776867963152504,0.03991811668372569,False
normal:normal2:1136,0,6.197878406055679e-07,3.851735925763933e-07,0.04708290685772774,0.028659160696008188,0.037871033776867964,False
normal:normal2:809,0,2.321467036381364e-07,6.537367198689026e-07,0.032753326509723645,0.04094165813715456,0.036847492323439104,False
normal:normal2:838,0,1.9260653516539605e-08,1.7310529756286996e-06,0.009211873080859774,0.06345957011258956,0.036335721596724664,False
normal:normal2:917,0,4.952551435621899e-08,7.582985972476308e-07,0.016376663254861822,0.044012282497441144,0.030194472876151485,False
normal:normal2:1351,0,8.487118208222456e-08,5.252887831375119e-07,0.021494370522006142,0.03582395087001024,0.02865916069600819,False
normal:normal2:529,0,1.564778955298607e-07,2.3272836813248435e-07,0.0255885363357216,0.02661207778915046,0.02610030706243603,False
normal:normal2:465,0,3.4271974413968564e-07,8.467747392160163e-08,0.0368474923234391,0.01330603889457523,0.025076765609007165,False
normal:im:563,0,1.7306678756767724e-08,5.306486059453164e-07,0.008188331627430911,0.0368474923234391,0.022517911975435005,False
normal:normal2:1329,0,2.071714391149726e-07,7.080642916434955e-08,0.03172978505629478,0.012282497441146366,0.022006141248720572,False
normal:im:382,0,9.744825391067025e-09,5.426095981420076e-07,0.00511770726714432,0.037871033776867964,0.021494370522006142,False
normal:im:218,0,1.5183086077286134e-07,1.3437185941711505e-07,0.02456499488229273,0.016376663254861822,0.02047082906857728,False
normal:normal2:493,0,1.7662713958088719e-07,3.4182658481540784e-08,0.02968270214943705,0.008188331627430911,0.018935516888433982,False
normal:im:423,0,1.7404771313067613e-07,4.822872767817898e-08,0.028659160696008188,0.009211873080859774,0.018935516888433982,False
normal:normal2:572,0,1.3293815470660777e-07,1.2704443008715316e-07,0.02354145342886387,0.014329580348004094,0.018935516888433982,False
normal:normal2:777,0,1.1257462517733074e-08,1.7528419959944588e-07,0.006141248720573183,0.02047082906857728,0.01330603889457523,False
normal:normal2:418,0,7.673792623563713e-08,1.3756803696196584e-08,0.02047082906857728,0.00511770726714432,0.0127942681678608,False
normal:im:485,0,1.2713236685613085e-08,1.3935307663359708e-07,0.007164790174002047,0.01842374616171955,0.012794268167860797,False
normal:normal2:666,0,2.5120051816429626e-08,5.3231719476798396e-08,0.012282497441146366,0.01023541453428864,0.011258955987717503,False
normal:normal2:1303,0,2.7948976466518616e-08,3.058525521737465e-08,0.014329580348004094,0.007164790174002047,0.010747185261003071,False
normal:normal2:596,0,6.5264882387339185e-09,1.659599391246047e-08,0.0030706243602865915,0.006141248720573183,0.004605936540429887,False
normal:normal2:1109,0,7.637459553677672e-09,3.4377747315517126e-09,0.0040941658137154556,0.0030706243602865915,0.0035823950870010235,False
normal:normal2:440,0,6.145328246276449e-09,5.371325606517985e-10,0.0020470829068577278,0.0020470829068577278,0.0020470829068577278,False
