group_id,label,p_resnet,p_densenet,rank_resnet,rank_densenet,hardness,hard_normal
normal:normal2:741,0,0.8848179578781128,0.8955060243606567,0.9969262295081968,0.9979508196721312,0.997438524590164,True
normal:normal2:611,0,0.7650535702705383,0.9810356497764589,0.9918032786885246,0.9989754098360656,0.9953893442622951,True
normal:normal2:855,0,0.8357330560684204,0.8762806057929993,0.9938524590163934,0.9959016393442623,0.9948770491803278,True
normal:normal2:723,0,0.7747952342033386,0.8844314813613892,0.992827868852459,0.9969262295081968,0.9948770491803278,True
normal:normal2:1064,0,0.94852614402771,0.7564007639884949,0.9979508196721312,0.9918032786885246,0.9948770491803278,True
normal:normal2:765,0,0.8806599974632263,0.4427261352539062,0.9959016393442623,0.9846311475409836,0.990266393442623,True
normal:normal2:1250,0,0.4987598657608032,0.8336058855056763,0.9846311475409836,0.9948770491803278,0.9897540983606556,True
normal:normal2:941,0,0.857049822807312,0.4311482906341553,0.9948770491803278,0.9825819672131147,0.9887295081967213,True
normal:im:279,0,0.5477716326713562,0.6291235089302063,0.985655737704918,0.9887295081967213,0.9871926229508197,True
normal:normal2:1048,0,0.3439053297042846,0.8193642497062683,0.9743852459016393,0.9938524590163934,0.9841188524590163,True
normal:normal2:425,0,0.352530688047409,0.6351497173309326,0.9764344262295082,0.9897540983606558,0.983094262295082,True
normal:normal2:1357,0,0.5651888251304626,0.2578266859054565,0.9877049180327869,0.9743852459016393,0.9810450819672132,True
normal:normal2:1419,0,0.1864214986562729,0.6472603678703308,0.9682377049180327,0.9907786885245902,0.9795081967213115,True
normal:normal2:1400,0,0.9707531332969666,0.1361775398254394,0.9989754098360656,0.9590163934426229,0.9789959016393442,True
normal:normal2:665,0,0.3752049207687378,0.3925894200801849,0.9784836065573771,0.9784836065573771,0.9784836065573771,True
normal:normal2:771,0,0.6411490440368652,0.1396660059690475,0.9897540983606558,0.9600409836065574,0.9748975409836066,True
normal:normal2:725,0,0.1542094051837921,0.5244472622871399,0.9631147540983607,0.9866803278688525,0.9748975409836066,True
normal:im:580,0,0.2588324248790741,0.3281707167625427,0.9702868852459017,0.9774590163934426,0.9738729508196722,True
normal:normal2:1396,0,0.3994592726230621,0.1620504409074783,0.9815573770491803,0.9631147540983607,0.9723360655737705,True
normal:normal2:1436,0,0.5616641044616699,0.1180440634489059,0.9866803278688525,0.9549180327868853,0.9707991803278688,True
normal:normal2:554,0,0.3214353919029236,0.1854207068681717,0.9713114754098361,0.9672131147540983,0.9692622950819672,True
normal:normal2:1365,0,0.1091067194938659,0.3977644145488739,0.9590163934426229,0.9795081967213115,0.9692622950819672,True
normal:normal2:980,0,0.6220141053199768,0.0992598384618759,0.9887295081967213,0.9487704918032787,0.96875,True
normal:normal2:396,0,0.1188110262155532,0.2477337270975113,0.9600409836065574,0.9723360655737705,0.966188524590164,True
normal:normal2:531,0,0.0768706277012825,0.427051842212677,0.9508196721311475,0.9815573770491803,0.9661885245901639,True
normal:im:691,0,0.3484501540660858,0.1075742468237876,0.9754098360655737,0.9508196721311475,0.9631147540983607,True
normal:im:546,0,0.0978194326162338,0.1813145875930786,0.9569672131147541,0.9661885245901639,0.961577868852459,True
normal:normal2:1437,0,0.3993081748485565,0.0753275007009506,0.9805327868852459,0.9395491803278688,0.9600409836065573,True
normal:im:301,0,0.0518403127789497,0.4319980442523956,0.9313524590163934,0.9836065573770492,0.9574795081967213,True
normal:im:732,0,0.3399247825145721,0.0786441415548324,0.9733606557377049,0.9415983606557377,0.9574795081967213,True
normal:normal2:803,0,0.0642455965280532,0.3106811940670013,0.9385245901639344,0.9764344262295082,0.9574795081967213,True
normal:im:735,0,0.0381845012307167,0.7770262956619263,0.9211065573770492,0.992827868852459,0.9569672131147541,True
normal:normal2:719,0,0.3612427115440368,0.0685136169195175,0.9774590163934426,0.9364754098360656,0.9569672131147541,True
normal:normal2:419,0,0.4282214045524597,0.05392986536026,0.9825819672131147,0.930327868852459,0.9564549180327868,True
normal:normal2:718,0,0.0736894160509109,0.1425274163484573,0.9487704918032787,0.9620901639344263,0.9554303278688525,True
normal:im:377,0,0.0602616108953952,0.2537314593791961,0.9354508196721312,0.9733606557377049,0.954405737704918,True
normal:normal2:1427,0,0.6954306960105896,0.0379371829330921,0.9907786885245902,0.9118852459016393,0.9513319672131147,True
normal:normal2:876,0,0.069735862314701,0.1179283484816551,0.9456967213114754,0.9538934426229508,0.9497950819672132,True
normal:normal2:890,0,0.1335613578557968,0.0747348293662071,0.9610655737704918,0.9385245901639344,0.9497950819672132,True
normal:normal2:1062,0,0.0978342071175575,0.0537251494824886,0.9579918032786885,0.9293032786885246,0.9436475409836065,True
normal:normal2:1379,0,0.1570859551429748,0.0478983111679554,0.9641393442622951,0.9221311475409836,0.9431352459016393,True
normal:normal2:793,0,0.050191443413496,0.1283743679523468,0.9272540983606558,0.9579918032786885,0.9426229508196722,True
normal:normal2:659,0,0.1621169596910476,0.0469039119780063,0.9651639344262295,0.9200819672131147,0.9426229508196722,True
normal:normal2:1015,0,0.0360178090631961,0.1398478001356125,0.9170081967213115,0.9610655737704918,0.9390368852459017,True
normal:normal2:727,0,0.3760145604610443,0.0232284124940633,0.9795081967213115,0.8944672131147541,0.9369877049180328,True
normal:normal2:1431,0,0.4877931475639343,0.022056695073843,0.9836065573770492,0.889344262295082,0.9364754098360656,True
normal:normal2:1214,0,0.0350247956812381,0.1239492148160934,0.9159836065573771,0.9569672131147541,0.9364754098360656,True
normal:normal2:1264,0,0.037964429706335,0.106180228292942,0.9200819672131147,0.9497950819672131,0.9349385245901639,True
normal:im:651,0,0.0229280441999435,0.2330290675163269,0.8985655737704918,0.9692622950819673,0.9339139344262295,True
normal:normal2:854,0,0.3252590298652649,0.0225196182727813,0.9723360655737705,0.8924180327868853,0.9323770491803278,True
normal:normal2:927,0,0.164429485797882,0.0245478581637144,0.9661885245901639,0.8965163934426229,0.9313524590163934,True
normal:normal2:600,0,0.064357653260231,0.0471384301781654,0.9395491803278688,0.9211065573770492,0.930327868852459,True
normal:im:228,0,0.0270968079566955,0.1081085205078125,0.9047131147540983,0.951844262295082,0.9282786885245902,True
normal:im:236,0,0.168675497174263,0.020839249715209,0.9672131147540983,0.8842213114754098,0.9257172131147541,True
normal:normal2:1328,0,0.0603102855384349,0.0373075827956199,0.9375,0.9108606557377049,0.9241803278688525,True
normal:im:158,0,0.1414225250482559,0.0212728809565305,0.9620901639344263,0.8852459016393442,0.9236680327868853,True
normal:normal2:559,0,0.0793114155530929,0.02231908403337,0.9528688524590164,0.8913934426229508,0.9221311475409837,True
normal:normal2:1257,0,0.0404287651181221,0.0441710166633129,0.9241803278688525,0.9180327868852459,0.9211065573770492,True
normal:im:237,0,0.0136913144960999,0.3033948540687561,0.8668032786885246,0.9754098360655737,0.9211065573770492,True
normal:normal2:840,0,0.0347910746932029,0.0502289794385433,0.9149590163934426,0.9252049180327869,0.9200819672131147,True
normal:normal2:1084,0,0.0187504757195711,0.1200979799032211,0.882172131147541,0.9559426229508197,0.9190573770491803,True
normal:im:645,0,0.0189080908894538,0.108675330877304,0.8842213114754098,0.9528688524590164,0.9185450819672132,True
normal:im:647,0,0.028900146484375,0.0536408238112926,0.9077868852459017,0.9282786885245902,0.9180327868852459,True
normal:normal2:790,0,0.2349334359169006,0.0139352194964885,0.9692622950819673,0.8637295081967213,0.9164959016393444,True
normal:normal2:828,0,0.075465902686119,0.0194834358990192,0.9497950819672131,0.882172131147541,0.915983606557377,True
normal:normal2:1305,0,0.0964900478720665,0.0181200467050075,0.9559426229508197,0.8760245901639344,0.915983606557377,True
normal:normal2:569,0,0.0097132679075002,0.5016514658927917,0.8452868852459017,0.985655737704918,0.9154713114754098,True
normal:im:183,0,0.0260934401303529,0.0510587133467197,0.9036885245901639,0.9262295081967213,0.9149590163934427,True
normal:normal2:384,0,0.0919989943504333,0.0176510699093341,0.9549180327868853,0.8729508196721312,0.9139344262295082,True
normal:normal2:1440,0,0.0172940902411937,0.0989512130618095,0.8790983606557377,0.9477459016393442,0.913422131147541,True
normal:normal2:1125,0,0.0254727117717266,0.0490265078842639,0.9016393442622951,0.9241803278688525,0.9129098360655739,True
normal:im:152,0,0.066243402659893,0.0204598233103752,0.9426229508196722,0.8831967213114754,0.9129098360655739,True
normal:im:384,0,0.0540734715759754,0.022748839110136,0.9323770491803278,0.8934426229508197,0.9129098360655737,True
normal:normal2:654,0,0.0168633088469505,0.0967360436916351,0.8770491803278688,0.9467213114754098,0.9118852459016393,True
normal:normal2:776,0,0.0450194329023361,0.0238227248191833,0.9262295081967213,0.8954918032786885,0.9108606557377049,True
normal:normal2:1385,0,0.0389586016535759,0.0251517482101917,0.923155737704918,0.8985655737704918,0.9108606557377049,True
normal:im:178,0,0.0082615558058023,0.4193041026592254,0.8391393442622951,0.9805327868852459,0.9098360655737705,True
normal:normal2:1033,0,0.0852326676249504,0.014907294884324,0.9538934426229508,0.8657786885245902,0.9098360655737705,True
normal:normal2:417,0,0.0148180685937404,0.0967007502913475,0.8698770491803278,0.9456967213114754,0.9077868852459017,True
normal:im:421,0,0.0786130055785179,0.0137737784534692,0.951844262295082,0.8627049180327869,0.9072745901639345,True
normal:im:596,0,0.0071981479413807,0.2440075576305389,0.8299180327868853,0.9713114754098361,0.9006147540983607,True
normal:im:164,0,0.0133766802027821,0.0681724622845649,0.8616803278688525,0.9354508196721312,0.8985655737704918,True
normal:normal2:1197,0,0.0342837795615196,0.0191970095038414,0.9129098360655737,0.8801229508196722,0.896516393442623,True
normal:im:435,0,0.06909600086510176,0.0113057515118271,0.944672131147541,0.8483606557377049,0.896516393442623,True
normal:im:674,0,0.0576856322586536,0.012554682791233,0.9344262295081968,0.8555327868852459,0.8949795081967213,True
normal:normal2:1423,0,0.0303145106881856,0.0189276225864887,0.9098360655737705,0.8780737704918032,0.8939549180327868,True
normal:normal2:856,0,0.0736334323883056,0.0099998759105801,0.9477459016393442,0.8391393442622951,0.8934426229508197,True
normal:normal2:389,0,0.0195041187107563,0.0266820807009935,0.8862704918032787,0.9006147540983607,0.8934426229508197,True
normal:im:431,0,0.0281084813177585,0.0191195365041494,0.9057377049180327,0.8790983606557377,0.8924180327868851,True
normal:normal2:967,0,0.0669301077723503,0.0102970264852046,0.9436475409836066,0.8401639344262295,0.891905737704918,True
normal:normal2:1287,0,0.0058935042470693,0.1686480194330215,0.8186475409836066,0.9651639344262295,0.891905737704918,True
normal:normal2:651,0,0.00572408910375085,0.1670410698861815,0.8176229508196722,0.9641393442622951,0.8908811475409837,True
normal:im:621,0,0.0347767323255538,0.013576534576714,0.9139344262295082,0.8616803278688525,0.8878073770491803,True
normal:normal2:428,0,0.0146852014586329,0.0328526347875595,0.8688524590163934,0.9067622950819673,0.8878073770491803,True
normal:im:474,0,0.0049224593676626,0.2436044216156005,0.8032786885245902,0.9702868852459017,0.8867827868852459,True
normal:im:663,0,0.0104262270033359,0.0458521656692028,0.8514344262295082,0.9190573770491803,0.8852459016393442,True
normal:normal2:1412,0,0.0119577115401625,0.0331821404397487,0.8586065573770492,0.9077868852459017,0.8831967213114754,True
normal:im:451,0,0.066231183707714,0.0075700231827795,0.9415983606557377,0.8217213114754098,0.8816598360655737,True
normal:normal2:657,0,0.0213697012513875,0.0156153300777077,0.8934426229508197,0.8688524590163934,0.8811475409836065,True
normal:normal2:922,0,0.0198103711009025,0.0178734306246042,0.8883196721311475,0.8739754098360656,0.8811475409836065,True
normal:normal2:911,0,0.0507418699562549,0.0096289301291108,0.9282786885245902,0.8340163934426229,0.8811475409836065,True
normal:normal2:636,0,0.0066764377988874,0.0678164362907409,0.8258196721311475,0.9344262295081968,0.8801229508196722,True
normal:im:570,0,0.0245194025337696,0.0134773254394531,0.9006147540983607,0.8596311475409836,0.8801229508196722,True
normal:normal2:1132,0,0.0304682608693838,0.0111685171723365,0.9108606557377049,0.8473360655737705,0.8790983606557377,True
normal:normal2:1219,0,0.0194464232772588,0.0158279407769441,0.8852459016393442,0.8698770491803278,0.877561475409836,True
normal:normal2:744,0,0.0165885481983423,0.0185210984200239,0.8760245901639344,0.8770491803278688,0.8765368852459017,True
normal:im:560,0,0.0384216159582138,0.0087364893406629,0.9221311475409836,0.8288934426229508,0.8755122950819672,True
normal:im:214,0,0.0123188402503728,0.022147899493575,0.8596311475409836,0.8903688524590164,0.875,True
normal:normal2:746,0,0.015087317675352,0.0180345755070447,0.8719262295081968,0.875,0.8734631147540983,True
normal:normal2:1254,0,0.0174802970141172,0.0145190320909023,0.8801229508196722,0.8647540983606558,0.872438524590164,True
normal:normal2:910,0,0.0075124078430235,0.0359729826450347,0.8329918032786885,0.9098360655737705,0.8714139344262295,True
normal:normal2:468,0,0.0222345031797885,0.0108944997191429,0.8965163934426229,0.8452868852459017,0.8709016393442623,True
normal:im:525,0,0.022856498891239117,0.0106841068203114,0.8975409836065574,0.8432377049180327,0.8703893442622951,True
normal:normal2:393,0,0.0053771771490573,0.0529151037335395,0.8104508196721312,0.9272540983606558,0.8688524590163935,True
normal:normal2:1162,0,0.0047055599279701,0.0707767680287361,0.7971311475409836,0.9375,0.8673155737704918,True
normal:normal2:1302,0,0.0157539676874876,0.0134428441524505,0.875,0.8586065573770492,0.8668032786885246,True
normal:im:715,0,0.0042191403917968,0.0808309540152549,0.7889344262295082,0.9426229508196722,0.8657786885245902,True
normal:normal2:998,0,0.0053906771354377,0.0435760095715522,0.8125,0.9159836065573771,0.8642418032786885,True
normal:normal2:772,0,0.0370016060769557,0.0063657751306891,0.9180327868852459,0.8084016393442623,0.8632172131147542,True
normal:im:230,0,0.0136072598397731,0.0134792737662792,0.8647540983606558,0.860655737704918,0.8627049180327868,True
normal:normal2:517,0,0.0543617978692054,0.0048520336858928,0.9334016393442623,0.7868852459016393,0.8601434426229508,True
normal:normal2:1053,0,0.004708812572062,0.0438344702124595,0.798155737704918,0.9170081967213115,0.8575819672131147,True
normal:im:549,0,0.02580801296668743,0.0065721079784755,0.9026639344262295,0.8114754098360656,0.8570696721311475,True
normal:normal2:841,0,0.0148977683857083,0.0103130061179399,0.8709016393442623,0.8411885245901639,0.8560450819672132,True
normal:im:364,0,0.0036290781572461,0.0586171224713325,0.7766393442622951,0.9323770491803278,0.8545081967213115,True
normal:normal2:579,0,0.0117321712896227,0.0114945853129029,0.8575819672131147,0.8493852459016393,0.853483606557377,True
normal:im:151,0,0.0041943592950701,0.0431199856102466,0.7879098360655737,0.9149590163934426,0.8514344262295082,True
normal:normal2:678,0,0.070822037756443,0.0034455012064427,0.9467213114754098,0.7561475409836066,0.8514344262295082,True
normal:im:510,0,0.012581892311573,0.0095033049583435,0.860655737704918,0.8329918032786885,0.8468237704918032,True
normal:im:555,0,0.002713005213687767,0.0757067835656926,0.75,0.9405737704918032,0.8452868852459017,True
normal:im:447,0,0.0028545814566314,0.0622675530612468,0.7561475409836066,0.9334016393442623,0.8447745901639345,True
normal:normal2:1232,0,0.0510073192417621,0.0035468013957142,0.930327868852459,0.7592213114754098,0.8447745901639344,True
normal:normal2:730,0,0.0188632514327764,0.005932146217674,0.8831967213114754,0.8063524590163934,0.8447745901639344,True
normal:im:579,0,0.0021091108210384,0.2205294966697693,0.7202868852459017,0.9682377049180327,0.8442622950819672,True
normal:normal2:1401,0,0.0033102883026003,0.0334946699440479,0.7694672131147541,0.9088114754098361,0.8391393442622951,True
normal:im:162,0,0.0221193619072437,0.0043544881045818,0.8954918032786885,0.7807377049180327,0.8381147540983607,True
normal:normal2:383,0,0.0108672380447387,0.0067376908846199,0.8545081967213115,0.8135245901639344,0.834016393442623,True
normal:normal2:502,0,0.0028456836007535,0.0385548062622547,0.7551229508196722,0.9129098360655737,0.834016393442623,True
normal:normal2:1156,0,0.0199315510690212,0.0042628585360944,0.889344262295082,0.7786885245901639,0.834016393442623,True
normal:normal2:1341,0,0.019546827301383,0.0042233895510435,0.8872950819672131,0.7766393442622951,0.8319672131147541,True
normal:normal2:406,0,0.0085733179003,0.0079482905566692,0.8411885245901639,0.8227459016393442,0.8319672131147541,True
normal:normal2:832,0,0.002688037614764933,0.0410426520490242,0.7479508196721312,0.9139344262295082,0.8309426229508197,True
normal:im:300,0,0.0073888017795979,0.0085289701819419,0.8309426229508197,0.8278688524590164,0.829405737704918,True
normal:im:672,0,0.0090588154271245,0.0069120028056204,0.8422131147540983,0.8145491803278688,0.8283811475409836,True
normal:im:490,0,0.0084471041336655,0.0069370223209261,0.8401639344262295,0.8155737704918032,0.8278688524590163,True
normal:normal2:1022,0,0.0104467328637838,0.0058038937859237,0.8524590163934426,0.8012295081967213,0.826844262295082,True
normal:im:523,0,0.011655627793515975,0.0055540254422794,0.8565573770491803,0.7971311475409836,0.826844262295082,True
normal:normal2:623,0,0.0241678357124328,0.0033283256925642,0.8995901639344263,0.7510245901639344,0.8253073770491803,True
normal:normal2:435,0,0.0011702802730724,0.5246013402938843,0.6608606557377049,0.9877049180327869,0.8242827868852459,True
normal:im:605,0,0.0025591466110199,0.0276215448975563,0.7418032786885246,0.9016393442622951,0.8217213114754098,True
normal:normal2:653,0,0.0282730665057897,0.002592263976112,0.9067622950819673,0.7346311475409836,0.8206967213114754,True
normal:normal2:1067,0,0.00808460186817675,0.0058534080162644,0.8370901639344263,0.8043032786885246,0.8206967213114754,True
normal:im:262,0,0.0134568186476826,0.0041478583589196,0.8627049180327869,0.7756147540983607,0.8191598360655739,True
normal:im:575,0,0.0027971749659627,0.0192838311195373,0.7530737704918032,0.8811475409836066,0.8171106557377049,True
normal:normal2:539,0,0.0204362925142049,0.0029056679923087,0.8903688524590164,0.7438524590163934,0.8171106557377049,True
normal:normal2:452,0,0.0103501658886671,0.0047717993147671,0.8504098360655737,0.7827868852459017,0.8165983606557377,True
normal:im:514,0,0.0155077604576945,0.003536106320098,0.8739754098360656,0.7581967213114754,0.8160860655737705,True
normal:normal2:1102,0,0.009825865990327,0.0045749226992484,0.8473360655737705,0.7817622950819673,0.8145491803278688,True
normal:normal2:834,0,0.0217001307755708,0.00254419259727,0.8944672131147541,0.7325819672131147,0.8135245901639344,True
normal:normal2:1222,0,0.0021769353188574,0.0257802121341228,0.7264344262295082,0.8995901639344263,0.8130122950819672,True
normal:normal2:872,0,0.0095526874065399,0.0042869988828897,0.8442622950819673,0.7797131147540983,0.8119877049180328,True
normal:normal2:1171,0,0.0046899863518774,0.008515995927155,0.7961065573770492,0.826844262295082,0.8114754098360656,True
normal:im:448,0,0.0038233937229961,0.0105477422475814,0.7786885245901639,0.8422131147540983,0.8104508196721312,True
normal:normal2:1017,0,0.0508422888815403,0.0016607786528766,0.9293032786885246,0.6905737704918032,0.8099385245901639,True
normal:im:680,0,0.0038347928784787,0.0098567781969904,0.7807377049180327,0.8370901639344263,0.8089139344262295,True
normal:normal2:997,0,0.0075705670751631,0.0047758840955793,0.8340163934426229,0.7838114754098361,0.8089139344262295,True
normal:im:516,0,0.0094454670324921,0.0038929008878767,0.8432377049180327,0.7704918032786885,0.8068647540983607,True
normal:im:737,0,0.0154403699561953,0.0027866896707564,0.8729508196721312,0.7407786885245902,0.8068647540983607,True
normal:normal2:1371,0,0.0064289649017155,0.004899657331407,0.8227459016393442,0.7889344262295082,0.8058401639344261,True
normal:im:740,0,0.0028974858578294,0.0121185258030891,0.7581967213114754,0.8524590163934426,0.805327868852459,True
normal:normal2:1236,0,0.002946822438389,0.0111548006534576,0.7602459016393442,0.8463114754098361,0.8032786885245902,True
normal:im:515,0,0.0042578019201755,0.0069614313542842,0.7899590163934426,0.8165983606557377,0.8032786885245902,True
normal:normal2:404,0,0.0140384715050458,0.0025347205810248,0.867827868852459,0.7315573770491803,0.7996926229508197,True
normal:normal2:1154,0,0.003279211392509704,0.0088596558053571,0.7684426229508197,0.8309426229508197,0.7996926229508197,True
normal:normal2:1047,0,0.0018621180206537,0.0216510891914367,0.7090163934426229,0.8883196721311475,0.7986680327868851,True
normal:normal2:630,0,0.0376709923148155,0.0015292692696675,0.9190573770491803,0.6772540983606558,0.798155737704918,True
normal:normal2:1052,0,0.0041215075179934,0.0060105053707957,0.7868852459016393,0.8073770491803278,0.7971311475409836,True
normal:normal2:1073,0,0.0022979127243161,0.0133632998913526,0.735655737704918,0.8575819672131147,0.7966188524590163,True
normal:normal2:1360,0,0.0602620020508766,0.0011562048457562,0.9364754098360656,0.6557377049180327,0.7961065573770492,True
normal:normal2:466,0,0.0077990307472646,0.0033808706793934,0.8360655737704918,0.7530737704918032,0.7945696721311475,True
normal:normal2:971,0,0.0054855839116497995,0.0040393212111666,0.8145491803278688,0.7745901639344263,0.7945696721311475,True
normal:im:682,0,0.0134896077215671,0.002466031583026,0.8637295081967213,0.7243852459016393,0.7940573770491803,True
normal:im:234,0,0.0177422072738409,0.0019792597740888,0.8811475409836066,0.7049180327868853,0.7930327868852459,True
normal:normal2:412,0,0.0046446798369288,0.0050610234029591,0.7940573770491803,0.7899590163934426,0.7920081967213115,True
normal:normal2:693,0,0.0013796048006042,0.0246553476899862,0.6793032786885246,0.8975409836065574,0.788422131147541,True
normal:im:127,0,0.0136459721252322,0.0020849162247031,0.8657786885245902,0.7100409836065574,0.7879098360655739,True
normal:normal2:812,0,0.0213682781904935,0.0015468783676624,0.8924180327868853,0.6813524590163934,0.7868852459016393,True
normal:normal2:867,0,0.0100903920829296,0.0024028003681451,0.8493852459016393,0.7202868852459017,0.7848360655737705,True
normal:im:205,0,0.0022164604160934,0.0098023256286978,0.7305327868852459,0.8360655737704918,0.7832991803278688,True
normal:normal2:1054,0,0.003835397073999,0.0048262006603181,0.7817622950819673,0.7848360655737705,0.7832991803278688,True
normal:normal2:799,0,0.0052083181217312,0.0034932189155369,0.8084016393442623,0.757172131147541,0.7827868852459017,True
normal:im:206,0,0.0023488935548812,0.0083629209548234,0.7387295081967213,0.8258196721311475,0.7822745901639344,True
normal:normal2:487,0,0.0015214245067909,0.0171033069491386,0.6915983606557377,0.8719262295081968,0.7817622950819672,True
normal:normal2:427,0,0.003088652389124,0.0057985340245068,0.7633196721311475,0.7991803278688525,0.78125,True
normal:im:626,0,0.0055888406932353505,0.0028402109164744,0.8165983606557377,0.7418032786885246,0.7792008196721312,True
normal:im:180,0,0.009898442775011,0.0020731457043439,0.8483606557377049,0.7090163934426229,0.7786885245901639,True
normal:normal2:537,0,0.0027418739628046,0.0058525456115603,0.7510245901639344,0.8032786885245902,0.7771516393442623,True
normal:normal2:602,0,0.0012136023724451,0.0213473495095968,0.6670081967213115,0.8862704918032787,0.7766393442622951,True
normal:im:125,0,0.0018330564489588,0.0107766855508089,0.7069672131147541,0.8442622950819673,0.7756147540983607,True
normal:normal2:522,0,0.0066418265923857,0.0024880382698029,0.8247950819672131,0.7264344262295082,0.7756147540983607,True
normal:normal2:781,0,0.0067590703256428,0.0024317223578691,0.8278688524590164,0.7223360655737705,0.7751024590163935,True
normal:im:519,0,0.003974700128461934,0.0038086262647993,0.7827868852459017,0.7663934426229508,0.7745901639344263,True
normal:im:622,0,0.0014383034043324,0.0125275172370796,0.6864754098360656,0.8545081967213115,0.7704918032786885,True
normal:normal2:1112,0,0.0053808451630175,0.0025261573027819,0.8114754098360656,0.7284836065573771,0.7699795081967213,True
normal:im:430,0,0.010988026857376,0.001602069940418,0.8555327868852459,0.6844262295081968,0.7699795081967213,True
normal:im:673,0,0.0064584366045892,0.0021373373456299,0.8237704918032787,0.7131147540983607,0.7684426229508197,True
normal:im:584,0,0.0016696760430932,0.0097702611237764,0.7008196721311475,0.8350409836065574,0.7679303278688525,True
normal:im:370,0,0.008163564838469,0.0016942733200266,0.8381147540983607,0.6936475409836066,0.7658811475409837,True
normal:normal2:696,0,0.0046496144495904,0.0025345820467919,0.7950819672131147,0.7305327868852459,0.7628073770491803,True
normal:im:702,0,0.0016046956880018,0.008090928196907,0.6977459016393442,0.8237704918032787,0.7607581967213115,True
normal:im:577,0,0.0005699358298443,0.081291563808918,0.5727459016393442,0.9436475409836066,0.7581967213114754,True
normal:normal2:415,0,0.0074795614928007,0.0015620430931448,0.8319672131147541,0.6823770491803278,0.757172131147541,True
normal:im:618,0,0.0031893954255792327,0.0026646452697605,0.7653688524590164,0.7397540983606558,0.7525614754098361,True
normal:im:757,0,0.0011334102600812,0.0119116706773638,0.6536885245901639,0.8514344262295082,0.752561475409836,True
normal:normal2:1170,0,0.0018916891422122,0.0051444135606288,0.7100409836065574,0.7920081967213115,0.7510245901639345,True
normal:normal2:945,0,0.0006898451829329,0.0287017207592725,0.5952868852459017,0.9036885245901639,0.7494877049180328,True
normal:im:553,0,0.0027883778997192725,0.0029391443149506,0.7520491803278688,0.7459016393442623,0.7489754098360656,True
normal:normal2:950,0,0.0021802647970616,0.003633206244558,0.7274590163934426,0.764344262295082,0.7459016393442623,True
normal:im:582,0,0.007067056838423,0.001229403540492,0.8288934426229508,0.6618852459016393,0.7453893442622951,True
normal:normal2:553,0,0.001196565805003,0.0070168105885386,0.6649590163934426,0.8176229508196722,0.7412909836065573,True
normal:normal2:1326,0,0.0097478106617927,0.0009606273961253,0.8463114754098361,0.6352459016393442,0.7407786885245902,True
normal:im:488,0,0.0014505935832858,0.0051934169605374,0.6885245901639344,0.7930327868852459,0.7407786885245902,True
normal:im:642,0,0.000811277073808,0.0151156075298786,0.6147540983606558,0.8668032786885246,0.7407786885245902,True
normal:normal2:707,0,0.0648343786597251,0.0004232762439642,0.9405737704918032,0.5358606557377049,0.7382172131147541,True
normal:im:253,0,0.003489350201562,0.0019396573770791,0.7725409836065574,0.7028688524590164,0.7377049180327869,True
normal:normal2:904,0,0.0063980533741414,0.0011271073017269,0.8217213114754098,0.6516393442622951,0.7366803278688525,True
normal:im:285,0,0.0171278025954961,0.0006888200878165,0.8780737704918032,0.5952868852459017,0.7366803278688525,True
normal:normal2:1289,0,0.0045267879031598,0.00154576881323,0.7920081967213115,0.680327868852459,0.7361680327868853,True
normal:normal2:535,0,0.0018525849445722498,0.0035701061206054,0.7079918032786885,0.7612704918032787,0.7346311475409836,True
normal:im:761,0,0.0022114240564405,0.0026239331346005,0.7295081967213115,0.7377049180327869,0.7336065573770492,True
normal:normal2:1019,0,0.000706510618329,0.0152000933885574,0.5983606557377049,0.867827868852459,0.733094262295082,True
normal:normal2:479,0,0.0015231118304654,0.0039720148779451,0.6926229508196722,0.7725409836065574,0.7325819672131149,True
normal:im:520,0,0.0036860923282802,0.0016500657657161,0.7776639344262295,0.6875,0.7325819672131147,True
normal:im:248,0,0.0213124491274356,0.0005698029999621,0.8913934426229508,0.5727459016393442,0.7320696721311475,True
normal:im:224,0,0.0308695323765277,0.0004638512036763,0.9118852459016393,0.548155737704918,0.7300204918032787,True
normal:im:335,0,0.0007374001434072,0.0123446732759475,0.6034836065573771,0.8534836065573771,0.7284836065573771,True
normal:im:128,0,0.0023975223302841,0.0022420829627662,0.7407786885245902,0.7151639344262295,0.7279713114754098,True
normal:normal2:568,0,0.001431068056263,0.003853166475892,0.6854508196721312,0.7694672131147541,0.7274590163934427,True
normal:normal2:595,0,0.0004807447257917,0.0321508832275867,0.5502049180327869,0.9047131147540983,0.7274590163934427,True
normal:normal2:1098,0,0.0026384287048131,0.0020122055429965,0.7459016393442623,0.7069672131147541,0.7264344262295082,True
normal:im:351,0,0.0038329623639583,0.0013695602538064,0.7797131147540983,0.6711065573770492,0.7254098360655737,True
normal:normal2:1278,0,0.0050150458700954,0.0010542856762185,0.805327868852459,0.6454918032786885,0.7254098360655737,True
normal:normal2:575,0,0.0054125213064253,0.0009331105975434,0.8135245901639344,0.632172131147541,0.7228483606557377,True
normal:im:419,0,0.0015520413871854,0.003292569424957,0.694672131147541,0.75,0.7223360655737705,True
normal:normal2:1181,0,0.0026409793645143,0.0016514536691829,0.7469262295081968,0.6885245901639344,0.7177254098360656,False
normal:im:213,0,0.0021400596015155,0.0022141190711408,0.7213114754098361,0.7141393442622951,0.7177254098360656,False
normal:im:586,0,0.0008978657424449,0.0057993419468402,0.6342213114754098,0.8002049180327869,0.7172131147540983,False
normal:im:635,0,0.0011872109025716,0.0038234121166169,0.6639344262295082,0.7684426229508197,0.7161885245901639,False
normal:im:509,0,0.0007167991231350335,0.0090559580130502,0.6004098360655737,0.8319672131147541,0.7161885245901639,False
normal:normal2:1046,0,0.0025767120532691,0.0016136050689965,0.7438524590163934,0.6854508196721312,0.7146516393442623,False
normal:normal2:932,0,0.0005754121229983,0.0117067489773035,0.5758196721311475,0.8504098360655737,0.7131147540983607,False
normal:normal2:848,0,0.0061776423826813,0.000778742833063,0.8206967213114754,0.6055327868852459,0.7131147540983607,False
normal:normal2:1281,0,0.0006859069690108,0.0087970942258834,0.5942622950819673,0.8299180327868853,0.7120901639344263,False
normal:normal2:1258,0,0.004999650611049822,0.0008726069232428,0.8043032786885246,0.6198770491803278,0.7120901639344261,False
normal:im:480,0,0.0007325386395677,0.0075609721243381,0.6024590163934426,0.8206967213114754,0.711577868852459,False
normal:normal2:882,0,0.002107358071953,0.0018822879064828,0.7192622950819673,0.701844262295082,0.7105532786885247,False
normal:normal2:660,0,0.0021645650267601,0.0017547021852806,0.7243852459016393,0.6956967213114754,0.7100409836065573,False
normal:normal2:533,0,0.0017187395133078,0.0023084734566509,0.7028688524590164,0.7172131147540983,0.7100409836065573,False
normal:normal2:1206,0,0.0415521562099456,0.0002828505530487,0.9252049180327869,0.48770491803278687,0.7064549180327869,False
normal:im:176,0,0.0011438009096309,0.0032602653373032,0.6567622950819673,0.7489754098360656,0.7028688524590164,False
normal:normal2:588,0,0.0108493594452738,0.000497366359923,0.8534836065573771,0.5522540983606558,0.7028688524590164,False
normal:normal2:824,0,0.0010976089397445,0.0034051178954541,0.6506147540983607,0.7551229508196722,0.7028688524590164,False
normal:im:272,0,0.0003246233391109,0.0324208326637744,0.4979508196721312,0.9057377049180327,0.701844262295082,False
normal:normal2:1376,0,0.0009495263802818,0.0037916551809757,0.6372950819672131,0.7653688524590164,0.7013319672131147,False
normal:normal2:885,0,0.0006191283464431,0.0070833167992532,0.5829918032786885,0.8186475409836066,0.7008196721311475,False
normal:im:193,0,0.0011859354563057,0.0025596020277589,0.6629098360655737,0.7336065573770492,0.6982581967213115,False
normal:im:479,0,0.0035134062636643,0.0008758736075833,0.7735655737704918,0.6209016393442623,0.6972336065573771,False
normal:im:693,0,0.0010365897323936,0.0029532292392104,0.6454918032786885,0.7469262295081968,0.6962090163934427,False
normal:normal2:1049,0,0.0029912770260125,0.0009199349442496,0.7612704918032787,0.6301229508196722,0.6956967213114754,False
normal:im:215,0,0.00760766165331,0.0004984688712283,0.8350409836065574,0.555327868852459,0.6951844262295082,False
normal:normal2:1179,0,0.0020803774241358,0.0013416358269751,0.7161885245901639,0.6700819672131147,0.6931352459016393,False
normal:im:131,0,0.0020416527986526,0.0013696124078705,0.7141393442622951,0.6721311475409836,0.6931352459016393,False
normal:normal2:1295,0,0.0010686294408515,0.0026169465854763,0.6465163934426229,0.7366803278688525,0.6915983606557377,False
normal:normal2:780,0,0.0003979747125413,0.0128278005868196,0.5245901639344263,0.8565573770491803,0.6905737704918034,False
normal:normal2:635,0,0.0017498019151389,0.00145616219379,0.7049180327868853,0.6752049180327869,0.6900614754098361,False
normal:normal2:863,0,0.0027062033768743,0.0009243960957974,0.7489754098360656,0.6311475409836066,0.6900614754098361,False
normal:normal2:1225,0,0.0014080255059525,0.0017286274814978,0.6823770491803278,0.694672131147541,0.6885245901639344,False
normal:im:393,0,0.0002181395102525,0.0486171878874301,0.45389344262295084,0.923155737704918,0.6885245901639344,False
normal:normal2:448,0,0.001463811728172,0.001642056624405,0.6895491803278688,0.6864754098360656,0.6880122950819672,False
normal:im:484,0,0.0035882829688489,0.0007049123523756,0.7756147540983607,0.5973360655737705,0.6864754098360656,False
normal:normal2:1189,0,0.0012047557393088,0.0020089067984372,0.6659836065573771,0.7059426229508197,0.6859631147540983,False
normal:im:615,0,0.0040236744098365,0.0006426073960028,0.7848360655737705,0.5850409836065574,0.684938524590164,False
normal:im:400,0,0.0003245954576414,0.0160853862762451,0.4969262295081967,0.8709016393442623,0.6839139344262295,False
normal:im:362,0,0.0020496216602623,0.0010681897401809,0.7151639344262295,0.6495901639344263,0.6823770491803278,False
normal:normal2:1131,0,0.0022336291149258,0.00090875121532,0.7325819672131147,0.6270491803278688,0.6798155737704918,False
normal:normal2:1160,0,0.0002654751588124,0.0214628148823976,0.4692622950819672,0.8872950819672131,0.6782786885245902,False
normal:im:641,0,0.0010129261063411,0.0021369399037212,0.6424180327868853,0.7120901639344263,0.6772540983606558,False
normal:im:654,0,0.0040828641504049,0.0005357151967473,0.7858606557377049,0.5645491803278688,0.6752049180327868,False
normal:im:452,0,0.0052336431108415,0.0004274354141671,0.8094262295081968,0.5379098360655737,0.6736680327868853,False
normal:im:741,0,0.0001576664217282,0.0572966486215591,0.4149590163934426,0.9313524590163934,0.673155737704918,False
normal:im:747,0,0.0008507164893671,0.0023254414554685,0.625,0.7182377049180327,0.6716188524590163,False
normal:normal2:918,0,0.0011573364026844,0.0015732424799352,0.6588114754098361,0.6834016393442623,0.6711065573770492,False
normal:im:187,0,0.0019684208091348,0.0009092054096981,0.7131147540983607,0.6280737704918032,0.670594262295082,False
normal:normal2:1209,0,0.0004469217965379,0.0057950462214648,0.5409836065573771,0.798155737704918,0.6695696721311475,False
normal:normal2:1152,0,0.0015917598187418704,0.0009947292061648,0.6967213114754098,0.6383196721311475,0.6675204918032787,False
normal:normal2:667,0,0.0011361327487975,0.0015450624050572,0.6547131147540983,0.6793032786885246,0.6670081967213115,False
normal:normal2:576,0,0.0012945302296429,0.0011790719581767,0.6752049180327869,0.6567622950819673,0.6659836065573771,False
normal:im:655,0,0.0009589146357029,0.0016911822604015,0.6383196721311475,0.6926229508196722,0.6654713114754098,False
normal:normal2:408,0,0.0022328463383018,0.0007056621252559,0.7315573770491803,0.5993852459016393,0.6654713114754098,False
normal:normal2:1038,0,0.0011205354239791,0.0014917728258296,0.6526639344262295,0.6762295081967213,0.6644467213114754,False
normal:im:497,0,0.0012223587740056998,0.0012190427805762,0.6680327868852459,0.6598360655737705,0.6639344262295082,False
normal:normal2:1117,0,0.0300179999321699,0.0001605487195774,0.9088114754098361,0.4180327868852459,0.663422131147541,False
normal:normal2:421,0,0.0007398870075121,0.0023648019414395,0.6045081967213115,0.7192622950819673,0.6618852459016393,False
normal:im:429,0,0.0006615419212417668,0.0024959870691721,0.5891393442622951,0.7274590163934426,0.6582991803278688,False
normal:im:217,0,0.0005484875873662,0.002937891986221,0.569672131147541,0.7448770491803278,0.6572745901639344,False
normal:normal2:1105,0,0.0034675735514611,0.0004547882126644,0.7704918032786885,0.5430327868852459,0.6567622950819672,False
normal:normal2:433,0,0.0017478555673733,0.0007868662360124,0.7038934426229508,0.6075819672131147,0.6557377049180328,False
normal:im:541,0,0.0010156130883842,0.0012603434734046,0.6434426229508197,0.6670081967213115,0.6552254098360656,False
normal:im:277,0,0.0007946951664052,0.0018486371263861,0.6116803278688525,0.6987704918032787,0.6552254098360656,False
normal:normal2:695,0,0.0016361270099878,0.0007980418158695,0.6987704918032787,0.6086065573770492,0.6536885245901639,False
normal:normal2:1252,0,0.0040204632095992,0.0003627805854193,0.7838114754098361,0.5194672131147541,0.6516393442622951,False
normal:normal2:944,0,0.0047183316200971,0.000305827910779,0.7991803278688525,0.5040983606557377,0.6516393442622951,False
normal:normal2:390,0,0.000741007446777,0.0016715616220608,0.6055327868852459,0.6915983606557377,0.6485655737704918,False
normal:normal2:1055,0,0.0022694340441375,0.0005186409689486,0.7346311475409836,0.5614754098360656,0.6480532786885246,False
normal:normal2:585,0,0.0022101136855781,0.0005452792393043,0.7284836065573771,0.5665983606557377,0.6475409836065573,False
normal:normal2:994,0,0.0001048127014655,0.0911590456962585,0.34938524590163933,0.944672131147541,0.6470286885245902,False
normal:normal2:445,0,0.0016882456839084,0.0006685551488772,0.701844262295082,0.5922131147540983,0.6470286885245902,False
normal:im:354,0,0.0003257673524785,0.0052398135885596,0.4989754098360656,0.7940573770491803,0.646516393442623,False
normal:normal2:965,0,0.0010694732191041,0.0010462331119924,0.6475409836065574,0.6444672131147541,0.6460040983606558,False
normal:im:481,0,0.0008298311731778,0.0014557206304743,0.6168032786885246,0.6741803278688525,0.6454918032786885,False
normal:normal2:829,0,0.0011608973145484,0.0009068612707778,0.6598360655737705,0.6260245901639344,0.6429303278688525,False
normal:im:291,0,0.0013614421477541,0.0007495795725844,0.6782786885245902,0.6034836065573771,0.6408811475409837,False
normal:im:683,0,0.0002686945954337,0.0064870100468397,0.4713114754098361,0.8094262295081968,0.6403688524590164,False
normal:im:706,0,0.0032134875655174,0.0003363240975886,0.7663934426229508,0.5112704918032787,0.6388319672131147,False
normal:normal2:449,0,0.0002824245020747,0.005306941922754,0.48155737704918034,0.7950819672131147,0.6383196721311475,False
normal:normal2:886,0,0.006694043520838,0.0001966962299775,0.826844262295082,0.4487704918032787,0.6378073770491803,False
normal:im:545,0,0.0008402674804794136,0.0011459430437146,0.6198770491803278,0.6536885245901639,0.6367827868852458,False
normal:im:425,0,0.0012299536028876,0.0007249317714013,0.6700819672131147,0.6014344262295082,0.6357581967213115,False
normal:im:717,0,0.0023881089873611,0.0003961836919188,0.7397540983606558,0.5317622950819673,0.6357581967213115,False
normal:normal2:662,0,0.0012847607722505,0.0007007078384049,0.6741803278688525,0.5963114754098361,0.6352459016393444,False
normal:normal2:1150,0,0.0027991298120468,0.0003535723953973,0.7540983606557377,0.5153688524590164,0.634733606557377,False
normal:im:387,0,0.0002082907885778,0.0073528811335563,0.44774590163934425,0.819672131147541,0.6337090163934427,False
normal:im:764,0,0.0013289757771417,0.0006604776717722,0.6772540983606558,0.5891393442622951,0.6331967213114754,False
normal:im:273,0,0.0002130175125785,0.0066222269088029,0.45184426229508196,0.8125,0.632172131147541,False
normal:normal2:391,0,0.0012612285790964,0.0006646620458923,0.6721311475409836,0.5911885245901639,0.6316598360655737,False
normal:im:461,0,0.0011471398174762,0.0007561304955743,0.6577868852459017,0.6045081967213115,0.6311475409836066,False
normal:im:464,0,0.0002990989014506,0.0039686397649347,0.48770491803278687,0.7715163934426229,0.6296106557377049,False
normal:im:664,0,0.0004848403041251,0.0020663186442106,0.5512295081967213,0.7079918032786885,0.6296106557377049,False
normal:normal2:930,0,0.0004063007072545,0.0025302972644567,0.5276639344262295,0.7295081967213115,0.6285860655737705,False
normal:normal2:463,0,0.00048868189333,0.0019651206675916,0.5532786885245902,0.7038934426229508,0.6285860655737705,False
normal:im:508,0,0.0005108657642267,0.0018034738022834,0.5594262295081968,0.6977459016393442,0.6285860655737705,False
normal:normal2:1348,0,0.0034736322704702,0.0002767928817775,0.7715163934426229,0.48463114754098363,0.6280737704918032,False
normal:im:593,0,0.0006133444258011,0.0014017379144206,0.5809426229508197,0.673155737704918,0.6270491803278688,False
normal:im:405,0,0.002095004543662,0.0004210921179037,0.7182377049180327,0.5348360655737705,0.6265368852459017,False
normal:normal2:671,0,0.0006343509303405,0.0012356839142739,0.5860655737704918,0.6629098360655737,0.6244877049180328,False
normal:normal2:1200,0,0.0029239850118756,0.0002856418141163,0.7592213114754098,0.48975409836065575,0.6244877049180328,False
normal:im:660,0,0.0005727668073328582,0.0012804913118695,0.5737704918032787,0.6680327868852459,0.6209016393442623,False
normal:im:456,0,0.0015863360604271,0.0004600593820214,0.6956967213114754,0.5461065573770492,0.6209016393442623,False
normal:normal2:526,0,0.0007572435424663,0.000942709040828,0.6075819672131147,0.6331967213114754,0.6203893442622951,False
normal:normal2:397,0,0.0011433992767706,0.0006335844518616,0.6557377049180327,0.5840163934426229,0.6198770491803278,False
normal:normal2:620,0,0.0003971515689045,0.0020993654616177,0.5235655737704918,0.7110655737704918,0.6173155737704918,False
normal:normal2:1243,0,0.0003636769251897,0.0024087824858725,0.5122950819672131,0.7213114754098361,0.6168032786885246,False
normal:im:629,0,0.0012657877584842888,0.0005076923489468,0.673155737704918,0.5584016393442623,0.6157786885245902,False
normal:im:449,0,0.0035177359823137,0.0002112243673764,0.7745901639344263,0.4569672131147541,0.6157786885245902,False
normal:normal2:858,0,0.0019613897893577,0.0003626097459346,0.7120901639344263,0.5184426229508197,0.615266393442623,False
normal:normal2:949,0,0.0005355068133212,0.0012105435598641,0.5686475409836066,0.6588114754098361,0.6137295081967213,False
normal:normal2:1349,0,0.0016411553369835,0.0003745343419723,0.6997950819672131,0.5256147540983607,0.6127049180327868,False
normal:im:736,0,0.0005874472553841,0.0010546594858169,0.576844262295082,0.6475409836065574,0.6121926229508197,False
normal:normal2:481,0,0.000186561839655,0.0051441113464534,0.4334016393442623,0.7909836065573771,0.6121926229508197,False
normal:normal2:974,0,0.0008585242321714,0.0006722797988913,0.6290983606557377,0.5932377049180327,0.6111680327868851,False
normal:normal2:1204,0,0.0006854592938907,0.0009127528755925,0.5932377049180327,0.6290983606557377,0.6111680327868851,False
normal:im:465,0,0.0003780380939133,0.0018542328616604,0.5184426229508197,0.6997950819672131,0.6091188524590163,False
normal:normal2:634,0,0.0001987454597838,0.0039966073818504,0.44364754098360654,0.7735655737704918,0.6086065573770492,False
normal:im:709,0,0.000959686585702,0.0005832750466652,0.639344262295082,0.576844262295082,0.608094262295082,False
normal:im:528,0,0.000212605780689,0.0035921838134527,0.45081967213114754,0.7622950819672131,0.6065573770491803,False
normal:normal2:700,0,0.0008801317890174,0.0006155457813292,0.6311475409836066,0.5809426229508197,0.6060450819672132,False
normal:im:471,0,0.0048358929343521,0.0001539723452879,0.8002049180327869,0.41188524590163933,0.6060450819672132,False
normal:im:133,0,0.0008556536049582,0.0006316229118965,0.6280737704918032,0.5829918032786885,0.6055327868852458,False
normal:im:191,0,0.0002867490693461,0.0024816510267555,0.48463114754098363,0.7254098360655737,0.6050204918032787,False
normal:normal2:1276,0,0.0018058135174214,0.0002991842047777,0.7059426229508197,0.5010245901639344,0.603483606557377,False
normal:im:420,0,0.0007856768206693,0.0006758895469829,0.6096311475409836,0.5942622950819673,0.6019467213114754,False
normal:im:687,0,0.0051466766744852,0.0001308492501266,0.8063524590163934,0.39651639344262296,0.6014344262295082,False
normal:im:177,0,0.0010966408299282,0.0004776796558871,0.6495901639344263,0.5512295081967213,0.6004098360655739,False
normal:normal2:1005,0,0.0002290731936227,0.0028520554769784,0.45799180327868855,0.742827868852459,0.6004098360655737,False
normal:normal2:1231,0,0.0045661116018891,0.0001509486610302,0.7930327868852459,0.4047131147540984,0.5988729508196722,False
normal:im:559,0,0.0003805572341661,0.0015397062525153,0.5194672131147541,0.6782786885245902,0.5988729508196722,False
normal:im:698,0,0.0012546243378892,0.0003755300422199,0.6711065573770492,0.5266393442622951,0.5988729508196722,False
normal:normal2:1220,0,0.0004474230809137,0.001116840634495,0.5420081967213115,0.6506147540983607,0.5963114754098361,False
normal:im:522,0,0.0025935103185474,0.0001936628395924,0.7448770491803278,0.44672131147540983,0.5957991803278688,False
normal:im:630,0,0.0010353964753448,0.000459077215055,0.6444672131147541,0.5450819672131147,0.5947745901639344,False
normal:im:534,0,0.0061713811010122,9.471372322877868e-05,0.819672131147541,0.3668032786885246,0.5932377049180328,False
normal:im:238,0,0.0019239509711042,0.000237619417021,0.7110655737704918,0.4733606557377049,0.5922131147540983,False
normal:normal2:826,0,0.0032456673216074,0.0001595036592334,0.7674180327868853,0.41700819672131145,0.5922131147540983,False
normal:normal2:447,0,0.0001625470467843,0.0035515213385224,0.42110655737704916,0.7602459016393442,0.5906762295081966,False
normal:normal2:933,0,0.0004065134271513,0.001044898526743,0.5286885245901639,0.6434426229508197,0.5860655737704918,False
normal:normal2:402,0,0.0030837976373732,0.0001517837372375,0.7622950819672131,0.4077868852459016,0.5850409836065573,False
normal:im:264,0,0.0055846371687948,7.831345283193514e-05,0.8155737704918032,0.3514344262295082,0.5835040983606558,False
normal:im:636,0,0.0008526414167135,0.0004419776087161,0.6260245901639344,0.5399590163934426,0.5829918032786885,False
normal:normal2:1221,0,0.0005106783355586,0.0007820391329005,0.5584016393442623,0.6065573770491803,0.5824795081967213,False
normal:normal2:424,0,0.0004769421357195,0.0008377179619856,0.548155737704918,0.6157786885245902,0.5819672131147541,False
normal:im:614,0,0.0009774564532563,0.0003640076029114,0.6413934426229508,0.5204918032786885,0.5809426229508197,False
normal:normal2:1180,0,0.0001360797905363,0.0042342962697148,0.38422131147540983,0.7776639344262295,0.5809426229508197,False
normal:im:235,0,0.0004208344616927,0.0008869188022799,0.5368852459016393,0.6229508196721312,0.5799180327868853,False
normal:normal2:979,0,0.0004286405164748,0.0008594131213612,0.5399590163934426,0.6188524590163934,0.579405737704918,False
normal:normal2:1323,0,0.0014911727048456,0.0002228644589195,0.6905737704918032,0.4661885245901639,0.5783811475409836,False
normal:im:367,0,0.0001619578979443,0.0026152955833822,0.41905737704918034,0.735655737704918,0.5773565573770492,False
normal:normal2:578,0,0.0001478572230553,0.0033638023305684,0.4026639344262295,0.7520491803278688,0.5773565573770492,False
normal:im:548,0,0.0001161858162959,0.0048870095051825,0.3637295081967213,0.7879098360655737,0.5758196721311475,False
normal:normal2:1010,0,0.0006113438284955,0.0005321420612744,0.5799180327868853,0.5625,0.5712090163934427,False
normal:im:574,0,0.0007323459722101,0.0004274857055861,0.6014344262295082,0.5389344262295082,0.5701844262295082,False
normal:normal2:1290,0,7.862495840527117e-05,0.0083105582743883,0.3114754098360656,0.8247950819672131,0.5681352459016393,False
normal:normal2:821,0,0.0002933496143668,0.0010631445329636,0.48668032786885246,0.6485655737704918,0.5676229508196722,False
normal:im:668,0,0.0003521623730193,0.0008928142488002,0.5061475409836066,0.6239754098360656,0.5650614754098361,False
normal:normal2:443,0,0.0045204572379589,6.552203558385372e-05,0.7909836065573771,0.3391393442622951,0.5650614754098361,False
normal:normal2:955,0,0.0003747045702766,0.0008126121247187,0.5163934426229508,0.6116803278688525,0.5640368852459017,False
normal:normal2:1345,0,0.00011284627589701187,0.0038211488617131,0.35963114754098363,0.7674180327868853,0.5635245901639344,False
normal:normal2:1270,0,0.0005591412191279,0.0004982783575542,0.5717213114754098,0.5543032786885246,0.5630122950819672,False
normal:im:697,0,0.0004511334409471,0.0005942300776951,0.5430327868852459,0.5788934426229508,0.5609631147540983,False
normal:im:222,0,0.0001710269716568,0.0017621917650103,0.42520491803278687,0.6967213114754098,0.5609631147540983,False
normal:normal2:970,0,0.0007691863575018,0.000342621555319,0.6086065573770492,0.5122950819672131,0.5604508196721312,False
normal:normal2:797,0,0.0023274566046893,0.0001165790163213,0.7377049180327869,0.3831967213114754,0.5604508196721312,False
normal:im:472,0,0.0003372307692188,0.0008378001512028,0.5030737704918032,0.6168032786885246,0.5599385245901639,False
normal:normal2:819,0,0.0013196535874158,0.0001841367775341,0.6762295081967213,0.4405737704918033,0.5584016393442623,False
normal:im:501,0,0.00013106621994055128,0.0026521042327658,0.3760245901639344,0.7387295081967213,0.5573770491803278,False
normal:im:728,0,5.8994995924877e-05,0.0099241407588124,0.27459016393442626,0.8381147540983607,0.5563524590163935,False
normal:im:487,0,0.0002350291324546,0.0011412117164582,0.4600409836065574,0.6526639344262295,0.5563524590163934,False
normal:im:496,0,0.0022376317065209,0.0001084819232346,0.7336065573770492,0.3790983606557377,0.5563524590163934,False
normal:im:755,0,0.0002018832747125,0.0012596690794453,0.4456967213114754,0.6659836065573771,0.5558401639344263,False
normal:normal2:1237,0,0.0031039745081216,7.188446033978835e-05,0.764344262295082,0.3463114754098361,0.555327868852459,False
normal:im:154,0,0.0005350624560378,0.000423370685894,0.5676229508196722,0.5368852459016393,0.5522540983606558,False
normal:im:347,0,7.24428246030584e-05,0.0058294413611292,0.29815573770491804,0.8022540983606558,0.5502049180327869,False
normal:normal2:577,0,0.0005913329077884,0.0003694974875543,0.5778688524590164,0.5215163934426229,0.5496926229508197,False
normal:im:385,0,0.000907625304535,0.0002227739751106,0.6352459016393442,0.4641393442622951,0.5496926229508197,False
normal:im:306,0,0.0004250792553648,0.0005114265950396,0.5389344262295082,0.5594262295081968,0.5491803278688525,False
normal:normal2:650,0,0.0007966172415763,0.0002701948687899,0.6127049180327869,0.48258196721311475,0.5476434426229508,False
normal:normal2:478,0,0.0006673278403468,0.0002995863324031,0.5911885245901639,0.5020491803278688,0.5466188524590163,False
normal:normal2:869,0,0.0001811301335692,0.0012214558664709,0.43135245901639346,0.6608606557377049,0.5461065573770492,False
normal:im:659,0,0.0005286284722387,0.0003719420637935,0.5625,0.5245901639344263,0.5435450819672132,False
normal:im:652,0,0.00018199458099840503,0.0011465891350326,0.4323770491803279,0.6547131147540983,0.5435450819672131,False
normal:im:623,0,0.0008842119132168,0.0002011454780586,0.632172131147541,0.45081967213114754,0.5414959016393442,False
normal:im:345,0,0.0003747201990336,0.0005329842097125,0.5174180327868853,0.5635245901639344,0.5404713114754098,False
normal:im:302,0,0.0020880715455859,8.789153798716143e-05,0.7172131147540983,0.35860655737704916,0.5379098360655737,False
normal:im:535,0,0.0002362283557886,0.0008296145242638,0.4610655737704918,0.6147540983606558,0.5379098360655737,False
normal:im:219,0,0.0004595135105773,0.0003877207054756,0.5440573770491803,0.5297131147540983,0.5368852459016393,False
normal:im:437,0,0.00010633034859588266,0.0022486337984446,0.35348360655737704,0.7161885245901639,0.5348360655737705,False
normal:normal2:1135,0,0.0014089019969105,0.0001176131845568,0.6834016393442623,0.38524590163934425,0.5343237704918034,False
normal:normal2:1118,0,0.000691142573487,0.0002344159292988,0.5963114754098361,0.4713114754098361,0.5338114754098361,False
normal:im:507,0,0.0009619998163543,0.0001646828022785,0.6403688524590164,0.4262295081967213,0.5332991803278688,False
normal:normal2:1169,0,0.0002992946247104,0.0005761689390055,0.4887295081967213,0.5737704918032787,0.53125,False
normal:normal2:599,0,0.0001713070523692,0.0009667979902587,0.4262295081967213,0.6362704918032787,0.53125,False
normal:normal2:1138,0,0.0001698144187685,0.0009525806526653,0.42418032786885246,0.6342213114754098,0.5292008196721312,False
normal:normal2:830,0,0.0002717115276027,0.0006270944722928,0.47540983606557374,0.5819672131147541,0.5286885245901639,False
normal:im:270,0,0.0052005215547978,2.443810080876574e-05,0.8073770491803278,0.25,0.5286885245901639,False
normal:im:341,0,0.0004876867460552,0.0003020185395143,0.5522540983606558,0.5030737704918032,0.5276639344262295,False
normal:normal2:879,0,0.0025751853827387,4.841286499868147e-05,0.742827868852459,0.3114754098360656,0.5271516393442623,False
normal:normal2:1316,0,0.0006247464916668,0.0002234080311609,0.5850409836065574,0.4672131147540984,0.5261270491803279,False
normal:im:137,0,0.0011793088633567,0.0001216950840898,0.6618852459016393,0.39036885245901637,0.5261270491803278,False
normal:normal2:583,0,0.0002913945354521,0.0005452397745102,0.48565573770491804,0.5655737704918032,0.5256147540983607,False
normal:normal2:1035,0,0.001397437416017,9.538062295177951e-05,0.6813524590163934,0.367827868852459,0.5245901639344261,False
normal:im:318,0,0.000256134342635,0.0005817183991894,0.4661885245901639,0.5758196721311475,0.5210040983606556,False
normal:im:521,0,0.0005160371074452,0.0002490961924195,0.5614754098360656,0.4774590163934426,0.5194672131147541,False
normal:im:643,0,0.0003011751978192,0.0004635617369785,0.49077868852459017,0.5471311475409836,0.5189549180327868,False
normal:normal2:1134,0,0.0006214917520992,0.0001989032025448,0.5840163934426229,0.44979508196721313,0.516905737704918,False
normal:im:358,0,0.0008359381463378,0.000156682668603,0.6188524590163934,0.4149590163934426,0.516905737704918,False
normal:im:566,0,9.991564002120867e-05,0.0016546706901863,0.3432377049180328,0.6895491803278688,0.5163934426229508,False
normal:normal2:1147,0,0.0001392670819768,0.001029523438774,0.38934426229508196,0.6413934426229508,0.5153688524590164,False
normal:normal2:836,0,0.0005748511175625,0.0002053719799732,0.5747950819672131,0.45286885245901637,0.5138319672131147,False
normal:im:317,0,0.0001967851421795,0.000656385323964,0.4385245901639344,0.5870901639344263,0.5128073770491803,False
normal:im:551,0,0.0023033510466726336,3.785996492903602e-05,0.7366803278688525,0.2889344262295082,0.5128073770491803,False
normal:im:299,0,0.0003009088395629,0.0004037033359054,0.48975409836065575,0.5327868852459017,0.5112704918032787,False
normal:normal2:458,0,0.0003541295009199,0.0003437997947912,0.5092213114754098,0.5133196721311475,0.5112704918032787,False
normal:normal2:1272,0,3.101442416664213e-05,0.0054425881244242,0.22336065573770492,0.7961065573770492,0.509733606557377,False
normal:normal2:637,0,0.0008555117528885,0.0001248751214006,0.6270491803278688,0.39241803278688525,0.509733606557377,False
normal:im:724,0,0.0004160726384725,0.000270769407507,0.5348360655737705,0.48360655737704916,0.5092213114754098,False
normal:im:245,0,0.0001961824746103,0.0005889895255677,0.4375,0.5778688524590164,0.5076844262295082,False
normal:normal2:509,0,0.0006458043353632,0.0001638079702388,0.5870901639344263,0.42213114754098363,0.5046106557377049,False
normal:normal2:453,0,0.000408064952353,0.0002518092805985,0.5297131147540983,0.47848360655737704,0.5040983606557377,False
normal:normal2:655,0,0.0002713325375225,0.0004161905962973,0.4733606557377049,0.5338114754098361,0.5035860655737705,False
normal:normal2:881,0,0.0004093598108738,0.0002391185116721,0.5317622950819673,0.47438524590163933,0.5030737704918034,False
normal:im:543,0,0.00017690677668721625,0.000569585346966,0.4293032786885246,0.5717213114754098,0.5005122950819672,False
normal:im:444,0,0.0001458413025829,0.0007491197902709,0.3985655737704918,0.6024590163934426,0.5005122950819672,False
normal:im:182,0,0.000112658177386,0.0010113288881257,0.35860655737704916,0.6403688524590164,0.4994877049180328,False
normal:im:531,0,0.0001376940963382208,0.0008108249930955,0.38729508196721313,0.610655737704918,0.4989754098360656,False
normal:im:606,0,0.0021607379894703,3.263376129325479e-05,0.7233606557377049,0.27459016393442626,0.4989754098360656,False
normal:im:746,0,2.6157471438637003e-05,0.0048489123582839,0.21004098360655737,0.7858606557377049,0.4979508196721312,False
normal:im:478,0,0.000281084299786,0.0003505424829199,0.4805327868852459,0.514344262295082,0.49743852459016397,False
normal:normal2:1337,0,4.416695446707308e-06,0.0277905724942684,0.09016393442622951,0.9026639344262295,0.4964139344262295,False
normal:normal2:1155,0,0.0002073567011393,0.0004457875038497,0.44672131147540983,0.5409836065573771,0.49385245901639346,False
normal:normal2:1311,0,0.000694352434948,0.0001182292762678,0.5973360655737705,0.38729508196721313,0.49231557377049184,False
normal:normal2:1422,0,6.339117680909112e-05,0.0018625480588525,0.2827868852459016,0.7008196721311475,0.4918032786885246,False
normal:normal2:806,0,9.583473729435354e-05,0.0010350627126172,0.3401639344262295,0.6424180327868853,0.4912909836065574,False
normal:im:395,0,0.0009088260121643,6.873140227980912e-05,0.6362704918032787,0.3442622950819672,0.4902663934426229,False
normal:normal2:1244,0,0.004881938919425,6.218129328772193e-06,0.8012295081967213,0.17725409836065573,0.48924180327868855,False
normal:im:538,0,0.0005296488525345,0.0001559362717671,0.5645491803278688,0.4139344262295082,0.4892418032786885,False
normal:normal2:926,0,4.555486157187261e-05,0.0024345489218831,0.25,0.7233606557377049,0.48668032786885246,False
normal:im:433,0,2.9864509997423735e-05,0.0033974016550928,0.2182377049180328,0.7540983606557377,0.48616803278688525,False
normal:normal2:528,0,0.0007869768305681,8.97870704648085e-05,0.610655737704918,0.36168032786885246,0.48616803278688525,False
normal:normal2:555,0,0.000101885694978874,0.0009047938161378,0.3452868852459016,0.625,0.48514344262295084,False
normal:im:739,0,0.0049160313792526,5.295482878864277e-06,0.8022540983606558,0.16700819672131148,0.48463114754098363,False
normal:normal2:439,0,0.0028954658191651,1.3508857591659762e-05,0.757172131147541,0.21209016393442623,0.48463114754098363,False
normal:normal2:694,0,0.0010820404859259,5.129202691023238e-05,0.6485655737704918,0.319672131147541,0.4841188524590164,False
normal:normal2:1260,0,0.0005329137784428,0.0001379309542244,0.5665983606557377,0.4016393442622951,0.48411885245901637,False
normal:normal2:1267,0,0.000132298329845,0.000657741096802,0.3780737704918033,0.5881147540983607,0.483094262295082,False
normal:im:463,0,0.0021420666016638,2.16255102714058e-05,0.7223360655737705,0.23770491803278687,0.48002049180327866,False
normal:normal2:798,0,1.1821586667792872e-05,0.0059306416660547,0.15163934426229508,0.805327868852459,0.47848360655737704,False
normal:normal2:429,0,0.0001368121593259,0.0005664390628226,0.38524590163934425,0.5706967213114754,0.47797131147540983,False
normal:normal2:935,0,0.000176709567313,0.0003773100906983,0.42827868852459017,0.5276639344262295,0.47797131147540983,False
normal:normal2:1291,0,1.040865754475817e-05,0.0065532349981367,0.1444672131147541,0.8104508196721312,0.4774590163934426,False
normal:normal2:582,0,2.422643046884332e-05,0.0032194685190916,0.20491803278688525,0.7479508196721312,0.4764344262295082,False
normal:normal2:815,0,0.0003620432980824,0.0001752556272549,0.5112704918032787,0.4375,0.47438524590163933,False
normal:im:719,0,0.0008330596028827,5.913829227210954e-05,0.617827868852459,0.32786885245901637,0.47284836065573765,False
normal:normal2:914,0,0.0002193347609136,0.000277507933788,0.45491803278688525,0.48668032786885246,0.4707991803278688,False
normal:im:503,0,0.0001562570250825,0.0003868358035106,0.41290983606557374,0.5286885245901639,0.4707991803278688,False
normal:normal2:1314,0,8.397777855861932e-05,0.0008563525625504,0.3237704918032787,0.617827868852459,0.4707991803278688,False
normal:im:288,0,0.0004108124703634,0.0001511061709607,0.5327868852459017,0.4057377049180328,0.46926229508196726,False
normal:im:337,0,0.0004214175569359,0.0001347251672996,0.5379098360655737,0.39959016393442626,0.46875,False
normal:normal2:1093,0,0.0001412144774803,0.0004553649341687,0.39344262295081966,0.5440573770491803,0.46875,False
normal:normal2:961,0,0.0001983260008273,0.0002910046896431,0.4415983606557377,0.4948770491803279,0.4682377049180328,False
normal:normal2:450,0,0.0011046279687434,3.516904325806536e-05,0.6516393442622951,0.2827868852459016,0.4672131147540983,False
normal:im:307,0,0.0004966387059539,0.0001075265972758,0.555327868852459,0.3780737704918033,0.4667008196721312,False
normal:im:476,0,0.0001163796478067,0.00055621919455,0.36475409836065575,0.5686475409836066,0.4667008196721312,False
normal:normal2:1122,0,0.0004192064516246,0.0001236766838701,0.5358606557377049,0.39139344262295084,0.4636270491803279,False
normal:normal2:490,0,0.0004086630360689,0.0001256267132703,0.5307377049180327,0.39344262295081966,0.4620901639344262,False
normal:im:473,0,1.316883663093904e-05,0.0036154140252619,0.15881147540983606,0.7633196721311475,0.4610655737704918,False
normal:normal2:1045,0,0.0003438568674027,0.0001594109053257,0.5051229508196722,0.41598360655737704,0.4605532786885246,False
normal:im:453,0,4.662351921069785e-05,0.0012538123164631,0.2540983606557377,0.6649590163934426,0.45952868852459017,False
normal:im:325,0,8.231241372413933e-05,0.0007055313326418,0.31864754098360654,0.5983606557377049,0.45850409836065575,False
normal:im:565,0,0.0013809535885229,2.096757452818565e-05,0.680327868852459,0.23565573770491804,0.4579918032786885,False
normal:normal2:1157,0,9.052539098775014e-05,0.000605980749242,0.3350409836065574,0.5799180327868853,0.45747950819672134,False
normal:normal2:897,0,0.0008625896880403,3.567230305634439e-05,0.6301229508196722,0.2838114754098361,0.45696721311475413,False
normal:normal2:1223,0,0.0001485908869653,0.0003224300162401,0.4047131147540984,0.5092213114754098,0.4569672131147541,False
normal:normal2:1088,0,0.0002508263569325,0.0001893009175546,0.4651639344262295,0.444672131147541,0.45491803278688525,False
normal:im:311,0,5.704048089683056e-05,0.0009961785981431,0.27049180327868855,0.639344262295082,0.45491803278688525,False
normal:im:662,0,0.0005519299884326,6.51656009722501e-05,0.5706967213114754,0.33709016393442626,0.45389344262295084,False
normal:normal2:561,0,0.0001508090790593,0.0002916999801527,0.4088114754098361,0.4979508196721312,0.45338114754098363,False
normal:im:752,0,4.616792648448609e-05,0.0010543850949034,0.2510245901639344,0.6465163934426229,0.44877049180327866,False
normal:normal2:820,0,0.0004640215192921,7.798078877385706e-05,0.5461065573770492,0.35040983606557374,0.44825819672131145,False
normal:normal2:992,0,0.0003524941857904,0.0001187650996143,0.507172131147541,0.38831967213114754,0.44774590163934425,False
normal:im:599,0,9.630864951759575e-05,0.0004978292854502,0.3411885245901639,0.5532786885245902,0.44723360655737704,False
normal:normal2:1294,0,9.127318844545808e-05,0.00050754975382,0.3360655737704918,0.5573770491803278,0.44672131147540983,False
normal:im:221,0,0.0014165382599458,1.1807041119027415e-05,0.6844262295081968,0.2069672131147541,0.4456967213114754,False
normal:im:711,0,3.0913495720596984e-05,0.0012876384425908,0.2223360655737705,0.6690573770491803,0.4456967213114754,False
normal:normal2:627,0,0.0002568695053923,0.0001639062538743,0.4672131147540984,0.42315573770491804,0.4451844262295082,False
normal:normal2:675,0,0.0001324841432506,0.0003261589445173,0.3790983606557377,0.5102459016393442,0.444672131147541,False
normal:normal2:592,0,0.0014412393793463,1.042320036503952e-05,0.6875,0.19979508196721313,0.4436475409836066,False
normal:im:753,0,0.000189431826584,0.0002020802785409,0.4354508196721312,0.45184426229508196,0.4436475409836066,False
normal:im:209,0,0.0005100566195324,5.9824338677572086e-05,0.5573770491803278,0.32889344262295084,0.44313524590163933,False
normal:im:495,0,0.0021697918418794,4.197338057565503e-06,0.7254098360655737,0.16086065573770492,0.44313524590163933,False
normal:normal2:1124,0,0.0001563884725328,0.0002308474067831,0.4139344262295082,0.4692622950819672,0.4415983606557377,False
normal:im:750,0,4.40144503954798e-05,0.0009829566115513,0.2459016393442623,0.6372950819672131,0.44159836065573765,False
normal:im:650,0,0.0005292059625692809,5.100815500706327e-05,0.5635245901639344,0.31864754098360654,0.4410860655737705,False
normal:normal2:508,0,6.922024476807564e-05,0.0006437450647354,0.29508196721311475,0.5860655737704918,0.4405737704918033,False
normal:im:554,0,2.6981779228663072e-05,0.0012523690238595,0.21311475409836064,0.6639344262295082,0.4385245901639344,False
normal:normal2:552,0,0.0006158451433293,3.955279680667445e-05,0.5819672131147541,0.29508196721311475,0.4385245901639344,False
normal:normal2:1116,0,0.00014003945034346234,0.0002657494515005,0.39139344262295084,0.48155737704918034,0.4364754098360656,False
normal:im:355,0,0.0001723374152788,0.0001866757229436,0.42725409836065575,0.4426229508196721,0.4349385245901639,False
normal:im:309,0,0.0005122095462866,4.651554627344012e-05,0.5604508196721312,0.3084016393442623,0.43442622950819676,False
normal:normal2:1301,0,8.645644265925512e-05,0.0004528760618995,0.32581967213114754,0.5420081967213115,0.4339139344262295,False
normal:im:331,0,0.0008408576250076,2.282623609062284e-05,0.6209016393442623,0.24180327868852458,0.43135245901639346,False
normal:im:583,0,0.0008012367761693,2.3640244762646034e-05,0.6137295081967213,0.24795081967213115,0.43084016393442626,False
normal:im:588,0,4.549078221316449e-05,0.0008283655624836,0.24795081967213115,0.6137295081967213,0.43084016393442626,False
normal:normal2:1269,0,0.00010624890880232244,0.0003106391505222,0.3524590163934426,0.5051229508196722,0.42879098360655743,False
normal:normal2:847,0,0.0003741049149539,6.704223778797314e-05,0.5153688524590164,0.3422131147540984,0.42879098360655743,False
normal:normal2:1058,0,0.0004734522663056,4.792937761521898e-05,0.5471311475409836,0.3104508196721312,0.4287909836065574,False
normal:im:562,0,0.0006490180385299,3.0349434382515028e-05,0.5881147540983607,0.2694672131147541,0.4287909836065574,False
normal:im:410,0,0.0001918740745168,0.0001606798323336,0.4364754098360656,0.41905737704918034,0.42776639344262296,False
normal:normal2:1008,0,0.0003087357617914,8.84678665897809e-05,0.4948770491803279,0.35963114754098363,0.42725409836065575,False
normal:normal2:1188,0,0.0003887718194164,6.194927118485793e-05,0.5215163934426229,0.3319672131147541,0.4267418032786885,False
normal:normal2:604,0,0.0007110012811608,2.512197352189105e-05,0.5993852459016393,0.2530737704918033,0.42622950819672134,False
normal:im:714,0,0.0001233749353559,0.0002632423420436,0.3709016393442623,0.4805327868852459,0.4257172131147541,False
normal:im:539,0,0.0001983367498420348,0.0001513778309648,0.4426229508196721,0.4067622950819672,0.42469262295081966,False
normal:im:350,0,0.0007554837502539,2.221163049398456e-05,0.6065573770491803,0.24077868852459017,0.42366803278688525,False
normal:normal2:837,0,0.0001459974009776,0.0001964059192687,0.39959016393442626,0.44774590163934425,0.42366803278688525,False
normal:normal2:1153,0,0.0001203871652251,0.0002446623402647,0.3698770491803279,0.4764344262295082,0.42315573770491804,False
normal:im:689,0,0.0003684513794723,6.217956251930445e-05,0.5133196721311475,0.33299180327868855,0.423155737704918,False
normal:normal2:903,0,0.0015316944336518,3.527871058395249e-06,0.6936475409836066,0.15163934426229508,0.42264344262295084,False
normal:im:446,0,0.0003730737953446,6.0167098126839846e-05,0.514344262295082,0.32991803278688525,0.42213114754098363,False
normal:normal2:454,0,0.0005314369918778,3.338195529067889e-05,0.5655737704918032,0.2766393442622951,0.42110655737704916,False
normal:normal2:1144,0,0.0004802452458534,3.862561425194144e-05,0.5491803278688525,0.29200819672131145,0.420594262295082,False
normal:normal2:1191,0,0.0001342223840765,0.0002167427446693,0.38114754098360654,0.4600409836065574,0.42059426229508196,False
normal:normal2:692,0,0.0004905482055619,3.622574877226725e-05,0.5543032786885246,0.2848360655737705,0.41956967213114754,False
normal:normal2:981,0,0.0006644820678047,2.415915332676377e-05,0.5901639344262295,0.2489754098360656,0.41956967213114754,False
normal:normal2:1114,0,0.00122689420823,5.3303720051189885e-06,0.6690573770491803,0.1680327868852459,0.41854508196721313,False
normal:im:458,0,0.0001093393439077,0.0002446157159283,0.35655737704918034,0.47540983606557374,0.41598360655737704,False
normal:normal2:753,0,0.0001885837264126,0.0001313464017584,0.4344262295081967,0.3975409836065574,0.41598360655737704,False
normal:im:255,0,7.899139745859429e-05,0.0003607000398915,0.3125,0.5174180327868853,0.4149590163934426,False
normal:im:308,0,0.000119943950267,0.0002147818158846,0.36885245901639346,0.45901639344262296,0.4139344262295082,False
normal:im:685,0,3.684079274535179e-05,0.0006636726902797,0.23668032786885246,0.5901639344262295,0.413422131147541,False
normal:normal2:564,0,3.241219019400887e-05,0.0007127950666472,0.22643442622950818,0.6004098360655737,0.41342213114754095,False
normal:im:568,0,0.0001975431514438,0.0001176116202259,0.4405737704918033,0.38422131147540983,0.4123975409836066,False
normal:im:427,0,0.0005057290545664,3.0255052479333244e-05,0.5563524590163934,0.26844262295081966,0.41239754098360654,False
normal:normal2:1350,0,0.0008464995771646,9.612900612410158e-06,0.6229508196721312,0.19774590163934427,0.4103483606557377,False
normal:im:669,0,0.0003861346922349,4.0573137084720656e-05,0.5204918032786885,0.29713114754098363,0.4088114754098361,False
normal:normal2:476,0,9.323132690042256e-05,0.0002597492130007,0.33709016393442626,0.47950819672131145,0.4082991803278688,False
normal:im:305,0,2.037507147178985e-05,0.0008769517298787,0.19262295081967212,0.6219262295081968,0.4072745901639344,False
normal:im:440,0,0.00032879828359,4.9351623601978645e-05,0.5010245901639344,0.3135245901639344,0.4072745901639344,False
normal:im:644,0,0.00022105756859976553,7.893769738605745e-05,0.4569672131147541,0.35348360655737704,0.4052254098360656,False
normal:normal2:1149,0,9.528717055218294e-05,0.0002329012495465,0.3391393442622951,0.4702868852459016,0.4047131147540983,False
normal:normal2:456,0,0.0006685547996312,1.4108672075963112e-05,0.5922131147540983,0.2151639344262295,0.4036885245901639,False
normal:im:542,0,0.0001467184920329,0.0001493874733569,0.40061475409836067,0.4036885245901639,0.4021516393442623,False
normal:normal2:873,0,2.0874083929811604e-05,0.0008052276680245,0.19364754098360656,0.6096311475409836,0.4016393442622951,False
normal:im:323,0,0.0001143430708907,0.0001849918771767,0.36168032786885246,0.4415983606557377,0.4016393442622951,False
normal:normal2:1334,0,0.0003114375285804,4.36106784036383e-05,0.4959016393442623,0.30635245901639346,0.4011270491803279,False
normal:im:274,0,0.0001264268212253,0.000166558267665,0.3729508196721312,0.42725409836065575,0.40010245901639346,False
normal:im:115,0,0.0003414011152926,3.950432801502757e-05,0.5040983606557377,0.29405737704918034,0.399077868852459,False
normal:normal2:1182,0,0.0001030322455335,0.0001906865800265,0.3483606557377049,0.4456967213114754,0.39702868852459017,False
normal:im:424,0,0.0001157160222646,0.0001712146331556,0.36270491803278687,0.430327868852459,0.3965163934426229,False
normal:im:189,0,0.0008185975020751,5.759153282269836e-06,0.6157786885245902,0.17315573770491804,0.3944672131147541,False
normal:im:500,0,0.0008449611486867,4.624323537427699e-06,0.6219262295081968,0.16290983606557377,0.39241803278688525,False
normal:im:511,0,4.9873721006103246e-05,0.0003711540884978,0.2612704918032787,0.5225409836065574,0.3919057377049181,False
normal:im:220,0,0.0001053276646416,0.0001723821042105,0.3514344262295082,0.43135245901639346,0.39139344262295084,False
normal:normal2:946,0,3.5174914955860004e-05,0.0004771886160597,0.23155737704918034,0.5502049180327869,0.39088114754098363,False
normal:normal2:952,0,0.0001487989065935,0.0001005093654384,0.4057377049180328,0.3729508196721312,0.389344262295082,False
normal:normal2:1279,0,0.0003927221987396,2.470650360919535e-05,0.5225409836065574,0.2520491803278688,0.38729508196721313,False
normal:im:275,0,6.0519501857925206e-05,0.0002915275981649,0.2776639344262295,0.4969262295081967,0.3872950819672131,False
normal:im:637,0,0.0003997713793069,2.3495662389905192e-05,0.5256147540983607,0.2459016393442623,0.3857581967213115,False
normal:im:371,0,0.0002294364967383,4.6735374780837446e-05,0.45901639344262296,0.3094262295081967,0.38422131147540983,False
normal:im:268,0,0.0001696954423096,7.052874570945278e-05,0.42315573770491804,0.3452868852459016,0.38422131147540983,False
normal:normal2:1338,0,7.455403101630509e-05,0.000222799484618,0.3012295081967213,0.4651639344262295,0.3831967213114754,False
normal:normal2:1094,0,0.00035373280358420004,2.6233188551808933e-05,0.5081967213114754,0.257172131147541,0.3826844262295082,False
normal:normal2:983,0,8.75552277648213e-05,0.0001751967635451,0.32684426229508196,0.4364754098360656,0.38165983606557374,False
normal:im:278,0,0.0001478431222494,8.973194780992344e-05,0.4016393442622951,0.36065573770491804,0.3811475409836066,False
normal:im:266,0,2.094189403578639e-05,0.0005531259230338,0.19467213114754098,0.5676229508196722,0.3811475409836066,False
normal:normal2:874,0,7.171917241066694e-05,0.0002145178150385,0.29713114754098363,0.45799180327868855,0.3775614754098361,False
normal:im:533,0,0.0001139089818025005,0.0001258859338122,0.36065573770491804,0.3944672131147541,0.3775614754098361,False
normal:im:297,0,0.0004018005274701,1.7306241716141813e-05,0.5266393442622951,0.22540983606557377,0.3760245901639344,False
normal:normal2:482,0,0.0002409424632787,3.784303044085391e-05,0.46209016393442626,0.28790983606557374,0.375,False
normal:im:226,0,0.000279018015135,3.0492543373839e-05,0.47950819672131145,0.27049180327868855,0.375,False
normal:normal2:1317,0,4.4240641727810726e-06,0.0011801683576777,0.09118852459016394,0.6577868852459017,0.3744877049180328,False
normal:im:211,0,7.709021883783862e-05,0.0001811937108868,0.3084016393442623,0.4385245901639344,0.3734631147540983,False
normal:normal2:1277,0,0.00010172781442935253,0.0001363956883627,0.3442622950819672,0.40061475409836067,0.3724385245901639,False
normal:normal2:1245,0,0.0001514347532065,6.296787614701316e-05,0.4108606557377049,0.33401639344262296,0.3724385245901639,False
normal:normal2:1027,0,2.550305362092331e-05,0.0003888166975229,0.20901639344262296,0.5307377049180327,0.3698770491803278,False
normal:im:244,0,0.0001385298819513,7.496451144106686e-05,0.38831967213114754,0.3483606557377049,0.36834016393442626,False
normal:normal2:831,0,0.0008497167145833,1.412693791280617e-06,0.6239754098360656,0.11270491803278689,0.36834016393442626,False
normal:im:368,0,0.0004133568727411,1.0476475836185273e-05,0.5338114754098361,0.20081967213114754,0.36731557377049184,False
normal:normal2:1106,0,0.0001319774019066,8.413119212491438e-05,0.3770491803278688,0.35758196721311475,0.3673155737704918,False
normal:im:608,0,0.00033410173879622743,1.8938378037347547e-05,0.5020491803278688,0.2305327868852459,0.3662909836065574,False
normal:normal2:749,0,0.0001078568529919,0.0001008835679385,0.3555327868852459,0.3739754098360656,0.36475409836065575,False
normal:normal2:511,0,0.0002662328188307,2.670640424184967e-05,0.4702868852459016,0.25922131147540983,0.36475409836065575,False
normal:normal2:1104,0,3.572479545255192e-05,0.0002898323873523,0.2336065573770492,0.49385245901639346,0.36372950819672134,False
normal:normal2:1091,0,7.486093090847135e-05,0.0001641200360609,0.30225409836065575,0.42418032786885246,0.3632172131147541,False
normal:normal2:540,0,0.0002090649941237,3.3272968721576035e-05,0.4487704918032787,0.27561475409836067,0.36219262295081966,False
normal:normal2:545,0,1.1590883332246449e-05,0.000581162283197,0.14856557377049182,0.5747950819672131,0.36168032786885246,False
normal:normal2:1293,0,6.875848339404911e-05,0.000170032333699,0.2930327868852459,0.4293032786885246,0.36116803278688525,False
normal:normal2:814,0,0.0001644798903726,4.190302570350468e-05,0.42213114754098363,0.30020491803278687,0.36116803278688525,False
normal:normal2:682,0,0.0006020588916726,2.5122385522990957e-06,0.5788934426229508,0.14241803278688525,0.36065573770491804,False
normal:normal2:993,0,0.0002716358867473,2.3288843294722028e-05,0.47438524590163933,0.24487704918032788,0.3596311475409836,False
normal:im:315,0,0.0002428671577945,2.538478838687297e-05,0.46311475409836067,0.2551229508196721,0.3591188524590164,False
normal:im:607,0,0.0001019136907416,0.0001001690252451,0.3463114754098361,0.3719262295081967,0.3591188524590164,False
normal:normal2:500,0,6.357497477438301e-05,0.0001726169721223,0.2838114754098361,0.4323770491803279,0.358094262295082,False
normal:normal2:1315,0,0.0003086068609263,1.5908181012491696e-05,0.49385245901639346,0.22131147540983606,0.35758196721311475,False
normal:im:356,0,0.0001394503196934,5.2716331992996857e-05,0.39036885245901637,0.32172131147540983,0.3560450819672131,False
normal:im:329,0,0.0004632087948266,4.923025244352175e-06,0.5450819672131147,0.16495901639344263,0.35502049180327866,False
normal:normal2:1020,0,2.92603939063459e-05,0.000288309995085,0.21721311475409835,0.492827868852459,0.35502049180327866,False
normal:im:413,0,6.488378858193755e-05,0.0001612810738151,0.28790983606557374,0.42008196721311475,0.35399590163934425,False
normal:im:467,0,4.01305988096586e-05,0.0002265093553432,0.2387295081967213,0.4682377049180328,0.35348360655737704,False
normal:im:320,0,0.0001170570030808,6.432548980228603e-05,0.36577868852459017,0.3360655737704918,0.350922131147541,False
normal:im:692,0,2.8308435503277e-05,0.0002774084568955,0.21618852459016394,0.48565573770491804,0.350922131147541,False
normal:im:261,0,0.000135993148433,5.003094702260569e-05,0.3831967213114754,0.3165983606557377,0.3498975409836066,False
normal:normal2:853,0,7.849631947465241e-05,0.0001214029980474,0.3104508196721312,0.38934426229508196,0.3498975409836066,False
normal:normal2:1273,0,8.396497287321836e-05,0.0001058068446582,0.32274590163934425,0.3770491803278688,0.34989754098360654,False
normal:normal2:1126,0,0.0003071058890782,1.1309692126815207e-05,0.492827868852459,0.20491803278688525,0.3488729508196721,False
normal:im:289,0,2.177533860958647e-05,0.0002831759338732,0.20081967213114754,0.4887295081967213,0.3447745901639344,False
normal:normal2:865,0,6.680002115899697e-06,0.0005643475451506,0.11782786885245902,0.569672131147541,0.34375,False
normal:normal2:896,0,0.0003273195761721,7.560826816188637e-06,0.5,0.18545081967213115,0.3427254098360656,False
normal:im:505,0,1.617195541333179e-05,0.0003158519944766,0.17827868852459017,0.5061475409836066,0.3422131147540984,False
normal:normal2:925,0,3.039954754058272e-05,0.0002212070685345,0.22028688524590165,0.46311475409836067,0.3417008196721312,False
normal:normal2:683,0,3.1440301881957566e-06,0.0008185136830434,0.0706967213114754,0.6127049180327869,0.3417008196721312,False
normal:im:591,0,0.0002854183258023,1.0024069524661172e-05,0.48360655737704916,0.1987704918032787,0.3411885245901639,False
normal:im:469,0,6.060631130822003e-05,0.0001423790236003,0.2786885245901639,0.4026639344262295,0.3406762295081967,False
normal:im:581,0,0.0003615959140006,5.578780474024825e-06,0.5102459016393442,0.1711065573770492,0.3406762295081967,False
normal:normal2:1300,0,8.137585973599926e-05,9.272745228372514e-05,0.3155737704918033,0.3637295081967213,0.3396516393442623,False
normal:im:460,0,7.910958811407909e-05,9.455364488530904e-05,0.3135245901639344,0.36577868852459017,0.3396516393442623,False
normal:im:269,0,8.958044782048091e-05,7.442304922733456e-05,0.3319672131147541,0.3473360655737705,0.3396516393442623,False
normal:normal2:513,0,5.295980736264028e-05,0.0001538939686724,0.26536885245901637,0.4108606557377049,0.33811475409836067,False
normal:normal2:485,0,5.071213672636077e-05,0.0001555465860292,0.26331967213114754,0.41290983606557374,0.33811475409836067,False
normal:im:492,0,0.000142834833241,3.3653293940005824e-05,0.39549180327868855,0.2786885245901639,0.33709016393442626,False
normal:normal2:1261,0,1.607025296834763e-05,0.0002910541370511,0.17725409836065573,0.4959016393442623,0.336577868852459,False
normal:normal2:472,0,1.2262712516530884e-05,0.0003555468574631,0.1557377049180328,0.5163934426229508,0.33606557377049184,False
normal:normal2:684,0,4.293765596230514e-05,0.000167175909155,0.24282786885245902,0.42827868852459017,0.3355532786885246,False
normal:normal2:520,0,1.675642852205783e-05,0.0002864004636649,0.18032786885245902,0.49077868852459017,0.3355532786885246,False
normal:normal2:689,0,2.765695899142884e-05,0.0002101666468661,0.21413934426229508,0.45594262295081966,0.3350409836065574,False
normal:normal2:989,0,7.563560939161107e-05,9.123019844992086e-05,0.3043032786885246,0.36270491803278687,0.33350409836065575,False
normal:im:394,0,9.432130900677294e-05,5.808656351291575e-05,0.33811475409836067,0.32581967213114754,0.3319672131147541,False
normal:im:445,0,0.0008971893694251,7.85034899308812e-08,0.6331967213114754,0.030737704918032786,0.3319672131147541,False
normal:normal2:507,0,6.113196286605671e-05,0.0001151357573689,0.2807377049180328,0.382172131147541,0.3314549180327869,False
normal:normal2:1158,0,0.0001609926694072,2.2860238459543325e-05,0.4180327868852459,0.24282786885245902,0.33043032786885246,False
normal:normal2:912,0,5.868677544640377e-05,0.0001181677434942,0.2735655737704918,0.3862704918032787,0.32991803278688525,False
normal:im:282,0,0.0002719100157264,6.947240308363689e-06,0.4764344262295082,0.18135245901639344,0.32889344262295084,False
normal:normal2:690,0,9.03182735783048e-05,5.606876948149875e-05,0.33299180327868855,0.3237704918032787,0.32838114754098363,False
normal:normal2:923,0,0.0002432432811474,7.69479538575979e-06,0.4641393442622951,0.1875,0.32581967213114754,False
normal:im:670,0,4.20624201069586e-06,0.0005118157132528,0.08709016393442623,0.5604508196721312,0.3237704918032787,False
normal:normal2:887,0,1.5920548321446404e-05,0.0002361821825616,0.17418032786885246,0.4723360655737705,0.3232581967213115,False
normal:im:156,0,9.3434491645894e-06,0.0003168079128954,0.13524590163934427,0.507172131147541,0.3212090163934426,False
normal:im:349,0,3.806023187280516e-06,0.0005056480877101,0.07991803278688525,0.5563524590163934,0.31813524590163933,False
normal:normal2:1190,0,0.0002829041914083,3.5773114177573007e-06,0.48258196721311475,0.15368852459016394,0.31813524590163933,False
normal:normal2:1253,0,4.180432370048948e-06,0.0004763124161399,0.0860655737704918,0.5491803278688525,0.3176229508196722,False
normal:im:766,0,0.0001622670679353,1.398928179696668e-05,0.42008196721311475,0.21413934426229508,0.3171106557377049,False
normal:normal2:1347,0,0.0001581076649017,1.4308491699921431e-05,0.41598360655737704,0.21618852459016394,0.3160860655737705,False
normal:im:201,0,2.030628820648417e-05,0.0001840477925725,0.19057377049180327,0.4395491803278688,0.31506147540983603,False
normal:im:696,0,3.33491807396058e-05,0.000132073968416,0.22745901639344263,0.3985655737704918,0.3130122950819672,False
normal:normal2:1006,0,0.0001368427037959,2.2062167772674e-05,0.3862704918032787,0.23975409836065573,0.3130122950819672,False
normal:normal2:871,0,0.0001603019918547,1.2882863302365877e-05,0.41700819672131145,0.20901639344262296,0.3130122950819672,False
normal:im:372,0,8.874965715222061e-05,3.960518733947538e-05,0.32991803278688525,0.29610655737704916,0.3130122950819672,False
normal:im:147,0,0.0002133852394763,5.594540652964497e-06,0.45286885245901637,0.1721311475409836,0.3125,False
normal:im:135,0,2.176607995352242e-05,0.0001642344723222,0.19979508196721313,0.42520491803278687,0.3125,False
normal:normal2:622,0,0.0001807486696634,8.28959218779346e-06,0.430327868852459,0.19364754098360656,0.3119877049180328,False
normal:im:601,0,6.519469752674922e-05,6.390484486473724e-05,0.2889344262295082,0.3350409836065574,0.3119877049180328,False
normal:im:738,0,8.430040907114744e-05,3.8135021895868704e-05,0.32479508196721313,0.2899590163934426,0.3073770491803279,False
normal:im:530,0,6.569217475771438e-06,0.0002930854388978,0.11577868852459017,0.4989754098360656,0.3073770491803279,False
normal:im:280,0,5.998652795824455e-06,0.000298919621855,0.1096311475409836,0.5,0.3048155737704918,False
normal:normal2:1163,0,0.0002609426446724,2.5061674477910856e-06,0.4682377049180328,0.1413934426229508,0.3048155737704918,False
normal:normal2:386,0,5.287701242195908e-06,0.0003185764071531,0.1014344262295082,0.5081967213114754,0.3048155737704918,False
normal:normal2:1194,0,8.198395516956225e-05,3.823727820417844e-05,0.3176229508196721,0.29098360655737704,0.3043032786885246,False
normal:im:343,0,4.625712244887836e-05,8.117931429296732e-05,0.2520491803278688,0.35450819672131145,0.30327868852459017,False
normal:normal2:1185,0,0.0002689273096621,2.1548758013523184e-06,0.4723360655737705,0.13217213114754098,0.30225409836065575,False
normal:normal2:957,0,0.0002730799023993,2.0318193492130376e-06,0.4774590163934426,0.125,0.30122950819672134,False
normal:normal2:960,0,0.0001353740517515,1.5285122572095133e-05,0.382172131147541,0.2192622950819672,0.3007172131147541,False
normal:normal2:899,0,3.62498599315586e-06,0.0003714337653946,0.07581967213114754,0.5235655737704918,0.29969262295081966,False
normal:im:168,0,1.393178081343649e-05,0.0001732713135425,0.16495901639344263,0.4334016393442623,0.29918032786885246,False
normal:normal2:563,0,9.339182724943385e-06,0.0002195766428485,0.13422131147540983,0.46209016393442626,0.29815573770491804,False
normal:im:172,0,8.885593706509098e-05,2.9005499527556825e-05,0.33094262295081966,0.26434426229508196,0.29764344262295084,False
normal:normal2:1178,0,0.0002091076603392,2.4992173166538123e-06,0.44979508196721313,0.1403688524590164,0.29508196721311475,False
normal:normal2:898,0,5.458177838590928e-05,5.3458592446986586e-05,0.26741803278688525,0.32274590163934425,0.29508196721311475,False
normal:normal2:934,0,0.0001121893801609,1.6877127563930117e-05,0.35758196721311475,0.22438524590163936,0.29098360655737704,False
normal:im:283,0,0.0001194007563753,1.3758238310401794e-05,0.367827868852459,0.21311475409836064,0.29047131147540983,False
normal:normal2:1024,0,3.1034782296046615e-05,8.251903636846691e-05,0.22438524590163936,0.3555327868852459,0.2899590163934426,False
normal:im:257,0,0.0001450013951398,6.7312762439541984e-06,0.3975409836065574,0.17930327868852458,0.288422131147541,False
normal:normal2:462,0,1.6784209947218187e-05,0.0001300935837207,0.18135245901639344,0.39549180327868855,0.288422131147541,False
normal:normal2:839,0,4.2472620407352224e-05,6.054120603948832e-05,0.24180327868852458,0.33094262295081966,0.2863729508196721,False
normal:im:686,0,6.973298150114715e-05,3.062470204895362e-05,0.29610655737704916,0.27151639344262296,0.2838114754098361,False
normal:im:122,0,2.121796387655195e-05,9.714272891869769e-05,0.19672131147540983,0.36885245901639346,0.2827868852459017,False
normal:normal2:521,0,5.997668267809786e-05,3.661212394945324e-05,0.27561475409836067,0.2858606557377049,0.2807377049180328,False
normal:normal2:951,0,1.1815161997219548e-05,0.0001537644566269,0.15061475409836064,0.4098360655737705,0.2802254098360656,False
normal:normal2:1240,0,2.1176563677727245e-05,9.321506513515489e-05,0.19569672131147542,0.36475409836065575,0.2802254098360656,False
normal:normal2:489,0,8.172744855983183e-05,2.3106817025109198e-05,0.3165983606557377,0.24385245901639344,0.2802254098360656,False
normal:normal2:486,0,4.851843641517917e-06,0.0002180166193284,0.09631147540983606,0.4610655737704918,0.2786885245901639,False
normal:im:600,0,0.0001304415200138,6.38133587926859e-06,0.375,0.17827868852459017,0.2766393442622951,False
normal:normal2:645,0,0.0001971916208276,1.3474506204147474e-06,0.4395491803278688,0.11065573770491803,0.2751024590163934,False
normal:normal2:1089,0,9.59083354246104e-06,0.0001519776560598,0.1403688524590164,0.4088114754098361,0.27459016393442626,False
normal:normal2:1242,0,0.0002194495755247,7.884740398367285e-07,0.45594262295081966,0.09221311475409837,0.274077868852459,False
normal:normal2:1142,0,1.4488680032324433e-05,0.0001086489458733,0.16700819672131148,0.3801229508196721,0.2735655737704918,False
normal:normal2:499,0,6.116696567914914e-06,0.0001750331575749,0.11065573770491803,0.4354508196721312,0.2730532786885246,False
normal:im:493,0,4.351148163550533e-05,4.195861038169824e-05,0.24487704918032788,0.3012295081967213,0.2730532786885246,False
normal:normal2:954,0,0.0002763918018899,4.152611552399321e-07,0.47848360655737704,0.06659836065573771,0.2725409836065574,False
normal:normal2:1442,0,6.895681508467533e-06,0.0001635769731365,0.11987704918032786,0.42110655737704916,0.2704918032786885,False
normal:normal2:1039,0,7.820181053830311e-05,1.918000998557545e-05,0.3094262295081967,0.23155737704918034,0.2704918032786885,False
normal:im:617,0,1.5722687294328352e-06,0.0002879847015719,0.0471311475409836,0.4918032786885246,0.2694672131147541,False
normal:im:657,0,0.0001271813380299,4.897719009022694e-06,0.3739754098360656,0.16393442622950818,0.26895491803278687,False
normal:normal2:1174,0,3.541445767041296e-05,4.3386928155086935e-05,0.23258196721311475,0.305327868852459,0.26895491803278687,False
normal:normal2:525,0,0.0001331505918642,3.917756657756399e-06,0.3801229508196721,0.15778688524590165,0.26895491803278687,False
normal:normal2:403,0,7.576923235319555e-05,2.0160145140835084e-05,0.305327868852459,0.23258196721311475,0.26895491803278687,False
normal:normal2:1026,0,0.0003062974428758,1.7175969446725506e-07,0.4918032786885246,0.045081967213114756,0.26844262295081966,False
normal:normal2:909,0,4.770675514009781e-05,3.40412043442484e-05,0.257172131147541,0.2797131147540984,0.26844262295081966,False
normal:im:537,0,2.781606417556759e-05,5.221635728958063e-05,0.2151639344262295,0.3206967213114754,0.26793032786885246,False
normal:normal2:1044,0,6.035536353010684e-05,2.5336319595226087e-05,0.2766393442622951,0.2540983606557377,0.2653688524590164,False
normal:normal2:1173,0,0.0001480924256611,2.0394602415763075e-06,0.4036885245901639,0.1260245901639344,0.26485655737704916,False
normal:normal2:401,0,1.7449445294914767e-05,6.699838559143245e-05,0.1834016393442623,0.3411885245901639,0.2622950819672131,False
normal:normal2:816,0,4.399778390506981e-06,0.0001744305336615,0.08913934426229508,0.4344262295081967,0.2617827868852459,False
normal:normal2:1145,0,0.0001499607751611,1.571480197526398e-06,0.4067622950819672,0.11577868852459017,0.26127049180327866,False
normal:normal2:1202,0,0.000150276813656,1.4330532849271549e-06,0.4077868852459016,0.11372950819672131,0.26075819672131145,False
normal:im:361,0,2.845877816071152e-06,0.0002069226029561,0.06557377049180328,0.45491803278688525,0.26024590163934425,False
normal:normal2:857,0,2.5879887743940344e-06,0.0002058599493466,0.060450819672131145,0.45389344262295084,0.257172131147541,False
normal:normal2:1043,0,1.895943387353327e-05,5.819706711918116e-05,0.1864754098360656,0.32684426229508196,0.25665983606557374,False
normal:im:438,0,1.0212995221081655e-05,9.898571443045512e-05,0.14241803278688525,0.3698770491803279,0.2561475409836066,False
normal:normal2:647,0,2.88638261736196e-06,0.0001867166574811,0.06659836065573771,0.44364754098360654,0.2551229508196721,False
normal:normal2:877,0,9.497067367192358e-06,9.980261529562996e-05,0.13729508196721313,0.3709016393442623,0.2540983606557377,False
normal:im:624,0,2.339548723284679e-05,4.335614718797842e-05,0.2038934426229508,0.3043032786885246,0.2540983606557377,False
normal:normal2:1120,0,4.341229578130879e-05,2.8467944503063336e-05,0.24385245901639344,0.26229508196721313,0.2530737704918033,False
normal:im:210,0,4.650117989513092e-05,2.4580675017205067e-05,0.2530737704918033,0.2510245901639344,0.2520491803278688,False
normal:normal2:1228,0,8.82188123796368e-06,0.0001037337569869,0.12704918032786885,0.3760245901639344,0.2515368852459016,False
normal:normal2:808,0,0.0001244578743353,2.136773446181905e-06,0.3719262295081967,0.13114754098360656,0.2515368852459016,False
normal:im:665,0,0.0001068033088813,2.581793978606584e-06,0.35450819672131145,0.1444672131147541,0.2494877049180328,False
normal:im:359,0,5.6541539379395545e-05,1.881539174064528e-05,0.2694672131147541,0.22848360655737704,0.24897540983606556,False
normal:normal2:617,0,3.378113979124464e-05,3.007170562341344e-05,0.22950819672131148,0.26741803278688525,0.24846311475409838,False
normal:normal2:1177,0,1.0292301340086851e-05,7.794785778969526e-05,0.14344262295081966,0.34938524590163933,0.2464139344262295,False
normal:normal2:573,0,7.407199882436544e-05,8.146961590682622e-06,0.30020491803278687,0.1915983606557377,0.2459016393442623,False
normal:im:628,0,9.632003639126197e-05,2.842723006324377e-06,0.3422131147540984,0.14651639344262296,0.24436475409836067,False
normal:im:383,0,6.901987217133865e-05,8.539908776583616e-06,0.29405737704918034,0.19467213114754098,0.24436475409836067,False
normal:im:701,0,5.695933850802248e-06,0.000109481952677,0.10655737704918032,0.38114754098360654,0.24385245901639344,False
normal:normal2:1059,0,1.702413101156708e-05,4.201570845907554e-05,0.18237704918032788,0.30225409836065575,0.24231557377049182,False
normal:im:243,0,0.0001538929354865,4.7207933562276594e-07,0.41188524590163933,0.0706967213114754,0.24129098360655737,False
normal:normal2:937,0,3.0672934371978045e-05,2.7047910407418385e-05,0.22131147540983606,0.26024590163934425,0.24077868852459017,False
normal:normal2:643,0,1.3737914741795976e-05,5.08921111759264e-05,0.16290983606557377,0.3176229508196721,0.24026639344262296,False
normal:normal2:807,0,2.4296441551996395e-05,3.077272413065657e-05,0.2069672131147541,0.2725409836065574,0.23975409836065575,False
normal:im:439,0,1.1971693690308408e-05,5.788278318637671e-05,0.15368852459016394,0.32479508196721313,0.23924180327868855,False
normal:normal2:894,0,1.3731117178394923e-05,5.002475154469721e-05,0.16188524590163936,0.3155737704918033,0.23872950819672134,False
normal:im:648,0,1.5983927369234152e-05,3.9458536775782704e-05,0.1762295081967213,0.2930327868852459,0.23463114754098363,False
normal:im:718,0,6.525185654027155e-06,7.864108920330182e-05,0.11475409836065574,0.3524590163934426,0.2336065573770492,False
normal:normal2:616,0,0.0001021355128614,1.7423152485207538e-06,0.3473360655737705,0.11987704918032786,0.2336065573770492,False
normal:normal2:966,0,2.4271752408822067e-05,2.5887422452797185e-05,0.20594262295081966,0.25614754098360654,0.2310450819672131,False
normal:im:338,0,8.805318793747574e-05,2.180075171054341e-06,0.32786885245901637,0.13422131147540983,0.2310450819672131,False
normal:normal2:939,0,6.462498276960105e-05,5.91061098020873e-06,0.2858606557377049,0.17418032786885246,0.2300204918032787,False
normal:normal2:959,0,0.0001988095318665,9.3574863413437e-09,0.444672131147541,0.01331967213114754,0.22899590163934427,False
normal:normal2:686,0,0.0001438719191355,2.682439799173153e-07,0.39651639344262296,0.05737704918032787,0.22694672131147542,False
normal:normal2:491,0,4.798297231900506e-05,8.286248885269742e-06,0.2581967213114754,0.19262295081967212,0.22540983606557377,False
normal:normal2:1111,0,4.681417522078846e-06,8.329817501362413e-05,0.0932377049180328,0.35655737704918034,0.22489754098360656,False
normal:im:417,0,5.002370016882196e-05,7.562658993265359e-06,0.26229508196721313,0.1864754098360656,0.22438524590163936,False
normal:im:294,0,2.1786929210065864e-05,2.3578506443300284e-05,0.20184426229508196,0.24692622950819673,0.22438524590163933,False
normal:normal2:1327,0,5.105855962028727e-05,7.1983545240073e-06,0.26434426229508196,0.1834016393442623,0.22387295081967212,False
normal:im:346,0,4.086900298716501e-05,1.1480367902549917e-05,0.23975409836065573,0.20594262295081966,0.2228483606557377,False
normal:im:598,0,5.6445842346875e-06,6.5484935475979e-05,0.10450819672131148,0.33811475409836067,0.2213114754098361,False
normal:normal2:1014,0,8.287192031275481e-05,1.7892041341838194e-06,0.3206967213114754,0.12090163934426229,0.22079918032786885,False
normal:normal2:845,0,1.3179704183130523e-05,3.4581411455292255e-05,0.1598360655737705,0.2817622950819672,0.22079918032786885,False
normal:im:681,0,8.108741167234257e-05,2.054597871392616e-06,0.3145491803278688,0.12704918032786885,0.22079918032786883,False
normal:normal2:1241,0,0.0001511067530373,7.158219972325243e-08,0.4098360655737705,0.028688524590163935,0.2192622950819672,False
normal:im:416,0,4.5520639105234295e-05,7.92374339653179e-06,0.2489754098360656,0.1885245901639344,0.21875,False
normal:im:166,0,8.263620838988572e-05,1.655021151236724e-06,0.319672131147541,0.11782786885245902,0.21875,False
normal:normal2:1333,0,2.2975373212830164e-05,2.0597084585460838e-05,0.2028688524590164,0.2336065573770492,0.2182377049180328,False
normal:im:727,0,6.474403198808432e-05,3.457357024672092e-06,0.28688524590163933,0.14959016393442623,0.2182377049180328,False
normal:im:700,0,3.617252150434069e-05,9.349795618618373e-06,0.2346311475409836,0.19672131147540983,0.2156762295081967,False
normal:im:561,0,1.4734203432453796e-05,2.764512100839056e-05,0.16905737704918034,0.2612704918032787,0.21516393442622953,False
normal:im:633,0,5.7946646847995e-05,3.886500962835271e-06,0.2725409836065574,0.1567622950819672,0.2146516393442623,False
normal:im:250,0,0.0001414801372447,1.0054738908138461e-07,0.3944672131147541,0.03381147540983607,0.21413934426229508,False
normal:normal2:392,0,8.81362720974721e-05,9.208117717207642e-07,0.32889344262295084,0.09733606557377049,0.21311475409836067,False
normal:im:632,0,9.037454583449288e-05,7.496972216358699e-07,0.33401639344262296,0.08709016393442623,0.21055327868852458,False
normal:im:734,0,6.21496292296797e-05,2.4486821530445013e-06,0.2817622950819672,0.13934426229508196,0.21055327868852458,False
normal:normal2:649,0,6.295537787082139e-06,4.409384564496577e-05,0.11270491803278689,0.3073770491803279,0.21004098360655737,False
normal:im:694,0,0.0001400839246343,5.26632533137672e-08,0.39241803278688525,0.0235655737704918,0.20799180327868852,False
normal:im:409,0,2.175178633478936e-05,1.451338357583154e-05,0.1987704918032787,0.21721311475409835,0.20799180327868852,False
normal:normal2:908,0,3.5772025057667638e-06,6.588467658730224e-05,0.07479508196721311,0.3401639344262295,0.2074795081967213,False
normal:normal2:978,0,5.246447017270839e-06,4.9724778364179656e-05,0.10040983606557377,0.3145491803278688,0.20747950819672129,False
normal:im:441,0,9.095831956074107e-06,3.4574455639813095e-05,0.13012295081967212,0.2807377049180328,0.20543032786885246,False
normal:normal2:1130,0,9.178606319437676e-07,0.0001022090800688,0.035860655737704916,0.375,0.20543032786885246,False
normal:im:290,0,5.008473635825794e-06,4.923945743939839e-05,0.09836065573770492,0.3125,0.20543032786885246,False
normal:im:613,0,1.4874240150675178e-05,2.1795243810629472e-05,0.1711065573770492,0.2387295081967213,0.20491803278688525,False
normal:normal2:385,0,0.0001184255961561,1.504427018517163e-07,0.3668032786885246,0.0430327868852459,0.20491803278688525,False
normal:im:428,0,2.0000627046101727e-05,1.5811847333679907e-05,0.1885245901639344,0.22028688524590165,0.20440573770491804,False
normal:normal2:506,0,3.367265162523836e-05,5.952243554929737e-06,0.22848360655737704,0.17520491803278687,0.20184426229508196,False
normal:normal2:423,0,7.497645128751174e-05,1.0320461569790496e-06,0.30327868852459017,0.10040983606557377,0.20184426229508196,False
normal:normal2:626,0,1.8213415387435816e-05,1.4923330127203371e-05,0.18442622950819673,0.2182377049180328,0.20133196721311475,False
normal:normal2:1001,0,2.993516864080448e-05,7.102417384885484e-06,0.2192622950819672,0.18237704918032788,0.20081967213114754,False
normal:normal2:924,0,8.828505087876692e-06,3.254913099226542e-05,0.12807377049180327,0.2735655737704918,0.20081967213114754,False
normal:normal2:862,0,0.0001048552730935,1.798174480427406e-07,0.35040983606557374,0.04815573770491803,0.1992827868852459,False
normal:normal2:892,0,2.013936182265752e-06,6.781149568269029e-05,0.05430327868852459,0.3432377049180328,0.1987704918032787,False
normal:im:619,0,2.00453469005879e-05,1.199321195599623e-05,0.18954918032786885,0.20799180327868852,0.1987704918032787,False
normal:im:512,0,6.680562364635989e-06,3.358304820721969e-05,0.11885245901639344,0.2776639344262295,0.19825819672131145,False
normal:normal2:1004,0,9.173765647574328e-06,2.867406328732613e-05,0.13114754098360656,0.26331967213114754,0.19723360655737704,False
normal:normal2:580,0,1.473664724471746e-05,1.660120688029565e-05,0.17008196721311475,0.2223360655737705,0.19620901639344263,False
normal:normal2:1346,0,6.691754970233887e-05,1.0002000863096328e-06,0.29200819672131145,0.09836065573770492,0.19518442622950818,False
normal:normal2:1037,0,3.858732725348091e-06,4.115521369385533e-05,0.08401639344262295,0.29918032786885246,0.1915983606557377,False
normal:im:707,0,8.384119428228587e-05,3.329272715291154e-07,0.32172131147540983,0.060450819672131145,0.1910860655737705,False
normal:normal2:1296,0,6.616125574510079e-06,2.9544919016188945e-05,0.1168032786885246,0.26536885245901637,0.19108606557377047,False
normal:im:203,0,6.422803562600166e-05,8.20811919766129e-07,0.2848360655737705,0.0942622950819672,0.18954918032786885,False
normal:im:459,0,3.4166812838520855e-05,2.536391548346728e-06,0.2305327868852459,0.14344262295081966,0.1869877049180328,False
normal:normal2:1286,0,6.651521107414737e-05,7.162930728554784e-07,0.2899590163934426,0.08401639344262295,0.1869877049180328,False
normal:im:754,0,3.667533383122645e-05,2.1865089365746826e-06,0.23565573770491804,0.13524590163934427,0.18545081967213117,False
normal:normal2:1198,0,1.006651837087702e-05,1.892309228423983e-05,0.1413934426229508,0.22950819672131148,0.18545081967213115,False
normal:normal2:1224,0,7.59734830353409e-05,3.505313657115039e-07,0.30635245901639346,0.06147540983606557,0.18391393442622953,False
normal:im:313,0,1.226863059855532e-05,1.2951131793670356e-05,0.1567622950819672,0.21106557377049182,0.1839139344262295,False
normal:normal2:1108,0,4.960131263942458e-05,1.1972160791628994e-06,0.26024590163934425,0.10245901639344263,0.18135245901639344,False
normal:normal2:915,0,4.668690235121176e-05,1.2348640439086012e-06,0.2551229508196721,0.10348360655737705,0.17930327868852458,False
normal:im:524,0,6.078121077734977e-05,5.52807932763244e-07,0.2797131147540984,0.0778688524590164,0.17879098360655737,False
normal:im:386,0,5.44918621017132e-05,7.774857522235834e-07,0.26639344262295084,0.09016393442622951,0.17827868852459017,False
normal:normal2:986,0,4.772315605805488e-06,2.655641037563328e-05,0.09528688524590163,0.2581967213114754,0.17674180327868852,False
normal:normal2:699,0,5.745582893723622e-05,6.182705760693352e-07,0.27151639344262296,0.07889344262295082,0.1752049180327869,False
normal:normal2:1096,0,1.4735216685342796e-06,4.224653658487417e-05,0.045081967213114756,0.30327868852459017,0.17418032786885246,False
normal:im:327,0,1.0564082003838848e-05,1.088213684852235e-05,0.14549180327868852,0.2028688524590164,0.17418032786885246,False
normal:normal2:640,0,1.1139271919091698e-05,1.0651598131516948e-05,0.14651639344262296,0.20184426229508196,0.17418032786885246,False
normal:normal2:1103,0,2.5034823920577765e-05,2.248583086839062e-06,0.20799180327868852,0.1362704918032787,0.1721311475409836,False
normal:im:748,0,6.675629992969334e-05,2.1036386499417858e-07,0.29098360655737704,0.05225409836065574,0.1716188524590164,False
normal:im:414,0,7.36597939976491e-05,1.6567189220495493e-07,0.29918032786885246,0.04405737704918033,0.1716188524590164,False
normal:im:704,0,1.992755642277189e-05,3.614188472056412e-06,0.1875,0.15471311475409835,0.17110655737704916,False
normal:normal2:1274,0,7.656464003957808e-05,7.491897946465542e-08,0.3073770491803279,0.02971311475409836,0.16854508196721313,False
normal:normal2:1168,0,1.1831736628664656e-05,7.547988843725761e-06,0.1526639344262295,0.18442622950819673,0.16854508196721313,False
normal:im:227,0,5.652153777191416e-05,3.592860480239324e-07,0.26844262295081966,0.0625,0.16547131147540983,False
normal:normal2:1319,0,1.3816536920785438e-05,5.081051767774625e-06,0.16393442622950818,0.16598360655737704,0.16495901639344263,False
normal:normal2:642,0,9.235935067408718e-06,8.942091881181113e-06,0.13217213114754098,0.19569672131147542,0.1639344262295082,False
normal:im:374,0,5.9092423043694e-07,4.081669612787664e-05,0.02459016393442623,0.29815573770491804,0.16137295081967212,False
normal:im:293,0,4.1701638110680506e-05,6.257733389247733e-07,0.24077868852459017,0.07991803278688525,0.1603483606557377,False
normal:normal2:661,0,4.834158244193532e-05,3.178969052441971e-07,0.25922131147540983,0.05942622950819672,0.15932377049180327,False
normal:im:332,0,6.246714292501565e-07,3.693284816108644e-05,0.030737704918032786,0.28688524590163933,0.15881147540983606,False
normal:normal2:1285,0,1.4507364539895208e-05,3.030721018149052e-06,0.1680327868852459,0.14856557377049182,0.15829918032786885,False
normal:im:324,0,1.1277704288659152e-05,3.6678345622931374e-06,0.14754098360655737,0.1557377049180328,0.15163934426229508,False
normal:im:502,0,3.728274350578431e-06,1.767141839081887e-05,0.07684426229508197,0.22643442622950818,0.15163934426229508,False
normal:im:241,0,1.166940728580812e-05,3.554045406417572e-06,0.14959016393442623,0.1526639344262295,0.15112704918032788,False
normal:normal2:460,0,3.145460141240619e-05,5.274779937280982e-07,0.22540983606557377,0.07479508196721311,0.15010245901639344,False
normal:im:547,0,2.0717848201456945e-06,2.124108505086042e-05,0.055327868852459015,0.23668032786885246,0.14600409836065573,False
normal:normal2:849,0,4.281094788893824e-06,1.1099643415946048e-05,0.08811475409836066,0.2038934426229508,0.14600409836065573,False
normal:im:357,0,5.594383765128441e-07,2.993559610331431e-05,0.0235655737704918,0.26639344262295084,0.1449795081967213,False
normal:normal2:868,0,1.8886852558352984e-05,1.2489770142565249e-06,0.18545081967213115,0.10450819672131148,0.1449795081967213,False
normal:im:722,0,5.845072337251622e-06,6.886132723593619e-06,0.10758196721311475,0.18032786885245902,0.14395491803278687,False
normal:normal2:1332,0,9.501786735199858e-06,2.87349894279032e-06,0.13831967213114754,0.14754098360655737,0.14293032786885246,False
normal:im:489,0,1.2227224033267705e-05,2.0689080884039868e-06,0.15471311475409835,0.12807377049180327,0.1413934426229508,False
normal:normal2:1164,0,2.410606384728453e-06,1.670011624810286e-05,0.0584016393442623,0.22336065573770492,0.1408811475409836,False
normal:normal2:668,0,4.715300019597635e-05,3.670356818474829e-08,0.25614754098360654,0.022540983606557378,0.13934426229508196,False
normal:normal2:567,0,3.0629444154328667e-06,1.28938017951441e-05,0.06864754098360656,0.21004098360655737,0.13934426229508196,False
normal:normal2:870,0,1.0123869742528768e-06,2.061539817077573e-05,0.036885245901639344,0.2346311475409836,0.13575819672131148,False
normal:im:678,0,1.3183160945118289e-06,1.790731039363891e-05,0.042008196721311473,0.22745901639344263,0.13473360655737704,False
normal:im:408,0,2.147443956346251e-05,4.2981022829735593e-07,0.19774590163934427,0.06762295081967214,0.1326844262295082,False
normal:im:571,0,2.6268811780028045e-05,2.1679618100733933e-07,0.21106557377049182,0.05430327868852459,0.1326844262295082,False
normal:normal2:852,0,5.982165475870716e-06,3.5169769034837373e-06,0.10860655737704918,0.15061475409836064,0.12961065573770492,False
normal:im:667,0,4.42427844973281e-05,1.2669005844401227e-09,0.24692622950819673,0.007172131147540984,0.12704918032786885,False
normal:im:556,0,1.5136638467083683e-05,5.288359830046829e-07,0.1721311475409836,0.07581967213114754,0.12397540983606557,False
normal:im:627,0,7.934049790492281e-06,1.7138906969194068e-06,0.1260245901639344,0.11885245901639344,0.12243852459016392,False
normal:im:595,0,3.962150731240399e-05,6.551928999343203e-10,0.23770491803278687,0.006147540983606557,0.12192622950819672,False
normal:im:316,0,3.8141624827403575e-06,4.432586592884036e-06,0.08094262295081968,0.16188524590163936,0.12141393442622953,False
normal:normal2:1030,0,3.819050562015036e-06,4.078868187207263e-06,0.08299180327868852,0.15881147540983606,0.12090163934426229,False
normal:normal2:1344,0,6.246700650081039e-06,1.9504873307596422e-06,0.11168032786885246,0.12295081967213115,0.1173155737704918,False
normal:im:119,0,2.034307544818148e-05,1.4526166580708377e-07,0.1915983606557377,0.042008196721311473,0.1168032786885246,False
normal:im:225,0,9.27144537854474e-06,1.0131017234016326e-06,0.13319672131147542,0.09938524590163934,0.11629098360655737,False
normal:im:504,0,4.766380243381718e-06,2.285686150571564e-06,0.0942622950819672,0.13729508196721313,0.11577868852459017,False
normal:im:399,0,1.0691701390896924e-06,8.010077181097586e-06,0.040983606557377046,0.19057377049180327,0.11577868852459015,False
normal:normal2:860,0,1.8918242403742624e-06,6.174013378767995e-06,0.05225409836065574,0.1762295081967213,0.11424180327868852,False
normal:im:483,0,2.6656785848899744e-05,1.0860485843977584e-08,0.21209016393442623,0.014344262295081968,0.11321721311475409,False
normal:normal2:558,0,8.940497536968905e-06,8.698778515281447e-07,0.1290983606557377,0.09528688524590163,0.11219262295081966,False
normal:normal2:999,0,6.388087967934553e-06,1.3209928511059843e-06,0.11372950819672131,0.10758196721311475,0.11065573770491803,False
normal:normal2:589,0,1.6470901755383238e-05,1.3309494306668057e-07,0.17930327868852458,0.0389344262295082,0.1091188524590164,False
normal:normal2:1028,0,5.651360424963059e-06,1.3974503190183896e-06,0.10553278688524591,0.11168032786885246,0.10860655737704919,False
normal:im:141,0,1.6218064047279768e-06,5.3387511798064224e-06,0.04815573770491803,0.16905737704918034,0.10860655737704919,False
normal:normal2:474,0,1.366484684695024e-05,2.535194312258682e-07,0.16086065573770492,0.05635245901639344,0.10860655737704918,False
normal:normal2:1016,0,7.592677775392076e-06,7.822509360266849e-07,0.125,0.09118852459016394,0.10809426229508197,False
normal:normal2:501,0,4.0606275319987617e-07,7.957753041409887e-06,0.02151639344262295,0.18954918032786885,0.10553278688524591,False
normal:im:710,0,7.773493280183175e-07,5.530111593543552e-06,0.03483606557377049,0.17008196721311475,0.10245901639344263,False
normal:im:661,0,5.590423370449571e-06,1.1056749826821033e-06,0.10348360655737705,0.1014344262295082,0.10245901639344263,False
normal:im:388,0,1.5974279449437745e-05,5.549620851752479e-08,0.17520491803278687,0.025614754098360656,0.10040983606557377,False
normal:im:379,0,1.5743793483125046e-05,5.2951826035041456e-08,0.17315573770491804,0.02459016393442623,0.09887295081967214,False
normal:normal2:948,0,3.5466403005557368e-06,2.0032739485031925e-06,0.07377049180327869,0.12397540983606557,0.09887295081967212,False
normal:normal2:905,0,5.087616955279373e-06,9.107941991715052e-07,0.09938524590163934,0.09631147540983606,0.09784836065573771,False
normal:normal2:409,0,6.94000902967673e-07,4.141583303862717e-06,0.03278688524590164,0.1598360655737705,0.09631147540983608,False
normal:normal2:475,0,3.096712589467643e-06,1.9457293092273176e-06,0.06967213114754098,0.12192622950819672,0.09579918032786885,False
normal:im:477,0,9.558400051901115e-06,2.024713410264667e-07,0.13934426229508196,0.05122950819672131,0.09528688524590163,False
normal:normal2:410,0,3.815690433839336e-06,1.27931025417638e-06,0.08196721311475409,0.10553278688524591,0.09375,False
normal:normal2:1320,0,4.505370270635467e-06,8.173195737981587e-07,0.09221311475409837,0.0932377049180328,0.09272540983606559,False
normal:normal2:413,0,1.0546459634497296e-06,2.8391168598318477e-06,0.039959016393442626,0.14549180327868852,0.09272540983606557,False
normal:im:292,0,3.7639495076291496e-06,1.2921789220854407e-06,0.0778688524590164,0.10655737704918032,0.09221311475409835,False
normal:normal2:1175,0,2.829720870067831e-06,1.5969186506481492e-06,0.06454918032786885,0.1168032786885246,0.09067622950819673,False
normal:im:675,0,1.4013408872415312e-05,1.3385916375341368e-08,0.16598360655737704,0.015368852459016393,0.09067622950819672,False
normal:normal2:906,0,9.38644188863691e-06,1.263318409883141e-07,0.1362704918032787,0.03483606557377049,0.08555327868852458,False
normal:normal2:975,0,1.2529374544101302e-05,4.932215080799551e-09,0.15778688524590165,0.011270491803278689,0.08452868852459017,False
normal:im:609,0,2.572003268141998e-06,1.3244265346656905e-06,0.05942622950819672,0.10860655737704918,0.08401639344262295,False
normal:normal2:893,0,6.625134005844302e-07,2.1708699478040216e-06,0.031762295081967214,0.13319672131147542,0.08247950819672131,False
normal:normal2:672,0,7.408372653117112e-07,2.076367536574253e-06,0.03381147540983607,0.1290983606557377,0.08145491803278689,False
normal:normal2:843,0,4.857677140535088e-06,3.945680475681002e-07,0.09733606557377049,0.06557377049180328,0.08145491803278689,False
normal:normal2:1205,0,5.29972658114275e-06,2.777041743229347e-07,0.10245901639344263,0.0584016393442623,0.08043032786885246,False
normal:normal2:619,0,1.566318360346486e-06,1.562582383485278e-06,0.04610655737704918,0.11475409836065574,0.08043032786885246,False
normal:normal2:1262,0,7.4006011345773e-06,7.991940975671241e-08,0.12397540983606557,0.031762295081967214,0.0778688524590164,False
normal:normal2:1307,0,2.6505261985221296e-07,2.397224761807593e-06,0.01639344262295082,0.13831967213114754,0.07735655737704918,False
normal:im:381,0,4.105334483028855e-06,4.303155094476097e-07,0.08504098360655737,0.06864754098360656,0.07684426229508197,False
normal:normal2:633,0,2.779168653432862e-06,7.585755952277395e-07,0.06352459016393443,0.08913934426229508,0.07633196721311475,False
normal:im:679,0,3.210067802683625e-07,2.082936362057808e-06,0.017418032786885244,0.13012295081967212,0.07377049180327869,False
normal:normal2:543,0,3.423993121032254e-06,5.037532559981628e-07,0.07172131147540983,0.07274590163934426,0.07223360655737704,False
normal:im:529,0,7.148966687964276e-06,1.7149938358329564e-08,0.12090163934426229,0.0194672131147541,0.0701844262295082,False
normal:normal2:1187,0,3.515461685310584e-06,3.896789735335915e-07,0.07274590163934426,0.06454918032786885,0.06864754098360656,False
normal:normal2:1201,0,1.7990731748795952e-06,6.868791047054401e-07,0.05122950819672131,0.08299180327868852,0.06711065573770492,False
normal:normal2:663,0,7.230504706967622e-06,8.57082760319372e-09,0.12192622950819672,0.012295081967213115,0.06711065573770492,False
normal:normal2:669,0,4.399407771416009e-07,1.3286633020470615e-06,0.022540983606557378,0.1096311475409836,0.06608606557377049,False
normal:normal2:550,0,7.239294973260257e-06,2.282773303718954e-09,0.12295081967213115,0.00819672131147541,0.06557377049180328,False
normal:im:403,0,3.767964926737477e-06,1.7255860029763428e-07,0.07889344262295082,0.04610655737704918,0.0625,False
normal:im:231,0,1.321306626778096e-06,6.392473324012826e-07,0.04405737704918033,0.08094262295081968,0.0625,False
normal:normal2:1308,0,1.014415374811506e-06,7.220832003440592e-07,0.03790983606557377,0.0860655737704918,0.061987704918032786,False
normal:normal2:547,0,3.060497647311422e-06,2.1585400133972146e-07,0.06762295081967214,0.05327868852459016,0.060450819672131145,False
normal:im:363,0,3.92644636804107e-07,7.192694511104492e-07,0.020491803278688523,0.08504098360655737,0.05276639344262295,False
normal:normal2:846,0,6.22731818111788e-07,4.4986538227931305e-07,0.028688524590163935,0.06967213114754098,0.04918032786885246,False
normal:normal2:601,0,2.7668083930620924e-06,1.3243112562122408e-07,0.06147540983606557,0.036885245901639344,0.04918032786885246,False
normal:normal2:1322,0,6.17957027770899e-07,5.002937086828751e-07,0.02663934426229508,0.07172131147540983,0.04918032786885246,False
normal:normal2:809,0,2.321467036381364e-07,6.537367198689026e-07,0.015368852459016393,0.08196721311475409,0.048668032786885244,False
normal:normal2:917,0,4.952551435621899e-08,7.582985972476308e-07,0.00819672131147541,0.08811475409836066,0.04815573770491803,False
normal:im:658,0,2.3579107164550805e-06,1.3913476948346218e-07,0.05635245901639344,0.039959016393442626,0.04815573770491803,False
normal:im:716,0,1.3196846566643217e-06,1.9188091471278312e-07,0.0430327868852459,0.04918032786885246,0.046106557377049176,False
normal:normal2:1136,0,6.197878406055679e-07,3.851735925763933e-07,0.027663934426229508,0.06352459016393443,0.04559426229508197,False
normal:normal2:518,0,1.97547637981188e-06,1.326551171132451e-07,0.05327868852459016,0.03790983606557377,0.04559426229508197,False
normal:normal2:1282,0,1.0296828349964926e-06,1.9613624147041267e-07,0.0389344262295082,0.050204918032786885,0.04456967213114754,False
normal:normal2:825,0,2.773280584733584e-06,6.559762510960354e-08,0.0625,0.02663934426229508,0.04456967213114754,False
normal:normal2:1351,0,8.487118208222456e-08,5.252887831375119e-07,0.010245901639344262,0.07377049180327869,0.042008196721311473,False
normal:im:563,0,1.7306678756767724e-08,5.306486059453164e-07,0.006147540983606557,0.07684426229508197,0.04149590163934426,False
normal:normal2:529,0,1.564778955298607e-07,2.3272836813248435e-07,0.012295081967213115,0.055327868852459015,0.03381147540983606,False
normal:im:375,0,1.7394330598108354e-06,1.4915592316810944e-08,0.050204918032786885,0.017418032786885244,0.03381147540983606,False
normal:im:319,0,2.360635562581592e-06,2.1004264993962352e-10,0.05737704918032787,0.0030737704918032786,0.030225409836065573,False
normal:im:339,0,1.7242846297449432e-06,4.929673336206973e-10,0.04918032786885246,0.004098360655737705,0.02663934426229508,False
normal:normal2:465,0,3.4271974413968564e-07,8.467747392160163e-08,0.018442622950819672,0.03278688524590164,0.025614754098360656,False
normal:normal2:777,0,1.1257462517733074e-08,1.7528419959944588e-07,0.004098360655737705,0.0471311475409836,0.025614754098360653,False
normal:normal2:572,0,1.3293815470660777e-07,1.2704443008715316e-07,0.011270491803278689,0.035860655737704916,0.0235655737704918,False
normal:im:485,0,1.2713236685613085e-08,1.3935307663359708e-07,0.005122950819672131,0.040983606557377046,0.023053278688524588,False
normal:normal2:1329,0,2.071714391149726e-07,7.080642916434955e-08,0.014344262295081968,0.027663934426229508,0.021004098360655737,False
normal:normal2:493,0,1.7662713958088719e-07,3.4182658481540784e-08,0.01331967213114754,0.02151639344262295,0.017418032786885244,False
normal:normal2:1342,0,6.24573203822365e-07,1.2178662245343475e-10,0.02971311475409836,0.0020491803278688526,0.015881147540983607,False
normal:im:712,0,3.659393144062051e-07,3.9631236070647455e-09,0.0194672131147541,0.010245901639344262,0.01485655737704918,False
normal:normal2:1303,0,2.7948976466518616e-08,3.058525521737465e-08,0.007172131147540984,0.020491803278688523,0.013831967213114754,False
normal:im:140,0,6.047806664355448e-07,3.376165720690022e-13,0.025614754098360656,0.0010245901639344263,0.013319672131147542,False
normal:normal2:418,0,7.673792623563713e-08,1.3756803696196584e-08,0.009221311475409836,0.01639344262295082,0.012807377049180328,False
normal:normal2:596,0,6.5264882387339185e-09,1.659599391246047e-08,0.0020491803278688526,0.018442622950819672,0.010245901639344262,False
normal:normal2:1109,0,7.637459553677672e-09,3.4377747315517126e-09,0.0030737704918032786,0.009221311475409836,0.006147540983606557,False
normal:normal2:440,0,6.145328246276449e-09,5.371325606517985e-10,0.0010245901639344263,0.005122950819672131,0.0030737704918032786,False
