group_id,label,p_pneumonia,fold,experiment
normal:im:115,0,3.950432801502757e-05,0,densenet_hn2
normal:im:117,0,8.714576688362285e-05,2,densenet_hn2
normal:im:119,0,1.4526166580708377e-07,0,densenet_hn2
normal:im:122,0,9.714272891869769e-05,3,densenet_hn2
normal:im:125,0,0.010776685550808907,1,densenet_hn2
normal:im:127,0,0.0020849162247031927,0,densenet_hn2
normal:im:128,0,0.0022420829627662897,0,densenet_hn2
normal:im:129,0,0.0017957319505512714,2,densenet_hn2
normal:im:131,0,0.0013696124078705907,4,densenet_hn2
normal:im:133,0,0.0006316229118965566,4,densenet_hn2
normal:im:135,0,0.00016423447232227772,3,densenet_hn2
normal:im:137,0,0.00012169508408987895,3,densenet_hn2
normal:im:140,0,3.376165720690022e-13,0,densenet_hn2
normal:im:141,0,5.3387511798064224e-06,1,densenet_hn2
normal:im:143,0,0.007279174402356148,2,densenet_hn2
normal:im:145,0,0.0035485713742673397,2,densenet_hn2
normal:im:147,0,5.594540652964497e-06,0,densenet_hn2
normal:im:149,0,0.025462888181209564,2,densenet_hn2
normal:im:151,0,0.04311998561024666,1,densenet_hn2
normal:im:152,0,0.020459823310375214,3,densenet_hn2
normal:im:154,0,0.00042337068589404225,4,densenet_hn2
normal:im:156,0,0.00031680791289545596,1,densenet_hn2
normal:im:158,0,0.02127288095653057,0,densenet_hn2
normal:im:160,0,0.0002953626390080899,2,densenet_hn2
normal:im:162,0,0.004354488104581833,4,densenet_hn2
normal:im:164,0,0.06817246228456497,3,densenet_hn2
normal:im:166,0,1.6550211512367241e-06,0,densenet_hn2
normal:im:168,0,0.00017327131354250014,1,densenet_hn2
normal:im:170,0,0.0008002838003449142,2,densenet_hn2
normal:im:172,0,2.9005499527556822e-05,3,densenet_hn2
normal:im:176,0,0.003260265337303281,4,densenet_hn2
normal:im:177,0,0.00047767965588718653,0,densenet_hn2
normal:im:178,0,0.41930410265922546,4,densenet_hn2
normal:im:180,0,0.002073145704343915,0,densenet_hn2
normal:im:182,0,0.0010113288881257176,1,densenet_hn2
normal:im:183,0,0.05105871334671974,3,densenet_hn2
normal:im:185,0,0.00767682958394289,2,densenet_hn2
normal:im:187,0,0.0009092054096981883,3,densenet_hn2
normal:im:189,0,5.7591532822698355e-06,0,densenet_hn2
normal:im:191,0,0.0024816510267555714,1,densenet_hn2
normal:im:193,0,0.002559602027758956,4,densenet_hn2
normal:im:195,0,0.013405350036919117,2,densenet_hn2
normal:im:199,0,0.07425975054502487,2,densenet_hn2
normal:im:201,0,0.00018404779257252812,3,densenet_hn2
normal:im:203,0,8.20811919766129e-07,0,densenet_hn2
normal:im:205,0,0.009802325628697872,3,densenet_hn2
normal:im:206,0,0.008362920954823494,1,densenet_hn2
normal:im:207,0,0.0016998903593048453,2,densenet_hn2
normal:im:209,0,5.9824338677572086e-05,4,densenet_hn2
normal:im:210,0,2.4580675017205067e-05,4,densenet_hn2
normal:im:211,0,0.0001811937108868733,4,densenet_hn2
normal:im:213,0,0.0022141190711408854,4,densenet_hn2
normal:im:214,0,0.022147899493575096,4,densenet_hn2
normal:im:215,0,0.0004984688712283969,0,densenet_hn2
normal:im:216,0,0.0010383006883785129,2,densenet_hn2
normal:im:217,0,0.002937891986221075,1,densenet_hn2
normal:im:218,0,1.3437185941711505e-07,2,densenet_hn2
normal:im:219,0,0.0003877207054756582,3,densenet_hn2
normal:im:220,0,0.00017238210421055555,4,densenet_hn2
normal:im:221,0,1.1807041119027417e-05,0,densenet_hn2
normal:im:222,0,0.001762191765010357,1,densenet_hn2
normal:im:223,0,0.00027836597291752696,2,densenet_hn2
normal:im:224,0,0.00046385120367631316,3,densenet_hn2
normal:im:225,0,1.0131017234016326e-06,1,densenet_hn2
normal:im:226,0,3.0492543373839e-05,0,densenet_hn2
normal:im:227,0,3.592860480239324e-07,0,densenet_hn2
normal:im:228,0,0.1081085205078125,4,densenet_hn2
normal:im:229,0,0.00014120478590484709,2,densenet_hn2
normal:im:230,0,0.01347927376627922,3,densenet_hn2
normal:im:231,0,6.392473324012826e-07,3,densenet_hn2
normal:im:234,0,0.0019792597740888596,0,densenet_hn2
normal:im:235,0,0.000886918802279979,4,densenet_hn2
normal:im:236,0,0.020839249715209007,4,densenet_hn2
normal:im:237,0,0.3033948540687561,1,densenet_hn2
normal:im:238,0,0.00023761941702105105,3,densenet_hn2
normal:im:239,0,6.362319027175545e-07,2,densenet_hn2
normal:im:240,0,0.00039422407280653715,2,densenet_hn2
normal:im:241,0,3.554045406417572e-06,4,densenet_hn2
normal:im:242,0,2.2953694497118704e-05,2,densenet_hn2
normal:im:243,0,4.7207933562276594e-07,0,densenet_hn2
normal:im:244,0,7.496451144106686e-05,3,densenet_hn2
normal:im:245,0,0.0005889895255677402,1,densenet_hn2
normal:im:248,0,0.0005698029999621212,4,densenet_hn2
normal:im:249,0,0.0008785901591181755,2,densenet_hn2
normal:im:250,0,1.0054738908138461e-07,0,densenet_hn2
normal:im:251,0,0.02857770211994648,2,densenet_hn2
normal:im:253,0,0.0019396573770791292,1,densenet_hn2
normal:im:255,0,0.0003607000398915261,1,densenet_hn2
normal:im:256,0,0.008928666822612286,2,densenet_hn2
normal:im:257,0,6.7312762439541984e-06,4,densenet_hn2
normal:im:261,0,5.003094702260569e-05,0,densenet_hn2
normal:im:262,0,0.0041478583589196205,3,densenet_hn2
normal:im:264,0,7.831345283193514e-05,0,densenet_hn2
normal:im:265,0,0.06908217817544937,2,densenet_hn2
normal:im:266,0,0.0005531259230338037,1,densenet_hn2
normal:im:268,0,7.052874570945278e-05,4,densenet_hn2
normal:im:269,0,7.442304922733456e-05,3,densenet_hn2
normal:im:270,0,2.443810080876574e-05,0,densenet_hn2
normal:im:272,0,0.03242083266377449,1,densenet_hn2
normal:im:273,0,0.006622226908802986,1,densenet_hn2
normal:im:274,0,0.00016655826766509563,4,densenet_hn2
normal:im:275,0,0.00029152759816497564,1,densenet_hn2
normal:im:276,0,9.834520824369974e-06,2,densenet_hn2
normal:im:277,0,0.0018486371263861656,4,densenet_hn2
normal:im:278,0,8.973194780992344e-05,3,densenet_hn2
normal:im:279,0,0.6291235089302063,3,densenet_hn2
normal:im:280,0,0.0002989196218550205,3,densenet_hn2
normal:im:282,0,6.947240308363689e-06,0,densenet_hn2
normal:im:283,0,1.3758238310401794e-05,1,densenet_hn2
normal:im:285,0,0.0006888200878165662,0,densenet_hn2
normal:im:286,0,9.00426948646782e-06,2,densenet_hn2
normal:im:288,0,0.000151106170960702,4,densenet_hn2
normal:im:289,0,0.0002831759338732809,3,densenet_hn2
normal:im:290,0,4.923945743939839e-05,3,densenet_hn2
normal:im:291,0,0.00074957957258448,4,densenet_hn2
normal:im:292,0,1.2921789220854407e-06,3,densenet_hn2
normal:im:293,0,6.257733389247733e-07,0,densenet_hn2
normal:im:294,0,2.3578506443300284e-05,1,densenet_hn2
normal:im:295,0,0.0035281088203191757,2,densenet_hn2
normal:im:297,0,1.7306241716141813e-05,3,densenet_hn2
normal:im:298,0,0.0003477233403827995,2,densenet_hn2
normal:im:299,0,0.0004037033359054476,4,densenet_hn2
normal:im:300,0,0.008528970181941986,0,densenet_hn2
normal:im:301,0,0.43199804425239563,1,densenet_hn2
normal:im:302,0,8.789153798716143e-05,0,densenet_hn2
normal:im:303,0,0.009413759224116802,2,densenet_hn2
normal:im:304,0,0.027364535257220268,2,densenet_hn2
normal:im:305,0,0.0008769517298787832,1,densenet_hn2
normal:im:306,0,0.0005114265950396657,3,densenet_hn2
normal:im:307,0,0.00010752659727586433,4,densenet_hn2
normal:im:308,0,0.00021478181588463485,4,densenet_hn2
normal:im:309,0,4.651554627344012e-05,0,densenet_hn2
normal:im:311,0,0.0009961785981431603,1,densenet_hn2
normal:im:312,0,0.0009206908871419728,2,densenet_hn2
normal:im:313,0,1.2951131793670356e-05,3,densenet_hn2
normal:im:314,0,0.0007447596290148795,2,densenet_hn2
normal:im:315,0,2.538478838687297e-05,0,densenet_hn2
normal:im:316,0,4.432586592884036e-06,1,densenet_hn2
normal:im:317,0,0.0006563853239640594,4,densenet_hn2
normal:im:318,0,0.0005817183991894126,3,densenet_hn2
normal:im:319,0,2.1004264993962352e-10,0,densenet_hn2
normal:im:320,0,6.432548980228603e-05,1,densenet_hn2
normal:im:323,0,0.00018499187717679888,3,densenet_hn2
normal:im:324,0,3.6678345622931374e-06,1,densenet_hn2
normal:im:325,0,0.00070553133264184,4,densenet_hn2
normal:im:326,0,0.11467341333627701,2,densenet_hn2
normal:im:327,0,1.088213684852235e-05,4,densenet_hn2
normal:im:329,0,4.923025244352175e-06,0,densenet_hn2
normal:im:330,0,0.00010053409641841426,2,densenet_hn2
normal:im:331,0,2.2826236090622842e-05,0,densenet_hn2
normal:im:332,0,3.693284816108644e-05,1,densenet_hn2
normal:im:333,0,0.0019640482496470213,2,densenet_hn2
normal:im:335,0,0.01234467327594757,3,densenet_hn2
normal:im:337,0,0.0001347251672996208,4,densenet_hn2
normal:im:338,0,2.180075171054341e-06,0,densenet_hn2
normal:im:339,0,4.929673336206974e-10,1,densenet_hn2
normal:im:340,0,0.0001932913000928238,2,densenet_hn2
normal:im:341,0,0.0003020185395143926,3,densenet_hn2
normal:im:343,0,8.117931429296732e-05,4,densenet_hn2
normal:im:345,0,0.0005329842097125947,0,densenet_hn2
normal:im:346,0,1.1480367902549915e-05,4,densenet_hn2
normal:im:347,0,0.005829441361129284,1,densenet_hn2
normal:im:348,0,0.10034597665071487,2,densenet_hn2
normal:im:349,0,0.0005056480877101421,3,densenet_hn2
normal:im:350,0,2.2211630493984558e-05,0,densenet_hn2
normal:im:351,0,0.0013695602538064122,0,densenet_hn2
normal:im:353,0,0.0003196518518961966,2,densenet_hn2
normal:im:354,0,0.0052398135885596275,4,densenet_hn2
normal:im:355,0,0.0001866757229436189,3,densenet_hn2
normal:im:356,0,5.2716331992996857e-05,1,densenet_hn2
normal:im:357,0,2.993559610331431e-05,3,densenet_hn2
normal:im:358,0,0.00015668266860302538,4,densenet_hn2
normal:im:359,0,1.8815391740645282e-05,4,densenet_hn2
normal:im:361,0,0.00020692260295618325,1,densenet_hn2
normal:im:362,0,0.0010681897401809692,4,densenet_hn2
normal:im:363,0,7.192694511104492e-07,0,densenet_hn2
normal:im:364,0,0.05861712247133255,1,densenet_hn2
normal:im:365,0,4.47580305262818e-06,2,densenet_hn2
normal:im:367,0,0.002615295583382249,3,densenet_hn2
normal:im:368,0,1.0476475836185273e-05,0,densenet_hn2
normal:im:369,0,0.0046837469562888145,2,densenet_hn2
normal:im:370,0,0.0016942733200266957,3,densenet_hn2
normal:im:371,0,4.6735374780837446e-05,4,densenet_hn2
normal:im:372,0,3.960518733947538e-05,4,densenet_hn2
normal:im:374,0,4.081669612787664e-05,1,densenet_hn2
normal:im:375,0,1.4915592316810944e-08,0,densenet_hn2
normal:im:377,0,0.25373145937919617,3,densenet_hn2
normal:im:379,0,5.295182603504145e-08,0,densenet_hn2
normal:im:381,0,4.3031550944760966e-07,1,densenet_hn2
normal:im:382,0,5.426095981420076e-07,2,densenet_hn2
normal:im:383,0,8.539908776583616e-06,3,densenet_hn2
normal:im:384,0,0.022748839110136032,4,densenet_hn2
normal:im:385,0,0.0002227739751106128,4,densenet_hn2
normal:im:386,0,7.774857522235834e-07,0,densenet_hn2
normal:im:387,0,0.007352881133556366,3,densenet_hn2
normal:im:388,0,5.549620851752479e-08,1,densenet_hn2
normal:im:389,0,0.003143229056149721,2,densenet_hn2
normal:im:391,0,0.0007226672605611384,2,densenet_hn2
normal:im:392,0,0.005775751080363989,2,densenet_hn2
normal:im:393,0,0.04861718788743019,3,densenet_hn2
normal:im:394,0,5.8086563512915745e-05,4,densenet_hn2
normal:im:395,0,6.873140227980912e-05,0,densenet_hn2
normal:im:399,0,8.010077181097586e-06,3,densenet_hn2
normal:im:400,0,0.016085386276245117,1,densenet_hn2
normal:im:401,0,0.0005077708628959954,2,densenet_hn2
normal:im:403,0,1.7255860029763426e-07,3,densenet_hn2
normal:im:404,0,7.71046252339147e-05,2,densenet_hn2
normal:im:405,0,0.0004210921179037541,4,densenet_hn2
normal:im:408,0,4.2981022829735593e-07,0,densenet_hn2
normal:im:409,0,1.451338357583154e-05,1,densenet_hn2
normal:im:410,0,0.00016067983233369887,1,densenet_hn2
normal:im:411,0,0.00012860781862400472,2,densenet_hn2
normal:im:413,0,0.0001612810738151893,3,densenet_hn2
normal:im:414,0,1.6567189220495493e-07,0,densenet_hn2
normal:im:416,0,7.92374339653179e-06,0,densenet_hn2
normal:im:417,0,7.562658993265359e-06,4,densenet_hn2
normal:im:419,0,0.003292569424957037,4,densenet_hn2
normal:im:420,0,0.000675889546982944,0,densenet_hn2
normal:im:421,0,0.013773778453469276,1,densenet_hn2
normal:im:423,0,4.8228727678178984e-08,2,densenet_hn2
normal:im:424,0,0.00017121463315561414,1,densenet_hn2
normal:im:425,0,0.0007249317714013159,3,densenet_hn2
normal:im:427,0,3.0255052479333244e-05,0,densenet_hn2
normal:im:428,0,1.5811847333679907e-05,4,densenet_hn2
normal:im:429,0,0.002495987069172164,3,densenet_hn2
normal:im:430,0,0.001602069940418005,4,densenet_hn2
normal:im:431,0,0.019119536504149437,1,densenet_hn2
normal:im:432,0,0.01986042782664299,2,densenet_hn2
normal:im:433,0,0.0033974016550928354,3,densenet_hn2
normal:im:434,0,0.0001434256846550852,2,densenet_hn2
normal:im:435,0,0.011305751511827111,0,densenet_hn2
normal:im:437,0,0.0022486337984446436,3,densenet_hn2
normal:im:438,0,9.898571443045512e-05,4,densenet_hn2
normal:im:439,0,5.7882783186376706e-05,1,densenet_hn2
normal:im:440,0,4.9351623601978645e-05,0,densenet_hn2
normal:im:441,0,3.4574455639813095e-05,1,densenet_hn2
normal:im:442,0,0.008780126459896564,2,densenet_hn2
normal:im:444,0,0.0007491197902709246,3,densenet_hn2
normal:im:445,0,7.850348993088119e-08,0,densenet_hn2
normal:im:446,0,6.0167098126839846e-05,4,densenet_hn2
normal:im:447,0,0.06226755306124687,1,densenet_hn2
normal:im:448,0,0.010547742247581482,0,densenet_hn2
normal:im:449,0,0.00021122436737641692,3,densenet_hn2
normal:im:450,0,0.0810944214463234,2,densenet_hn2
normal:im:451,0,0.0075700231827795506,4,densenet_hn2
normal:im:452,0,0.00042743541416712105,0,densenet_hn2
normal:im:453,0,0.0012538123164631543,1,densenet_hn2
normal:im:455,0,0.00044684598105959594,2,densenet_hn2
normal:im:456,0,0.00046005938202142715,4,densenet_hn2
normal:im:457,0,0.0020559937693178654,2,densenet_hn2
normal:im:458,0,0.0002446157159283757,1,densenet_hn2
normal:im:459,0,2.536391548346728e-06,1,densenet_hn2
normal:im:460,0,9.455364488530904e-05,3,densenet_hn2
normal:im:461,0,0.0007561304955743253,3,densenet_hn2
normal:im:463,0,2.16255102714058e-05,0,densenet_hn2
normal:im:464,0,0.003968639764934778,1,densenet_hn2
normal:im:465,0,0.001854232861660421,1,densenet_hn2
normal:im:466,0,0.018314067274332047,2,densenet_hn2
normal:im:467,0,0.0002265093553432962,3,densenet_hn2
normal:im:469,0,0.0001423790236003697,4,densenet_hn2
normal:im:471,0,0.0001539723452879116,0,densenet_hn2
normal:im:472,0,0.0008378001512028277,4,densenet_hn2
normal:im:473,0,0.003615414025261998,1,densenet_hn2
normal:im:474,0,0.24360442161560059,1,densenet_hn2
normal:im:475,0,9.100099123315886e-05,2,densenet_hn2
normal:im:476,0,0.0005562191945500672,3,densenet_hn2
normal:im:477,0,2.024713410264667e-07,3,densenet_hn2
normal:im:478,0,0.000350542482919991,4,densenet_hn2
normal:im:479,0,0.000875873607583344,0,densenet_hn2
normal:im:480,0,0.00756097212433815,1,densenet_hn2
normal:im:481,0,0.0014557206304743886,4,densenet_hn2
normal:im:482,0,9.599068289389834e-05,2,densenet_hn2
normal:im:483,0,1.0860485843977585e-08,0,densenet_hn2
normal:im:484,0,0.0007049123523756862,4,densenet_hn2
normal:im:485,0,1.3935307663359708e-07,1,densenet_hn2
normal:im:486,0,0.005785732064396143,2,densenet_hn2
normal:im:487,0,0.0011412117164582014,3,densenet_hn2
normal:im:488,0,0.005193416960537434,1,densenet_hn2
normal:im:489,0,2.0689080884039868e-06,4,densenet_hn2
normal:im:490,0,0.006937022320926189,0,densenet_hn2
normal:im:491,0,0.005837995054510732,2,densenet_hn2
normal:im:492,0,3.3653293940005824e-05,3,densenet_hn2
normal:im:493,0,4.1958610381698236e-05,1,densenet_hn2
normal:im:494,0,9.608784603187814e-05,2,densenet_hn2
normal:im:495,0,4.197338057565503e-06,0,densenet_hn2
normal:im:496,0,0.000108481923234649,3,densenet_hn2
normal:im:497,0,0.0012190427805762738,4,densenet_hn2
normal:im:499,0,0.008731070139522975,2,densenet_hn2
normal:im:500,0,4.624323537427699e-06,0,densenet_hn2
normal:im:501,0,0.0026521042327658506,3,densenet_hn2
normal:im:502,0,1.767141839081887e-05,1,densenet_hn2
normal:im:503,0,0.0003868358035106212,3,densenet_hn2
normal:im:504,0,2.2856861505715642e-06,4,densenet_hn2
normal:im:505,0,0.0003158519944766643,1,densenet_hn2
normal:im:506,0,0.00017216100241057575,2,densenet_hn2
normal:im:507,0,0.00016468280227854848,0,densenet_hn2
normal:im:508,0,0.0018034738022834063,3,densenet_hn2
normal:im:509,0,0.009055958013050258,4,densenet_hn2
normal:im:510,0,0.009503304958343506,0,densenet_hn2
normal:im:511,0,0.00037115408849786036,1,densenet_hn2
normal:im:512,0,3.358304820721969e-05,4,densenet_hn2
normal:im:513,0,0.044165123254060745,2,densenet_hn2
normal:im:514,0,0.0035361063200980425,3,densenet_hn2
normal:im:515,0,0.0069614313542842865,4,densenet_hn2
normal:im:516,0,0.003892900887876749,0,densenet_hn2
normal:im:517,0,0.07778856460936368,2,densenet_hn2
normal:im:519,0,0.0038086262647993863,1,densenet_hn2
normal:im:520,0,0.0016500657657161355,3,densenet_hn2
normal:im:521,0,0.00024909619241952896,4,densenet_hn2
normal:im:522,0,0.00019366283959243447,0,densenet_hn2
normal:im:523,0,0.005554025442279453,4,densenet_hn2
normal:im:524,0,5.52807932763244e-07,0,densenet_hn2
normal:im:525,0,0.010684106820311476,1,densenet_hn2
normal:im:526,0,0.010153206996619701,2,densenet_hn2
normal:im:527,0,0.025436148047447205,2,densenet_hn2
normal:im:528,0,0.0035921838134527206,3,densenet_hn2
normal:im:529,0,1.7149938358329564e-08,0,densenet_hn2
normal:im:530,0,0.00029308543889783323,1,densenet_hn2
normal:im:531,0,0.0008108249930955935,4,densenet_hn2
normal:im:532,0,0.0010080026695504785,2,densenet_hn2
normal:im:533,0,0.000125885933812242,3,densenet_hn2
normal:im:534,0,9.471372322877869e-05,0,densenet_hn2
normal:im:535,0,0.0008296145242638886,1,densenet_hn2
normal:im:536,0,0.013068496249616146,2,densenet_hn2
normal:im:537,0,5.221635728958063e-05,3,densenet_hn2
normal:im:538,0,0.00015593627176713198,4,densenet_hn2
normal:im:539,0,0.00015137783096482357,3,densenet_hn2
normal:im:540,0,0.00015632616123184562,2,densenet_hn2
normal:im:541,0,0.001260343473404646,4,densenet_hn2
normal:im:542,0,0.00014938747335691005,0,densenet_hn2
normal:im:543,0,0.0005695853469660506,1,densenet_hn2
normal:im:544,0,0.004905708599835634,2,densenet_hn2
normal:im:545,0,0.0011459430437146996,3,densenet_hn2
normal:im:546,0,0.1813145875930786,4,densenet_hn2
normal:im:547,0,2.124108505086042e-05,1,densenet_hn2
normal:im:548,0,0.004887009505182505,1,densenet_hn2
normal:im:549,0,0.00657210797847559,4,densenet_hn2
normal:im:551,0,3.785996492903602e-05,0,densenet_hn2
normal:im:552,0,0.02614339254796505,2,densenet_hn2
normal:im:553,0,0.0029391443149506813,3,densenet_hn2
normal:im:554,0,0.0012523690238595009,1,densenet_hn2
normal:im:555,0,0.0757067835656926,4,densenet_hn2
normal:im:556,0,5.288359830046829e-07,0,densenet_hn2
normal:im:557,0,0.00025075991288758814,2,densenet_hn2
normal:im:559,0,0.001539706252515316,3,densenet_hn2
normal:im:560,0,0.008736489340662956,4,densenet_hn2
normal:im:561,0,2.764512100839056e-05,1,densenet_hn2
normal:im:562,0,3.0349434382515028e-05,0,densenet_hn2
normal:im:563,0,5.306486059453164e-07,1,densenet_hn2
normal:im:564,0,9.236465120920911e-05,2,densenet_hn2
normal:im:565,0,2.096757452818565e-05,3,densenet_hn2
normal:im:566,0,0.0016546706901863217,4,densenet_hn2
normal:im:568,0,0.00011761162022594362,1,densenet_hn2
normal:im:569,0,0.007452505175024271,2,densenet_hn2
normal:im:570,0,0.013477325439453125,4,densenet_hn2
normal:im:571,0,2.1679618100733933e-07,0,densenet_hn2
normal:im:574,0,0.0004274857055861503,3,densenet_hn2
normal:im:575,0,0.019283831119537354,4,densenet_hn2
normal:im:577,0,0.081291563808918,1,densenet_hn2
normal:im:578,0,0.0006668411660939455,2,densenet_hn2
normal:im:579,0,0.2205294966697693,3,densenet_hn2
normal:im:580,0,0.3281707167625427,4,densenet_hn2
normal:im:581,0,5.578780474024825e-06,0,densenet_hn2
normal:im:582,0,0.0012294035404920578,4,densenet_hn2
normal:im:583,0,2.3640244762646034e-05,0,densenet_hn2
normal:im:584,0,0.009770261123776436,1,densenet_hn2
normal:im:586,0,0.005799341946840286,3,densenet_hn2
normal:im:588,0,0.0008283655624836683,3,densenet_hn2
normal:im:590,0,6.388247857103124e-05,2,densenet_hn2
normal:im:591,0,1.0024069524661172e-05,0,densenet_hn2
normal:im:592,0,0.0001167241862276569,2,densenet_hn2
normal:im:593,0,0.0014017379144206643,4,densenet_hn2
normal:im:595,0,6.551928999343204e-10,0,densenet_hn2
normal:im:596,0,0.24400755763053894,1,densenet_hn2
normal:im:598,0,6.5484935475979e-05,3,densenet_hn2
normal:im:599,0,0.0004978292854502797,4,densenet_hn2
normal:im:600,0,6.38133587926859e-06,0,densenet_hn2
normal:im:601,0,6.390484486473724e-05,1,densenet_hn2
normal:im:602,0,0.0311752762645483,2,densenet_hn2
normal:im:604,0,0.0006425427854992449,2,densenet_hn2
normal:im:605,0,0.027621544897556305,3,densenet_hn2
normal:im:606,0,3.263376129325479e-05,0,densenet_hn2
normal:im:607,0,0.00010016902524512261,4,densenet_hn2
normal:im:608,0,1.8938378037347547e-05,0,densenet_hn2
normal:im:609,0,1.3244265346656903e-06,1,densenet_hn2
normal:im:612,0,0.008042257851532971,2,densenet_hn2
normal:im:613,0,2.1795243810629472e-05,3,densenet_hn2
normal:im:614,0,0.0003640076029114425,0,densenet_hn2
normal:im:615,0,0.0006426073960028589,0,densenet_hn2
normal:im:616,0,0.00038724771002307534,2,densenet_hn2
normal:im:617,0,0.0002879847015719861,1,densenet_hn2
normal:im:618,0,0.0026646452697605127,1,densenet_hn2
normal:im:619,0,1.199321195599623e-05,3,densenet_hn2
normal:im:620,0,0.0009989236508166262,2,densenet_hn2
normal:im:621,0,0.013576534576714039,4,densenet_hn2
normal:im:622,0,0.01252751723707964,4,densenet_hn2
normal:im:623,0,0.00020114547805860639,0,densenet_hn2
normal:im:624,0,4.335614718797842e-05,1,densenet_hn2
normal:im:625,0,0.0018539963057264686,2,densenet_hn2
normal:im:626,0,0.0028402109164744616,3,densenet_hn2
normal:im:627,0,1.7138906969194068e-06,1,densenet_hn2
normal:im:628,0,2.842723006324377e-06,0,densenet_hn2
normal:im:629,0,0.0005076923489468754,3,densenet_hn2
normal:im:630,0,0.00045907721505500376,4,densenet_hn2
normal:im:631,0,0.0039659775599526865,2,densenet_hn2
normal:im:632,0,7.496972216358699e-07,0,densenet_hn2
normal:im:633,0,3.886500962835271e-06,1,densenet_hn2
normal:im:634,0,0.08490443229675293,2,densenet_hn2
normal:im:635,0,0.0038234121166169643,4,densenet_hn2
normal:im:636,0,0.00044197760871611536,3,densenet_hn2
normal:im:637,0,2.3495662389905192e-05,0,densenet_hn2
normal:im:640,0,0.00715265516191721,2,densenet_hn2
normal:im:641,0,0.0021369399037212133,4,densenet_hn2
normal:im:642,0,0.015115607529878616,1,densenet_hn2
normal:im:643,0,0.0004635617369785905,3,densenet_hn2
normal:im:644,0,7.893769738605745e-05,1,densenet_hn2
normal:im:645,0,0.10867533087730408,0,densenet_hn2
normal:im:646,0,0.00011401512892916799,2,densenet_hn2
normal:im:647,0,0.05364082381129265,4,densenet_hn2
normal:im:648,0,3.9458536775782704e-05,3,densenet_hn2
normal:im:649,0,0.05032791942358017,2,densenet_hn2
normal:im:650,0,5.100815500706327e-05,0,densenet_hn2
normal:im:651,0,0.2330290675163269,1,densenet_hn2
normal:im:652,0,0.0011465891350326274,3,densenet_hn2
normal:im:654,0,0.0005357151967473328,3,densenet_hn2
normal:im:655,0,0.001691182260401547,4,densenet_hn2
normal:im:656,0,0.001854216253074507,2,densenet_hn2
normal:im:657,0,4.897719009022694e-06,0,densenet_hn2
normal:im:658,0,1.3913476948346215e-07,1,densenet_hn2
normal:im:659,0,0.00037194206379354,3,densenet_hn2
normal:im:660,0,0.0012804913118695065,4,densenet_hn2
normal:im:661,0,1.1056749826821033e-06,3,densenet_hn2
normal:im:662,0,6.51656009722501e-05,0,densenet_hn2
normal:im:663,0,0.045852165669202805,1,densenet_hn2
normal:im:664,0,0.0020663186442106962,4,densenet_hn2
normal:im:665,0,2.5817939786065836e-06,3,densenet_hn2
normal:im:666,0,0.002380708365914567,2,densenet_hn2
normal:im:667,0,1.2669005844401227e-09,0,densenet_hn2
normal:im:668,0,0.0008928142488002777,3,densenet_hn2
normal:im:669,0,4.0573137084720656e-05,0,densenet_hn2
normal:im:670,0,0.0005118157132528722,1,densenet_hn2
normal:im:671,0,6.295820639934391e-05,2,densenet_hn2
normal:im:672,0,0.006912002805620432,1,densenet_hn2
normal:im:673,0,0.0021373373456299305,4,densenet_hn2
normal:im:674,0,0.012554682791233063,4,densenet_hn2
normal:im:675,0,1.3385916375341367e-08,0,densenet_hn2
normal:im:676,0,0.008634507656097412,2,densenet_hn2
normal:im:677,0,0.20817244052886963,2,densenet_hn2
normal:im:678,0,1.790731039363891e-05,3,densenet_hn2
normal:im:679,0,2.082936362057808e-06,1,densenet_hn2
normal:im:680,0,0.00985677819699049,4,densenet_hn2
normal:im:681,0,2.054597871392616e-06,0,densenet_hn2
normal:im:682,0,0.0024660315830260515,4,densenet_hn2
normal:im:683,0,0.006487010046839714,1,densenet_hn2
normal:im:684,0,0.011310767382383347,2,densenet_hn2
normal:im:685,0,0.0006636726902797818,3,densenet_hn2
normal:im:686,0,3.062470204895362e-05,1,densenet_hn2
normal:im:687,0,0.00013084925012663007,0,densenet_hn2
normal:im:688,0,0.008420770987868309,2,densenet_hn2
normal:im:689,0,6.217956251930445e-05,3,densenet_hn2
normal:im:691,0,0.10757424682378769,4,densenet_hn2
normal:im:692,0,0.0002774084568955004,1,densenet_hn2
normal:im:693,0,0.0029532292392104864,4,densenet_hn2
normal:im:694,0,5.26632533137672e-08,0,densenet_hn2
normal:im:695,0,2.1967020074953325e-05,2,densenet_hn2
normal:im:696,0,0.00013207396841607988,3,densenet_hn2
normal:im:697,0,0.0005942300776951015,4,densenet_hn2
normal:im:698,0,0.00037553004221990705,0,densenet_hn2
normal:im:700,0,9.349795618618373e-06,1,densenet_hn2
normal:im:701,0,0.00010948195267701522,3,densenet_hn2
normal:im:702,0,0.008090928196907043,4,densenet_hn2
normal:im:703,0,0.11175385862588882,2,densenet_hn2
normal:im:704,0,3.614188472056412e-06,0,densenet_hn2
normal:im:705,0,7.828763955330942e-06,2,densenet_hn2
normal:im:706,0,0.00033632409758865833,4,densenet_hn2
normal:im:707,0,3.329272715291154e-07,0,densenet_hn2
normal:im:709,0,0.0005832750466652215,1,densenet_hn2
normal:im:710,0,5.530111593543552e-06,3,densenet_hn2
normal:im:711,0,0.0012876384425908327,3,densenet_hn2
normal:im:712,0,3.963123607064745e-09,0,densenet_hn2
normal:im:713,0,0.008434157818555832,2,densenet_hn2
normal:im:714,0,0.00026324234204366803,4,densenet_hn2
normal:im:715,0,0.08083095401525497,1,densenet_hn2
normal:im:716,0,1.9188091471278312e-07,3,densenet_hn2
normal:im:717,0,0.00039618369191884995,0,densenet_hn2
normal:im:718,0,7.864108920330182e-05,1,densenet_hn2
normal:im:719,0,5.913829227210954e-05,4,densenet_hn2
normal:im:721,0,3.575908704078756e-05,2,densenet_hn2
normal:im:722,0,6.886132723593619e-06,3,densenet_hn2
normal:im:724,0,0.00027076940750703216,4,densenet_hn2
normal:im:727,0,3.457357024672092e-06,0,densenet_hn2
normal:im:728,0,0.009924140758812428,1,densenet_hn2
normal:im:729,0,0.0021015300881117582,2,densenet_hn2
normal:im:730,0,0.008497013710439205,2,densenet_hn2
normal:im:732,0,0.07864414155483246,3,densenet_hn2
normal:im:733,0,1.9521565263858065e-05,2,densenet_hn2
normal:im:734,0,2.4486821530445013e-06,0,densenet_hn2
normal:im:735,0,0.7770262956619263,1,densenet_hn2
normal:im:736,0,0.0010546594858169556,3,densenet_hn2
normal:im:737,0,0.0027866896707564592,4,densenet_hn2
normal:im:738,0,3.8135021895868704e-05,4,densenet_hn2
normal:im:739,0,5.295482878864277e-06,0,densenet_hn2
normal:im:740,0,0.012118525803089142,3,densenet_hn2
normal:im:741,0,0.05729664862155914,1,densenet_hn2
normal:im:742,0,6.191467400640249e-05,2,densenet_hn2
normal:im:746,0,0.004848912358283997,3,densenet_hn2
normal:im:747,0,0.0023254414554685354,3,densenet_hn2
normal:im:748,0,2.1036386499417858e-07,0,densenet_hn2
normal:im:750,0,0.0009829566115513444,1,densenet_hn2
normal:im:751,0,0.0003830822533927858,2,densenet_hn2
normal:im:752,0,0.0010543850949034095,3,densenet_hn2
normal:im:753,0,0.00020208027854096144,4,densenet_hn2
normal:im:754,0,2.1865089365746826e-06,1,densenet_hn2
normal:im:755,0,0.0012596690794453025,3,densenet_hn2
normal:im:757,0,0.011911670677363873,4,densenet_hn2
normal:im:761,0,0.00262393313460052,4,densenet_hn2
normal:im:764,0,0.0006604776717722416,3,densenet_hn2
normal:im:766,0,1.398928179696668e-05,0,densenet_hn2
normal:normal2:1001,0,7.102417384885484e-06,1,densenet_hn2
normal:normal2:1002,0,0.0016437825979664922,2,densenet_hn2
normal:normal2:1004,0,2.8674063287326135e-05,4,densenet_hn2
normal:normal2:1005,0,0.002852055476978421,1,densenet_hn2
normal:normal2:1006,0,2.2062167772674002e-05,3,densenet_hn2
normal:normal2:1008,0,8.84678665897809e-05,0,densenet_hn2
normal:normal2:1010,0,0.0005321420612744987,4,densenet_hn2
normal:normal2:1011,0,0.01957198977470398,2,densenet_hn2
normal:normal2:1014,0,1.7892041341838194e-06,0,densenet_hn2
normal:normal2:1015,0,0.1398478001356125,1,densenet_hn2
normal:normal2:1016,0,7.822509360266849e-07,0,densenet_hn2
normal:normal2:1017,0,0.0016607786528766155,0,densenet_hn2
normal:normal2:1018,0,0.009605119936168194,2,densenet_hn2
normal:normal2:1019,0,0.015200093388557434,1,densenet_hn2
normal:normal2:1020,0,0.000288309995085001,3,densenet_hn2
normal:normal2:1022,0,0.005803893785923719,4,densenet_hn2
normal:normal2:1023,0,6.156272138468921e-05,2,densenet_hn2
normal:normal2:1024,0,8.251903636846691e-05,3,densenet_hn2
normal:normal2:1025,0,0.0015888746129348874,2,densenet_hn2
normal:normal2:1026,0,1.7175969446725503e-07,0,densenet_hn2
normal:normal2:1027,0,0.00038881669752299786,3,densenet_hn2
normal:normal2:1028,0,1.3974503190183896e-06,1,densenet_hn2
normal:normal2:1030,0,4.078868187207263e-06,1,densenet_hn2
normal:normal2:1033,0,0.014907294884324074,4,densenet_hn2
normal:normal2:1035,0,9.538062295177951e-05,0,densenet_hn2
normal:normal2:1037,0,4.115521369385533e-05,1,densenet_hn2
normal:normal2:1038,0,0.0014917728258296847,4,densenet_hn2
normal:normal2:1039,0,1.9180009985575452e-05,3,densenet_hn2
normal:normal2:1040,0,0.006485476158559322,2,densenet_hn2
normal:normal2:1041,0,1.5563087799819186e-05,2,densenet_hn2
normal:normal2:1043,0,5.8197067119181156e-05,3,densenet_hn2
normal:normal2:1044,0,2.5336319595226087e-05,4,densenet_hn2
normal:normal2:1045,0,0.00015941090532578528,0,densenet_hn2
normal:normal2:1046,0,0.0016136050689965487,1,densenet_hn2
normal:normal2:1047,0,0.021651089191436768,1,densenet_hn2
normal:normal2:1048,0,0.8193642497062683,0,densenet_hn2
normal:normal2:1049,0,0.0009199349442496896,4,densenet_hn2
normal:normal2:1050,0,0.0017606180626899004,2,densenet_hn2
normal:normal2:1051,0,0.17411954700946808,2,densenet_hn2
normal:normal2:1052,0,0.006010505370795727,3,densenet_hn2
normal:normal2:1053,0,0.043834470212459564,3,densenet_hn2
normal:normal2:1054,0,0.004826200660318136,4,densenet_hn2
normal:normal2:1055,0,0.0005186409689486027,0,densenet_hn2
normal:normal2:1056,0,6.549437784997281e-06,2,densenet_hn2
normal:normal2:1058,0,4.792937761521898e-05,1,densenet_hn2
normal:normal2:1059,0,4.201570845907554e-05,1,densenet_hn2
normal:normal2:1060,0,0.0015892665833234787,2,densenet_hn2
normal:normal2:1062,0,0.05372514948248863,0,densenet_hn2
normal:normal2:1064,0,0.7564007639884949,3,densenet_hn2
normal:normal2:1067,0,0.005853408016264439,1,densenet_hn2
normal:normal2:1073,0,0.013363299891352654,4,densenet_hn2
normal:normal2:1084,0,0.12009797990322113,1,densenet_hn2
normal:normal2:1086,0,0.4976942539215088,2,densenet_hn2
normal:normal2:1088,0,0.00018930091755464673,0,densenet_hn2
normal:normal2:1089,0,0.00015197765605989844,1,densenet_hn2
normal:normal2:1090,0,4.457633622223511e-05,2,densenet_hn2
normal:normal2:1091,0,0.00016412003606092185,3,densenet_hn2
normal:normal2:1093,0,0.000455364934168756,4,densenet_hn2
normal:normal2:1094,0,2.6233188551808933e-05,0,densenet_hn2
normal:normal2:1096,0,4.224653658487417e-05,1,densenet_hn2
normal:normal2:1098,0,0.0020122055429965258,4,densenet_hn2
normal:normal2:1100,0,0.003977837041020393,2,densenet_hn2
normal:normal2:1102,0,0.004574922699248418,4,densenet_hn2
normal:normal2:1103,0,2.248583086839062e-06,3,densenet_hn2
normal:normal2:1104,0,0.0002898323873523623,3,densenet_hn2
normal:normal2:1105,0,0.0004547882126644254,4,densenet_hn2
normal:normal2:1106,0,8.413119212491438e-05,4,densenet_hn2
normal:normal2:1108,0,1.1972160791628994e-06,0,densenet_hn2
normal:normal2:1109,0,3.4377747315517126e-09,1,densenet_hn2
normal:normal2:1110,0,0.0021525451447814703,2,densenet_hn2
normal:normal2:1111,0,8.329817501362413e-05,3,densenet_hn2
normal:normal2:1112,0,0.0025261573027819395,1,densenet_hn2
normal:normal2:1113,0,0.0026147370226681232,2,densenet_hn2
normal:normal2:1114,0,5.3303720051189885e-06,0,densenet_hn2
normal:normal2:1116,0,0.0002657494515005965,1,densenet_hn2
normal:normal2:1117,0,0.00016054871957749128,0,densenet_hn2
normal:normal2:1118,0,0.00023441592929884791,3,densenet_hn2
normal:normal2:1120,0,2.8467944503063336e-05,4,densenet_hn2
normal:normal2:1122,0,0.0001236766838701442,0,densenet_hn2
normal:normal2:1123,0,0.05203203856945038,2,densenet_hn2
normal:normal2:1124,0,0.0002308474067831412,1,densenet_hn2
normal:normal2:1125,0,0.04902650788426399,3,densenet_hn2
normal:normal2:1126,0,1.1309692126815207e-05,4,densenet_hn2
normal:normal2:1127,0,0.001663027796894312,2,densenet_hn2
normal:normal2:1128,0,0.0015545318795678516,2,densenet_hn2
normal:normal2:1130,0,0.0001022090800688602,3,densenet_hn2
normal:normal2:1131,0,0.0009087512153200805,0,densenet_hn2
normal:normal2:1132,0,0.011168517172336578,4,densenet_hn2
normal:normal2:1134,0,0.0001989032025448978,1,densenet_hn2
normal:normal2:1135,0,0.00011761318455683067,0,densenet_hn2
normal:normal2:1136,0,3.851735925763933e-07,1,densenet_hn2
normal:normal2:1138,0,0.0009525806526653469,4,densenet_hn2
normal:normal2:1141,0,0.04978839308023453,2,densenet_hn2
normal:normal2:1142,0,0.00010864894587333158,3,densenet_hn2
normal:normal2:1144,0,3.862561425194144e-05,4,densenet_hn2
normal:normal2:1145,0,1.5714801975263981e-06,0,densenet_hn2
normal:normal2:1147,0,0.0010295234387740493,1,densenet_hn2
normal:normal2:1148,0,7.584521517856047e-05,2,densenet_hn2
normal:normal2:1149,0,0.00023290124954655766,3,densenet_hn2
normal:normal2:1150,0,0.0003535723953973502,0,densenet_hn2
normal:normal2:1151,0,0.001733459415845573,2,densenet_hn2
normal:normal2:1152,0,0.000994729206164872,3,densenet_hn2
normal:normal2:1153,0,0.0002446623402647674,3,densenet_hn2
normal:normal2:1154,0,0.008859655805357155,0,densenet_hn2
normal:normal2:1155,0,0.000445787503849715,1,densenet_hn2
normal:normal2:1156,0,0.004262858536094427,4,densenet_hn2
normal:normal2:1157,0,0.0006059807492420077,4,densenet_hn2
normal:normal2:1158,0,2.2860238459543325e-05,0,densenet_hn2
normal:normal2:1160,0,0.02146281488239765,1,densenet_hn2
normal:normal2:1161,0,4.8234705900540575e-05,2,densenet_hn2
normal:normal2:1162,0,0.07077676802873611,3,densenet_hn2
normal:normal2:1163,0,2.5061674477910856e-06,0,densenet_hn2
normal:normal2:1164,0,1.670011624810286e-05,1,densenet_hn2
normal:normal2:1167,0,0.00010689418559195474,2,densenet_hn2
normal:normal2:1168,0,7.547988843725761e-06,3,densenet_hn2
normal:normal2:1169,0,0.0005761689390055835,3,densenet_hn2
normal:normal2:1170,0,0.005144413560628891,4,densenet_hn2
normal:normal2:1171,0,0.008515995927155018,4,densenet_hn2
normal:normal2:1173,0,2.0394602415763075e-06,0,densenet_hn2
normal:normal2:1174,0,4.3386928155086935e-05,1,densenet_hn2
normal:normal2:1175,0,1.5969186506481492e-06,1,densenet_hn2
normal:normal2:1176,0,0.00025681659462861717,2,densenet_hn2
normal:normal2:1177,0,7.794785778969526e-05,3,densenet_hn2
normal:normal2:1178,0,2.4992173166538123e-06,0,densenet_hn2
normal:normal2:1179,0,0.0013416358269751072,3,densenet_hn2
normal:normal2:1180,0,0.004234296269714832,1,densenet_hn2
normal:normal2:1181,0,0.0016514536691829562,1,densenet_hn2
normal:normal2:1182,0,0.00019068658002652228,4,densenet_hn2
normal:normal2:1183,0,0.000148978186189197,2,densenet_hn2
normal:normal2:1184,0,0.0006799034308642149,2,densenet_hn2
normal:normal2:1185,0,2.1548758013523184e-06,0,densenet_hn2
normal:normal2:1187,0,3.896789735335915e-07,1,densenet_hn2
normal:normal2:1188,0,6.194927118485793e-05,3,densenet_hn2
normal:normal2:1189,0,0.0020089067984372377,4,densenet_hn2
normal:normal2:1190,0,3.5773114177573007e-06,0,densenet_hn2
normal:normal2:1191,0,0.0002167427446693182,1,densenet_hn2
normal:normal2:1192,0,0.003418227192014456,2,densenet_hn2
normal:normal2:1194,0,3.823727820417844e-05,3,densenet_hn2
normal:normal2:1196,0,0.00040618894854560494,2,densenet_hn2
normal:normal2:1197,0,0.0191970095038414,4,densenet_hn2
normal:normal2:1198,0,1.892309228423983e-05,3,densenet_hn2
normal:normal2:1200,0,0.00028564181411638856,0,densenet_hn2
normal:normal2:1201,0,6.868791047054401e-07,1,densenet_hn2
normal:normal2:1202,0,1.4330532849271549e-06,0,densenet_hn2
normal:normal2:1203,0,0.004055345430970192,2,densenet_hn2
normal:normal2:1204,0,0.0009127528755925596,4,densenet_hn2
normal:normal2:1205,0,2.777041743229347e-07,0,densenet_hn2
normal:normal2:1206,0,0.0002828505530487746,4,densenet_hn2
normal:normal2:1209,0,0.005795046221464872,1,densenet_hn2
normal:normal2:1214,0,0.12394921481609344,1,densenet_hn2
normal:normal2:1218,0,7.746575283817947e-05,2,densenet_hn2
normal:normal2:1219,0,0.01582794077694416,3,densenet_hn2
normal:normal2:1220,0,0.00111684063449502,4,densenet_hn2
normal:normal2:1221,0,0.0007820391329005361,4,densenet_hn2
normal:normal2:1222,0,0.02578021213412285,3,densenet_hn2
normal:normal2:1223,0,0.00032243001624010503,4,densenet_hn2
normal:normal2:1224,0,3.505313657115039e-07,0,densenet_hn2
normal:normal2:1225,0,0.0017286274814978242,1,densenet_hn2
normal:normal2:1226,0,0.00039178176666609943,2,densenet_hn2
normal:normal2:1227,0,0.0008226325153373182,2,densenet_hn2
normal:normal2:1228,0,0.00010373375698691234,1,densenet_hn2
normal:normal2:1231,0,0.00015094866103027016,3,densenet_hn2
normal:normal2:1232,0,0.003546801395714283,0,densenet_hn2
normal:normal2:1234,0,5.549305569729768e-05,2,densenet_hn2
normal:normal2:1236,0,0.011154800653457642,4,densenet_hn2
normal:normal2:1237,0,7.188446033978835e-05,0,densenet_hn2
normal:normal2:1240,0,9.321506513515487e-05,1,densenet_hn2
normal:normal2:1241,0,7.158219972325242e-08,0,densenet_hn2
normal:normal2:1242,0,7.884740398367285e-07,3,densenet_hn2
normal:normal2:1243,0,0.002408782485872507,4,densenet_hn2
normal:normal2:1244,0,6.218129328772193e-06,0,densenet_hn2
normal:normal2:1245,0,6.296787614701316e-05,4,densenet_hn2
normal:normal2:1247,0,0.07247161865234375,2,densenet_hn2
normal:normal2:1250,0,0.8336058855056763,3,densenet_hn2
normal:normal2:1252,0,0.0003627805854193866,0,densenet_hn2
normal:normal2:1253,0,0.0004763124161399901,1,densenet_hn2
normal:normal2:1254,0,0.014519032090902328,3,densenet_hn2
normal:normal2:1256,0,0.0001098776119761169,2,densenet_hn2
normal:normal2:1257,0,0.04417101666331291,4,densenet_hn2
normal:normal2:1258,0,0.0008726069232428321,3,densenet_hn2
normal:normal2:1260,0,0.00013793095422443002,0,densenet_hn2
normal:normal2:1261,0,0.0002910541370511055,1,densenet_hn2
normal:normal2:1262,0,7.991940975671241e-08,0,densenet_hn2
normal:normal2:1264,0,0.10618022829294205,3,densenet_hn2
normal:normal2:1266,0,0.010206966117645303,2,densenet_hn2
normal:normal2:1267,0,0.0006577410968020558,4,densenet_hn2
normal:normal2:1269,0,0.0003106391505222443,0,densenet_hn2
normal:normal2:1270,0,0.0004982783575542271,1,densenet_hn2
normal:normal2:1271,0,0.04306725412607193,2,densenet_hn2
normal:normal2:1272,0,0.005442588124424219,3,densenet_hn2
normal:normal2:1273,0,0.00010580684465821832,4,densenet_hn2
normal:normal2:1274,0,7.491897946465542e-08,0,densenet_hn2
normal:normal2:1275,0,0.005251627881079912,2,densenet_hn2
normal:normal2:1276,0,0.0002991842047777027,3,densenet_hn2
normal:normal2:1277,0,0.00013639568836273006,1,densenet_hn2
normal:normal2:1278,0,0.0010542856762185693,4,densenet_hn2
normal:normal2:1279,0,2.470650360919535e-05,0,densenet_hn2
normal:normal2:1280,0,6.767337617930025e-05,2,densenet_hn2
normal:normal2:1281,0,0.008797094225883484,3,densenet_hn2
normal:normal2:1282,0,1.9613624147041264e-07,1,densenet_hn2
normal:normal2:1285,0,3.030721018149052e-06,4,densenet_hn2
normal:normal2:1286,0,7.162930728554784e-07,0,densenet_hn2
normal:normal2:1287,0,0.16864801943302155,1,densenet_hn2
normal:normal2:1288,0,0.008344721980392933,2,densenet_hn2
normal:normal2:1289,0,0.0015457688132300973,4,densenet_hn2
normal:normal2:1290,0,0.008310558274388313,1,densenet_hn2
normal:normal2:1291,0,0.006553234998136759,3,densenet_hn2
normal:normal2:1292,0,7.611672117491253e-06,2,densenet_hn2
normal:normal2:1293,0,0.00017003233369905502,0,densenet_hn2
normal:normal2:1294,0,0.000507549753820058,4,densenet_hn2
normal:normal2:1295,0,0.0026169465854763985,1,densenet_hn2
normal:normal2:1296,0,2.9544919016188942e-05,3,densenet_hn2
normal:normal2:1300,0,9.272745228372514e-05,4,densenet_hn2
normal:normal2:1301,0,0.0004528760618995875,3,densenet_hn2
normal:normal2:1302,0,0.013442844152450562,0,densenet_hn2
normal:normal2:1303,0,3.058525521737465e-08,1,densenet_hn2
normal:normal2:1304,0,0.0003139236941933632,2,densenet_hn2
normal:normal2:1305,0,0.018120046705007553,4,densenet_hn2
normal:normal2:1306,0,0.002869960153475404,2,densenet_hn2
normal:normal2:1307,0,2.3972247618075926e-06,1,densenet_hn2
normal:normal2:1308,0,7.220832003440592e-07,3,densenet_hn2
normal:normal2:1310,0,0.0002240114554297179,2,densenet_hn2
normal:normal2:1311,0,0.00011822927626781166,4,densenet_hn2
normal:normal2:1314,0,0.0008563525625504553,3,densenet_hn2
normal:normal2:1315,0,1.5908181012491696e-05,0,densenet_hn2
normal:normal2:1316,0,0.0002234080311609432,3,densenet_hn2
normal:normal2:1317,0,0.0011801683576777577,1,densenet_hn2
normal:normal2:1318,0,0.0015370271867141128,2,densenet_hn2
normal:normal2:1319,0,5.081051767774625e-06,4,densenet_hn2
normal:normal2:1320,0,8.173195737981587e-07,0,densenet_hn2
normal:normal2:1321,0,4.6611548896180466e-05,2,densenet_hn2
normal:normal2:1322,0,5.002937086828751e-07,1,densenet_hn2
normal:normal2:1323,0,0.0002228644589195028,4,densenet_hn2
normal:normal2:1326,0,0.0009606273961253464,3,densenet_hn2
normal:normal2:1327,0,7.1983545240073e-06,0,densenet_hn2
normal:normal2:1328,0,0.037307582795619965,4,densenet_hn2
normal:normal2:1329,0,7.080642916434954e-08,1,densenet_hn2
normal:normal2:1330,0,0.009320023469626904,2,densenet_hn2
normal:normal2:1332,0,2.87349894279032e-06,3,densenet_hn2
normal:normal2:1333,0,2.0597084585460834e-05,4,densenet_hn2
normal:normal2:1334,0,4.36106784036383e-05,0,densenet_hn2
normal:normal2:1335,0,0.009989302605390549,2,densenet_hn2
normal:normal2:1336,0,0.06793149560689926,2,densenet_hn2
normal:normal2:1337,0,0.027790572494268417,1,densenet_hn2
normal:normal2:1338,0,0.00022279948461800814,3,densenet_hn2
normal:normal2:1341,0,0.0042233895510435104,4,densenet_hn2
normal:normal2:1342,0,1.2178662245343475e-10,0,densenet_hn2
normal:normal2:1343,0,8.007036740309559e-06,2,densenet_hn2
normal:normal2:1344,0,1.9504873307596426e-06,4,densenet_hn2
normal:normal2:1345,0,0.0038211488617131786,3,densenet_hn2
normal:normal2:1346,0,1.0002000863096328e-06,1,densenet_hn2
normal:normal2:1347,0,1.4308491699921433e-05,0,densenet_hn2
normal:normal2:1348,0,0.00027679288177751005,4,densenet_hn2
normal:normal2:1349,0,0.00037453434197232127,4,densenet_hn2
normal:normal2:1350,0,9.612900612410158e-06,0,densenet_hn2
normal:normal2:1351,0,5.252887831375119e-07,1,densenet_hn2
normal:normal2:1356,0,0.9952515363693237,2,densenet_hn2
normal:normal2:1357,0,0.25782668590545654,3,densenet_hn2
normal:normal2:1360,0,0.0011562048457562923,0,densenet_hn2
normal:normal2:1362,0,0.017215486615896225,2,densenet_hn2
normal:normal2:1365,0,0.3977644145488739,3,densenet_hn2
normal:normal2:1371,0,0.00489965733140707,1,densenet_hn2
normal:normal2:1376,0,0.003791655180975795,1,densenet_hn2
normal:normal2:1379,0,0.0478983111679554,3,densenet_hn2
normal:normal2:1385,0,0.025151748210191727,4,densenet_hn2
normal:normal2:1396,0,0.16205044090747833,4,densenet_hn2
normal:normal2:1400,0,0.13617753982543945,0,densenet_hn2
normal:normal2:1401,0,0.03349466994404793,1,densenet_hn2
normal:normal2:1406,0,0.22835120558738708,2,densenet_hn2
normal:normal2:1412,0,0.033182140439748764,4,densenet_hn2
normal:normal2:1419,0,0.6472603678703308,3,densenet_hn2
normal:normal2:1422,0,0.0018625480588525534,1,densenet_hn2
normal:normal2:1423,0,0.018927622586488724,0,densenet_hn2
normal:normal2:1427,0,0.03793718293309212,3,densenet_hn2
normal:normal2:1430,0,0.0468798466026783,2,densenet_hn2
normal:normal2:1431,0,0.022056695073843002,0,densenet_hn2
normal:normal2:1436,0,0.11804406344890594,4,densenet_hn2
normal:normal2:1437,0,0.07532750070095062,0,densenet_hn2
normal:normal2:1438,0,0.5186436772346497,2,densenet_hn2
normal:normal2:1440,0,0.09895121306180954,3,densenet_hn2
normal:normal2:1442,0,0.00016357697313651443,1,densenet_hn2
normal:normal2:383,0,0.006737690884619951,4,densenet_hn2
normal:normal2:384,0,0.017651069909334183,3,densenet_hn2
normal:normal2:385,0,1.5044270185171627e-07,0,densenet_hn2
normal:normal2:386,0,0.0003185764071531594,1,densenet_hn2
normal:normal2:388,0,0.0003540751349646598,2,densenet_hn2
normal:normal2:389,0,0.026682080700993538,4,densenet_hn2
normal:normal2:390,0,0.0016715616220608354,4,densenet_hn2
normal:normal2:391,0,0.000664662045892328,3,densenet_hn2
normal:normal2:392,0,9.208117717207642e-07,0,densenet_hn2
normal:normal2:393,0,0.05291510373353958,1,densenet_hn2
normal:normal2:394,0,0.005690216552466154,2,densenet_hn2
normal:normal2:395,0,0.038866651164426,2,densenet_hn2
normal:normal2:396,0,0.2477337270975113,0,densenet_hn2
normal:normal2:397,0,0.0006335844518616796,1,densenet_hn2
normal:normal2:399,0,0.00011658846779027954,2,densenet_hn2
normal:normal2:401,0,6.699838559143245e-05,3,densenet_hn2
normal:normal2:402,0,0.00015178373723756522,4,densenet_hn2
normal:normal2:403,0,2.0160145140835084e-05,0,densenet_hn2
normal:normal2:404,0,0.002534720581024885,3,densenet_hn2
normal:normal2:406,0,0.007948290556669235,1,densenet_hn2
normal:normal2:407,0,1.6539893294975627e-06,2,densenet_hn2
normal:normal2:408,0,0.0007056621252559125,4,densenet_hn2
normal:normal2:409,0,4.141583303862717e-06,1,densenet_hn2
normal:normal2:410,0,1.2793102541763801e-06,0,densenet_hn2
normal:normal2:412,0,0.005061023402959108,0,densenet_hn2
normal:normal2:413,0,2.8391168598318473e-06,3,densenet_hn2
normal:normal2:414,0,7.716148684266955e-05,2,densenet_hn2
normal:normal2:415,0,0.0015620430931448936,4,densenet_hn2
normal:normal2:416,0,0.002194552990962014,2,densenet_hn2
normal:normal2:417,0,0.0967007502913475,3,densenet_hn2
normal:normal2:418,0,1.3756803696196584e-08,1,densenet_hn2
normal:normal2:419,0,0.05392986536026001,4,densenet_hn2
normal:normal2:421,0,0.0023648019414395094,3,densenet_hn2
normal:normal2:423,0,1.0320461569790496e-06,0,densenet_hn2
normal:normal2:424,0,0.0008377179619856179,3,densenet_hn2
normal:normal2:425,0,0.6351497173309326,1,densenet_hn2
normal:normal2:427,0,0.005798534024506807,3,densenet_hn2
normal:normal2:428,0,0.03285263478755951,0,densenet_hn2
normal:normal2:429,0,0.0005664390628226101,1,densenet_hn2
normal:normal2:433,0,0.000786866236012429,4,densenet_hn2
normal:normal2:435,0,0.5246013402938843,1,densenet_hn2
normal:normal2:437,0,0.001995628932490945,2,densenet_hn2
normal:normal2:439,0,1.3508857591659762e-05,0,densenet_hn2
normal:normal2:440,0,5.371325606517985e-10,1,densenet_hn2
normal:normal2:441,0,0.029310859739780426,2,densenet_hn2
normal:normal2:443,0,6.552203558385372e-05,0,densenet_hn2
normal:normal2:445,0,0.0006685551488772035,3,densenet_hn2
normal:normal2:447,0,0.0035515213385224342,3,densenet_hn2
normal:normal2:448,0,0.001642056624405086,4,densenet_hn2
normal:normal2:449,0,0.005306941922754049,1,densenet_hn2
normal:normal2:450,0,3.516904325806536e-05,0,densenet_hn2
normal:normal2:451,0,0.0014588867779821157,2,densenet_hn2
normal:normal2:452,0,0.004771799314767122,3,densenet_hn2
normal:normal2:453,0,0.00025180928059853613,4,densenet_hn2
normal:normal2:454,0,3.338195529067889e-05,4,densenet_hn2
normal:normal2:455,0,0.0003759231185540557,2,densenet_hn2
normal:normal2:456,0,1.4108672075963113e-05,0,densenet_hn2
normal:normal2:458,0,0.0003437997947912663,3,densenet_hn2
normal:normal2:460,0,5.274779937280982e-07,0,densenet_hn2
normal:normal2:462,0,0.0001300935837207362,1,densenet_hn2
normal:normal2:463,0,0.001965120667591691,3,densenet_hn2
normal:normal2:464,0,0.005399663001298904,2,densenet_hn2
normal:normal2:465,0,8.467747392160163e-08,3,densenet_hn2
normal:normal2:466,0,0.0033808706793934107,4,densenet_hn2
normal:normal2:468,0,0.010894499719142914,0,densenet_hn2
normal:normal2:472,0,0.0003555468574631959,1,densenet_hn2
normal:normal2:473,0,0.0016559757059440017,2,densenet_hn2
normal:normal2:474,0,2.535194312258682e-07,3,densenet_hn2
normal:normal2:475,0,1.9457293092273176e-06,4,densenet_hn2
normal:normal2:476,0,0.0002597492130007595,4,densenet_hn2
normal:normal2:478,0,0.0002995863324031234,0,densenet_hn2
normal:normal2:479,0,0.003972014877945185,1,densenet_hn2
normal:normal2:480,0,0.06451089680194855,2,densenet_hn2
normal:normal2:481,0,0.005144111346453428,3,densenet_hn2
normal:normal2:482,0,3.784303044085391e-05,0,densenet_hn2
normal:normal2:485,0,0.00015554658602923155,1,densenet_hn2
normal:normal2:486,0,0.00021801661932840943,1,densenet_hn2
normal:normal2:487,0,0.01710330694913864,3,densenet_hn2
normal:normal2:488,0,0.010715141892433167,2,densenet_hn2
normal:normal2:489,0,2.3106817025109194e-05,4,densenet_hn2
normal:normal2:490,0,0.0001256267132703215,0,densenet_hn2
normal:normal2:491,0,8.286248885269742e-06,4,densenet_hn2
normal:normal2:493,0,3.4182658481540784e-08,1,densenet_hn2
normal:normal2:496,0,0.0180580522865057,2,densenet_hn2
normal:normal2:497,0,4.2368817958049476e-05,2,densenet_hn2
normal:normal2:499,0,0.0001750331575749442,3,densenet_hn2
normal:normal2:500,0,0.0001726169721223414,1,densenet_hn2
normal:normal2:501,0,7.957753041409887e-06,3,densenet_hn2
normal:normal2:502,0,0.038554806262254715,0,densenet_hn2
normal:normal2:503,0,0.0001787201181286946,2,densenet_hn2
normal:normal2:506,0,5.952243554929737e-06,1,densenet_hn2
normal:normal2:507,0,0.00011513575736898929,4,densenet_hn2
normal:normal2:508,0,0.0006437450647354126,1,densenet_hn2
normal:normal2:509,0,0.00016380797023884952,4,densenet_hn2
normal:normal2:511,0,2.670640424184967e-05,0,densenet_hn2
normal:normal2:512,0,0.00010912497236859053,2,densenet_hn2
normal:normal2:513,0,0.0001538939686724916,3,densenet_hn2
normal:normal2:515,0,0.004326805472373962,2,densenet_hn2
normal:normal2:516,0,2.3119028469409386e-07,2,densenet_hn2
normal:normal2:517,0,0.00485203368589282,4,densenet_hn2
normal:normal2:518,0,1.3265511711324507e-07,0,densenet_hn2
normal:normal2:520,0,0.00028640046366490424,1,densenet_hn2
normal:normal2:521,0,3.6612123949453235e-05,0,densenet_hn2
normal:normal2:522,0,0.002488038269802928,4,densenet_hn2
normal:normal2:523,0,9.583953897163155e-07,2,densenet_hn2
normal:normal2:525,0,3.917756657756399e-06,3,densenet_hn2
normal:normal2:526,0,0.0009427090408280492,4,densenet_hn2
normal:normal2:528,0,8.97870704648085e-05,0,densenet_hn2
normal:normal2:529,0,2.3272836813248432e-07,1,densenet_hn2
normal:normal2:530,0,0.0012712470488622785,2,densenet_hn2
normal:normal2:531,0,0.427051842212677,3,densenet_hn2
normal:normal2:533,0,0.0023084734566509724,4,densenet_hn2
normal:normal2:535,0,0.0035701061206054874,0,densenet_hn2
normal:normal2:536,0,0.023649735376238823,2,densenet_hn2
normal:normal2:537,0,0.005852545611560345,4,densenet_hn2
normal:normal2:539,0,0.002905667992308736,0,densenet_hn2
normal:normal2:540,0,3.3272968721576035e-05,1,densenet_hn2
normal:normal2:541,0,0.0027182463090866804,2,densenet_hn2
normal:normal2:543,0,5.037532559981628e-07,3,densenet_hn2
normal:normal2:545,0,0.0005811622831970453,1,densenet_hn2
normal:normal2:547,0,2.1585400133972144e-07,1,densenet_hn2
normal:normal2:550,0,2.2827733037189546e-09,0,densenet_hn2
normal:normal2:551,0,0.0017638459103181958,2,densenet_hn2
normal:normal2:552,0,3.955279680667445e-05,4,densenet_hn2
normal:normal2:553,0,0.007016810588538647,3,densenet_hn2
normal:normal2:554,0,0.1854207068681717,0,densenet_hn2
normal:normal2:555,0,0.0009047938161378019,1,densenet_hn2
normal:normal2:557,0,0.00045129196951165795,2,densenet_hn2
normal:normal2:558,0,8.698778515281447e-07,3,densenet_hn2
normal:normal2:559,0,0.022319084033370018,4,densenet_hn2
normal:normal2:561,0,0.0002916999801527709,0,densenet_hn2
normal:normal2:563,0,0.00021957664284855127,1,densenet_hn2
normal:normal2:564,0,0.0007127950666472316,3,densenet_hn2
normal:normal2:566,0,0.0018589762039482594,2,densenet_hn2
normal:normal2:567,0,1.28938017951441e-05,3,densenet_hn2
normal:normal2:568,0,0.003853166475892067,4,densenet_hn2
normal:normal2:569,0,0.5016514658927917,1,densenet_hn2
normal:normal2:571,0,0.007712696213275194,2,densenet_hn2
normal:normal2:572,0,1.2704443008715316e-07,3,densenet_hn2
normal:normal2:573,0,8.146961590682622e-06,0,densenet_hn2
normal:normal2:575,0,0.0009331105975434184,3,densenet_hn2
normal:normal2:576,0,0.0011790719581767917,4,densenet_hn2
normal:normal2:577,0,0.00036949748755432665,3,densenet_hn2
normal:normal2:578,0,0.003363802330568433,3,densenet_hn2
normal:normal2:579,0,0.011494585312902927,4,densenet_hn2
normal:normal2:580,0,1.660120688029565e-05,0,densenet_hn2
normal:normal2:582,0,0.003219468519091606,1,densenet_hn2
normal:normal2:583,0,0.0005452397745102644,1,densenet_hn2
normal:normal2:585,0,0.0005452792393043637,4,densenet_hn2
normal:normal2:587,0,0.019214998309810955,2,densenet_hn2
normal:normal2:588,0,0.0004973663599230349,4,densenet_hn2
normal:normal2:589,0,1.3309494306668057e-07,0,densenet_hn2
normal:normal2:592,0,1.042320036503952e-05,0,densenet_hn2
normal:normal2:594,0,0.00024472185759805143,2,densenet_hn2
normal:normal2:595,0,0.032150883227586746,1,densenet_hn2
normal:normal2:596,0,1.659599391246047e-08,1,densenet_hn2
normal:normal2:599,0,0.0009667979902587831,3,densenet_hn2
normal:normal2:600,0,0.047138430178165436,0,densenet_hn2
normal:normal2:601,0,1.3243112562122406e-07,1,densenet_hn2
normal:normal2:602,0,0.021347349509596825,4,densenet_hn2
normal:normal2:603,0,0.0074669173918664455,2,densenet_hn2
normal:normal2:604,0,2.512197352189105e-05,4,densenet_hn2
normal:normal2:609,0,0.00020922593830619007,2,densenet_hn2
normal:normal2:611,0,0.9810356497764587,3,densenet_hn2
normal:normal2:616,0,1.7423152485207538e-06,0,densenet_hn2
normal:normal2:617,0,3.0071705623413436e-05,3,densenet_hn2
normal:normal2:618,0,0.048464879393577576,2,densenet_hn2
normal:normal2:619,0,1.5625823834852781e-06,3,densenet_hn2
normal:normal2:620,0,0.002099365461617708,1,densenet_hn2
normal:normal2:621,0,0.11947935074567795,2,densenet_hn2
normal:normal2:622,0,8.28959218779346e-06,0,densenet_hn2
normal:normal2:623,0,0.003328325692564249,4,densenet_hn2
normal:normal2:626,0,1.4923330127203371e-05,0,densenet_hn2
normal:normal2:627,0,0.0001639062538743019,1,densenet_hn2
normal:normal2:629,0,0.005813272669911385,2,densenet_hn2
normal:normal2:630,0,0.0015292692696675658,0,densenet_hn2
normal:normal2:633,0,7.585755952277395e-07,1,densenet_hn2
normal:normal2:634,0,0.003996607381850481,3,densenet_hn2
normal:normal2:635,0,0.0014561621937900782,4,densenet_hn2
normal:normal2:636,0,0.06781643629074097,1,densenet_hn2
normal:normal2:637,0,0.00012487512140069157,0,densenet_hn2
normal:normal2:640,0,1.0651598131516948e-05,1,densenet_hn2
normal:normal2:641,0,0.0006521614268422127,2,densenet_hn2
normal:normal2:642,0,8.942091881181113e-06,3,densenet_hn2
normal:normal2:643,0,5.08921111759264e-05,4,densenet_hn2
normal:normal2:645,0,1.3474506204147474e-06,0,densenet_hn2
normal:normal2:647,0,0.0001867166574811563,1,densenet_hn2
normal:normal2:648,0,0.0030777992215007544,2,densenet_hn2
normal:normal2:649,0,4.409384564496577e-05,3,densenet_hn2
normal:normal2:650,0,0.0002701948687899858,4,densenet_hn2
normal:normal2:651,0,0.1670410698861815,1,densenet_hn2
normal:normal2:652,0,0.0026621571741998196,2,densenet_hn2
normal:normal2:653,0,0.002592263976112008,0,densenet_hn2
normal:normal2:654,0,0.09673604369163513,1,densenet_hn2
normal:normal2:655,0,0.0004161905962973833,1,densenet_hn2
normal:normal2:657,0,0.015615330077707767,4,densenet_hn2
normal:normal2:659,0,0.04690391197800636,3,densenet_hn2
normal:normal2:660,0,0.001754702185280621,4,densenet_hn2
normal:normal2:661,0,3.178969052441971e-07,0,densenet_hn2
normal:normal2:662,0,0.0007007078384049237,3,densenet_hn2
normal:normal2:663,0,8.57082760319372e-09,1,densenet_hn2
normal:normal2:664,0,0.035422034561634064,2,densenet_hn2
normal:normal2:665,0,0.39258942008018494,4,densenet_hn2
normal:normal2:666,0,5.323171947679839e-08,2,densenet_hn2
normal:normal2:667,0,0.0015450624050572515,4,densenet_hn2
normal:normal2:668,0,3.670356818474829e-08,0,densenet_hn2
normal:normal2:669,0,1.3286633020470617e-06,1,densenet_hn2
normal:normal2:671,0,0.0012356839142739773,3,densenet_hn2
normal:normal2:672,0,2.076367536574253e-06,1,densenet_hn2
normal:normal2:673,0,0.0023701905738562346,2,densenet_hn2
normal:normal2:675,0,0.00032615894451737404,3,densenet_hn2
normal:normal2:678,0,0.0034455012064427137,4,densenet_hn2
normal:normal2:680,0,0.0017624360043555498,2,densenet_hn2
normal:normal2:682,0,2.5122385522990953e-06,0,densenet_hn2
normal:normal2:683,0,0.0008185136830434203,1,densenet_hn2
normal:normal2:684,0,0.00016717590915504843,1,densenet_hn2
normal:normal2:686,0,2.682439799173153e-07,0,densenet_hn2
normal:normal2:687,0,0.00040711506153456867,2,densenet_hn2
normal:normal2:689,0,0.00021016664686612785,3,densenet_hn2
normal:normal2:690,0,5.606876948149875e-05,3,densenet_hn2
normal:normal2:692,0,3.622574877226725e-05,4,densenet_hn2
normal:normal2:693,0,0.02465534768998623,4,densenet_hn2
normal:normal2:694,0,5.129202691023238e-05,1,densenet_hn2
normal:normal2:695,0,0.0007980418158695102,3,densenet_hn2
normal:normal2:696,0,0.002534582046791911,4,densenet_hn2
normal:normal2:698,0,0.00010205822036368772,2,densenet_hn2
normal:normal2:699,0,6.182705760693352e-07,0,densenet_hn2
normal:normal2:700,0,0.0006155457813292742,3,densenet_hn2
normal:normal2:702,0,0.00026837634504772723,2,densenet_hn2
normal:normal2:705,0,0.010177950374782085,2,densenet_hn2
normal:normal2:707,0,0.00042327624396421015,0,densenet_hn2
normal:normal2:718,0,0.14252741634845734,4,densenet_hn2
normal:normal2:719,0,0.06851361691951752,0,densenet_hn2
normal:normal2:723,0,0.8844314813613892,1,densenet_hn2
normal:normal2:725,0,0.5244472622871399,3,densenet_hn2
normal:normal2:727,0,0.023228412494063377,0,densenet_hn2
normal:normal2:730,0,0.005932146217674017,1,densenet_hn2
normal:normal2:736,0,0.699634850025177,2,densenet_hn2
normal:normal2:741,0,0.8955060243606567,3,densenet_hn2
normal:normal2:744,0,0.018521098420023918,4,densenet_hn2
normal:normal2:746,0,0.018034575507044792,3,densenet_hn2
normal:normal2:749,0,0.00010088356793858111,0,densenet_hn2
normal:normal2:753,0,0.000131346401758492,1,densenet_hn2
normal:normal2:757,0,0.09428512305021286,2,densenet_hn2
normal:normal2:765,0,0.44272613525390625,0,densenet_hn2
normal:normal2:771,0,0.13966600596904755,4,densenet_hn2
normal:normal2:772,0,0.006365775130689144,0,densenet_hn2
normal:normal2:774,0,0.0009756766376085579,2,densenet_hn2
normal:normal2:775,0,0.004293138161301613,2,densenet_hn2
normal:normal2:776,0,0.02382272481918335,4,densenet_hn2
normal:normal2:777,0,1.7528419959944586e-07,1,densenet_hn2
normal:normal2:780,0,0.012827800586819649,1,densenet_hn2
normal:normal2:781,0,0.0024317223578691483,3,densenet_hn2
normal:normal2:790,0,0.013935219496488571,0,densenet_hn2
normal:normal2:793,0,0.1283743679523468,1,densenet_hn2
normal:normal2:796,0,0.0005092230276204646,2,densenet_hn2
normal:normal2:797,0,0.00011657901632133871,4,densenet_hn2
normal:normal2:798,0,0.005930641666054726,3,densenet_hn2
normal:normal2:799,0,0.0034932189155369997,0,densenet_hn2
normal:normal2:803,0,0.31068119406700134,1,densenet_hn2
normal:normal2:804,0,0.005505502689629793,2,densenet_hn2
normal:normal2:806,0,0.0010350627126172185,3,densenet_hn2
normal:normal2:807,0,3.077272413065657e-05,4,densenet_hn2
normal:normal2:808,0,2.1367734461819055e-06,0,densenet_hn2
normal:normal2:809,0,6.537367198689026e-07,1,densenet_hn2
normal:normal2:810,0,0.0011943140998482704,2,densenet_hn2
normal:normal2:811,0,0.0015362120466306806,2,densenet_hn2
normal:normal2:812,0,0.0015468783676624298,3,densenet_hn2
normal:normal2:814,0,4.190302570350468e-05,4,densenet_hn2
normal:normal2:815,0,0.00017525562725495547,4,densenet_hn2
normal:normal2:816,0,0.00017443053366150707,3,densenet_hn2
normal:normal2:818,0,0.036140967975370586,2,densenet_hn2
normal:normal2:819,0,0.0001841367775341496,4,densenet_hn2
normal:normal2:820,0,7.798078877385706e-05,0,densenet_hn2
normal:normal2:821,0,0.0010631445329636335,1,densenet_hn2
normal:normal2:822,0,0.007494779769331217,2,densenet_hn2
normal:normal2:824,0,0.0034051178954541683,1,densenet_hn2
normal:normal2:825,0,6.559762510960354e-08,0,densenet_hn2
normal:normal2:826,0,0.0001595036592334509,0,densenet_hn2
normal:normal2:827,0,0.0022255489602684975,2,densenet_hn2
normal:normal2:828,0,0.01948343589901924,3,densenet_hn2
normal:normal2:829,0,0.0009068612707778811,4,densenet_hn2
normal:normal2:830,0,0.0006270944722928107,1,densenet_hn2
normal:normal2:831,0,1.412693791280617e-06,0,densenet_hn2
normal:normal2:832,0,0.04104265204902428,3,densenet_hn2
normal:normal2:833,0,0.0013152380706742406,2,densenet_hn2
normal:normal2:834,0,0.002544192597270012,4,densenet_hn2
normal:normal2:836,0,0.00020537197997327894,0,densenet_hn2
normal:normal2:837,0,0.0001964059192687273,1,densenet_hn2
normal:normal2:838,0,1.7310529756286996e-06,2,densenet_hn2
normal:normal2:839,0,6.0541206039488316e-05,3,densenet_hn2
normal:normal2:840,0,0.05022897943854332,4,densenet_hn2
normal:normal2:841,0,0.010313006117939949,0,densenet_hn2
normal:normal2:842,0,7.100046786945313e-06,2,densenet_hn2
normal:normal2:843,0,3.9456804756810016e-07,1,densenet_hn2
normal:normal2:845,0,3.4581411455292255e-05,3,densenet_hn2
normal:normal2:846,0,4.4986538227931305e-07,1,densenet_hn2
normal:normal2:847,0,6.704223778797314e-05,4,densenet_hn2
normal:normal2:848,0,0.0007787428330630064,0,densenet_hn2
normal:normal2:849,0,1.1099643415946048e-05,1,densenet_hn2
normal:normal2:851,0,0.0628541875242566,2,densenet_hn2
normal:normal2:852,0,3.5169769034837373e-06,3,densenet_hn2
normal:normal2:853,0,0.00012140299804741517,3,densenet_hn2
normal:normal2:854,0,0.022519618272781372,4,densenet_hn2
normal:normal2:855,0,0.8762806057929993,4,densenet_hn2
normal:normal2:856,0,0.009999875910580158,0,densenet_hn2
normal:normal2:857,0,0.00020585994934663177,1,densenet_hn2
normal:normal2:858,0,0.0003626097459346056,0,densenet_hn2
normal:normal2:859,0,7.978505891514942e-06,2,densenet_hn2
normal:normal2:860,0,6.174013378767995e-06,3,densenet_hn2
normal:normal2:862,0,1.7981744804274058e-07,0,densenet_hn2
normal:normal2:863,0,0.0009243960957974195,3,densenet_hn2
normal:normal2:865,0,0.0005643475451506674,1,densenet_hn2
normal:normal2:866,0,0.04157190024852753,2,densenet_hn2
normal:normal2:867,0,0.0024028003681451082,4,densenet_hn2
normal:normal2:868,0,1.2489770142565249e-06,3,densenet_hn2
normal:normal2:869,0,0.001221455866470933,4,densenet_hn2
normal:normal2:870,0,2.0615398170775734e-05,1,densenet_hn2
normal:normal2:871,0,1.2882863302365877e-05,0,densenet_hn2
normal:normal2:872,0,0.004286998882889748,4,densenet_hn2
normal:normal2:873,0,0.0008052276680245996,1,densenet_hn2
normal:normal2:874,0,0.00021451781503856182,1,densenet_hn2
normal:normal2:875,0,0.00035258830757811666,2,densenet_hn2
normal:normal2:876,0,0.11792834848165512,3,densenet_hn2
normal:normal2:877,0,9.980261529562995e-05,1,densenet_hn2
normal:normal2:879,0,4.841286499868147e-05,0,densenet_hn2
normal:normal2:880,0,0.022023798897862434,2,densenet_hn2
normal:normal2:881,0,0.00023911851167213172,3,densenet_hn2
normal:normal2:882,0,0.0018822879064828157,4,densenet_hn2
normal:normal2:885,0,0.007083316799253225,4,densenet_hn2
normal:normal2:886,0,0.00019669622997753322,0,densenet_hn2
normal:normal2:887,0,0.00023618218256160617,1,densenet_hn2
normal:normal2:888,0,0.0010144095867872238,2,densenet_hn2
normal:normal2:890,0,0.07473482936620712,0,densenet_hn2
normal:normal2:892,0,6.781149568269029e-05,3,densenet_hn2
normal:normal2:893,0,2.1708699478040216e-06,1,densenet_hn2
normal:normal2:894,0,5.002475154469721e-05,4,densenet_hn2
normal:normal2:895,0,0.0019260618137195706,2,densenet_hn2
normal:normal2:896,0,7.560826816188637e-06,0,densenet_hn2
normal:normal2:897,0,3.567230305634439e-05,3,densenet_hn2
normal:normal2:898,0,5.3458592446986586e-05,4,densenet_hn2
normal:normal2:899,0,0.00037143376539461315,1,densenet_hn2
normal:normal2:900,0,0.0030796024948358536,2,densenet_hn2
normal:normal2:903,0,3.527871058395249e-06,0,densenet_hn2
normal:normal2:904,0,0.0011271073017269373,3,densenet_hn2
normal:normal2:905,0,9.107941991715052e-07,4,densenet_hn2
normal:normal2:906,0,1.2633184098831407e-07,0,densenet_hn2
normal:normal2:907,0,0.0008339093765243888,2,densenet_hn2
normal:normal2:908,0,6.588467658730224e-05,1,densenet_hn2
normal:normal2:909,0,3.40412043442484e-05,3,densenet_hn2
normal:normal2:910,0,0.03597298264503479,4,densenet_hn2
normal:normal2:911,0,0.009628930129110813,0,densenet_hn2
normal:normal2:912,0,0.0001181677434942685,4,densenet_hn2
normal:normal2:913,0,0.001164618763141334,2,densenet_hn2
normal:normal2:914,0,0.00027750793378800154,4,densenet_hn2
normal:normal2:915,0,1.2348640439086012e-06,0,densenet_hn2
normal:normal2:917,0,7.582985972476308e-07,1,densenet_hn2
normal:normal2:918,0,0.0015732424799352884,3,densenet_hn2
normal:normal2:919,0,0.0013505149399861693,2,densenet_hn2
normal:normal2:922,0,0.017873430624604225,4,densenet_hn2
normal:normal2:923,0,7.69479538575979e-06,0,densenet_hn2
normal:normal2:924,0,3.254913099226542e-05,1,densenet_hn2
normal:normal2:925,0,0.00022120706853456795,3,densenet_hn2
normal:normal2:926,0,0.0024345489218831062,3,densenet_hn2
normal:normal2:927,0,0.02454785816371441,0,densenet_hn2
normal:normal2:929,0,0.0017751845298334956,2,densenet_hn2
normal:normal2:930,0,0.002530297264456749,1,densenet_hn2
normal:normal2:931,0,3.65347987099085e-05,2,densenet_hn2
normal:normal2:932,0,0.011706748977303505,3,densenet_hn2
normal:normal2:933,0,0.0010448985267430544,4,densenet_hn2
normal:normal2:934,0,1.6877127563930117e-05,0,densenet_hn2
normal:normal2:935,0,0.0003773100906983018,1,densenet_hn2
normal:normal2:936,0,0.00030795205384492874,2,densenet_hn2
normal:normal2:937,0,2.7047910407418385e-05,3,densenet_hn2
normal:normal2:939,0,5.91061098020873e-06,0,densenet_hn2
normal:normal2:941,0,0.4311482906341553,4,densenet_hn2
normal:normal2:942,0,0.0004554190090857446,2,densenet_hn2
normal:normal2:944,0,0.00030582791077904403,0,densenet_hn2
normal:normal2:945,0,0.028701720759272575,1,densenet_hn2
normal:normal2:946,0,0.0004771886160597205,1,densenet_hn2
normal:normal2:947,0,0.0157083161175251,2,densenet_hn2
normal:normal2:948,0,2.0032739485031925e-06,1,densenet_hn2
normal:normal2:949,0,0.0012105435598641634,3,densenet_hn2
normal:normal2:950,0,0.003633206244558096,4,densenet_hn2
normal:normal2:951,0,0.00015376445662695915,3,densenet_hn2
normal:normal2:952,0,0.00010050936543848366,4,densenet_hn2
normal:normal2:954,0,4.152611552399321e-07,0,densenet_hn2
normal:normal2:955,0,0.0008126121247187257,1,densenet_hn2
normal:normal2:956,0,0.0005456525250338018,2,densenet_hn2
normal:normal2:957,0,2.0318193492130376e-06,3,densenet_hn2
normal:normal2:959,0,9.357486341343701e-09,0,densenet_hn2
normal:normal2:960,0,1.5285122572095133e-05,1,densenet_hn2
normal:normal2:961,0,0.0002910046896431595,4,densenet_hn2
normal:normal2:962,0,0.00429585762321949,2,densenet_hn2
normal:normal2:965,0,0.0010462331119924784,4,densenet_hn2
normal:normal2:966,0,2.5887422452797182e-05,0,densenet_hn2
normal:normal2:967,0,0.010297026485204697,1,densenet_hn2
normal:normal2:969,0,0.23845553398132324,2,densenet_hn2
normal:normal2:970,0,0.0003426215553190559,3,densenet_hn2
normal:normal2:971,0,0.00403932121116668,4,densenet_hn2
normal:normal2:974,0,0.0006722797988913953,4,densenet_hn2
normal:normal2:975,0,4.932215080799551e-09,0,densenet_hn2
normal:normal2:976,0,0.0016471149865537882,2,densenet_hn2
normal:normal2:977,0,0.0007964191609062254,2,densenet_hn2
normal:normal2:978,0,4.9724778364179656e-05,1,densenet_hn2
normal:normal2:979,0,0.0008594131213612854,4,densenet_hn2
normal:normal2:980,0,0.09925983846187592,3,densenet_hn2
normal:normal2:981,0,2.415915332676377e-05,0,densenet_hn2
normal:normal2:983,0,0.00017519676354519712,4,densenet_hn2
normal:normal2:986,0,2.6556410375633277e-05,1,densenet_hn2
normal:normal2:987,0,1.3844512977811974e-05,2,densenet_hn2
normal:normal2:988,0,0.0001964205439435318,2,densenet_hn2
normal:normal2:989,0,9.123019844992086e-05,3,densenet_hn2
normal:normal2:992,0,0.00011876509961439297,4,densenet_hn2
normal:normal2:993,0,2.3288843294722028e-05,0,densenet_hn2
normal:normal2:994,0,0.09115904569625854,1,densenet_hn2
normal:normal2:995,0,0.016766720024558406,2,densenet_hn2
normal:normal2:997,0,0.004775884095579386,4,densenet_hn2
normal:normal2:998,0,0.04357600957155228,3,densenet_hn2
normal:normal2:999,0,1.3209928511059843e-06,3,densenet_hn2
pneumonia:bacteria:1,1,0.9946816563606262,3,densenet_hn2
pneumonia:bacteria:10,1,0.9992536902427673,3,densenet_hn2
pneumonia:bacteria:1000,1,0.9999938011169434,0,densenet_hn2
pneumonia:bacteria:1001,1,0.9999510049819946,1,densenet_hn2
pneumonia:bacteria:1002,1,0.9985309839248657,0,densenet_hn2
pneumonia:bacteria:1003,1,0.9999903440475464,2,densenet_hn2
pneumonia:bacteria:1004,1,0.9998525381088257,0,densenet_hn2
pneumonia:bacteria:1005,1,0.9993501305580139,4,densenet_hn2
pneumonia:bacteria:1006,1,0.9987655878067017,0,densenet_hn2
pneumonia:bacteria:1007,1,0.9999954700469971,1,densenet_hn2
pneumonia:bacteria:1008,1,0.9999986886978149,2,densenet_hn2
pneumonia:bacteria:1010,1,0.9993509650230408,3,densenet_hn2
pneumonia:bacteria:1011,1,0.999890923500061,4,densenet_hn2
pneumonia:bacteria:1012,1,0.9999881982803345,0,densenet_hn2
pneumonia:bacteria:1014,1,0.9999344348907471,1,densenet_hn2
pneumonia:bacteria:1016,1,0.9998598098754883,4,densenet_hn2
pneumonia:bacteria:1017,1,0.9999940395355225,2,densenet_hn2
pneumonia:bacteria:1018,1,0.9999933242797852,3,densenet_hn2
pneumonia:bacteria:1019,1,0.9991070628166199,0,densenet_hn2
pneumonia:bacteria:1020,1,0.9999992847442627,3,densenet_hn2
pneumonia:bacteria:1022,1,0.9999591112136841,1,densenet_hn2
pneumonia:bacteria:1023,1,0.5106310248374939,2,densenet_hn2
pneumonia:bacteria:1024,1,0.999995231628418,1,densenet_hn2
pneumonia:bacteria:1026,1,0.9997813105583191,4,densenet_hn2
pneumonia:bacteria:1028,1,0.9999125003814697,0,densenet_hn2
pneumonia:bacteria:1029,1,0.9999986886978149,1,densenet_hn2
pneumonia:bacteria:1031,1,0.9999924302101135,2,densenet_hn2
pneumonia:bacteria:1033,1,0.9990369081497192,3,densenet_hn2
pneumonia:bacteria:1034,1,0.9997455477714539,4,densenet_hn2
pneumonia:bacteria:1035,1,0.9996877908706665,0,densenet_hn2
pneumonia:bacteria:1036,1,0.9997966885566711,4,densenet_hn2
pneumonia:bacteria:1037,1,0.9999344348907471,1,densenet_hn2
pneumonia:bacteria:1038,1,0.9995496869087219,2,densenet_hn2
pneumonia:bacteria:1039,1,0.9998078942298889,3,densenet_hn2
pneumonia:bacteria:1040,1,0.9999181032180786,1,densenet_hn2
pneumonia:bacteria:1041,1,0.9999622106552124,0,densenet_hn2
pneumonia:bacteria:1043,1,0.9995238780975342,3,densenet_hn2
pneumonia:bacteria:1044,1,0.9926869869232178,4,densenet_hn2
pneumonia:bacteria:1045,1,0.9999737739562988,3,densenet_hn2
pneumonia:bacteria:1046,1,0.9999595880508423,2,densenet_hn2
pneumonia:bacteria:1048,1,0.999991774559021,0,densenet_hn2
pneumonia:bacteria:1049,1,0.9880081415176392,2,densenet_hn2
pneumonia:bacteria:1050,1,0.9999898672103882,1,densenet_hn2
pneumonia:bacteria:1051,1,0.9999837875366211,3,densenet_hn2
pneumonia:bacteria:1052,1,0.997389018535614,4,densenet_hn2
pneumonia:bacteria:1053,1,0.9995424747467041,4,densenet_hn2
pneumonia:bacteria:1054,1,0.999382495880127,2,densenet_hn2
pneumonia:bacteria:1055,1,0.9894142150878906,0,densenet_hn2
pneumonia:bacteria:1056,1,0.9999847412109375,2,densenet_hn2
pneumonia:bacteria:1057,1,0.9993082284927368,4,densenet_hn2
pneumonia:bacteria:1058,1,0.9999995231628418,1,densenet_hn2
pneumonia:bacteria:1059,1,0.9999275207519531,3,densenet_hn2
pneumonia:bacteria:1062,1,0.9990227222442627,0,densenet_hn2
pneumonia:bacteria:1063,1,0.999811589717865,2,densenet_hn2
pneumonia:bacteria:1065,1,0.9999593496322632,1,densenet_hn2
pneumonia:bacteria:1066,1,0.9993269443511963,4,densenet_hn2
pneumonia:bacteria:1067,1,0.9999982118606567,3,densenet_hn2
pneumonia:bacteria:1068,1,0.999953031539917,0,densenet_hn2
pneumonia:bacteria:1069,1,0.9971269965171814,3,densenet_hn2
pneumonia:bacteria:1071,1,0.9999985694885254,1,densenet_hn2
pneumonia:bacteria:1072,1,0.9999837279319763,3,densenet_hn2
pneumonia:bacteria:1073,1,0.9999368190765381,3,densenet_hn2
pneumonia:bacteria:1074,1,0.9993773400783539,0,densenet_hn2
pneumonia:bacteria:1075,1,0.15376704931259155,2,densenet_hn2
pneumonia:bacteria:1076,1,0.9991962313652039,4,densenet_hn2
pneumonia:bacteria:1077,1,0.9998948574066162,1,densenet_hn2
pneumonia:bacteria:1078,1,0.999701201915741,0,densenet_hn2
pneumonia:bacteria:1079,1,0.9999929666519165,1,densenet_hn2
pneumonia:bacteria:1080,1,0.9999995231628418,2,densenet_hn2
pneumonia:bacteria:1081,1,0.9999973773956299,3,densenet_hn2
pneumonia:bacteria:1082,1,0.9997078776359558,4,densenet_hn2
pneumonia:bacteria:1083,1,0.9999890327453613,1,densenet_hn2
pneumonia:bacteria:1084,1,0.9999985694885254,2,densenet_hn2
pneumonia:bacteria:1085,1,0.9998811483383179,0,densenet_hn2
pneumonia:bacteria:1086,1,0.9988905787467957,3,densenet_hn2
pneumonia:bacteria:1087,1,0.9993513226509094,4,densenet_hn2
pneumonia:bacteria:1088,1,0.9968892931938171,4,densenet_hn2
pneumonia:bacteria:1089,1,0.9999204874038696,2,densenet_hn2
pneumonia:bacteria:1091,1,0.9995381832122803,4,densenet_hn2
pneumonia:bacteria:1092,1,0.9997994303703308,4,densenet_hn2
pneumonia:bacteria:1093,1,0.9988003969192505,0,densenet_hn2
pneumonia:bacteria:1096,1,0.9999899864196777,1,densenet_hn2
pneumonia:bacteria:1097,1,0.9999186992645264,3,densenet_hn2
pneumonia:bacteria:1098,1,0.86339271068573,2,densenet_hn2
pneumonia:bacteria:1099,1,0.9990915060043335,3,densenet_hn2
pneumonia:bacteria:11,1,0.9997276663780212,2,densenet_hn2
pneumonia:bacteria:1100,1,0.9996217489242554,0,densenet_hn2
pneumonia:bacteria:1101,1,0.9997822642326355,4,densenet_hn2
pneumonia:bacteria:1102,1,0.9998490810394287,1,densenet_hn2
pneumonia:bacteria:1103,1,0.9987819790840149,0,densenet_hn2
pneumonia:bacteria:1105,1,0.9999785423278809,2,densenet_hn2
pneumonia:bacteria:1107,1,0.9998013377189636,1,densenet_hn2
pneumonia:bacteria:1108,1,0.9996887445449829,2,densenet_hn2
pneumonia:bacteria:1109,1,0.9998729228973389,3,densenet_hn2
pneumonia:bacteria:1110,1,0.9342979192733765,4,densenet_hn2
pneumonia:bacteria:1111,1,0.9990955591201782,0,densenet_hn2
pneumonia:bacteria:1112,1,0.9999634027481079,3,densenet_hn2
pneumonia:bacteria:1114,1,0.9984897375106812,3,densenet_hn2
pneumonia:bacteria:1115,1,0.9999916553497314,1,densenet_hn2
pneumonia:bacteria:1118,1,0.9966853260993958,2,densenet_hn2
pneumonia:bacteria:1122,1,0.9995341300964355,4,densenet_hn2
pneumonia:bacteria:1124,1,0.9402392506599426,0,densenet_hn2
pneumonia:bacteria:1125,1,0.9997366070747375,3,densenet_hn2
pneumonia:bacteria:1127,1,0.9999819993972778,2,densenet_hn2
pneumonia:bacteria:1128,1,0.9992830157279968,4,densenet_hn2
pneumonia:bacteria:1129,1,0.999955415725708,3,densenet_hn2
pneumonia:bacteria:1130,1,0.9999996423721313,1,densenet_hn2
pneumonia:bacteria:1131,1,0.9969726800918579,4,densenet_hn2
pneumonia:bacteria:1133,1,0.9998406171798706,0,densenet_hn2
pneumonia:bacteria:1134,1,0.9984594583511353,0,densenet_hn2
pneumonia:bacteria:1135,1,0.9999343156814575,2,densenet_hn2
pneumonia:bacteria:1136,1,0.999004065990448,3,densenet_hn2
pneumonia:bacteria:1138,1,0.9999738931655884,1,densenet_hn2
pneumonia:bacteria:1139,1,0.9988047182559967,4,densenet_hn2
pneumonia:bacteria:1140,1,0.999526858329773,1,densenet_hn2
pneumonia:bacteria:1141,1,0.9992777407169342,0,densenet_hn2
pneumonia:bacteria:1142,1,0.08753768354654312,4,densenet_hn2
pneumonia:bacteria:1144,1,0.9996310472488403,2,densenet_hn2
pneumonia:bacteria:1145,1,0.9998038411140442,3,densenet_hn2
pneumonia:bacteria:1146,1,0.9986974596977234,4,densenet_hn2
pneumonia:bacteria:1149,1,0.9992796778678894,0,densenet_hn2
pneumonia:bacteria:1150,1,0.9980255365371704,4,densenet_hn2
pneumonia:bacteria:1154,1,0.89342200756073,2,densenet_hn2
pneumonia:bacteria:1155,1,0.9999749660491943,1,densenet_hn2
pneumonia:bacteria:1156,1,0.9999988079071045,2,densenet_hn2
pneumonia:bacteria:1157,1,0.9991457462310791,3,densenet_hn2
pneumonia:bacteria:1158,1,0.9976806640625,1,densenet_hn2
pneumonia:bacteria:1159,1,0.9999585151672363,3,densenet_hn2
pneumonia:bacteria:1160,1,0.9999349117279053,0,densenet_hn2
pneumonia:bacteria:1162,1,0.999883770942688,2,densenet_hn2
pneumonia:bacteria:1164,1,0.9986612796783447,4,densenet_hn2
pneumonia:bacteria:1165,1,0.9952399730682373,0,densenet_hn2
pneumonia:bacteria:1167,1,0.9999988079071045,1,densenet_hn2
pneumonia:bacteria:1168,1,0.9999979138374329,2,densenet_hn2
pneumonia:bacteria:1170,1,0.9937360286712646,3,densenet_hn2
pneumonia:bacteria:1171,1,0.9963394403457642,3,densenet_hn2
pneumonia:bacteria:1172,1,0.9950460195541382,4,densenet_hn2
pneumonia:bacteria:1175,1,0.9999158382415771,0,densenet_hn2
pneumonia:bacteria:1176,1,0.9999950528144836,1,densenet_hn2
pneumonia:bacteria:1177,1,0.9999792575836182,2,densenet_hn2
pneumonia:bacteria:1178,1,0.9999384880065918,3,densenet_hn2
pneumonia:bacteria:1179,1,0.8708226084709167,4,densenet_hn2
pneumonia:bacteria:1180,1,0.9999949932098389,1,densenet_hn2
pneumonia:bacteria:1181,1,0.4406457841396332,1,densenet_hn2
pneumonia:bacteria:1183,1,0.9904131293296814,0,densenet_hn2
pneumonia:bacteria:1184,1,0.9999872446060181,2,densenet_hn2
pneumonia:bacteria:1185,1,0.9998065829277039,1,densenet_hn2
pneumonia:bacteria:1186,1,0.9997572898864746,3,densenet_hn2
pneumonia:bacteria:1187,1,0.9996801614761353,4,densenet_hn2
pneumonia:bacteria:1188,1,0.9998717308044434,0,densenet_hn2
pneumonia:bacteria:1192,1,0.9999599456787109,1,densenet_hn2
pneumonia:bacteria:1194,1,0.9999754428863525,2,densenet_hn2
pneumonia:bacteria:1195,1,0.999464213848114,0,densenet_hn2
pneumonia:bacteria:1196,1,0.9998185038566589,3,densenet_hn2
pneumonia:bacteria:1197,1,0.9991021156311035,4,densenet_hn2
pneumonia:bacteria:1198,1,0.9999852180480957,0,densenet_hn2
pneumonia:bacteria:1199,1,0.8346870541572571,1,densenet_hn2
pneumonia:bacteria:12,1,0.9751641154289246,0,densenet_hn2
pneumonia:bacteria:1201,1,0.9999673366546631,3,densenet_hn2
pneumonia:bacteria:1202,1,0.9991406798362732,4,densenet_hn2
pneumonia:bacteria:1203,1,0.9999688267707825,2,densenet_hn2
pneumonia:bacteria:1204,1,0.999977707862854,0,densenet_hn2
pneumonia:bacteria:1205,1,0.9948239326477051,1,densenet_hn2
pneumonia:bacteria:1206,1,0.9999337196350098,1,densenet_hn2
pneumonia:bacteria:1207,1,0.9996776580810547,2,densenet_hn2
pneumonia:bacteria:1208,1,0.634680449962616,3,densenet_hn2
pneumonia:bacteria:1209,1,0.9999008178710938,4,densenet_hn2
pneumonia:bacteria:1211,1,0.9996758699417114,0,densenet_hn2
pneumonia:bacteria:1212,1,0.9999415874481201,1,densenet_hn2
pneumonia:bacteria:1214,1,0.9910193085670471,4,densenet_hn2
pneumonia:bacteria:1215,1,0.9999831914901733,2,densenet_hn2
pneumonia:bacteria:1216,1,0.996421217918396,3,densenet_hn2
pneumonia:bacteria:1217,1,0.9996447563171387,4,densenet_hn2
pneumonia:bacteria:1218,1,0.9997054934501648,4,densenet_hn2
pneumonia:bacteria:1219,1,0.9307675957679749,3,densenet_hn2
pneumonia:bacteria:1220,1,0.9995880424976349,2,densenet_hn2
pneumonia:bacteria:1222,1,0.9992507100105286,0,densenet_hn2
pneumonia:bacteria:1223,1,0.9991214871406555,0,densenet_hn2
pneumonia:bacteria:1225,1,0.9999831914901733,1,densenet_hn2
pneumonia:bacteria:1227,1,0.993806004524231,3,densenet_hn2
pneumonia:bacteria:1228,1,0.9999995231628418,2,densenet_hn2
pneumonia:bacteria:1230,1,0.9999282360076904,3,densenet_hn2
pneumonia:bacteria:1231,1,0.9999827146530151,2,densenet_hn2
pneumonia:bacteria:1233,1,0.9995618462562561,4,densenet_hn2
pneumonia:bacteria:1234,1,0.9999896883964539,0,densenet_hn2
pneumonia:bacteria:1235,1,0.9999949932098389,1,densenet_hn2
pneumonia:bacteria:1236,1,0.9999009370803833,1,densenet_hn2
pneumonia:bacteria:1237,1,0.9999668598175049,1,densenet_hn2
pneumonia:bacteria:1238,1,0.9999510049819946,2,densenet_hn2
pneumonia:bacteria:1239,1,0.9999582767486572,0,densenet_hn2
pneumonia:bacteria:1240,1,0.9998624324798584,1,densenet_hn2
pneumonia:bacteria:1241,1,0.9999755620956421,3,densenet_hn2
pneumonia:bacteria:1242,1,0.99817955493927,4,densenet_hn2
pneumonia:bacteria:1243,1,0.997591495513916,3,densenet_hn2
pneumonia:bacteria:1244,1,0.9995614886283875,0,densenet_hn2
pneumonia:bacteria:1246,1,0.9998437166213989,4,densenet_hn2
pneumonia:bacteria:1247,1,0.9999969005584717,1,densenet_hn2
pneumonia:bacteria:1248,1,0.999972939491272,2,densenet_hn2
pneumonia:bacteria:1249,1,0.9996538162231445,3,densenet_hn2
pneumonia:bacteria:1250,1,0.9999427795410156,0,densenet_hn2
pneumonia:bacteria:1251,1,0.9999306201934814,1,densenet_hn2
pneumonia:bacteria:1252,1,0.9999927282333374,2,densenet_hn2
pneumonia:bacteria:1253,1,0.9994483590126038,3,densenet_hn2
pneumonia:bacteria:1256,1,0.9997609257698059,4,densenet_hn2
pneumonia:bacteria:1257,1,0.9995461106300354,0,densenet_hn2
pneumonia:bacteria:1258,1,0.990949809551239,2,densenet_hn2
pneumonia:bacteria:1259,1,0.9999533891677856,1,densenet_hn2
pneumonia:bacteria:1260,1,0.9998677968978882,3,densenet_hn2
pneumonia:bacteria:1261,1,0.99101322889328,4,densenet_hn2
pneumonia:bacteria:1262,1,0.9994827508926392,4,densenet_hn2
pneumonia:bacteria:1263,1,0.9993983507156372,2,densenet_hn2
pneumonia:bacteria:1264,1,0.9975816011428833,4,densenet_hn2
pneumonia:bacteria:1265,1,0.9999731779098511,4,densenet_hn2
pneumonia:bacteria:1266,1,0.9999723434448242,0,densenet_hn2
pneumonia:bacteria:1267,1,0.9999984502792358,1,densenet_hn2
pneumonia:bacteria:1268,1,0.9999984502792358,2,densenet_hn2
pneumonia:bacteria:1269,1,0.9999357461929321,3,densenet_hn2
pneumonia:bacteria:1270,1,0.9999949932098389,1,densenet_hn2
pneumonia:bacteria:1271,1,0.08085083961486816,0,densenet_hn2
pneumonia:bacteria:1272,1,0.9962531328201294,2,densenet_hn2
pneumonia:bacteria:1273,1,0.9998565912246704,3,densenet_hn2
pneumonia:bacteria:1274,1,0.9996817708015442,4,densenet_hn2
pneumonia:bacteria:1275,1,0.9995088577270508,0,densenet_hn2
pneumonia:bacteria:1276,1,0.9999938011169434,1,densenet_hn2
pneumonia:bacteria:1277,1,0.9998875856399536,3,densenet_hn2
pneumonia:bacteria:1279,1,0.9999526739120483,2,densenet_hn2
pneumonia:bacteria:1280,1,0.9998737573623657,2,densenet_hn2
pneumonia:bacteria:1281,1,0.9999680519104004,4,densenet_hn2
pneumonia:bacteria:1282,1,0.9996587038040161,0,densenet_hn2
pneumonia:bacteria:1283,1,0.9999823570251465,1,densenet_hn2
pneumonia:bacteria:1284,1,0.9979390501976013,3,densenet_hn2
pneumonia:bacteria:1286,1,0.9998109936714172,0,densenet_hn2
pneumonia:bacteria:1287,1,0.9999468326568604,3,densenet_hn2
pneumonia:bacteria:1288,1,0.9999998807907104,2,densenet_hn2
pneumonia:bacteria:1289,1,0.9995803236961365,4,densenet_hn2
pneumonia:bacteria:1290,1,0.9984772801399231,4,densenet_hn2
pneumonia:bacteria:1292,1,0.999996542930603,0,densenet_hn2
pneumonia:bacteria:1294,1,0.9999325275421143,1,densenet_hn2
pneumonia:bacteria:1295,1,0.9992590546607971,3,densenet_hn2
pneumonia:bacteria:1297,1,0.9999933242797852,2,densenet_hn2
pneumonia:bacteria:1298,1,0.9996985197067261,4,densenet_hn2
pneumonia:bacteria:13,1,0.8796714544296265,0,densenet_hn2
pneumonia:bacteria:1300,1,0.9999978542327881,2,densenet_hn2
pneumonia:bacteria:1302,1,0.9999760389328003,1,densenet_hn2
pneumonia:bacteria:1303,1,0.9980937838554382,3,densenet_hn2
pneumonia:bacteria:1304,1,0.999565064907074,4,densenet_hn2
pneumonia:bacteria:1305,1,0.9993147850036621,0,densenet_hn2
pneumonia:bacteria:1306,1,0.9993937611579895,0,densenet_hn2
pneumonia:bacteria:1307,1,0.9999868869781494,1,densenet_hn2
pneumonia:bacteria:1308,1,0.9999786955969674,2,densenet_hn2
pneumonia:bacteria:1309,1,0.9999818801879883,3,densenet_hn2
pneumonia:bacteria:1310,1,0.9991954763730367,4,densenet_hn2
pneumonia:bacteria:1311,1,0.9999657869338989,0,densenet_hn2
pneumonia:bacteria:1312,1,0.9999767740567526,1,densenet_hn2
pneumonia:bacteria:1313,1,0.9999102354049683,2,densenet_hn2
pneumonia:bacteria:1315,1,0.999340832233429,3,densenet_hn2
pneumonia:bacteria:1316,1,0.9979173541069031,4,densenet_hn2
pneumonia:bacteria:1317,1,0.9955249428749084,0,densenet_hn2
pneumonia:bacteria:1318,1,0.9999584555625916,1,densenet_hn2
pneumonia:bacteria:1320,1,0.9968711321170514,2,densenet_hn2
pneumonia:bacteria:1321,1,0.9991656541824341,3,densenet_hn2
pneumonia:bacteria:1322,1,0.9996738433837891,4,densenet_hn2
pneumonia:bacteria:1323,1,0.9999133348464966,1,densenet_hn2
pneumonia:bacteria:1325,1,0.9999922513961792,4,densenet_hn2
pneumonia:bacteria:1326,1,0.9852002859115601,0,densenet_hn2
pneumonia:bacteria:1327,1,0.9996658861637115,2,densenet_hn2
pneumonia:bacteria:1328,1,0.9999644756317139,3,densenet_hn2
pneumonia:bacteria:1329,1,0.9997267127037048,0,densenet_hn2
pneumonia:bacteria:1331,1,0.9999862909317017,1,densenet_hn2
pneumonia:bacteria:1333,1,0.9997218996286392,2,densenet_hn2
pneumonia:bacteria:1338,1,0.999957005182902,1,densenet_hn2
pneumonia:bacteria:1339,1,0.999983549118042,1,densenet_hn2
pneumonia:bacteria:1340,1,0.9995424747467041,4,densenet_hn2
pneumonia:bacteria:1341,1,0.9991563558578491,2,densenet_hn2
pneumonia:bacteria:1342,1,0.9999914169311523,1,densenet_hn2
pneumonia:bacteria:1343,1,0.9992901219262017,4,densenet_hn2
pneumonia:bacteria:1344,1,0.9998418092727661,3,densenet_hn2
pneumonia:bacteria:1345,1,0.9907338519891103,0,densenet_hn2
pneumonia:bacteria:1346,1,0.9999650716781616,1,densenet_hn2
pneumonia:bacteria:1349,1,0.9945515990257263,2,densenet_hn2
pneumonia:bacteria:1351,1,0.9995213747024536,3,densenet_hn2
pneumonia:bacteria:1352,1,0.9740104079246521,4,densenet_hn2
pneumonia:bacteria:1353,1,0.9992743134498596,0,densenet_hn2
pneumonia:bacteria:1354,1,0.9985789060592651,1,densenet_hn2
pneumonia:bacteria:1355,1,0.9937867820262909,3,densenet_hn2
pneumonia:bacteria:1358,1,0.9951886832714081,2,densenet_hn2
pneumonia:bacteria:1361,1,0.9859314560890198,3,densenet_hn2
pneumonia:bacteria:1363,1,0.9994543492794037,4,densenet_hn2
pneumonia:bacteria:1365,1,0.9999958276748657,0,densenet_hn2
pneumonia:bacteria:1366,1,0.9991374015808105,4,densenet_hn2
pneumonia:bacteria:1372,1,0.9997257391611735,0,densenet_hn2
pneumonia:bacteria:1374,1,0.9988622665405273,1,densenet_hn2
pneumonia:bacteria:1375,1,0.9847884476184845,2,densenet_hn2
pneumonia:bacteria:1376,1,0.9998123049736023,3,densenet_hn2
pneumonia:bacteria:1377,1,0.9993568062782288,0,densenet_hn2
pneumonia:bacteria:1378,1,0.9999996423721313,0,densenet_hn2
pneumonia:bacteria:1379,1,0.9998598098754883,1,densenet_hn2
pneumonia:bacteria:1380,1,0.9998890161514282,2,densenet_hn2
pneumonia:bacteria:1381,1,0.9999653100967407,3,densenet_hn2
pneumonia:bacteria:1383,1,0.999160647392273,4,densenet_hn2
pneumonia:bacteria:1384,1,0.9999556541442871,0,densenet_hn2
pneumonia:bacteria:1385,1,0.9998328685760498,2,densenet_hn2
pneumonia:bacteria:1388,1,0.9985613226890564,1,densenet_hn2
pneumonia:bacteria:1389,1,0.9995075464248657,2,densenet_hn2
pneumonia:bacteria:1390,1,0.9999909996986389,1,densenet_hn2
pneumonia:bacteria:1391,1,0.9991611242294312,4,densenet_hn2
pneumonia:bacteria:1392,1,0.9830455780029297,3,densenet_hn2
pneumonia:bacteria:1395,1,0.9984204769134521,0,densenet_hn2
pneumonia:bacteria:1396,1,0.9945953488349915,2,densenet_hn2
pneumonia:bacteria:1398,1,0.9941824078559875,1,densenet_hn2
pneumonia:bacteria:1399,1,0.8863012194633484,3,densenet_hn2
pneumonia:bacteria:14,1,0.9999856948852539,1,densenet_hn2
pneumonia:bacteria:1400,1,0.9969444274902344,2,densenet_hn2
pneumonia:bacteria:1401,1,0.9997835755348206,4,densenet_hn2
pneumonia:bacteria:1403,1,0.9999834895133972,1,densenet_hn2
pneumonia:bacteria:1404,1,0.999993085861206,2,densenet_hn2
pneumonia:bacteria:1405,1,0.9986740112304687,0,densenet_hn2
pneumonia:bacteria:1406,1,0.9996075630187988,4,densenet_hn2
pneumonia:bacteria:1408,1,0.9999315142631531,3,densenet_hn2
pneumonia:bacteria:1409,1,0.9717112183570862,4,densenet_hn2
pneumonia:bacteria:1411,1,0.9985598054799166,0,densenet_hn2
pneumonia:bacteria:1412,1,0.9992640614509583,1,densenet_hn2
pneumonia:bacteria:1413,1,0.9997654259204865,2,densenet_hn2
pneumonia:bacteria:1414,1,0.998489111661911,3,densenet_hn2
pneumonia:bacteria:1415,1,0.9996980428695679,3,densenet_hn2
pneumonia:bacteria:1417,1,0.9979519248008728,0,densenet_hn2
pneumonia:bacteria:1418,1,0.8433713555335999,4,densenet_hn2
pneumonia:bacteria:1419,1,0.9999834299087524,2,densenet_hn2
pneumonia:bacteria:1420,1,0.9928539395332336,0,densenet_hn2
pneumonia:bacteria:1422,1,0.9999809265136719,4,densenet_hn2
pneumonia:bacteria:1423,1,0.9999786615371704,1,densenet_hn2
pneumonia:bacteria:1424,1,0.9999905824661255,2,densenet_hn2
pneumonia:bacteria:1426,1,0.9999447464942932,3,densenet_hn2
pneumonia:bacteria:1429,1,0.9514184395472208,0,densenet_hn2
pneumonia:bacteria:1430,1,0.9993355989456176,1,densenet_hn2
pneumonia:bacteria:1431,1,0.9787716865539551,3,densenet_hn2
pneumonia:bacteria:1432,1,0.9999111890792847,3,densenet_hn2
pneumonia:bacteria:1433,1,0.9999812444051107,1,densenet_hn2
pneumonia:bacteria:1436,1,0.9999388456344604,2,densenet_hn2
pneumonia:bacteria:1438,1,0.9994266629219055,4,densenet_hn2
pneumonia:bacteria:1439,1,0.7457761764526367,0,densenet_hn2
pneumonia:bacteria:1440,1,0.9999847412109375,1,densenet_hn2
pneumonia:bacteria:1441,1,0.9980594515800476,2,densenet_hn2
pneumonia:bacteria:1442,1,0.996254563331604,3,densenet_hn2
pneumonia:bacteria:1444,1,0.9942160248756409,4,densenet_hn2
pneumonia:bacteria:1445,1,0.9999209046363831,1,densenet_hn2
pneumonia:bacteria:1446,1,0.999920646349589,0,densenet_hn2
pneumonia:bacteria:1447,1,0.9999881982803345,3,densenet_hn2
pneumonia:bacteria:1449,1,0.975322499871254,4,densenet_hn2
pneumonia:bacteria:1450,1,0.9995959401130676,1,densenet_hn2
pneumonia:bacteria:1453,1,0.7270359794298807,4,densenet_hn2
pneumonia:bacteria:1454,1,0.9995666046937307,2,densenet_hn2
pneumonia:bacteria:1455,1,0.9997588992118835,4,densenet_hn2
pneumonia:bacteria:1459,1,0.9991414546966553,0,densenet_hn2
pneumonia:bacteria:1460,1,0.9994531869888306,1,densenet_hn2
pneumonia:bacteria:1463,1,0.9999977747599283,2,densenet_hn2
pneumonia:bacteria:1468,1,0.9997745156288147,3,densenet_hn2
pneumonia:bacteria:1469,1,0.99785977602005,2,densenet_hn2
pneumonia:bacteria:1470,1,0.9988171756267548,0,densenet_hn2
pneumonia:bacteria:1471,1,0.9999306201934814,4,densenet_hn2
pneumonia:bacteria:1472,1,0.999159961938858,0,densenet_hn2
pneumonia:bacteria:1473,1,0.9999738931655884,1,densenet_hn2
pneumonia:bacteria:1474,1,0.9996009469032288,2,densenet_hn2
pneumonia:bacteria:1476,1,0.9999659061431885,3,densenet_hn2
pneumonia:bacteria:1478,1,0.99991774559021,4,densenet_hn2
pneumonia:bacteria:1480,1,0.9999822974205017,0,densenet_hn2
pneumonia:bacteria:1481,1,0.9999462706702096,2,densenet_hn2
pneumonia:bacteria:1482,1,0.999991238117218,1,densenet_hn2
pneumonia:bacteria:1483,1,0.9999488592147827,3,densenet_hn2
pneumonia:bacteria:1484,1,0.999853253364563,4,densenet_hn2
pneumonia:bacteria:1486,1,0.999136358499527,0,densenet_hn2
pneumonia:bacteria:1488,1,0.9998998641967773,1,densenet_hn2
pneumonia:bacteria:1489,1,0.9999961853027344,2,densenet_hn2
pneumonia:bacteria:1490,1,0.9992542862892151,4,densenet_hn2
pneumonia:bacteria:1491,1,0.983490526676178,3,densenet_hn2
pneumonia:bacteria:1492,1,0.9999210834503174,0,densenet_hn2
pneumonia:bacteria:1493,1,0.9999255299568176,0,densenet_hn2
pneumonia:bacteria:1494,1,0.9999085664749146,1,densenet_hn2
pneumonia:bacteria:1496,1,0.996653539793832,3,densenet_hn2
pneumonia:bacteria:1497,1,0.999963641166687,2,densenet_hn2
pneumonia:bacteria:1499,1,0.9995428323745728,4,densenet_hn2
pneumonia:bacteria:15,1,0.9976219534873962,4,densenet_hn2
pneumonia:bacteria:1500,1,0.7141922116279602,2,densenet_hn2
pneumonia:bacteria:1502,1,0.9690015656607491,2,densenet_hn2
pneumonia:bacteria:1504,1,0.9989902377128601,3,densenet_hn2
pneumonia:bacteria:1506,1,0.19824808835983276,0,densenet_hn2
pneumonia:bacteria:1507,1,0.9990581497550011,1,densenet_hn2
pneumonia:bacteria:1508,1,0.9996743202209473,3,densenet_hn2
pneumonia:bacteria:1509,1,0.12043886631727219,0,densenet_hn2
pneumonia:bacteria:1511,1,0.9999942779541016,1,densenet_hn2
pneumonia:bacteria:1512,1,0.9999953508377075,2,densenet_hn2
pneumonia:bacteria:1513,1,0.999882698059082,3,densenet_hn2
pneumonia:bacteria:1514,1,0.9963573813438416,3,densenet_hn2
pneumonia:bacteria:1517,1,0.9999392032623291,4,densenet_hn2
pneumonia:bacteria:1518,1,0.7476744055747986,4,densenet_hn2
pneumonia:bacteria:1519,1,0.9983811378479004,0,densenet_hn2
pneumonia:bacteria:1520,1,0.9999922513961792,1,densenet_hn2
pneumonia:bacteria:1522,1,0.9940794706344604,3,densenet_hn2
pneumonia:bacteria:1523,1,0.9999718070030212,2,densenet_hn2
pneumonia:bacteria:1524,1,0.9997668564319611,3,densenet_hn2
pneumonia:bacteria:1525,1,0.9993937015533447,0,densenet_hn2
pneumonia:bacteria:1526,1,0.9999749660491943,2,densenet_hn2
pneumonia:bacteria:1527,1,0.963980495929718,3,densenet_hn2
pneumonia:bacteria:1528,1,0.9997994303703308,0,densenet_hn2
pneumonia:bacteria:1530,1,0.9999902248382568,1,densenet_hn2
pneumonia:bacteria:1531,1,0.9996815919876099,4,densenet_hn2
pneumonia:bacteria:1535,1,0.9923895994822184,0,densenet_hn2
pneumonia:bacteria:1536,1,0.9999091625213623,1,densenet_hn2
pneumonia:bacteria:1537,1,0.9546680748462677,3,densenet_hn2
pneumonia:bacteria:1538,1,0.9704646468162537,2,densenet_hn2
pneumonia:bacteria:1539,1,0.9999985694885254,3,densenet_hn2
pneumonia:bacteria:1540,1,0.9859839081764221,4,densenet_hn2
pneumonia:bacteria:1542,1,0.9999265670776367,1,densenet_hn2
pneumonia:bacteria:1544,1,0.9974817782640457,2,densenet_hn2
pneumonia:bacteria:1545,1,0.9999909400939941,2,densenet_hn2
pneumonia:bacteria:1546,1,0.999992847442627,0,densenet_hn2
pneumonia:bacteria:1548,1,0.9993658661842346,4,densenet_hn2
pneumonia:bacteria:1549,1,0.999907374382019,3,densenet_hn2
pneumonia:bacteria:1550,1,0.997438907623291,4,densenet_hn2
pneumonia:bacteria:1551,1,0.9997663497924805,3,densenet_hn2
pneumonia:bacteria:1552,1,0.9843761920928955,0,densenet_hn2
pneumonia:bacteria:1554,1,0.9999942779541016,1,densenet_hn2
pneumonia:bacteria:1555,1,0.9999525944391886,2,densenet_hn2
pneumonia:bacteria:1556,1,0.999990701675415,4,densenet_hn2
pneumonia:bacteria:1557,1,0.9838139414787292,0,densenet_hn2
pneumonia:bacteria:1558,1,0.9999996423721313,1,densenet_hn2
pneumonia:bacteria:1559,1,0.9999929666519165,2,densenet_hn2
pneumonia:bacteria:1561,1,0.9997342228889465,4,densenet_hn2
pneumonia:bacteria:1562,1,0.999996155500412,2,densenet_hn2
pneumonia:bacteria:1563,1,0.9997740387916565,3,densenet_hn2
pneumonia:bacteria:1564,1,0.9999997615814209,2,densenet_hn2
pneumonia:bacteria:1565,1,0.9761402606964111,0,densenet_hn2
pneumonia:bacteria:1566,1,0.9999992847442627,1,densenet_hn2
pneumonia:bacteria:1567,1,0.9921581745147705,1,densenet_hn2
pneumonia:bacteria:1571,1,0.9996793568134308,3,densenet_hn2
pneumonia:bacteria:1574,1,0.9996721744537354,4,densenet_hn2
pneumonia:bacteria:1575,1,0.9999960660934448,0,densenet_hn2
pneumonia:bacteria:1576,1,0.9999964982271194,2,densenet_hn2
pneumonia:bacteria:1579,1,0.9994125366210938,3,densenet_hn2
pneumonia:bacteria:1581,1,0.9999924898147583,1,densenet_hn2
pneumonia:bacteria:1582,1,0.9989816427230835,4,densenet_hn2
pneumonia:bacteria:1583,1,0.997641921043396,0,densenet_hn2
pneumonia:bacteria:1584,1,0.999904602766037,0,densenet_hn2
pneumonia:bacteria:1585,1,0.999966541926066,1,densenet_hn2
pneumonia:bacteria:1589,1,0.9946122765541077,2,densenet_hn2
pneumonia:bacteria:1590,1,0.9986810684204102,3,densenet_hn2
pneumonia:bacteria:1591,1,0.9980382323265076,4,densenet_hn2
pneumonia:bacteria:1592,1,0.9980747699737549,0,densenet_hn2
pneumonia:bacteria:1594,1,0.9996609687805176,4,densenet_hn2
pneumonia:bacteria:1595,1,0.9787181615829468,4,densenet_hn2
pneumonia:bacteria:1596,1,0.9110094904899597,0,densenet_hn2
pneumonia:bacteria:1597,1,0.9854908883571625,0,densenet_hn2
pneumonia:bacteria:1598,1,0.9998954733212789,1,densenet_hn2
pneumonia:bacteria:1599,1,0.9996057748794556,2,densenet_hn2
pneumonia:bacteria:16,1,0.9974443713823954,3,densenet_hn2
pneumonia:bacteria:1600,1,0.9970166683197021,0,densenet_hn2
pneumonia:bacteria:1601,1,0.9992414116859436,2,densenet_hn2
pneumonia:bacteria:1602,1,0.999942421913147,1,densenet_hn2
pneumonia:bacteria:1605,1,0.9999899864196777,4,densenet_hn2
pneumonia:bacteria:1607,1,0.9998401403427124,3,densenet_hn2
pneumonia:bacteria:1608,1,0.9999969005584717,0,densenet_hn2
pneumonia:bacteria:1609,1,0.9999558528264364,1,densenet_hn2
pneumonia:bacteria:1610,1,0.9999973773956299,2,densenet_hn2
pneumonia:bacteria:1611,1,0.9988003969192505,4,densenet_hn2
pneumonia:bacteria:1613,1,0.9977936744689941,3,densenet_hn2
pneumonia:bacteria:1614,1,0.9999985694885254,3,densenet_hn2
pneumonia:bacteria:1615,1,0.9993226528167725,2,densenet_hn2
pneumonia:bacteria:1616,1,0.9999971389770508,0,densenet_hn2
pneumonia:bacteria:1617,1,0.9999771515528361,1,densenet_hn2
pneumonia:bacteria:1618,1,0.9999071359634399,2,densenet_hn2
pneumonia:bacteria:1619,1,0.9997408539056778,4,densenet_hn2
pneumonia:bacteria:1620,1,0.9999685287475586,1,densenet_hn2
pneumonia:bacteria:1625,1,0.6761828660964966,4,densenet_hn2
pneumonia:bacteria:1626,1,0.9999632835388184,0,densenet_hn2
pneumonia:bacteria:1628,1,0.9998029371102651,1,densenet_hn2
pneumonia:bacteria:1629,1,0.9973848462104797,4,densenet_hn2
pneumonia:bacteria:1630,1,0.9921707510948181,0,densenet_hn2
pneumonia:bacteria:1634,1,0.9998734394709269,2,densenet_hn2
pneumonia:bacteria:1635,1,0.9998030066490173,3,densenet_hn2
pneumonia:bacteria:1636,1,0.9622365832328796,0,densenet_hn2
pneumonia:bacteria:1637,1,0.9969843029975891,1,densenet_hn2
pneumonia:bacteria:1638,1,0.9987106521924337,1,densenet_hn2
pneumonia:bacteria:1639,1,0.9999952614307404,2,densenet_hn2
pneumonia:bacteria:1640,1,0.9999698400497437,4,densenet_hn2
pneumonia:bacteria:1641,1,0.9999911785125732,3,densenet_hn2
pneumonia:bacteria:1642,1,0.9995522797107697,3,densenet_hn2
pneumonia:bacteria:1643,1,0.9996777772903442,4,densenet_hn2
pneumonia:bacteria:1644,1,0.9998979568481445,3,densenet_hn2
pneumonia:bacteria:1645,1,0.9934367537498474,4,densenet_hn2
pneumonia:bacteria:1646,1,0.9999626874923706,0,densenet_hn2
pneumonia:bacteria:1647,1,0.9999942779541016,2,densenet_hn2
pneumonia:bacteria:1648,1,0.9999931653340658,2,densenet_hn2
pneumonia:bacteria:1649,1,0.9999311963717142,1,densenet_hn2
pneumonia:bacteria:1651,1,0.9999760389328003,2,densenet_hn2
pneumonia:bacteria:1652,1,0.9999362230300903,4,densenet_hn2
pneumonia:bacteria:1657,1,0.9999692440032959,1,densenet_hn2
pneumonia:bacteria:1658,1,0.9998722076416016,3,densenet_hn2
pneumonia:bacteria:1660,1,0.9999817609786987,3,densenet_hn2
pneumonia:bacteria:1661,1,0.9998559951782227,4,densenet_hn2
pneumonia:bacteria:1663,1,0.999993622303009,1,densenet_hn2
pneumonia:bacteria:1665,1,0.9999691247940063,0,densenet_hn2
pneumonia:bacteria:1666,1,0.9981476068496704,2,densenet_hn2
pneumonia:bacteria:1667,1,0.9986574649810791,0,densenet_hn2
pneumonia:bacteria:1668,1,0.9999178051948547,1,densenet_hn2
pneumonia:bacteria:1669,1,0.9999312957127889,3,densenet_hn2
pneumonia:bacteria:1670,1,0.9996649026870728,4,densenet_hn2
pneumonia:bacteria:1671,1,0.9999145269393921,2,densenet_hn2
pneumonia:bacteria:1673,1,0.999881386756897,2,densenet_hn2
pneumonia:bacteria:1674,1,0.9089013934135437,4,densenet_hn2
pneumonia:bacteria:1676,1,0.9998432397842407,4,densenet_hn2
pneumonia:bacteria:1677,1,0.9999693036079407,0,densenet_hn2
pneumonia:bacteria:1678,1,0.9942797422409058,1,densenet_hn2
pneumonia:bacteria:1679,1,0.9998828649520874,1,densenet_hn2
pneumonia:bacteria:1680,1,0.9999485015869141,2,densenet_hn2
pneumonia:bacteria:1682,1,0.9953126907348633,3,densenet_hn2
pneumonia:bacteria:1683,1,0.9997194409370422,0,densenet_hn2
pneumonia:bacteria:1684,1,0.9999825954437256,3,densenet_hn2
pneumonia:bacteria:1685,1,0.9975426197052002,0,densenet_hn2
pneumonia:bacteria:1686,1,0.9999277591705322,1,densenet_hn2
pneumonia:bacteria:1687,1,0.999998927116394,2,densenet_hn2
pneumonia:bacteria:1689,1,0.9999217589696249,4,densenet_hn2
pneumonia:bacteria:1690,1,0.6831719875335693,0,densenet_hn2
pneumonia:bacteria:1691,1,0.999980092048645,1,densenet_hn2
pneumonia:bacteria:1693,1,0.9999936819076538,4,densenet_hn2
pneumonia:bacteria:1695,1,0.9999890327453613,2,densenet_hn2
pneumonia:bacteria:1696,1,0.9999996423721313,2,densenet_hn2
pneumonia:bacteria:1697,1,0.9993155002593994,3,densenet_hn2
pneumonia:bacteria:1698,1,0.9966386556625366,1,densenet_hn2
pneumonia:bacteria:1699,1,0.9998270869255066,3,densenet_hn2
pneumonia:bacteria:17,1,0.9939963817596436,4,densenet_hn2
pneumonia:bacteria:1700,1,0.9982485771179199,0,densenet_hn2
pneumonia:bacteria:1701,1,0.9999713897705078,2,densenet_hn2
pneumonia:bacteria:1702,1,0.9996264934539795,2,densenet_hn2
pneumonia:bacteria:1705,1,0.9999986886978149,0,densenet_hn2
pneumonia:bacteria:1706,1,0.9999939203262329,3,densenet_hn2
pneumonia:bacteria:1707,1,0.9999853372573853,1,densenet_hn2
pneumonia:bacteria:1708,1,0.7655724287033081,3,densenet_hn2
pneumonia:bacteria:1709,1,0.9821826020876566,4,densenet_hn2
pneumonia:bacteria:1710,1,0.9994677901268005,3,densenet_hn2
pneumonia:bacteria:1711,1,0.9988155364990234,0,densenet_hn2
pneumonia:bacteria:1712,1,0.9999778270721436,3,densenet_hn2
pneumonia:bacteria:1713,1,0.9979092478752136,1,densenet_hn2
pneumonia:bacteria:1715,1,0.9999605417251587,2,densenet_hn2
pneumonia:bacteria:1716,1,0.9999129772186279,4,densenet_hn2
pneumonia:bacteria:1717,1,0.9999585747718811,1,densenet_hn2
pneumonia:bacteria:1718,1,0.9986164569854736,3,densenet_hn2
pneumonia:bacteria:1719,1,0.9999901453653971,0,densenet_hn2
pneumonia:bacteria:1720,1,0.9999934434890747,2,densenet_hn2
pneumonia:bacteria:1721,1,0.9996905326843262,4,densenet_hn2
pneumonia:bacteria:1722,1,0.9997525811195374,0,densenet_hn2
pneumonia:bacteria:1723,1,0.9999395608901978,2,densenet_hn2
pneumonia:bacteria:1724,1,0.9999982118606567,1,densenet_hn2
pneumonia:bacteria:1725,1,0.999843180179596,4,densenet_hn2
pneumonia:bacteria:1726,1,0.9996065497398376,3,densenet_hn2
pneumonia:bacteria:1728,1,0.9998875260353088,4,densenet_hn2
pneumonia:bacteria:1729,1,0.9996984004974365,4,densenet_hn2
pneumonia:bacteria:1730,1,0.9999669194221497,0,densenet_hn2
pneumonia:bacteria:1731,1,0.999975323677063,1,densenet_hn2
pneumonia:bacteria:1732,1,0.9999959468841553,2,densenet_hn2
pneumonia:bacteria:1733,1,0.9999099969863892,3,densenet_hn2
pneumonia:bacteria:1735,1,0.9989093542098999,3,densenet_hn2
pneumonia:bacteria:1737,1,0.9940021634101868,0,densenet_hn2
pneumonia:bacteria:1739,1,0.9999978542327881,1,densenet_hn2
pneumonia:bacteria:1740,1,0.9999914169311523,2,densenet_hn2
pneumonia:bacteria:1744,1,0.9994412064552307,0,densenet_hn2
pneumonia:bacteria:1745,1,0.9993647933006287,4,densenet_hn2
pneumonia:bacteria:1746,1,0.9999908208847046,1,densenet_hn2
pneumonia:bacteria:1748,1,0.9995647072792053,0,densenet_hn2
pneumonia:bacteria:1749,1,0.9999825954437256,2,densenet_hn2
pneumonia:bacteria:1751,1,0.9999909400939941,3,densenet_hn2
pneumonia:bacteria:1753,1,0.9998657703399658,4,densenet_hn2
pneumonia:bacteria:1756,1,0.9948588609695435,0,densenet_hn2
pneumonia:bacteria:1757,1,0.9999747276306152,3,densenet_hn2
pneumonia:bacteria:1758,1,0.9908272624015808,1,densenet_hn2
pneumonia:bacteria:1760,1,0.9999938011169434,2,densenet_hn2
pneumonia:bacteria:1761,1,0.9998213648796082,4,densenet_hn2
pneumonia:bacteria:1763,1,0.9999839067459106,0,densenet_hn2
pneumonia:bacteria:1764,1,0.999830961227417,2,densenet_hn2
pneumonia:bacteria:1765,1,0.9883804321289062,1,densenet_hn2
pneumonia:bacteria:1770,1,0.9999160170555115,4,densenet_hn2
pneumonia:bacteria:1771,1,0.9971615076065063,3,densenet_hn2
pneumonia:bacteria:1777,1,0.9999145269393921,0,densenet_hn2
pneumonia:bacteria:1779,1,0.9999977350234985,1,densenet_hn2
pneumonia:bacteria:1784,1,0.9999990463256836,2,densenet_hn2
pneumonia:bacteria:1787,1,0.9999915361404419,3,densenet_hn2
pneumonia:bacteria:1790,1,0.9999767541885376,4,densenet_hn2
pneumonia:bacteria:1796,1,0.9999103546142578,3,densenet_hn2
pneumonia:bacteria:1799,1,0.9998964071273804,4,densenet_hn2
pneumonia:bacteria:18,1,0.919633686542511,3,densenet_hn2
pneumonia:bacteria:1803,1,0.9999977946281433,1,densenet_hn2
pneumonia:bacteria:1810,1,0.9970136880874634,4,densenet_hn2
pneumonia:bacteria:1812,1,0.9999874830245972,0,densenet_hn2
pneumonia:bacteria:1814,1,0.9999969005584717,1,densenet_hn2
pneumonia:bacteria:1816,1,0.9999979138374329,2,densenet_hn2
pneumonia:bacteria:1817,1,0.9999985694885254,0,densenet_hn2
pneumonia:bacteria:1818,1,0.9998503923416138,1,densenet_hn2
pneumonia:bacteria:1819,1,0.9999669790267944,3,densenet_hn2
pneumonia:bacteria:1823,1,0.9999852180480957,1,densenet_hn2
pneumonia:bacteria:1830,1,0.9814913272857666,4,densenet_hn2
pneumonia:bacteria:1835,1,0.9993734955787659,2,densenet_hn2
pneumonia:bacteria:1838,1,0.9999871253967285,1,densenet_hn2
pneumonia:bacteria:1839,1,0.9966818690299988,0,densenet_hn2
pneumonia:bacteria:1841,1,0.999569833278656,1,densenet_hn2
pneumonia:bacteria:1843,1,0.9852584600448608,4,densenet_hn2
pneumonia:bacteria:1847,1,0.999886155128479,2,densenet_hn2
pneumonia:bacteria:1848,1,0.9997149109840393,3,densenet_hn2
pneumonia:bacteria:1850,1,0.9999628067016602,4,densenet_hn2
pneumonia:bacteria:1851,1,0.9998400211334229,1,densenet_hn2
pneumonia:bacteria:1852,1,0.9981902241706848,4,densenet_hn2
pneumonia:bacteria:1855,1,0.9984873533248901,2,densenet_hn2
pneumonia:bacteria:1857,1,0.999954104423523,0,densenet_hn2
pneumonia:bacteria:1858,1,0.9999984502792358,3,densenet_hn2
pneumonia:bacteria:1859,1,0.9999457597732544,0,densenet_hn2
pneumonia:bacteria:1860,1,0.9994602799415588,4,densenet_hn2
pneumonia:bacteria:1863,1,0.9999450445175171,2,densenet_hn2
pneumonia:bacteria:1864,1,0.9991163611412048,3,densenet_hn2
pneumonia:bacteria:1865,1,0.9864997863769531,4,densenet_hn2
pneumonia:bacteria:1866,1,0.9996032118797302,0,densenet_hn2
pneumonia:bacteria:1867,1,0.9996227025985718,1,densenet_hn2
pneumonia:bacteria:1868,1,0.9999964237213135,2,densenet_hn2
pneumonia:bacteria:1869,1,0.9993613362312317,2,densenet_hn2
pneumonia:bacteria:1872,1,0.99858558177948,0,densenet_hn2
pneumonia:bacteria:1875,1,0.9999992847442627,1,densenet_hn2
pneumonia:bacteria:1876,1,0.9998921155929565,2,densenet_hn2
pneumonia:bacteria:1877,1,0.9972624778747559,3,densenet_hn2
pneumonia:bacteria:1879,1,0.999970555305481,4,densenet_hn2
pneumonia:bacteria:1880,1,0.9999845027923584,2,densenet_hn2
pneumonia:bacteria:1881,1,0.9998657703399658,2,densenet_hn2
pneumonia:bacteria:1883,1,0.9992269277572632,0,densenet_hn2
pneumonia:bacteria:1884,1,0.9999819993972778,1,densenet_hn2
pneumonia:bacteria:1885,1,0.9987969398498535,3,densenet_hn2
pneumonia:bacteria:1886,1,0.9999302625656128,4,densenet_hn2
pneumonia:bacteria:1888,1,0.9999916553497314,2,densenet_hn2
pneumonia:bacteria:1893,1,0.999941349029541,0,densenet_hn2
pneumonia:bacteria:1896,1,0.9999784231185913,1,densenet_hn2
pneumonia:bacteria:1897,1,0.9999980926513672,2,densenet_hn2
pneumonia:bacteria:19,1,0.9881270527839661,3,densenet_hn2
pneumonia:bacteria:1901,1,0.9997031092643738,4,densenet_hn2
pneumonia:bacteria:1903,1,0.9999817609786987,0,densenet_hn2
pneumonia:bacteria:1904,1,0.9999940395355225,2,densenet_hn2
pneumonia:bacteria:1905,1,0.8924257755279541,4,densenet_hn2
pneumonia:bacteria:1906,1,0.9999984502792358,1,densenet_hn2
pneumonia:bacteria:1907,1,0.9998998641967773,3,densenet_hn2
pneumonia:bacteria:1908,1,0.999947190284729,3,densenet_hn2
pneumonia:bacteria:1910,1,0.9999749660491943,0,densenet_hn2
pneumonia:bacteria:1911,1,0.9999545812606812,1,densenet_hn2
pneumonia:bacteria:1912,1,0.999988317489624,2,densenet_hn2
pneumonia:bacteria:1916,1,0.9998645782470703,4,densenet_hn2
pneumonia:bacteria:1917,1,0.9980012774467468,0,densenet_hn2
pneumonia:bacteria:1918,1,0.9999299049377441,0,densenet_hn2
pneumonia:bacteria:1921,1,0.9982327222824097,2,densenet_hn2
pneumonia:bacteria:1922,1,0.9979531764984131,1,densenet_hn2
pneumonia:bacteria:1923,1,0.9999929666519165,3,densenet_hn2
pneumonia:bacteria:1924,1,0.8907076716423035,4,densenet_hn2
pneumonia:bacteria:1926,1,0.9999963045120239,0,densenet_hn2
pneumonia:bacteria:1927,1,0.9999670386314392,2,densenet_hn2
pneumonia:bacteria:1929,1,0.9996292591094971,2,densenet_hn2
pneumonia:bacteria:1930,1,0.9997962117195129,1,densenet_hn2
pneumonia:bacteria:1931,1,0.9999204874038696,1,densenet_hn2
pneumonia:bacteria:1932,1,0.9999940395355225,1,densenet_hn2
pneumonia:bacteria:1933,1,0.9999666213989258,3,densenet_hn2
pneumonia:bacteria:1934,1,0.9999501705169678,4,densenet_hn2
pneumonia:bacteria:1935,1,0.9998597949743271,2,densenet_hn2
pneumonia:bacteria:1936,1,0.999762237071991,0,densenet_hn2
pneumonia:bacteria:1937,1,0.9999831914901733,1,densenet_hn2
pneumonia:bacteria:1938,1,0.9999891519546509,3,densenet_hn2
pneumonia:bacteria:1940,1,0.9997064272562662,4,densenet_hn2
pneumonia:bacteria:1941,1,0.9436437487602234,0,densenet_hn2
pneumonia:bacteria:1942,1,0.636674702167511,1,densenet_hn2
pneumonia:bacteria:1943,1,0.9999426603317261,3,densenet_hn2
pneumonia:bacteria:1944,1,0.9992215633392334,4,densenet_hn2
pneumonia:bacteria:1945,1,0.9947645664215088,4,densenet_hn2
pneumonia:bacteria:1946,1,0.9998967349529266,2,densenet_hn2
pneumonia:bacteria:1947,1,0.9994667172431946,1,densenet_hn2
pneumonia:bacteria:1949,1,0.9980223178863525,3,densenet_hn2
pneumonia:bacteria:1950,1,0.9972934126853943,3,densenet_hn2
pneumonia:bacteria:1951,1,0.984759509563446,0,densenet_hn2
pneumonia:bacteria:1952,1,0.9998258948326111,2,densenet_hn2
pneumonia:bacteria:1954,1,0.9988952875137329,0,densenet_hn2
pneumonia:bacteria:2,1,0.9998942017555237,3,densenet_hn2
pneumonia:bacteria:20,1,0.9993205189704895,1,densenet_hn2
pneumonia:bacteria:21,1,0.8201125264167786,2,densenet_hn2
pneumonia:bacteria:22,1,0.998512883981069,4,densenet_hn2
pneumonia:bacteria:23,1,0.9990812917550405,1,densenet_hn2
pneumonia:bacteria:24,1,0.9993900179862976,2,densenet_hn2
pneumonia:bacteria:25,1,0.9992133246527778,0,densenet_hn2
pneumonia:bacteria:253,1,0.9984346926212311,3,densenet_hn2
pneumonia:bacteria:255,1,0.999520446572985,3,densenet_hn2
pneumonia:bacteria:256,1,0.9994872808456421,1,densenet_hn2
pneumonia:bacteria:257,1,0.999508872628212,0,densenet_hn2
pneumonia:bacteria:258,1,0.9999643743038178,3,densenet_hn2
pneumonia:bacteria:259,1,0.9995938539505005,4,densenet_hn2
pneumonia:bacteria:26,1,0.998851093378934,0,densenet_hn2
pneumonia:bacteria:260,1,0.9999816417694092,1,densenet_hn2
pneumonia:bacteria:261,1,0.9999599456787109,2,densenet_hn2
pneumonia:bacteria:262,1,0.9511927366256714,3,densenet_hn2
pneumonia:bacteria:263,1,0.9968170523643494,4,densenet_hn2
pneumonia:bacteria:264,1,0.9912428259849548,4,densenet_hn2
pneumonia:bacteria:265,1,0.997869074344635,0,densenet_hn2
pneumonia:bacteria:266,1,0.9997467669573697,3,densenet_hn2
pneumonia:bacteria:267,1,0.9999918937683105,1,densenet_hn2
pneumonia:bacteria:27,1,0.9094436764717102,2,densenet_hn2
pneumonia:bacteria:274,1,0.8628180623054504,4,densenet_hn2
pneumonia:bacteria:275,1,0.9987109899520874,1,densenet_hn2
pneumonia:bacteria:276,1,0.9999716997146606,0,densenet_hn2
pneumonia:bacteria:277,1,0.9983886033296585,1,densenet_hn2
pneumonia:bacteria:278,1,0.999754786491394,2,densenet_hn2
pneumonia:bacteria:279,1,0.7899148762226105,3,densenet_hn2
pneumonia:bacteria:28,1,0.9990551471710205,4,densenet_hn2
pneumonia:bacteria:280,1,0.9921449422836304,3,densenet_hn2
pneumonia:bacteria:281,1,0.9952040639790621,0,densenet_hn2
pneumonia:bacteria:287,1,0.9988741874694824,1,densenet_hn2
pneumonia:bacteria:29,1,0.9999948740005493,2,densenet_hn2
pneumonia:bacteria:290,1,0.9998883008956909,4,densenet_hn2
pneumonia:bacteria:291,1,0.9999401966730753,0,densenet_hn2
pneumonia:bacteria:292,1,0.9998980760574341,0,densenet_hn2
pneumonia:bacteria:293,1,0.3231097459793091,3,densenet_hn2
pneumonia:bacteria:294,1,0.9999795854091644,0,densenet_hn2
pneumonia:bacteria:295,1,0.9992032051086426,1,densenet_hn2
pneumonia:bacteria:296,1,0.992592453956604,4,densenet_hn2
pneumonia:bacteria:297,1,0.9999790191650391,2,densenet_hn2
pneumonia:bacteria:298,1,0.9952340722084045,4,densenet_hn2
pneumonia:bacteria:299,1,0.955348014831543,0,densenet_hn2
pneumonia:bacteria:3,1,0.99998939037323,1,densenet_hn2
pneumonia:bacteria:30,1,0.999795777457101,2,densenet_hn2
pneumonia:bacteria:300,1,0.939104954401652,3,densenet_hn2
pneumonia:bacteria:301,1,0.9996654838323593,4,densenet_hn2
pneumonia:bacteria:302,1,0.9999899864196777,0,densenet_hn2
pneumonia:bacteria:303,1,0.9992085099220276,1,densenet_hn2
pneumonia:bacteria:305,1,0.9998887379964193,4,densenet_hn2
pneumonia:bacteria:306,1,0.9999526143074036,2,densenet_hn2
pneumonia:bacteria:307,1,0.9980015158653259,3,densenet_hn2
pneumonia:bacteria:308,1,0.99940025806427,0,densenet_hn2
pneumonia:bacteria:309,1,0.9971756041049957,2,densenet_hn2
pneumonia:bacteria:31,1,0.9998164057731629,3,densenet_hn2
pneumonia:bacteria:310,1,0.9997557103633881,1,densenet_hn2
pneumonia:bacteria:311,1,0.708082303404808,2,densenet_hn2
pneumonia:bacteria:312,1,0.9984725117683411,4,densenet_hn2
pneumonia:bacteria:313,1,0.9999069273471832,0,densenet_hn2
pneumonia:bacteria:314,1,0.9997090101242065,2,densenet_hn2
pneumonia:bacteria:315,1,0.9997133731842041,3,densenet_hn2
pneumonia:bacteria:316,1,0.9996830523014069,1,densenet_hn2
pneumonia:bacteria:317,1,0.6451886594295502,4,densenet_hn2
pneumonia:bacteria:318,1,0.9999120235443115,0,densenet_hn2
pneumonia:bacteria:319,1,0.9999186098575592,1,densenet_hn2
pneumonia:bacteria:32,1,0.9111844003200531,4,densenet_hn2
pneumonia:bacteria:321,1,0.9999842473438808,2,densenet_hn2
pneumonia:bacteria:322,1,0.7965381145477295,4,densenet_hn2
pneumonia:bacteria:325,1,0.9996946215629577,0,densenet_hn2
pneumonia:bacteria:326,1,0.996331787109375,2,densenet_hn2
pneumonia:bacteria:327,1,0.9982995986938477,3,densenet_hn2
pneumonia:bacteria:328,1,0.9994888802369436,3,densenet_hn2
pneumonia:bacteria:33,1,0.9978715300559997,2,densenet_hn2
pneumonia:bacteria:331,1,0.9985918760299682,3,densenet_hn2
pneumonia:bacteria:332,1,0.9997901490756443,0,densenet_hn2
pneumonia:bacteria:333,1,0.7452068328857422,1,densenet_hn2
pneumonia:bacteria:334,1,0.9863770306110382,4,densenet_hn2
pneumonia:bacteria:336,1,0.9996815423170725,1,densenet_hn2
pneumonia:bacteria:337,1,0.9991791605949402,0,densenet_hn2
pneumonia:bacteria:338,1,0.9850192368030548,4,densenet_hn2
pneumonia:bacteria:339,1,0.9999977350234985,2,densenet_hn2
pneumonia:bacteria:34,1,0.999690055847168,1,densenet_hn2
pneumonia:bacteria:340,1,0.9997115731239319,3,densenet_hn2
pneumonia:bacteria:341,1,0.9998769760131836,0,densenet_hn2
pneumonia:bacteria:343,1,0.9996439218521118,4,densenet_hn2
pneumonia:bacteria:344,1,0.9967404007911682,1,densenet_hn2
pneumonia:bacteria:346,1,0.9999456405639648,2,densenet_hn2
pneumonia:bacteria:347,1,0.9971697628498077,3,densenet_hn2
pneumonia:bacteria:348,1,0.9726488441228867,4,densenet_hn2
pneumonia:bacteria:349,1,0.9999741713205973,0,densenet_hn2
pneumonia:bacteria:35,1,0.8926582137743632,1,densenet_hn2
pneumonia:bacteria:351,1,0.99997421673366,2,densenet_hn2
pneumonia:bacteria:352,1,0.9999703168869019,1,densenet_hn2
pneumonia:bacteria:353,1,0.9998842775821686,3,densenet_hn2
pneumonia:bacteria:354,1,0.9999842047691345,0,densenet_hn2
pneumonia:bacteria:355,1,0.9997311234474182,4,densenet_hn2
pneumonia:bacteria:356,1,0.996616542339325,2,densenet_hn2
pneumonia:bacteria:357,1,0.999579668045044,2,densenet_hn2
pneumonia:bacteria:359,1,0.999976110458374,0,densenet_hn2
pneumonia:bacteria:36,1,0.9988905638456345,3,densenet_hn2
pneumonia:bacteria:360,1,0.9723004698753357,4,densenet_hn2
pneumonia:bacteria:361,1,0.9999833106994629,0,densenet_hn2
pneumonia:bacteria:362,1,0.35084792971611023,1,densenet_hn2
pneumonia:bacteria:363,1,0.9981701572736105,3,densenet_hn2
pneumonia:bacteria:364,1,0.9991617679595948,2,densenet_hn2
pneumonia:bacteria:366,1,0.9997854828834534,4,densenet_hn2
pneumonia:bacteria:367,1,0.9977095127105713,0,densenet_hn2
pneumonia:bacteria:368,1,0.9998901724815369,1,densenet_hn2
pneumonia:bacteria:369,1,0.9999030828475952,3,densenet_hn2
pneumonia:bacteria:37,1,0.9983778148889542,3,densenet_hn2
pneumonia:bacteria:370,1,0.9999956091245016,1,densenet_hn2
pneumonia:bacteria:371,1,0.9985487461090088,0,densenet_hn2
pneumonia:bacteria:372,1,0.9998769164085388,3,densenet_hn2
pneumonia:bacteria:373,1,0.9964110453923544,2,densenet_hn2
pneumonia:bacteria:374,1,0.999484916528066,4,densenet_hn2
pneumonia:bacteria:375,1,0.9994206428527832,4,densenet_hn2
pneumonia:bacteria:376,1,0.999835729598999,2,densenet_hn2
pneumonia:bacteria:377,1,0.9996929168701172,0,densenet_hn2
pneumonia:bacteria:379,1,0.9999387860298157,1,densenet_hn2
pneumonia:bacteria:38,1,0.9993180547441755,3,densenet_hn2
pneumonia:bacteria:381,1,0.9946448504924774,2,densenet_hn2
pneumonia:bacteria:382,1,0.9998623430728912,2,densenet_hn2
pneumonia:bacteria:383,1,0.9991228953003883,4,densenet_hn2
pneumonia:bacteria:384,1,0.24454250931739807,0,densenet_hn2
pneumonia:bacteria:385,1,0.9999892115592957,1,densenet_hn2
pneumonia:bacteria:387,1,0.9999726613362631,3,densenet_hn2
pneumonia:bacteria:389,1,0.9997968077659607,4,densenet_hn2
pneumonia:bacteria:39,1,0.9996066689491272,1,densenet_hn2
pneumonia:bacteria:390,1,0.9996247291564941,2,densenet_hn2
pneumonia:bacteria:391,1,0.8971996903419495,4,densenet_hn2
pneumonia:bacteria:392,1,0.9990935325622559,0,densenet_hn2
pneumonia:bacteria:393,1,0.9999231100082397,3,densenet_hn2
pneumonia:bacteria:394,1,0.9995615482330322,1,densenet_hn2
pneumonia:bacteria:395,1,0.999227374792099,3,densenet_hn2
pneumonia:bacteria:396,1,0.8326380848884583,0,densenet_hn2
pneumonia:bacteria:397,1,0.9999785423278809,1,densenet_hn2
pneumonia:bacteria:398,1,0.9999974370002747,2,densenet_hn2
pneumonia:bacteria:399,1,0.9999210039774576,4,densenet_hn2
pneumonia:bacteria:4,1,0.9999957084655762,2,densenet_hn2
pneumonia:bacteria:40,1,0.9679949879646301,4,densenet_hn2
pneumonia:bacteria:400,1,0.9999803304672241,0,densenet_hn2
pneumonia:bacteria:401,1,0.9998607635498047,1,densenet_hn2
pneumonia:bacteria:402,1,0.9996187806129455,3,densenet_hn2
pneumonia:bacteria:403,1,0.999879002571106,1,densenet_hn2
pneumonia:bacteria:405,1,0.9835415482521057,2,densenet_hn2
pneumonia:bacteria:406,1,0.9995139837265015,3,densenet_hn2
pneumonia:bacteria:407,1,0.999241828918457,0,densenet_hn2
pneumonia:bacteria:408,1,0.9995562434196472,4,densenet_hn2
pneumonia:bacteria:409,1,0.9857667684555054,0,densenet_hn2
pneumonia:bacteria:41,1,0.999904046456019,1,densenet_hn2
pneumonia:bacteria:410,1,0.9995526671409607,0,densenet_hn2
pneumonia:bacteria:411,1,0.8458152413368225,2,densenet_hn2
pneumonia:bacteria:412,1,0.979986846446991,3,densenet_hn2
pneumonia:bacteria:413,1,0.9992238538605827,4,densenet_hn2
pneumonia:bacteria:414,1,0.07685453444719315,0,densenet_hn2
pneumonia:bacteria:415,1,0.9997119704882304,2,densenet_hn2
pneumonia:bacteria:416,1,0.994967520236969,3,densenet_hn2
pneumonia:bacteria:417,1,0.9993867576122284,1,densenet_hn2
pneumonia:bacteria:418,1,0.9997490048408508,4,densenet_hn2
pneumonia:bacteria:419,1,0.9989359378814697,0,densenet_hn2
pneumonia:bacteria:420,1,0.9997280359268188,2,densenet_hn2
pneumonia:bacteria:421,1,0.9998701810836792,0,densenet_hn2
pneumonia:bacteria:422,1,0.8338585495948792,2,densenet_hn2
pneumonia:bacteria:423,1,0.9999327301979065,1,densenet_hn2
pneumonia:bacteria:424,1,0.9999960660934448,2,densenet_hn2
pneumonia:bacteria:425,1,0.9963082671165466,3,densenet_hn2
pneumonia:bacteria:426,1,0.9941293795903524,4,densenet_hn2
pneumonia:bacteria:427,1,0.9998709559440613,3,densenet_hn2
pneumonia:bacteria:428,1,0.9778117537498474,2,densenet_hn2
pneumonia:bacteria:429,1,0.9990944862365723,0,densenet_hn2
pneumonia:bacteria:43,1,0.9978683888912201,4,densenet_hn2
pneumonia:bacteria:430,1,0.9605727791786194,1,densenet_hn2
pneumonia:bacteria:431,1,0.9957476258277893,3,densenet_hn2
pneumonia:bacteria:433,1,0.9999412695566813,1,densenet_hn2
pneumonia:bacteria:434,1,0.9877763986587524,3,densenet_hn2
pneumonia:bacteria:435,1,0.9999867677688599,0,densenet_hn2
pneumonia:bacteria:436,1,0.9989282488822937,2,densenet_hn2
pneumonia:bacteria:437,1,0.9954136729240417,4,densenet_hn2
pneumonia:bacteria:438,1,0.9996179342269897,1,densenet_hn2
pneumonia:bacteria:439,1,0.9999712705612183,3,densenet_hn2
pneumonia:bacteria:44,1,0.9999808073043823,0,densenet_hn2
pneumonia:bacteria:440,1,0.9999954104423523,2,densenet_hn2
pneumonia:bacteria:441,1,0.998750490801675,4,densenet_hn2
pneumonia:bacteria:443,1,0.9964313904444376,1,densenet_hn2
pneumonia:bacteria:444,1,0.14736905694007874,4,densenet_hn2
pneumonia:bacteria:445,1,0.9883866310119629,0,densenet_hn2
pneumonia:bacteria:446,1,0.9990610480308533,3,densenet_hn2
pneumonia:bacteria:447,1,0.9998517036437988,2,densenet_hn2
pneumonia:bacteria:448,1,0.9996969342231751,4,densenet_hn2
pneumonia:bacteria:449,1,0.9996456503868103,4,densenet_hn2
pneumonia:bacteria:45,1,0.9981705149014791,0,densenet_hn2
pneumonia:bacteria:450,1,0.9806366562843323,0,densenet_hn2
pneumonia:bacteria:451,1,0.9999880790710449,1,densenet_hn2
pneumonia:bacteria:452,1,0.9980645775794983,2,densenet_hn2
pneumonia:bacteria:454,1,0.9996228218078613,3,densenet_hn2
pneumonia:bacteria:455,1,0.9964002370834351,1,densenet_hn2
pneumonia:bacteria:456,1,0.9997684359550476,0,densenet_hn2
pneumonia:bacteria:457,1,0.919273316860199,4,densenet_hn2
pneumonia:bacteria:458,1,0.9999974370002747,2,densenet_hn2
pneumonia:bacteria:459,1,0.9989015460014343,3,densenet_hn2
pneumonia:bacteria:46,1,0.6007041931152344,0,densenet_hn2
pneumonia:bacteria:460,1,0.9999887943267822,1,densenet_hn2
pneumonia:bacteria:461,1,0.9909709692001343,4,densenet_hn2
pneumonia:bacteria:462,1,0.9999316781759262,2,densenet_hn2
pneumonia:bacteria:463,1,0.9999488592147827,4,densenet_hn2
pneumonia:bacteria:464,1,0.9997559785842896,3,densenet_hn2
pneumonia:bacteria:465,1,0.8987351308266321,0,densenet_hn2
pneumonia:bacteria:466,1,0.9999977350234985,1,densenet_hn2
pneumonia:bacteria:467,1,0.9993737041950226,4,densenet_hn2
pneumonia:bacteria:468,1,0.9627010822296143,2,densenet_hn2
pneumonia:bacteria:469,1,0.9996701925992966,3,densenet_hn2
pneumonia:bacteria:47,1,0.9997623562812805,0,densenet_hn2
pneumonia:bacteria:470,1,0.9976100070135934,1,densenet_hn2
pneumonia:bacteria:471,1,0.9998028874397278,3,densenet_hn2
pneumonia:bacteria:472,1,0.9999524831771851,1,densenet_hn2
pneumonia:bacteria:473,1,0.9998530149459839,4,densenet_hn2
pneumonia:bacteria:475,1,0.9998445212841034,2,densenet_hn2
pneumonia:bacteria:476,1,0.7861876487731934,0,densenet_hn2
pneumonia:bacteria:477,1,0.9999763369560242,1,densenet_hn2
pneumonia:bacteria:478,1,0.9965046644210815,2,densenet_hn2
pneumonia:bacteria:48,1,0.9999368488788605,3,densenet_hn2
pneumonia:bacteria:480,1,0.9985948204994202,4,densenet_hn2
pneumonia:bacteria:481,1,0.9998926520347595,1,densenet_hn2
pneumonia:bacteria:482,1,0.9999684890111288,3,densenet_hn2
pneumonia:bacteria:483,1,0.9979010820388794,0,densenet_hn2
pneumonia:bacteria:485,1,0.11003486067056656,2,densenet_hn2
pneumonia:bacteria:486,1,0.8380057886242867,4,densenet_hn2
pneumonia:bacteria:487,1,0.9999136030673981,0,densenet_hn2
pneumonia:bacteria:488,1,0.999649703502655,1,densenet_hn2
pneumonia:bacteria:489,1,0.9951406955718994,2,densenet_hn2
pneumonia:bacteria:49,1,0.9965422749519348,3,densenet_hn2
pneumonia:bacteria:490,1,0.9993403156598409,4,densenet_hn2
pneumonia:bacteria:491,1,0.9996722539265951,0,densenet_hn2
pneumonia:bacteria:492,1,0.9997989535331726,4,densenet_hn2
pneumonia:bacteria:493,1,0.9893160164356232,3,densenet_hn2
pneumonia:bacteria:494,1,0.9975999196370443,1,densenet_hn2
pneumonia:bacteria:495,1,0.9999603033065796,2,densenet_hn2
pneumonia:bacteria:496,1,0.7855308055877686,4,densenet_hn2
pneumonia:bacteria:498,1,0.7206997871398926,0,densenet_hn2
pneumonia:bacteria:499,1,0.8141951262950897,3,densenet_hn2
pneumonia:bacteria:5,1,0.9997779428958893,1,densenet_hn2
pneumonia:bacteria:50,1,0.99854975938797,3,densenet_hn2
pneumonia:bacteria:500,1,0.9999822718756539,2,densenet_hn2
pneumonia:bacteria:501,1,0.9933277845382691,4,densenet_hn2
pneumonia:bacteria:502,1,0.9998809780393328,0,densenet_hn2
pneumonia:bacteria:503,1,0.9999708533287048,1,densenet_hn2
pneumonia:bacteria:504,1,0.9996172547340393,2,densenet_hn2
pneumonia:bacteria:505,1,0.9921334981918335,3,densenet_hn2
pneumonia:bacteria:506,1,0.9639466404914856,4,densenet_hn2
pneumonia:bacteria:507,1,0.9998861153920492,0,densenet_hn2
pneumonia:bacteria:508,1,0.9951589504877726,1,densenet_hn2
pneumonia:bacteria:509,1,0.9989931881427765,3,densenet_hn2
pneumonia:bacteria:51,1,0.9996713936328888,4,densenet_hn2
pneumonia:bacteria:510,1,0.9979405701160431,2,densenet_hn2
pneumonia:bacteria:511,1,0.9997905790805817,1,densenet_hn2
pneumonia:bacteria:512,1,0.9999865889549255,2,densenet_hn2
pneumonia:bacteria:514,1,0.9999383687973022,0,densenet_hn2
pneumonia:bacteria:515,1,0.9836164911588033,0,densenet_hn2
pneumonia:bacteria:516,1,0.9999411702156067,1,densenet_hn2
pneumonia:bacteria:517,1,0.8388774394989014,3,densenet_hn2
pneumonia:bacteria:518,1,0.9934884458780289,4,densenet_hn2
pneumonia:bacteria:52,1,0.5167608335614204,3,densenet_hn2
pneumonia:bacteria:520,1,0.999972939491272,0,densenet_hn2
pneumonia:bacteria:522,1,0.9999926686286926,1,densenet_hn2
pneumonia:bacteria:525,1,0.999680370092392,2,densenet_hn2
pneumonia:bacteria:526,1,0.9998660087585449,4,densenet_hn2
pneumonia:bacteria:527,1,0.9979996383190155,0,densenet_hn2
pneumonia:bacteria:528,1,0.9998716115951538,3,densenet_hn2
pneumonia:bacteria:529,1,0.9999584356943766,1,densenet_hn2
pneumonia:bacteria:53,1,0.9999479204416275,2,densenet_hn2
pneumonia:bacteria:530,1,0.9996389746665955,4,densenet_hn2
pneumonia:bacteria:531,1,0.9998855441808701,0,densenet_hn2
pneumonia:bacteria:533,1,0.9999309778213501,2,densenet_hn2
pneumonia:bacteria:534,1,0.9999183565378189,1,densenet_hn2
pneumonia:bacteria:535,1,0.975514680147171,3,densenet_hn2
pneumonia:bacteria:536,1,0.9998656213283539,0,densenet_hn2
pneumonia:bacteria:537,1,0.9995265702406565,4,densenet_hn2
pneumonia:bacteria:538,1,0.8690062761306763,0,densenet_hn2
pneumonia:bacteria:539,1,0.9996830523014069,4,densenet_hn2
pneumonia:bacteria:54,1,0.882676512002945,1,densenet_hn2
pneumonia:bacteria:540,1,0.9999807675679525,2,densenet_hn2
pneumonia:bacteria:541,1,0.9999801516532898,0,densenet_hn2
pneumonia:bacteria:542,1,0.9965226650238037,3,densenet_hn2
pneumonia:bacteria:543,1,0.9994009733200073,0,densenet_hn2
pneumonia:bacteria:544,1,0.9999679327011108,1,densenet_hn2
pneumonia:bacteria:545,1,0.9984899759292603,4,densenet_hn2
pneumonia:bacteria:547,1,0.998826781908671,3,densenet_hn2
pneumonia:bacteria:548,1,0.9994031389554342,2,densenet_hn2
pneumonia:bacteria:549,1,0.999510931968689,2,densenet_hn2
pneumonia:bacteria:55,1,0.9999868529183524,0,densenet_hn2
pneumonia:bacteria:550,1,0.9994747340679169,1,densenet_hn2
pneumonia:bacteria:551,1,0.9826046228408813,3,densenet_hn2
pneumonia:bacteria:552,1,0.9854321181774139,3,densenet_hn2
pneumonia:bacteria:553,1,0.996658980846405,4,densenet_hn2
pneumonia:bacteria:554,1,0.9958050847053528,4,densenet_hn2
pneumonia:bacteria:555,1,0.9999629259109497,2,densenet_hn2
pneumonia:bacteria:556,1,0.9999427795410156,0,densenet_hn2
pneumonia:bacteria:557,1,0.9985438585281372,1,densenet_hn2
pneumonia:bacteria:558,1,0.975093424320221,2,densenet_hn2
pneumonia:bacteria:559,1,0.7172901630401611,3,densenet_hn2
pneumonia:bacteria:56,1,0.9986841281255087,0,densenet_hn2
pneumonia:bacteria:560,1,0.9996071457862854,2,densenet_hn2
pneumonia:bacteria:561,1,0.9972211122512817,3,densenet_hn2
pneumonia:bacteria:562,1,0.9830780625343323,1,densenet_hn2
pneumonia:bacteria:563,1,0.9998897910118103,3,densenet_hn2
pneumonia:bacteria:564,1,0.99887948234876,4,densenet_hn2
pneumonia:bacteria:565,1,0.999940037727356,4,densenet_hn2
pneumonia:bacteria:566,1,0.9981194138526917,0,densenet_hn2
pneumonia:bacteria:567,1,0.9999898672103882,1,densenet_hn2
pneumonia:bacteria:568,1,0.9995602667331696,2,densenet_hn2
pneumonia:bacteria:569,1,0.9983210563659668,3,densenet_hn2
pneumonia:bacteria:57,1,0.9963053464889526,0,densenet_hn2
pneumonia:bacteria:570,1,0.9375663995742798,1,densenet_hn2
pneumonia:bacteria:571,1,0.9998205304145813,2,densenet_hn2
pneumonia:bacteria:572,1,0.9655243754386902,0,densenet_hn2
pneumonia:bacteria:573,1,0.9988532066345215,3,densenet_hn2
pneumonia:bacteria:574,1,0.9994136542081833,4,densenet_hn2
pneumonia:bacteria:575,1,0.9999620914459229,0,densenet_hn2
pneumonia:bacteria:576,1,0.9999927878379822,1,densenet_hn2
pneumonia:bacteria:577,1,0.9877669811248779,2,densenet_hn2
pneumonia:bacteria:578,1,0.9999043941497803,3,densenet_hn2
pneumonia:bacteria:579,1,0.9949854493141175,2,densenet_hn2
pneumonia:bacteria:58,1,0.9989678859710693,4,densenet_hn2
pneumonia:bacteria:580,1,0.9987582763036092,0,densenet_hn2
pneumonia:bacteria:581,1,0.9998752176761627,2,densenet_hn2
pneumonia:bacteria:582,1,0.9999895095825195,1,densenet_hn2
pneumonia:bacteria:583,1,0.9999649524688721,3,densenet_hn2
pneumonia:bacteria:585,1,0.9995966951052347,4,densenet_hn2
pneumonia:bacteria:586,1,0.9997106194496155,4,densenet_hn2
pneumonia:bacteria:587,1,0.9192095398902893,0,densenet_hn2
pneumonia:bacteria:588,1,0.9997423887252808,3,densenet_hn2
pneumonia:bacteria:589,1,0.9998522102832794,1,densenet_hn2
pneumonia:bacteria:59,1,0.9999864101409912,2,densenet_hn2
pneumonia:bacteria:590,1,0.9985024929046631,3,densenet_hn2
pneumonia:bacteria:591,1,0.9996957778930664,0,densenet_hn2
pneumonia:bacteria:592,1,0.9984602630138397,3,densenet_hn2
pneumonia:bacteria:593,1,0.9998362064361572,1,densenet_hn2
pneumonia:bacteria:594,1,0.9994574189186096,2,densenet_hn2
pneumonia:bacteria:595,1,0.9489418268203735,4,densenet_hn2
pneumonia:bacteria:596,1,0.9974523484706879,0,densenet_hn2
pneumonia:bacteria:597,1,0.999920129776001,3,densenet_hn2
pneumonia:bacteria:598,1,0.9970811605453491,2,densenet_hn2
pneumonia:bacteria:599,1,0.9959523677825928,4,densenet_hn2
pneumonia:bacteria:6,1,0.9999982118606567,1,densenet_hn2
pneumonia:bacteria:60,1,0.9999590317408243,1,densenet_hn2
pneumonia:bacteria:600,1,0.9995447198549906,4,densenet_hn2
pneumonia:bacteria:601,1,0.9990893602371216,0,densenet_hn2
pneumonia:bacteria:602,1,0.9797577261924744,4,densenet_hn2
pneumonia:bacteria:603,1,0.999985933303833,1,densenet_hn2
pneumonia:bacteria:604,1,0.9999849796295166,2,densenet_hn2
pneumonia:bacteria:605,1,0.9998798251152039,3,densenet_hn2
pneumonia:bacteria:606,1,0.9994449019432068,0,densenet_hn2
pneumonia:bacteria:607,1,0.9994224309921265,1,densenet_hn2
pneumonia:bacteria:608,1,0.9933714866638184,4,densenet_hn2
pneumonia:bacteria:609,1,0.997759222984314,2,densenet_hn2
pneumonia:bacteria:61,1,0.9996173858642579,3,densenet_hn2
pneumonia:bacteria:610,1,0.9981532692909241,0,densenet_hn2
pneumonia:bacteria:611,1,0.9825878739356995,1,densenet_hn2
pneumonia:bacteria:612,1,0.999631941318512,2,densenet_hn2
pneumonia:bacteria:613,1,0.7960624694824219,3,densenet_hn2
pneumonia:bacteria:614,1,0.9997076988220215,4,densenet_hn2
pneumonia:bacteria:616,1,0.9878829121589661,0,densenet_hn2
pneumonia:bacteria:617,1,0.9116171598434448,1,densenet_hn2
pneumonia:bacteria:618,1,0.9438872337341309,2,densenet_hn2
pneumonia:bacteria:619,1,0.9968156814575195,3,densenet_hn2
pneumonia:bacteria:62,1,0.9994577864805857,4,densenet_hn2
pneumonia:bacteria:620,1,0.9980779886245728,0,densenet_hn2
pneumonia:bacteria:622,1,0.9934356212615967,1,densenet_hn2
pneumonia:bacteria:623,1,0.9999389052391052,2,densenet_hn2
pneumonia:bacteria:624,1,0.7348247170448303,3,densenet_hn2
pneumonia:bacteria:625,1,0.9997510313987732,4,densenet_hn2
pneumonia:bacteria:626,1,0.9999984502792358,0,densenet_hn2
pneumonia:bacteria:628,1,0.9996047616004944,2,densenet_hn2
pneumonia:bacteria:629,1,0.9997785449028015,3,densenet_hn2
pneumonia:bacteria:63,1,0.9999102354049683,1,densenet_hn2
pneumonia:bacteria:630,1,0.9983135819435119,4,densenet_hn2
pneumonia:bacteria:632,1,0.999964714050293,1,densenet_hn2
pneumonia:bacteria:633,1,0.9834769368171692,0,densenet_hn2
pneumonia:bacteria:634,1,0.9999192953109741,0,densenet_hn2
pneumonia:bacteria:635,1,0.72342449426651,2,densenet_hn2
pneumonia:bacteria:636,1,0.9996505975723267,4,densenet_hn2
pneumonia:bacteria:637,1,0.999612033367157,4,densenet_hn2
pneumonia:bacteria:64,1,0.9999345626149859,2,densenet_hn2
pneumonia:bacteria:640,1,0.9995707869529724,3,densenet_hn2
pneumonia:bacteria:641,1,0.9673209190368652,3,densenet_hn2
pneumonia:bacteria:643,1,0.9999970197677612,1,densenet_hn2
pneumonia:bacteria:644,1,0.9999750852584839,0,densenet_hn2
pneumonia:bacteria:645,1,0.9998352527618408,1,densenet_hn2
pneumonia:bacteria:646,1,0.9999105930328369,2,densenet_hn2
pneumonia:bacteria:647,1,0.9999648332595825,3,densenet_hn2
pneumonia:bacteria:648,1,0.9817343950271606,4,densenet_hn2
pneumonia:bacteria:649,1,0.9998587369918823,0,densenet_hn2
pneumonia:bacteria:65,1,0.9999485015869141,1,densenet_hn2
pneumonia:bacteria:650,1,0.9999654293060303,2,densenet_hn2
pneumonia:bacteria:651,1,0.9999500513076782,3,densenet_hn2
pneumonia:bacteria:652,1,0.9983286261558533,4,densenet_hn2
pneumonia:bacteria:653,1,0.9996769428253174,0,densenet_hn2
pneumonia:bacteria:654,1,0.9987642765045166,2,densenet_hn2
pneumonia:bacteria:655,1,0.9997337460517883,3,densenet_hn2
pneumonia:bacteria:656,1,0.9999927282333374,1,densenet_hn2
pneumonia:bacteria:657,1,0.9996252059936523,4,densenet_hn2
pneumonia:bacteria:658,1,0.9994125366210938,4,densenet_hn2
pneumonia:bacteria:659,1,0.999997615814209,0,densenet_hn2
pneumonia:bacteria:66,1,0.9999949038028717,1,densenet_hn2
pneumonia:bacteria:660,1,0.9999045133590698,4,densenet_hn2
pneumonia:bacteria:661,1,0.9997532963752747,2,densenet_hn2
pneumonia:bacteria:662,1,0.9929838180541992,3,densenet_hn2
pneumonia:bacteria:663,1,0.9999855756759644,0,densenet_hn2
pneumonia:bacteria:665,1,0.9999384880065918,1,densenet_hn2
pneumonia:bacteria:666,1,0.9999583959579468,2,densenet_hn2
pneumonia:bacteria:669,1,0.9999818205833435,3,densenet_hn2
pneumonia:bacteria:67,1,0.9998914854867118,4,densenet_hn2
pneumonia:bacteria:670,1,0.9982783794403076,1,densenet_hn2
pneumonia:bacteria:671,1,0.9999946355819702,0,densenet_hn2
pneumonia:bacteria:672,1,0.9999980926513672,2,densenet_hn2
pneumonia:bacteria:673,1,0.9999940395355225,3,densenet_hn2
pneumonia:bacteria:674,1,0.949279248714447,1,densenet_hn2
pneumonia:bacteria:675,1,0.9993748068809509,4,densenet_hn2
pneumonia:bacteria:677,1,0.9997593760490417,4,densenet_hn2
pneumonia:bacteria:678,1,0.25518667697906494,3,densenet_hn2
pneumonia:bacteria:68,1,0.9712132811546326,0,densenet_hn2
pneumonia:bacteria:680,1,0.9995540976524353,1,densenet_hn2
pneumonia:bacteria:681,1,0.7609233856201172,2,densenet_hn2
pneumonia:bacteria:683,1,0.9956775307655334,0,densenet_hn2
pneumonia:bacteria:684,1,0.9999971389770508,2,densenet_hn2
pneumonia:bacteria:685,1,0.9999744892120361,1,densenet_hn2
pneumonia:bacteria:687,1,0.9999773502349854,0,densenet_hn2
pneumonia:bacteria:688,1,0.999983549118042,1,densenet_hn2
pneumonia:bacteria:689,1,0.9999726414680481,2,densenet_hn2
pneumonia:bacteria:69,1,0.9990783929824829,3,densenet_hn2
pneumonia:bacteria:690,1,0.9997307658195496,3,densenet_hn2
pneumonia:bacteria:691,1,0.9999572038650513,3,densenet_hn2
pneumonia:bacteria:692,1,0.9999362230300903,3,densenet_hn2
pneumonia:bacteria:693,1,0.9999433755874634,4,densenet_hn2
pneumonia:bacteria:696,1,0.9997283816337585,0,densenet_hn2
pneumonia:bacteria:699,1,0.9889637231826782,1,densenet_hn2
pneumonia:bacteria:7,1,0.9999728798866272,2,densenet_hn2
pneumonia:bacteria:70,1,0.9995589256286621,3,densenet_hn2
pneumonia:bacteria:700,1,0.9904366135597229,4,densenet_hn2
pneumonia:bacteria:701,1,0.6605095863342285,0,densenet_hn2
pneumonia:bacteria:702,1,0.9999825954437256,1,densenet_hn2
pneumonia:bacteria:703,1,0.9997426867485046,3,densenet_hn2
pneumonia:bacteria:704,1,0.9994156360626221,4,densenet_hn2
pneumonia:bacteria:707,1,0.9999977350234985,2,densenet_hn2
pneumonia:bacteria:709,1,0.9999957084655762,2,densenet_hn2
pneumonia:bacteria:71,1,0.9924018144607544,3,densenet_hn2
pneumonia:bacteria:710,1,0.9999948740005493,1,densenet_hn2
pneumonia:bacteria:711,1,0.9998393058776855,0,densenet_hn2
pneumonia:bacteria:712,1,0.999110758304596,1,densenet_hn2
pneumonia:bacteria:713,1,0.999992847442627,3,densenet_hn2
pneumonia:bacteria:714,1,0.9996557235717773,4,densenet_hn2
pneumonia:bacteria:716,1,0.9999730587005615,2,densenet_hn2
pneumonia:bacteria:717,1,0.9999467134475708,0,densenet_hn2
pneumonia:bacteria:718,1,0.16698382794857025,2,densenet_hn2
pneumonia:bacteria:719,1,0.9937970638275146,4,densenet_hn2
pneumonia:bacteria:72,1,0.99787970383962,1,densenet_hn2
pneumonia:bacteria:720,1,0.9926447868347168,3,densenet_hn2
pneumonia:bacteria:721,1,0.9998106360435486,4,densenet_hn2
pneumonia:bacteria:723,1,0.9999905824661255,0,densenet_hn2
pneumonia:bacteria:724,1,0.9999926090240479,1,densenet_hn2
pneumonia:bacteria:725,1,0.9999837875366211,2,densenet_hn2
pneumonia:bacteria:726,1,0.9999995231628418,1,densenet_hn2
pneumonia:bacteria:727,1,0.9983587861061096,3,densenet_hn2
pneumonia:bacteria:728,1,0.9999656677246094,4,densenet_hn2
pneumonia:bacteria:73,1,0.9994150102138519,0,densenet_hn2
pneumonia:bacteria:730,1,0.999695897102356,0,densenet_hn2
pneumonia:bacteria:731,1,0.9999961853027344,3,densenet_hn2
pneumonia:bacteria:732,1,0.9998631477355957,1,densenet_hn2
pneumonia:bacteria:733,1,0.9938325881958008,2,densenet_hn2
pneumonia:bacteria:734,1,0.9671775102615356,4,densenet_hn2
pneumonia:bacteria:735,1,0.9915209412574768,0,densenet_hn2
pneumonia:bacteria:736,1,0.9988164901733398,1,densenet_hn2
pneumonia:bacteria:737,1,0.9999990463256836,2,densenet_hn2
pneumonia:bacteria:738,1,0.9999784231185913,3,densenet_hn2
pneumonia:bacteria:739,1,0.9997144341468811,4,densenet_hn2
pneumonia:bacteria:74,1,0.9371834397315979,0,densenet_hn2
pneumonia:bacteria:740,1,0.9999957084655762,0,densenet_hn2
pneumonia:bacteria:741,1,0.999998927116394,2,densenet_hn2
pneumonia:bacteria:743,1,0.9999183416366577,1,densenet_hn2
pneumonia:bacteria:744,1,0.9997197985649109,3,densenet_hn2
pneumonia:bacteria:745,1,0.3390180468559265,4,densenet_hn2
pneumonia:bacteria:746,1,0.9999867677688599,0,densenet_hn2
pneumonia:bacteria:747,1,0.999853253364563,2,densenet_hn2
pneumonia:bacteria:749,1,0.9999988079071045,2,densenet_hn2
pneumonia:bacteria:75,1,0.9998531639575958,1,densenet_hn2
pneumonia:bacteria:750,1,0.9999808073043823,3,densenet_hn2
pneumonia:bacteria:751,1,0.9998835325241089,4,densenet_hn2
pneumonia:bacteria:753,1,0.9999896287918091,3,densenet_hn2
pneumonia:bacteria:755,1,0.998582124710083,0,densenet_hn2
pneumonia:bacteria:756,1,0.9999963045120239,1,densenet_hn2
pneumonia:bacteria:757,1,0.9999868869781494,2,densenet_hn2
pneumonia:bacteria:758,1,0.9994981288909912,4,densenet_hn2
pneumonia:bacteria:759,1,0.9963201284408569,0,densenet_hn2
pneumonia:bacteria:76,1,0.9915334383646647,3,densenet_hn2
pneumonia:bacteria:760,1,0.9928402900695801,1,densenet_hn2
pneumonia:bacteria:761,1,0.9996070265769958,4,densenet_hn2
pneumonia:bacteria:763,1,0.9999953508377075,3,densenet_hn2
pneumonia:bacteria:764,1,0.9980409741401672,3,densenet_hn2
pneumonia:bacteria:765,1,0.5743409395217896,4,densenet_hn2
pneumonia:bacteria:766,1,0.9999567270278931,4,densenet_hn2
pneumonia:bacteria:767,1,0.9999986886978149,2,densenet_hn2
pneumonia:bacteria:768,1,0.9999985694885254,2,densenet_hn2
pneumonia:bacteria:769,1,0.9999948740005493,2,densenet_hn2
pneumonia:bacteria:77,1,0.9991688877344131,0,densenet_hn2
pneumonia:bacteria:770,1,0.9999881982803345,1,densenet_hn2
pneumonia:bacteria:771,1,0.9996829032897949,0,densenet_hn2
pneumonia:bacteria:774,1,0.9993144273757935,3,densenet_hn2
pneumonia:bacteria:775,1,0.998420238494873,4,densenet_hn2
pneumonia:bacteria:776,1,0.999991774559021,2,densenet_hn2
pneumonia:bacteria:778,1,0.9997472167015076,0,densenet_hn2
pneumonia:bacteria:779,1,0.8530911207199097,0,densenet_hn2
pneumonia:bacteria:780,1,0.9088399410247803,2,densenet_hn2
pneumonia:bacteria:782,1,0.9999810457229614,1,densenet_hn2
pneumonia:bacteria:783,1,0.8325836062431335,4,densenet_hn2
pneumonia:bacteria:785,1,0.999966025352478,3,densenet_hn2
pneumonia:bacteria:786,1,0.9999372959136963,1,densenet_hn2
pneumonia:bacteria:787,1,0.9918506741523743,4,densenet_hn2
pneumonia:bacteria:789,1,0.99993896484375,0,densenet_hn2
pneumonia:bacteria:794,1,0.9748206734657288,1,densenet_hn2
pneumonia:bacteria:796,1,0.9999972581863403,2,densenet_hn2
pneumonia:bacteria:799,1,0.90749591588974,0,densenet_hn2
pneumonia:bacteria:8,1,0.004031252581626177,3,densenet_hn2
pneumonia:bacteria:800,1,0.9985003471374512,4,densenet_hn2
pneumonia:bacteria:802,1,0.9994282126426697,1,densenet_hn2
pneumonia:bacteria:803,1,0.999984860420227,2,densenet_hn2
pneumonia:bacteria:804,1,0.9998949766159058,3,densenet_hn2
pneumonia:bacteria:805,1,0.9998226761817932,4,densenet_hn2
pneumonia:bacteria:808,1,0.9993607401847839,4,densenet_hn2
pneumonia:bacteria:809,1,0.9994988739490509,0,densenet_hn2
pneumonia:bacteria:810,1,0.9999232292175293,3,densenet_hn2
pneumonia:bacteria:811,1,0.9936859011650085,2,densenet_hn2
pneumonia:bacteria:813,1,0.9999976754188538,2,densenet_hn2
pneumonia:bacteria:814,1,0.9997726082801819,0,densenet_hn2
pneumonia:bacteria:815,1,0.9961944818496704,3,densenet_hn2
pneumonia:bacteria:816,1,0.9999979734420776,1,densenet_hn2
pneumonia:bacteria:817,1,0.9999995231628418,2,densenet_hn2
pneumonia:bacteria:818,1,0.9996250867843628,3,densenet_hn2
pneumonia:bacteria:819,1,0.9991635084152222,4,densenet_hn2
pneumonia:bacteria:820,1,0.9999099969863892,4,densenet_hn2
pneumonia:bacteria:825,1,0.9999762773513794,0,densenet_hn2
pneumonia:bacteria:826,1,0.9980144500732422,4,densenet_hn2
pneumonia:bacteria:827,1,0.9999983310699463,1,densenet_hn2
pneumonia:bacteria:829,1,0.999387264251709,2,densenet_hn2
pneumonia:bacteria:830,1,0.9992406368255615,3,densenet_hn2
pneumonia:bacteria:831,1,0.9999533891677856,0,densenet_hn2
pneumonia:bacteria:832,1,0.9999926090240479,1,densenet_hn2
pneumonia:bacteria:834,1,0.9999996423721313,2,densenet_hn2
pneumonia:bacteria:835,1,0.9999382495880127,3,densenet_hn2
pneumonia:bacteria:836,1,0.999929666519165,1,densenet_hn2
pneumonia:bacteria:837,1,0.9373569488525391,4,densenet_hn2
pneumonia:bacteria:839,1,0.9993908405303955,3,densenet_hn2
pneumonia:bacteria:840,1,0.9939621984958649,4,densenet_hn2
pneumonia:bacteria:841,1,0.974758505821228,0,densenet_hn2
pneumonia:bacteria:842,1,0.9997541308403015,1,densenet_hn2
pneumonia:bacteria:843,1,0.9999686479568481,2,densenet_hn2
pneumonia:bacteria:846,1,0.9999991655349731,2,densenet_hn2
pneumonia:bacteria:847,1,0.9969712495803833,0,densenet_hn2
pneumonia:bacteria:848,1,0.9998452663421631,3,densenet_hn2
pneumonia:bacteria:849,1,0.9997881054878235,4,densenet_hn2
pneumonia:bacteria:850,1,0.9999977350234985,1,densenet_hn2
pneumonia:bacteria:853,1,0.9999917149543762,1,densenet_hn2
pneumonia:bacteria:854,1,0.9824376702308655,0,densenet_hn2
pneumonia:bacteria:855,1,0.9999616146087646,2,densenet_hn2
pneumonia:bacteria:858,1,0.9993220567703247,3,densenet_hn2
pneumonia:bacteria:862,1,0.9347089529037476,4,densenet_hn2
pneumonia:bacteria:863,1,0.9999892711639404,1,densenet_hn2
pneumonia:bacteria:866,1,0.9997261166572571,1,densenet_hn2
pneumonia:bacteria:867,1,0.9992652535438538,0,densenet_hn2
pneumonia:bacteria:870,1,0.9999545812606812,2,densenet_hn2
pneumonia:bacteria:871,1,0.9689604043960571,3,densenet_hn2
pneumonia:bacteria:872,1,0.9973817467689514,2,densenet_hn2
pneumonia:bacteria:873,1,0.9985755681991577,4,densenet_hn2
pneumonia:bacteria:874,1,0.9762545824050903,0,densenet_hn2
pneumonia:bacteria:875,1,0.9999294281005859,1,densenet_hn2
pneumonia:bacteria:876,1,0.9999924898147583,2,densenet_hn2
pneumonia:bacteria:877,1,0.9999680519104004,3,densenet_hn2
pneumonia:bacteria:878,1,0.9981318116188049,4,densenet_hn2
pneumonia:bacteria:880,1,0.9996191263198853,0,densenet_hn2
pneumonia:bacteria:881,1,0.9995086193084717,2,densenet_hn2
pneumonia:bacteria:882,1,0.9999792575836182,1,densenet_hn2
pneumonia:bacteria:883,1,0.9999878406524658,3,densenet_hn2
pneumonia:bacteria:884,1,0.9977484345436096,4,densenet_hn2
pneumonia:bacteria:885,1,0.9710239768028259,4,densenet_hn2
pneumonia:bacteria:886,1,0.9996222257614136,1,densenet_hn2
pneumonia:bacteria:887,1,0.9999901056289673,1,densenet_hn2
pneumonia:bacteria:888,1,0.9999995231628418,0,densenet_hn2
pneumonia:bacteria:889,1,0.9998195767402649,3,densenet_hn2
pneumonia:bacteria:890,1,0.9989612102508545,2,densenet_hn2
pneumonia:bacteria:892,1,0.9995600581169128,4,densenet_hn2
pneumonia:bacteria:893,1,0.9956507086753845,4,densenet_hn2
pneumonia:bacteria:894,1,0.9999575614929199,3,densenet_hn2
pneumonia:bacteria:895,1,0.9899876713752747,0,densenet_hn2
pneumonia:bacteria:896,1,0.9999943971633911,1,densenet_hn2
pneumonia:bacteria:897,1,0.9999170303344727,2,densenet_hn2
pneumonia:bacteria:898,1,0.9999668598175049,2,densenet_hn2
pneumonia:bacteria:9,1,0.999276801943779,3,densenet_hn2
pneumonia:bacteria:902,1,0.9999992847442627,0,densenet_hn2
pneumonia:bacteria:903,1,0.9999949932098389,1,densenet_hn2
pneumonia:bacteria:904,1,0.9997820258140564,2,densenet_hn2
pneumonia:bacteria:905,1,0.999982476234436,3,densenet_hn2
pneumonia:bacteria:906,1,0.9999947547912598,1,densenet_hn2
pneumonia:bacteria:907,1,0.9998946189880371,4,densenet_hn2
pneumonia:bacteria:909,1,0.9999039173126221,0,densenet_hn2
pneumonia:bacteria:911,1,0.9999934434890747,3,densenet_hn2
pneumonia:bacteria:912,1,0.9999967813491821,1,densenet_hn2
pneumonia:bacteria:913,1,0.9999788999557495,1,densenet_hn2
pneumonia:bacteria:914,1,0.9999995231628418,2,densenet_hn2
pneumonia:bacteria:916,1,0.9992139339447021,4,densenet_hn2
pneumonia:bacteria:917,1,0.9977768063545227,4,densenet_hn2
pneumonia:bacteria:918,1,0.9999773502349854,0,densenet_hn2
pneumonia:bacteria:919,1,0.999981164932251,1,densenet_hn2
pneumonia:bacteria:920,1,0.9998040795326233,2,densenet_hn2
pneumonia:bacteria:921,1,0.9999991655349731,3,densenet_hn2
pneumonia:bacteria:922,1,0.9999959468841553,0,densenet_hn2
pneumonia:bacteria:923,1,0.9999756813049316,1,densenet_hn2
pneumonia:bacteria:924,1,0.8854131698608398,0,densenet_hn2
pneumonia:bacteria:925,1,0.9998724460601807,1,densenet_hn2
pneumonia:bacteria:927,1,0.9953481554985046,4,densenet_hn2
pneumonia:bacteria:929,1,0.9999260902404785,2,densenet_hn2
pneumonia:bacteria:930,1,0.9807115197181702,3,densenet_hn2
pneumonia:bacteria:931,1,0.9999487400054932,3,densenet_hn2
pneumonia:bacteria:933,1,0.9999765157699585,0,densenet_hn2
pneumonia:bacteria:934,1,0.995306670665741,3,densenet_hn2
pneumonia:bacteria:936,1,0.9995724558830261,1,densenet_hn2
pneumonia:bacteria:937,1,0.9999889135360718,3,densenet_hn2
pneumonia:bacteria:938,1,0.9942606687545776,4,densenet_hn2
pneumonia:bacteria:939,1,0.9999901056289673,2,densenet_hn2
pneumonia:bacteria:940,1,0.9999531507492065,2,densenet_hn2
pneumonia:bacteria:942,1,0.9999986886978149,0,densenet_hn2
pneumonia:bacteria:943,1,0.9997269511222839,1,densenet_hn2
pneumonia:bacteria:944,1,0.9957849383354187,1,densenet_hn2
pneumonia:bacteria:945,1,0.9999858140945435,3,densenet_hn2
pneumonia:bacteria:946,1,0.5828591585159302,2,densenet_hn2
pneumonia:bacteria:947,1,0.9999133348464966,4,densenet_hn2
pneumonia:bacteria:949,1,0.9993826150894165,4,densenet_hn2
pneumonia:bacteria:951,1,0.9998220801353455,0,densenet_hn2
pneumonia:bacteria:952,1,0.999982476234436,1,densenet_hn2
pneumonia:bacteria:953,1,0.9999991655349731,3,densenet_hn2
pneumonia:bacteria:954,1,0.9942314624786377,4,densenet_hn2
pneumonia:bacteria:955,1,0.9998807907104492,2,densenet_hn2
pneumonia:bacteria:956,1,0.9996132254600525,0,densenet_hn2
pneumonia:bacteria:957,1,0.9999833106994629,1,densenet_hn2
pneumonia:bacteria:958,1,0.999996542930603,1,densenet_hn2
pneumonia:bacteria:959,1,0.9999997615814209,2,densenet_hn2
pneumonia:bacteria:960,1,0.9997891783714294,0,densenet_hn2
pneumonia:bacteria:961,1,0.9999489784240723,2,densenet_hn2
pneumonia:bacteria:962,1,0.9999935626983643,2,densenet_hn2
pneumonia:bacteria:963,1,0.99998939037323,3,densenet_hn2
pneumonia:bacteria:964,1,0.9999539852142334,4,densenet_hn2
pneumonia:bacteria:965,1,0.999985933303833,2,densenet_hn2
pneumonia:bacteria:966,1,0.9999910593032837,0,densenet_hn2
pneumonia:bacteria:967,1,0.999672532081604,0,densenet_hn2
pneumonia:bacteria:968,1,0.9979617595672607,1,densenet_hn2
pneumonia:bacteria:969,1,0.9998375177383423,3,densenet_hn2
pneumonia:bacteria:970,1,0.9992654919624329,4,densenet_hn2
pneumonia:bacteria:971,1,0.9999792575836182,2,densenet_hn2
pneumonia:bacteria:972,1,0.998166024684906,0,densenet_hn2
pneumonia:bacteria:974,1,0.9879184365272522,3,densenet_hn2
pneumonia:bacteria:976,1,0.9999877214431763,3,densenet_hn2
pneumonia:bacteria:977,1,0.9999362230300903,1,densenet_hn2
pneumonia:bacteria:978,1,0.9996689558029175,4,densenet_hn2
pneumonia:bacteria:979,1,0.9999072551727295,0,densenet_hn2
pneumonia:bacteria:980,1,0.9999740123748779,2,densenet_hn2
pneumonia:bacteria:981,1,0.9999980330467224,2,densenet_hn2
pneumonia:bacteria:982,1,0.9999303817749023,3,densenet_hn2
pneumonia:bacteria:983,1,0.9946485161781311,4,densenet_hn2
pneumonia:bacteria:984,1,0.999994158744812,1,densenet_hn2
pneumonia:bacteria:985,1,0.9999572038650513,0,densenet_hn2
pneumonia:bacteria:986,1,0.999984860420227,0,densenet_hn2
pneumonia:bacteria:987,1,0.9997581839561462,1,densenet_hn2
pneumonia:bacteria:988,1,0.9998548030853271,2,densenet_hn2
pneumonia:bacteria:990,1,0.9999058246612549,3,densenet_hn2
pneumonia:bacteria:991,1,0.9999336004257202,4,densenet_hn2
pneumonia:bacteria:992,1,0.9996138513088226,0,densenet_hn2
pneumonia:bacteria:993,1,0.9999607801437378,1,densenet_hn2
pneumonia:bacteria:994,1,0.9995691180229187,0,densenet_hn2
pneumonia:bacteria:995,1,0.9992788434028625,2,densenet_hn2
pneumonia:bacteria:996,1,0.6188084483146667,3,densenet_hn2
pneumonia:bacteria:997,1,0.9999332427978516,4,densenet_hn2
pneumonia:bacteria:998,1,0.9999250769615173,0,densenet_hn2
pneumonia:virus:100,1,0.999997615814209,1,densenet_hn2
pneumonia:virus:1000,1,0.99241042137146,3,densenet_hn2
pneumonia:virus:1003,1,0.9999881982803345,2,densenet_hn2
pneumonia:virus:1004,1,0.9998607635498047,3,densenet_hn2
pneumonia:virus:1005,1,0.996311366558075,4,densenet_hn2
pneumonia:virus:1007,1,0.9864120483398438,0,densenet_hn2
pneumonia:virus:1008,1,0.9999926090240479,1,densenet_hn2
pneumonia:virus:1009,1,0.9999582767486572,3,densenet_hn2
pneumonia:virus:101,1,0.9809657037258148,2,densenet_hn2
pneumonia:virus:1010,1,0.9999985694885254,1,densenet_hn2
pneumonia:virus:1015,1,0.9997286796569824,4,densenet_hn2
pneumonia:virus:1016,1,0.9998887777328491,0,densenet_hn2
pneumonia:virus:1018,1,0.9926030039787292,4,densenet_hn2
pneumonia:virus:1019,1,0.9999879002571106,1,densenet_hn2
pneumonia:virus:102,1,0.012826792895793915,0,densenet_hn2
pneumonia:virus:1020,1,0.9997745156288147,2,densenet_hn2
pneumonia:virus:1021,1,0.9999185800552368,3,densenet_hn2
pneumonia:virus:1022,1,0.2530021071434021,4,densenet_hn2
pneumonia:virus:1023,1,0.9995239973068237,0,densenet_hn2
pneumonia:virus:1024,1,0.997307300567627,4,densenet_hn2
pneumonia:virus:1026,1,0.9999860525131226,3,densenet_hn2
pneumonia:virus:1029,1,0.9984437823295593,4,densenet_hn2
pneumonia:virus:103,1,0.9999991655349731,1,densenet_hn2
pneumonia:virus:1030,1,0.9924817681312561,1,densenet_hn2
pneumonia:virus:1031,1,0.8731101155281067,2,densenet_hn2
pneumonia:virus:1034,1,0.9998688697814941,3,densenet_hn2
pneumonia:virus:1035,1,0.9996738433837891,2,densenet_hn2
pneumonia:virus:1036,1,0.9686702489852905,0,densenet_hn2
pneumonia:virus:1038,1,0.9993987083435059,0,densenet_hn2
pneumonia:virus:104,1,0.11623148620128632,3,densenet_hn2
pneumonia:virus:1040,1,0.9920746088027954,3,densenet_hn2
pneumonia:virus:1041,1,0.9734750986099243,2,densenet_hn2
pneumonia:virus:1042,1,0.9999969005584717,1,densenet_hn2
pneumonia:virus:1043,1,0.9344547986984253,4,densenet_hn2
pneumonia:virus:1044,1,0.977793276309967,2,densenet_hn2
pneumonia:virus:1045,1,0.999178946018219,0,densenet_hn2
pneumonia:virus:1046,1,0.9999982118606567,1,densenet_hn2
pneumonia:virus:1048,1,0.9978232383728027,0,densenet_hn2
pneumonia:virus:1049,1,0.9974510073661804,2,densenet_hn2
pneumonia:virus:105,1,0.9998961091041565,3,densenet_hn2
pneumonia:virus:1051,1,0.9970526695251465,4,densenet_hn2
pneumonia:virus:1052,1,0.9996577501296997,4,densenet_hn2
pneumonia:virus:1056,1,0.9939411878585815,0,densenet_hn2
pneumonia:virus:1057,1,0.9997091889381409,1,densenet_hn2
pneumonia:virus:1058,1,0.9944469928741455,2,densenet_hn2
pneumonia:virus:1059,1,0.9999656677246094,3,densenet_hn2
pneumonia:virus:106,1,0.9656863212585449,4,densenet_hn2
pneumonia:virus:1060,1,0.997590184211731,4,densenet_hn2
pneumonia:virus:1062,1,0.9992398023605347,0,densenet_hn2
pneumonia:virus:1063,1,0.9999799728393555,1,densenet_hn2
pneumonia:virus:1065,1,0.7955916523933411,0,densenet_hn2
pneumonia:virus:1066,1,0.9999111890792847,2,densenet_hn2
pneumonia:virus:1067,1,0.9999728202819824,3,densenet_hn2
pneumonia:virus:1068,1,0.9998693466186523,4,densenet_hn2
pneumonia:virus:1069,1,0.9999258518218994,0,densenet_hn2
pneumonia:virus:107,1,0.999932050704956,1,densenet_hn2
pneumonia:virus:1070,1,0.9994146823883057,2,densenet_hn2
pneumonia:virus:1071,1,0.9999897480010986,1,densenet_hn2
pneumonia:virus:1072,1,0.9997468590736389,3,densenet_hn2
pneumonia:virus:1073,1,0.907368004322052,4,densenet_hn2
pneumonia:virus:1077,1,0.9995680451393127,0,densenet_hn2
pneumonia:virus:1078,1,0.9999946355819702,1,densenet_hn2
pneumonia:virus:1079,1,0.9999984502792358,2,densenet_hn2
pneumonia:virus:108,1,0.9970144033432007,3,densenet_hn2
pneumonia:virus:1080,1,0.9968252182006836,4,densenet_hn2
pneumonia:virus:1081,1,0.9998432397842407,0,densenet_hn2
pneumonia:virus:1082,1,0.9909282326698303,2,densenet_hn2
pneumonia:virus:1083,1,0.9584554433822632,3,densenet_hn2
pneumonia:virus:1084,1,0.9727099537849426,4,densenet_hn2
pneumonia:virus:1085,1,0.9999732971191406,1,densenet_hn2
pneumonia:virus:1086,1,0.9999104738235474,0,densenet_hn2
pneumonia:virus:1087,1,0.9999986886978149,1,densenet_hn2
pneumonia:virus:1088,1,0.9213659763336182,2,densenet_hn2
pneumonia:virus:1089,1,0.9999939203262329,3,densenet_hn2
pneumonia:virus:109,1,0.07857518643140793,4,densenet_hn2
pneumonia:virus:1090,1,0.9998546838760376,4,densenet_hn2
pneumonia:virus:1091,1,0.9999991655349731,0,densenet_hn2
pneumonia:virus:1092,1,0.9912376403808594,2,densenet_hn2
pneumonia:virus:1094,1,0.9998779296875,4,densenet_hn2
pneumonia:virus:1095,1,0.9932204484939575,2,densenet_hn2
pneumonia:virus:1096,1,0.9999042749404907,1,densenet_hn2
pneumonia:virus:1097,1,0.9989066123962402,3,densenet_hn2
pneumonia:virus:1098,1,0.9999990463256836,0,densenet_hn2
pneumonia:virus:1099,1,0.9918718338012695,2,densenet_hn2
pneumonia:virus:110,1,0.999981552362442,1,densenet_hn2
pneumonia:virus:1100,1,0.9999511241912842,4,densenet_hn2
pneumonia:virus:1102,1,0.9999717473983765,1,densenet_hn2
pneumonia:virus:1103,1,0.9999924898147583,0,densenet_hn2
pneumonia:virus:1104,1,0.9996077418327332,3,densenet_hn2
pneumonia:virus:1106,1,0.9993884563446045,0,densenet_hn2
pneumonia:virus:1107,1,0.9807261824607849,2,densenet_hn2
pneumonia:virus:1108,1,0.9993926286697388,2,densenet_hn2
pneumonia:virus:111,1,0.6623790912951032,4,densenet_hn2
pneumonia:virus:1110,1,0.999894380569458,3,densenet_hn2
pneumonia:virus:1111,1,0.9999911785125732,1,densenet_hn2
pneumonia:virus:1112,1,0.8842951655387878,3,densenet_hn2
pneumonia:virus:1113,1,0.9999964237213135,0,densenet_hn2
pneumonia:virus:1115,1,0.9999502897262573,3,densenet_hn2
pneumonia:virus:1116,1,0.9999805688858032,1,densenet_hn2
pneumonia:virus:1119,1,0.9982413053512573,1,densenet_hn2
pneumonia:virus:112,1,0.9948220252990723,2,densenet_hn2
pneumonia:virus:1120,1,0.9996943473815918,4,densenet_hn2
pneumonia:virus:1121,1,0.9990273714065552,0,densenet_hn2
pneumonia:virus:1122,1,0.9999982118606567,1,densenet_hn2
pneumonia:virus:1123,1,0.9791256189346313,2,densenet_hn2
pneumonia:virus:1124,1,0.9944013953208923,4,densenet_hn2
pneumonia:virus:1125,1,0.981844425201416,0,densenet_hn2
pneumonia:virus:1126,1,0.999992847442627,3,densenet_hn2
pneumonia:virus:1127,1,0.9972285628318787,4,densenet_hn2
pneumonia:virus:1129,1,0.9932267069816589,3,densenet_hn2
pneumonia:virus:113,1,0.9978032112121582,0,densenet_hn2
pneumonia:virus:1130,1,0.9999943971633911,1,densenet_hn2
pneumonia:virus:1132,1,0.9981154203414917,4,densenet_hn2
pneumonia:virus:1133,1,0.9978461265563965,2,densenet_hn2
pneumonia:virus:1137,1,0.9883920550346375,3,densenet_hn2
pneumonia:virus:1138,1,0.9925255477428436,4,densenet_hn2
pneumonia:virus:1139,1,0.962114155292511,0,densenet_hn2
pneumonia:virus:114,1,0.9999990463256836,1,densenet_hn2
pneumonia:virus:1140,1,0.9987984895706177,2,densenet_hn2
pneumonia:virus:1141,1,0.9937396347522736,2,densenet_hn2
pneumonia:virus:1142,1,0.9993185997009277,3,densenet_hn2
pneumonia:virus:1143,1,0.9996034502983093,4,densenet_hn2
pneumonia:virus:1145,1,0.9997480710347494,0,densenet_hn2
pneumonia:virus:1147,1,0.9996275703112284,1,densenet_hn2
pneumonia:virus:1149,1,0.9978747069835663,2,densenet_hn2
pneumonia:virus:115,1,0.9569889307022095,3,densenet_hn2
pneumonia:virus:1151,1,0.9630559086799622,4,densenet_hn2
pneumonia:virus:1152,1,0.9956550598144531,2,densenet_hn2
pneumonia:virus:1153,1,0.99997878074646,0,densenet_hn2
pneumonia:virus:1154,1,0.9691047072410583,2,densenet_hn2
pneumonia:virus:1155,1,0.9998076558113098,1,densenet_hn2
pneumonia:virus:1156,1,0.989195853471756,1,densenet_hn2
pneumonia:virus:1157,1,0.9964338541030884,3,densenet_hn2
pneumonia:virus:1158,1,0.9881848096847534,4,densenet_hn2
pneumonia:virus:1159,1,0.9995351036389669,0,densenet_hn2
pneumonia:virus:116,1,0.9999849796295166,2,densenet_hn2
pneumonia:virus:1160,1,0.9999535083770752,1,densenet_hn2
pneumonia:virus:1161,1,0.7776480317115784,3,densenet_hn2
pneumonia:virus:1162,1,0.9831738770008087,4,densenet_hn2
pneumonia:virus:1163,1,0.999798595905304,1,densenet_hn2
pneumonia:virus:1164,1,0.8203084692358971,3,densenet_hn2
pneumonia:virus:1165,1,0.996817946434021,4,densenet_hn2
pneumonia:virus:1168,1,0.9996334910392761,0,densenet_hn2
pneumonia:virus:1169,1,0.9692455530166626,2,densenet_hn2
pneumonia:virus:117,1,0.9997510313987732,4,densenet_hn2
pneumonia:virus:1170,1,0.9998402297496796,2,densenet_hn2
pneumonia:virus:1172,1,0.9999648332595825,2,densenet_hn2
pneumonia:virus:1173,1,0.18094098567962646,0,densenet_hn2
pneumonia:virus:1174,1,0.9997183680534363,1,densenet_hn2
pneumonia:virus:1175,1,0.7562703490257263,3,densenet_hn2
pneumonia:virus:1176,1,0.9998693267504374,4,densenet_hn2
pneumonia:virus:1177,1,0.9973732233047485,0,densenet_hn2
pneumonia:virus:1178,1,0.999108612537384,1,densenet_hn2
pneumonia:virus:1179,1,0.9999731779098511,2,densenet_hn2
pneumonia:virus:118,1,0.9939320087432861,4,densenet_hn2
pneumonia:virus:1180,1,0.9998892678154839,3,densenet_hn2
pneumonia:virus:1181,1,0.9984472393989563,0,densenet_hn2
pneumonia:virus:1182,1,0.8703604340553284,1,densenet_hn2
pneumonia:virus:1183,1,0.9432641267776489,3,densenet_hn2
pneumonia:virus:1184,1,0.7344900369644165,4,densenet_hn2
pneumonia:virus:1186,1,0.9744066596031189,2,densenet_hn2
pneumonia:virus:1187,1,0.994586706161499,4,densenet_hn2
pneumonia:virus:1188,1,0.9942606687545776,0,densenet_hn2
pneumonia:virus:119,1,0.9999918937683105,1,densenet_hn2
pneumonia:virus:1190,1,0.9998680353164673,1,densenet_hn2
pneumonia:virus:1191,1,0.3465300500392914,2,densenet_hn2
pneumonia:virus:1193,1,0.9995679259300232,3,densenet_hn2
pneumonia:virus:1197,1,0.9987760186195374,4,densenet_hn2
pneumonia:virus:120,1,0.9574210047721863,1,densenet_hn2
pneumonia:virus:1200,1,0.9995567202568054,0,densenet_hn2
pneumonia:virus:1202,1,0.9998555183410645,0,densenet_hn2
pneumonia:virus:1206,1,0.9999858140945435,3,densenet_hn2
pneumonia:virus:1211,1,0.9883937239646912,2,densenet_hn2
pneumonia:virus:1212,1,0.997391939163208,0,densenet_hn2
pneumonia:virus:1213,1,0.9997228980064392,3,densenet_hn2
pneumonia:virus:1214,1,0.9938978552818298,4,densenet_hn2
pneumonia:virus:1216,1,0.9955312609672546,0,densenet_hn2
pneumonia:virus:1217,1,0.9997031092643738,1,densenet_hn2
pneumonia:virus:1218,1,0.9999998807907104,1,densenet_hn2
pneumonia:virus:1219,1,0.9999349117279053,2,densenet_hn2
pneumonia:virus:122,1,0.9989728927612305,3,densenet_hn2
pneumonia:virus:1220,1,0.9520085453987122,4,densenet_hn2
pneumonia:virus:1222,1,0.999476969242096,0,densenet_hn2
pneumonia:virus:1223,1,0.9688907861709595,3,densenet_hn2
pneumonia:virus:1224,1,0.9990130662918091,4,densenet_hn2
pneumonia:virus:1225,1,0.999923825263977,1,densenet_hn2
pneumonia:virus:1226,1,0.9998955726623535,2,densenet_hn2
pneumonia:virus:1227,1,0.5146245956420898,2,densenet_hn2
pneumonia:virus:1228,1,0.999993085861206,2,densenet_hn2
pneumonia:virus:1229,1,0.9983083009719849,4,densenet_hn2
pneumonia:virus:123,1,0.9999459981918335,0,densenet_hn2
pneumonia:virus:1230,1,0.9999880790710449,1,densenet_hn2
pneumonia:virus:1231,1,0.9948083758354187,3,densenet_hn2
pneumonia:virus:1232,1,0.9666715860366821,4,densenet_hn2
pneumonia:virus:1233,1,0.9999821186065674,1,densenet_hn2
pneumonia:virus:1234,1,0.8813655376434326,0,densenet_hn2
pneumonia:virus:1235,1,0.9999951124191284,2,densenet_hn2
pneumonia:virus:1236,1,0.9996447563171387,3,densenet_hn2
pneumonia:virus:1237,1,0.9999455213546753,3,densenet_hn2
pneumonia:virus:1238,1,0.9998371601104736,4,densenet_hn2
pneumonia:virus:1239,1,0.999990701675415,1,densenet_hn2
pneumonia:virus:124,1,0.9999750815331936,3,densenet_hn2
pneumonia:virus:1241,1,0.9999535083770752,2,densenet_hn2
pneumonia:virus:1242,1,0.9994409084320068,0,densenet_hn2
pneumonia:virus:1243,1,0.9927823543548584,1,densenet_hn2
pneumonia:virus:1244,1,0.9993775486946106,3,densenet_hn2
pneumonia:virus:1247,1,0.9968230724334717,4,densenet_hn2
pneumonia:virus:1248,1,0.9996052384376526,2,densenet_hn2
pneumonia:virus:1249,1,0.9976882934570312,0,densenet_hn2
pneumonia:virus:125,1,0.9982191920280457,0,densenet_hn2
pneumonia:virus:1252,1,0.8040063381195068,3,densenet_hn2
pneumonia:virus:1253,1,0.9999834299087524,1,densenet_hn2
pneumonia:virus:1254,1,0.9997730851173401,4,densenet_hn2
pneumonia:virus:1255,1,0.9999992847442627,1,densenet_hn2
pneumonia:virus:1258,1,0.9977165460586548,0,densenet_hn2
pneumonia:virus:1259,1,0.99993896484375,1,densenet_hn2
pneumonia:virus:126,1,0.9986395239830017,2,densenet_hn2
pneumonia:virus:1260,1,0.9924539923667908,3,densenet_hn2
pneumonia:virus:1261,1,0.9992281993230184,3,densenet_hn2
pneumonia:virus:1264,1,0.9994909763336182,3,densenet_hn2
pneumonia:virus:1265,1,0.9809272289276123,0,densenet_hn2
pneumonia:virus:1266,1,0.9993616938591003,4,densenet_hn2
pneumonia:virus:1267,1,0.9997537732124329,3,densenet_hn2
pneumonia:virus:1268,1,0.9703240990638733,2,densenet_hn2
pneumonia:virus:1269,1,0.9677407145500183,0,densenet_hn2
pneumonia:virus:1270,1,0.9999911785125732,1,densenet_hn2
pneumonia:virus:1271,1,0.992592990398407,2,densenet_hn2
pneumonia:virus:1272,1,0.9992159605026245,4,densenet_hn2
pneumonia:virus:1273,1,0.9968409538269043,1,densenet_hn2
pneumonia:virus:1274,1,0.9999978542327881,2,densenet_hn2
pneumonia:virus:1276,1,0.7476039528846741,0,densenet_hn2
pneumonia:virus:1278,1,0.6014294624328613,3,densenet_hn2
pneumonia:virus:128,1,0.9955810904502869,4,densenet_hn2
pneumonia:virus:1281,1,0.672372579574585,4,densenet_hn2
pneumonia:virus:1283,1,0.9997218251228333,0,densenet_hn2
pneumonia:virus:1284,1,0.9999231100082397,1,densenet_hn2
pneumonia:virus:1285,1,0.9965444207191467,3,densenet_hn2
pneumonia:virus:1286,1,0.9999369382858276,1,densenet_hn2
pneumonia:virus:1287,1,0.6421141028404236,2,densenet_hn2
pneumonia:virus:1288,1,0.999675989151001,2,densenet_hn2
pneumonia:virus:1290,1,0.8963761329650879,4,densenet_hn2
pneumonia:virus:1291,1,0.988234281539917,0,densenet_hn2
pneumonia:virus:1292,1,0.9974790215492249,2,densenet_hn2
pneumonia:virus:1293,1,0.9999300241470337,2,densenet_hn2
pneumonia:virus:1294,1,0.9995497763156891,0,densenet_hn2
pneumonia:virus:1295,1,0.9085498452186584,1,densenet_hn2
pneumonia:virus:1296,1,0.9999194145202637,3,densenet_hn2
pneumonia:virus:1298,1,0.9999970197677612,1,densenet_hn2
pneumonia:virus:130,1,0.8324975371360779,2,densenet_hn2
pneumonia:virus:1300,1,0.8337432146072388,4,densenet_hn2
pneumonia:virus:1301,1,0.9923255443572998,4,densenet_hn2
pneumonia:virus:1303,1,0.9811316728591919,0,densenet_hn2
pneumonia:virus:1306,1,0.9996501207351685,2,densenet_hn2
pneumonia:virus:1307,1,0.9999905824661255,1,densenet_hn2
pneumonia:virus:1308,1,0.9981668591499329,1,densenet_hn2
pneumonia:virus:1309,1,0.999962568283081,0,densenet_hn2
pneumonia:virus:131,1,0.9996923208236694,3,densenet_hn2
pneumonia:virus:1310,1,0.9981573224067688,4,densenet_hn2
pneumonia:virus:1311,1,0.9999890923500061,0,densenet_hn2
pneumonia:virus:1312,1,0.999974250793457,1,densenet_hn2
pneumonia:virus:1313,1,0.9995205402374268,2,densenet_hn2
pneumonia:virus:1314,1,0.9989708860715231,3,densenet_hn2
pneumonia:virus:1315,1,0.9920761585235596,4,densenet_hn2
pneumonia:virus:1316,1,0.9999048709869385,3,densenet_hn2
pneumonia:virus:1317,1,0.9949402809143066,0,densenet_hn2
pneumonia:virus:1318,1,0.9999957084655762,1,densenet_hn2
pneumonia:virus:1319,1,0.9998119473457336,3,densenet_hn2
pneumonia:virus:132,1,0.9963265061378479,3,densenet_hn2
pneumonia:virus:1320,1,0.9999915361404419,2,densenet_hn2
pneumonia:virus:1321,1,0.9798096418380737,3,densenet_hn2
pneumonia:virus:1323,1,0.7644220292568207,4,densenet_hn2
pneumonia:virus:1324,1,0.9779645502567291,0,densenet_hn2
pneumonia:virus:1325,1,0.9999854564666748,1,densenet_hn2
pneumonia:virus:1328,1,0.9979672431945801,4,densenet_hn2
pneumonia:virus:133,1,0.9995394945144653,3,densenet_hn2
pneumonia:virus:1331,1,0.9554867744445801,2,densenet_hn2
pneumonia:virus:1332,1,0.999976396560669,0,densenet_hn2
pneumonia:virus:1333,1,0.999173104763031,2,densenet_hn2
pneumonia:virus:1336,1,0.9997954964637756,4,densenet_hn2
pneumonia:virus:1337,1,0.9843714833259583,1,densenet_hn2
pneumonia:virus:1338,1,0.999935507774353,3,densenet_hn2
pneumonia:virus:134,1,0.9971293807029724,4,densenet_hn2
pneumonia:virus:1340,1,0.9624074399471283,1,densenet_hn2
pneumonia:virus:1341,1,0.34716641902923584,0,densenet_hn2
pneumonia:virus:1342,1,0.9953711628913879,2,densenet_hn2
pneumonia:virus:1343,1,0.9981756508350372,3,densenet_hn2
pneumonia:virus:1344,1,0.9995459616184235,4,densenet_hn2
pneumonia:virus:1345,1,0.9984809756278992,2,densenet_hn2
pneumonia:virus:1346,1,0.9886289834976196,1,densenet_hn2
pneumonia:virus:1347,1,0.9926014542579651,0,densenet_hn2
pneumonia:virus:1348,1,0.999990701675415,2,densenet_hn2
pneumonia:virus:135,1,0.9999864101409912,2,densenet_hn2
pneumonia:virus:1350,1,0.9990608096122742,4,densenet_hn2
pneumonia:virus:1351,1,0.9976761937141418,3,densenet_hn2
pneumonia:virus:1353,1,0.9609114527702332,0,densenet_hn2
pneumonia:virus:1355,1,0.7013311386108398,1,densenet_hn2
pneumonia:virus:1356,1,0.9991433620452881,2,densenet_hn2
pneumonia:virus:1357,1,0.997050404548645,3,densenet_hn2
pneumonia:virus:1358,1,0.8208915591239929,0,densenet_hn2
pneumonia:virus:1359,1,0.9950650334358215,4,densenet_hn2
pneumonia:virus:1360,1,0.5326554775238037,0,densenet_hn2
pneumonia:virus:1361,1,0.9996280372142792,1,densenet_hn2
pneumonia:virus:1362,1,0.5919296741485596,2,densenet_hn2
pneumonia:virus:1363,1,0.9836713075637817,3,densenet_hn2
pneumonia:virus:1365,1,0.9759160280227661,4,densenet_hn2
pneumonia:virus:1366,1,0.9996864795684814,1,densenet_hn2
pneumonia:virus:1367,1,0.9390800595283508,0,densenet_hn2
pneumonia:virus:1368,1,0.9999370574951172,2,densenet_hn2
pneumonia:virus:1369,1,0.9995807409286499,3,densenet_hn2
pneumonia:virus:137,1,0.999146580696106,4,densenet_hn2
pneumonia:virus:1371,1,0.9857186079025269,0,densenet_hn2
pneumonia:virus:1374,1,0.999991774559021,1,densenet_hn2
pneumonia:virus:1375,1,0.9947230815887451,2,densenet_hn2
pneumonia:virus:1376,1,0.9998780488967896,3,densenet_hn2
pneumonia:virus:1377,1,0.9993957281112671,4,densenet_hn2
pneumonia:virus:138,1,0.999992847442627,0,densenet_hn2
pneumonia:virus:1381,1,0.9999967813491821,1,densenet_hn2
pneumonia:virus:1383,1,0.9993559718132019,2,densenet_hn2
pneumonia:virus:1385,1,0.9987711310386658,3,densenet_hn2
pneumonia:virus:1387,1,0.9997299313545227,4,densenet_hn2
pneumonia:virus:1389,1,0.9999986886978149,2,densenet_hn2
pneumonia:virus:139,1,0.9964002370834351,0,densenet_hn2
pneumonia:virus:1393,1,0.9999891519546509,1,densenet_hn2
pneumonia:virus:1394,1,0.999736487865448,3,densenet_hn2
pneumonia:virus:1395,1,0.9672227501869202,4,densenet_hn2
pneumonia:virus:1396,1,0.9138888716697693,0,densenet_hn2
pneumonia:virus:1397,1,0.9999881982803345,1,densenet_hn2
pneumonia:virus:1398,1,0.9965547323226929,2,densenet_hn2
pneumonia:virus:1399,1,0.993830144405365,3,densenet_hn2
pneumonia:virus:140,1,0.9893801808357239,4,densenet_hn2
pneumonia:virus:1402,1,0.9990412592887878,0,densenet_hn2
pneumonia:virus:1403,1,0.9999934434890747,1,densenet_hn2
pneumonia:virus:1405,1,0.9764468669891357,2,densenet_hn2
pneumonia:virus:1406,1,0.9970393180847168,3,densenet_hn2
pneumonia:virus:1407,1,0.9988418221473694,4,densenet_hn2
pneumonia:virus:1408,1,0.9989557266235352,0,densenet_hn2
pneumonia:virus:1409,1,0.9997044205665588,3,densenet_hn2
pneumonia:virus:141,1,0.9897415637969971,4,densenet_hn2
pneumonia:virus:1411,1,0.9998670816421509,1,densenet_hn2
pneumonia:virus:1413,1,0.9999883770942688,2,densenet_hn2
pneumonia:virus:1414,1,0.999334990978241,4,densenet_hn2
pneumonia:virus:1415,1,0.9961360096931458,3,densenet_hn2
pneumonia:virus:1416,1,0.9676457643508911,1,densenet_hn2
pneumonia:virus:1418,1,0.9999918937683105,0,densenet_hn2
pneumonia:virus:142,1,0.9995243549346924,0,densenet_hn2
pneumonia:virus:1420,1,0.9998689889907837,2,densenet_hn2
pneumonia:virus:1422,1,0.998116135597229,3,densenet_hn2
pneumonia:virus:1424,1,0.9837373495101929,4,densenet_hn2
pneumonia:virus:1425,1,0.9999997615814209,0,densenet_hn2
pneumonia:virus:1426,1,0.9943156838417053,0,densenet_hn2
pneumonia:virus:1427,1,0.99998939037323,1,densenet_hn2
pneumonia:virus:1428,1,0.9999802112579346,2,densenet_hn2
pneumonia:virus:1429,1,0.9985077977180481,3,densenet_hn2
pneumonia:virus:143,1,0.9928353428840637,4,densenet_hn2
pneumonia:virus:1430,1,0.999895453453064,4,densenet_hn2
pneumonia:virus:1433,1,0.9880907535552979,0,densenet_hn2
pneumonia:virus:1438,1,0.9998289346694946,1,densenet_hn2
pneumonia:virus:1439,1,0.9999321699142456,1,densenet_hn2
pneumonia:virus:1441,1,0.9769429564476013,3,densenet_hn2
pneumonia:virus:1448,1,0.9977954626083374,4,densenet_hn2
pneumonia:virus:1449,1,0.9999141097068787,2,densenet_hn2
pneumonia:virus:145,1,0.7917134165763855,0,densenet_hn2
pneumonia:virus:1451,1,0.9998288154602051,1,densenet_hn2
pneumonia:virus:1452,1,0.99937903881073,2,densenet_hn2
pneumonia:virus:1453,1,0.999951958656311,0,densenet_hn2
pneumonia:virus:1454,1,0.999505877494812,3,densenet_hn2
pneumonia:virus:1455,1,0.9993863503138224,4,densenet_hn2
pneumonia:virus:1457,1,0.9999961853027344,0,densenet_hn2
pneumonia:virus:1458,1,0.9999361435572306,1,densenet_hn2
pneumonia:virus:1459,1,0.9954352974891663,4,densenet_hn2
pneumonia:virus:146,1,0.9636808037757874,3,densenet_hn2
pneumonia:virus:1460,1,0.9825000166893005,2,densenet_hn2
pneumonia:virus:1461,1,0.001436205580830574,0,densenet_hn2
pneumonia:virus:1462,1,0.9855450987815857,1,densenet_hn2
pneumonia:virus:1463,1,0.9999351501464844,2,densenet_hn2
pneumonia:virus:1465,1,0.9998189508914948,3,densenet_hn2
pneumonia:virus:1466,1,0.9999988079071045,2,densenet_hn2
pneumonia:virus:1467,1,0.9997226595878601,4,densenet_hn2
pneumonia:virus:1468,1,0.9905246496200562,0,densenet_hn2
pneumonia:virus:1469,1,0.35520026087760925,1,densenet_hn2
pneumonia:virus:147,1,0.9999995231628418,2,densenet_hn2
pneumonia:virus:1471,1,0.9991152882575989,3,densenet_hn2
pneumonia:virus:1472,1,0.9282289147377014,1,densenet_hn2
pneumonia:virus:1473,1,0.9957506954669952,4,densenet_hn2
pneumonia:virus:1474,1,0.9977779388427734,0,densenet_hn2
pneumonia:virus:1475,1,0.9997149109840393,1,densenet_hn2
pneumonia:virus:1476,1,0.8632860779762268,2,densenet_hn2
pneumonia:virus:1477,1,0.9637548327445984,3,densenet_hn2
pneumonia:virus:148,1,0.9994742274284363,4,densenet_hn2
pneumonia:virus:1480,1,0.0022946521639823914,0,densenet_hn2
pneumonia:virus:1481,1,0.7019557356834412,1,densenet_hn2
pneumonia:virus:1482,1,0.9986521601676941,1,densenet_hn2
pneumonia:virus:1483,1,0.9998830556869507,2,densenet_hn2
pneumonia:virus:1484,1,0.9994909167289734,3,densenet_hn2
pneumonia:virus:1486,1,0.9999483823776245,4,densenet_hn2
pneumonia:virus:1488,1,0.796274334192276,2,densenet_hn2
pneumonia:virus:1489,1,0.12762096524238586,3,densenet_hn2
pneumonia:virus:149,1,0.9984499216079712,0,densenet_hn2
pneumonia:virus:1490,1,0.9405041933059692,1,densenet_hn2
pneumonia:virus:1491,1,0.9999396800994873,3,densenet_hn2
pneumonia:virus:1492,1,0.9975045323371887,2,densenet_hn2
pneumonia:virus:1494,1,0.9999560117721558,4,densenet_hn2
pneumonia:virus:1495,1,0.9999988079071045,2,densenet_hn2
pneumonia:virus:1496,1,0.9989692866802216,0,densenet_hn2
pneumonia:virus:1497,1,0.9969520568847656,3,densenet_hn2
pneumonia:virus:1499,1,0.9970581531524658,4,densenet_hn2
pneumonia:virus:1500,1,0.9999862909317017,1,densenet_hn2
pneumonia:virus:1501,1,0.9999929666519165,1,densenet_hn2
pneumonia:virus:1502,1,0.9995129108428955,0,densenet_hn2
pneumonia:virus:1503,1,0.9994063377380371,2,densenet_hn2
pneumonia:virus:1504,1,0.9963122010231018,3,densenet_hn2
pneumonia:virus:1505,1,0.9968624114990234,4,densenet_hn2
pneumonia:virus:1506,1,0.9790273904800415,4,densenet_hn2
pneumonia:virus:1509,1,0.975273609161377,1,densenet_hn2
pneumonia:virus:151,1,0.9999716877937317,1,densenet_hn2
pneumonia:virus:1510,1,0.9610666632652283,2,densenet_hn2
pneumonia:virus:1512,1,0.5785785913467407,4,densenet_hn2
pneumonia:virus:1513,1,0.5392873287200928,4,densenet_hn2
pneumonia:virus:1514,1,0.999923586845398,0,densenet_hn2
pneumonia:virus:1516,1,0.9995798468589783,3,densenet_hn2
pneumonia:virus:1517,1,0.9999983310699463,3,densenet_hn2
pneumonia:virus:1518,1,0.9998452663421631,0,densenet_hn2
pneumonia:virus:1519,1,0.9999982118606567,1,densenet_hn2
pneumonia:virus:152,1,0.9953559637069702,2,densenet_hn2
pneumonia:virus:1520,1,0.9998610019683838,4,densenet_hn2
pneumonia:virus:1521,1,0.9983291029930115,0,densenet_hn2
pneumonia:virus:1522,1,0.9999896287918091,3,densenet_hn2
pneumonia:virus:1524,1,0.9898419976234436,1,densenet_hn2
pneumonia:virus:1525,1,0.9957927465438843,0,densenet_hn2
pneumonia:virus:1526,1,0.9999992847442627,2,densenet_hn2
pneumonia:virus:1527,1,0.7534508109092712,3,densenet_hn2
pneumonia:virus:1528,1,0.9998918771743774,4,densenet_hn2
pneumonia:virus:1529,1,0.9999686479568481,0,densenet_hn2
pneumonia:virus:153,1,0.9992153644561768,1,densenet_hn2
pneumonia:virus:1530,1,0.9999990463256836,2,densenet_hn2
pneumonia:virus:1531,1,0.7680686712265015,4,densenet_hn2
pneumonia:virus:1532,1,0.9870973825454712,3,densenet_hn2
pneumonia:virus:1534,1,0.9995344877243042,3,densenet_hn2
pneumonia:virus:1535,1,0.9486571550369263,4,densenet_hn2
pneumonia:virus:1536,1,0.9999994039535522,2,densenet_hn2
pneumonia:virus:1537,1,0.8469635248184204,0,densenet_hn2
pneumonia:virus:1539,1,0.9999886155128479,1,densenet_hn2
pneumonia:virus:154,1,0.9906653761863708,2,densenet_hn2
pneumonia:virus:1540,1,0.8682578206062317,4,densenet_hn2
pneumonia:virus:1541,1,0.9999598264694214,2,densenet_hn2
pneumonia:virus:1542,1,0.9980601668357849,3,densenet_hn2
pneumonia:virus:1543,1,0.9923500418663025,0,densenet_hn2
pneumonia:virus:1544,1,0.9987236857414246,3,densenet_hn2
pneumonia:virus:1546,1,0.9999971389770508,1,densenet_hn2
pneumonia:virus:1547,1,0.9999920129776001,2,densenet_hn2
pneumonia:virus:1548,1,0.9980098605155945,4,densenet_hn2
pneumonia:virus:1549,1,0.9999338388442993,0,densenet_hn2
pneumonia:virus:155,1,0.9993851184844971,1,densenet_hn2
pneumonia:virus:1550,1,0.9999866485595703,2,densenet_hn2
pneumonia:virus:1551,1,0.9996389150619507,2,densenet_hn2
pneumonia:virus:1554,1,0.9997814297676086,4,densenet_hn2
pneumonia:virus:1556,1,0.9926194548606873,4,densenet_hn2
pneumonia:virus:156,1,0.9999727010726929,3,densenet_hn2
pneumonia:virus:1564,1,0.9989326596260071,4,densenet_hn2
pneumonia:virus:1567,1,0.9875281453132629,0,densenet_hn2
pneumonia:virus:1568,1,0.9865151643753052,1,densenet_hn2
pneumonia:virus:157,1,0.9922192096710205,1,densenet_hn2
pneumonia:virus:1571,1,0.997369647026062,3,densenet_hn2
pneumonia:virus:1576,1,0.9999504089355469,2,densenet_hn2
pneumonia:virus:1577,1,0.9999262094497681,4,densenet_hn2
pneumonia:virus:158,1,0.999995231628418,2,densenet_hn2
pneumonia:virus:1580,1,0.8771560192108154,0,densenet_hn2
pneumonia:virus:1581,1,0.9984641075134277,4,densenet_hn2
pneumonia:virus:1588,1,0.9999626874923706,1,densenet_hn2
pneumonia:virus:1589,1,0.9999433755874634,3,densenet_hn2
pneumonia:virus:1590,1,0.9999996423721313,1,densenet_hn2
pneumonia:virus:1591,1,0.9997432827949524,0,densenet_hn2
pneumonia:virus:1592,1,0.9999881982803345,2,densenet_hn2
pneumonia:virus:1593,1,0.9754810333251953,3,densenet_hn2
pneumonia:virus:1594,1,0.9995757937431335,4,densenet_hn2
pneumonia:virus:1595,1,0.9999076128005981,4,densenet_hn2
pneumonia:virus:1599,1,0.9721759259700775,0,densenet_hn2
pneumonia:virus:160,1,0.9048992395401001,1,densenet_hn2
pneumonia:virus:1600,1,0.9999990463256836,2,densenet_hn2
pneumonia:virus:1602,1,0.998289167881012,3,densenet_hn2
pneumonia:virus:1603,1,0.9211889505386353,4,densenet_hn2
pneumonia:virus:1604,1,0.9949197173118591,3,densenet_hn2
pneumonia:virus:1607,1,0.9999948740005493,2,densenet_hn2
pneumonia:virus:1609,1,0.9884246587753296,0,densenet_hn2
pneumonia:virus:161,1,0.999998927116394,1,densenet_hn2
pneumonia:virus:162,1,0.9832654297351837,2,densenet_hn2
pneumonia:virus:255,1,0.8563467264175415,4,densenet_hn2
pneumonia:virus:256,1,0.9949466586112976,0,densenet_hn2
pneumonia:virus:257,1,0.7661260366439819,1,densenet_hn2
pneumonia:virus:258,1,0.9994778037071228,2,densenet_hn2
pneumonia:virus:259,1,0.9999662637710571,3,densenet_hn2
pneumonia:virus:260,1,0.9999440908432007,0,densenet_hn2
pneumonia:virus:261,1,0.9997534155845642,4,densenet_hn2
pneumonia:virus:262,1,0.9999526143074036,3,densenet_hn2
pneumonia:virus:263,1,0.9735363125801086,0,densenet_hn2
pneumonia:virus:264,1,0.99994957447052,1,densenet_hn2
pneumonia:virus:265,1,0.9974533915519714,2,densenet_hn2
pneumonia:virus:266,1,0.9999328851699829,3,densenet_hn2
pneumonia:virus:267,1,0.9997147917747498,4,densenet_hn2
pneumonia:virus:268,1,0.9998993873596191,3,densenet_hn2
pneumonia:virus:269,1,0.9821836948394775,0,densenet_hn2
pneumonia:virus:270,1,0.9999790191650391,0,densenet_hn2
pneumonia:virus:271,1,0.9993690848350525,1,densenet_hn2
pneumonia:virus:272,1,0.6589550375938416,1,densenet_hn2
pneumonia:virus:273,1,0.9113704562187195,2,densenet_hn2
pneumonia:virus:274,1,0.9995577931404114,4,densenet_hn2
pneumonia:virus:275,1,0.011929414235055447,0,densenet_hn2
pneumonia:virus:276,1,0.9994499087333679,4,densenet_hn2
pneumonia:virus:277,1,0.8388781547546387,1,densenet_hn2
pneumonia:virus:278,1,0.999900683760643,2,densenet_hn2
pneumonia:virus:279,1,0.04862779378890991,3,densenet_hn2
pneumonia:virus:280,1,0.938279390335083,3,densenet_hn2
pneumonia:virus:281,1,0.9999865293502808,0,densenet_hn2
pneumonia:virus:282,1,0.9999878406524658,1,densenet_hn2
pneumonia:virus:284,1,0.9978607296943665,2,densenet_hn2
pneumonia:virus:286,1,0.2313142865896225,4,densenet_hn2
pneumonia:virus:287,1,0.9710350632667542,2,densenet_hn2
pneumonia:virus:288,1,0.9995477795600891,4,densenet_hn2
pneumonia:virus:289,1,0.7382388710975647,0,densenet_hn2
pneumonia:virus:290,1,0.9991181492805481,3,densenet_hn2
pneumonia:virus:291,1,0.9999591112136841,1,densenet_hn2
pneumonia:virus:292,1,0.9999755620956421,2,densenet_hn2
pneumonia:virus:293,1,0.9999480843544006,4,densenet_hn2
pneumonia:virus:294,1,0.9745446642239889,0,densenet_hn2
pneumonia:virus:295,1,0.8711315393447876,3,densenet_hn2
pneumonia:virus:296,1,0.9990838766098022,4,densenet_hn2
pneumonia:virus:297,1,0.8914138078689575,1,densenet_hn2
pneumonia:virus:298,1,0.9999831914901733,2,densenet_hn2
pneumonia:virus:299,1,0.9851477742195129,0,densenet_hn2
pneumonia:virus:300,1,0.9999456405639648,1,densenet_hn2
pneumonia:virus:301,1,0.057289544492959976,3,densenet_hn2
pneumonia:virus:302,1,0.9448661804199219,4,densenet_hn2
pneumonia:virus:303,1,0.9790838360786438,2,densenet_hn2
pneumonia:virus:304,1,0.9999903440475464,0,densenet_hn2
pneumonia:virus:305,1,0.9999915361404419,1,densenet_hn2
pneumonia:virus:306,1,0.9999871253967285,2,densenet_hn2
pneumonia:virus:307,1,0.9999850988388062,1,densenet_hn2
pneumonia:virus:308,1,0.9999781847000122,3,densenet_hn2
pneumonia:virus:309,1,0.9999786615371704,3,densenet_hn2
pneumonia:virus:310,1,0.9994617104530334,4,densenet_hn2
pneumonia:virus:311,1,0.9998760223388672,3,densenet_hn2
pneumonia:virus:312,1,0.9845188856124878,4,densenet_hn2
pneumonia:virus:313,1,0.9991149306297302,0,densenet_hn2
pneumonia:virus:314,1,0.9999982118606567,1,densenet_hn2
pneumonia:virus:316,1,0.9999290704727173,2,densenet_hn2
pneumonia:virus:317,1,0.9945424795150757,0,densenet_hn2
pneumonia:virus:318,1,0.6040120124816895,0,densenet_hn2
pneumonia:virus:319,1,0.9808366298675537,3,densenet_hn2
pneumonia:virus:320,1,0.999992847442627,2,densenet_hn2
pneumonia:virus:321,1,0.998144268989563,3,densenet_hn2
pneumonia:virus:322,1,0.998051643371582,1,densenet_hn2
pneumonia:virus:323,1,0.9996705055236816,2,densenet_hn2
pneumonia:virus:324,1,0.9951950907707214,3,densenet_hn2
pneumonia:virus:325,1,0.9999353766441346,4,densenet_hn2
pneumonia:virus:326,1,0.9998160174914769,0,densenet_hn2
pneumonia:virus:327,1,0.9994636178016663,1,densenet_hn2
pneumonia:virus:328,1,0.9286826848983765,2,densenet_hn2
pneumonia:virus:329,1,0.9999051094055176,2,densenet_hn2
pneumonia:virus:330,1,0.9997993111610413,3,densenet_hn2
pneumonia:virus:331,1,0.9995799660682678,4,densenet_hn2
pneumonia:virus:332,1,0.9999805688858032,4,densenet_hn2
pneumonia:virus:333,1,0.9841383099555969,3,densenet_hn2
pneumonia:virus:334,1,0.9999731779098511,0,densenet_hn2
pneumonia:virus:335,1,0.9999986886978149,2,densenet_hn2
pneumonia:virus:338,1,0.9999790191650391,1,densenet_hn2
pneumonia:virus:339,1,0.9975215792655945,3,densenet_hn2
pneumonia:virus:340,1,0.9993821382522583,4,densenet_hn2
pneumonia:virus:341,1,0.9971503615379333,0,densenet_hn2
pneumonia:virus:342,1,0.9997350573539734,1,densenet_hn2
pneumonia:virus:343,1,1.0,2,densenet_hn2
pneumonia:virus:344,1,0.9999576807022095,1,densenet_hn2
pneumonia:virus:346,1,0.999980092048645,3,densenet_hn2
pneumonia:virus:348,1,0.9975037773450216,4,densenet_hn2
pneumonia:virus:349,1,0.9995249509811401,4,densenet_hn2
pneumonia:virus:350,1,0.999651312828064,2,densenet_hn2
pneumonia:virus:351,1,0.9999854564666748,0,densenet_hn2
pneumonia:virus:353,1,0.9594705700874329,1,densenet_hn2
pneumonia:virus:354,1,0.9649059772491455,3,densenet_hn2
pneumonia:virus:355,1,0.9999900460243225,0,densenet_hn2
pneumonia:virus:356,1,0.9978949427604675,1,densenet_hn2
pneumonia:virus:357,1,0.9999968608220419,2,densenet_hn2
pneumonia:virus:358,1,0.998963475227356,3,densenet_hn2
pneumonia:virus:359,1,0.9936949610710144,0,densenet_hn2
pneumonia:virus:360,1,0.9958385229110718,4,densenet_hn2
pneumonia:virus:361,1,0.9999229907989502,3,densenet_hn2
pneumonia:virus:362,1,0.44801053404808044,0,densenet_hn2
pneumonia:virus:363,1,0.9378769993782043,4,densenet_hn2
pneumonia:virus:364,1,0.9997977614402771,2,densenet_hn2
pneumonia:virus:365,1,0.9999972581863403,1,densenet_hn2
pneumonia:virus:366,1,0.9998772144317627,2,densenet_hn2
pneumonia:virus:367,1,0.9996542930603027,3,densenet_hn2
pneumonia:virus:368,1,0.9983652234077454,4,densenet_hn2
pneumonia:virus:369,1,0.9999663829803467,4,densenet_hn2
pneumonia:virus:370,1,0.9999881386756897,0,densenet_hn2
pneumonia:virus:371,1,0.999984860420227,1,densenet_hn2
pneumonia:virus:372,1,0.9978867173194885,0,densenet_hn2
pneumonia:virus:373,1,0.9982062578201294,2,densenet_hn2
pneumonia:virus:374,1,0.9995855689048767,3,densenet_hn2
pneumonia:virus:375,1,0.9999996423721313,0,densenet_hn2
pneumonia:virus:376,1,0.9999383687973022,1,densenet_hn2
pneumonia:virus:377,1,0.9999886751174927,2,densenet_hn2
pneumonia:virus:378,1,0.9999457597732544,3,densenet_hn2
pneumonia:virus:379,1,0.9983263611793518,4,densenet_hn2
pneumonia:virus:380,1,0.9999796152114868,0,densenet_hn2
pneumonia:virus:383,1,0.999996542930603,1,densenet_hn2
pneumonia:virus:384,1,0.9994738698005676,4,densenet_hn2
pneumonia:virus:385,1,0.9982365369796753,2,densenet_hn2
pneumonia:virus:386,1,0.9954774975776672,3,densenet_hn2
pneumonia:virus:387,1,0.9965296387672424,0,densenet_hn2
pneumonia:virus:388,1,0.9999536871910095,1,densenet_hn2
pneumonia:virus:389,1,0.9999544620513916,2,densenet_hn2
pneumonia:virus:391,1,0.9994159936904907,3,densenet_hn2
pneumonia:virus:392,1,0.9998137354850769,4,densenet_hn2
pneumonia:virus:393,1,0.9777986407279968,0,densenet_hn2
pneumonia:virus:394,1,0.9906224608421326,4,densenet_hn2
pneumonia:virus:395,1,0.5071344375610352,1,densenet_hn2
pneumonia:virus:396,1,0.9844600558280945,2,densenet_hn2
pneumonia:virus:397,1,0.9825756549835205,3,densenet_hn2
pneumonia:virus:399,1,0.9999779462814331,1,densenet_hn2
pneumonia:virus:400,1,0.9977861642837524,2,densenet_hn2
pneumonia:virus:401,1,0.999962568283081,0,densenet_hn2
pneumonia:virus:402,1,0.9580476582050323,1,densenet_hn2
pneumonia:virus:403,1,0.9999548196792603,3,densenet_hn2
pneumonia:virus:405,1,0.9997490048408508,4,densenet_hn2
pneumonia:virus:407,1,0.9999988079071045,0,densenet_hn2
pneumonia:virus:408,1,0.999642014503479,4,densenet_hn2
pneumonia:virus:409,1,0.9999077717463175,3,densenet_hn2
pneumonia:virus:410,1,0.9999717473983765,0,densenet_hn2
pneumonia:virus:413,1,0.9998520612716675,1,densenet_hn2
pneumonia:virus:414,1,0.9999921321868896,2,densenet_hn2
pneumonia:virus:415,1,0.9065456986427307,1,densenet_hn2
pneumonia:virus:416,1,0.9583883881568909,4,densenet_hn2
pneumonia:virus:417,1,0.09785301983356476,0,densenet_hn2
pneumonia:virus:418,1,0.9989668130874634,4,densenet_hn2
pneumonia:virus:419,1,0.9998859167098999,1,densenet_hn2
pneumonia:virus:421,1,0.9997819066047668,2,densenet_hn2
pneumonia:virus:422,1,0.9997925162315369,3,densenet_hn2
pneumonia:virus:423,1,0.3835274279117584,2,densenet_hn2
pneumonia:virus:425,1,0.9753541946411133,0,densenet_hn2
pneumonia:virus:426,1,0.999971866607666,1,densenet_hn2
pneumonia:virus:427,1,0.9174364805221558,3,densenet_hn2
pneumonia:virus:428,1,0.9934837222099304,4,densenet_hn2
pneumonia:virus:429,1,0.8253910541534424,0,densenet_hn2
pneumonia:virus:430,1,0.9998890161514282,1,densenet_hn2
pneumonia:virus:431,1,0.9983773231506348,2,densenet_hn2
pneumonia:virus:432,1,0.12751303613185883,3,densenet_hn2
pneumonia:virus:433,1,0.9980200529098511,4,densenet_hn2
pneumonia:virus:434,1,0.9966647326946259,0,densenet_hn2
pneumonia:virus:435,1,0.8144648671150208,4,densenet_hn2
pneumonia:virus:436,1,0.9997603297233582,1,densenet_hn2
pneumonia:virus:437,1,0.9999982118606567,2,densenet_hn2
pneumonia:virus:438,1,0.9993879795074463,3,densenet_hn2
pneumonia:virus:439,1,0.7339250445365906,0,densenet_hn2
pneumonia:virus:440,1,0.7346136569976807,1,densenet_hn2
pneumonia:virus:441,1,0.9412641227245331,2,densenet_hn2
pneumonia:virus:442,1,0.9999782906638252,3,densenet_hn2
pneumonia:virus:443,1,0.9996570348739624,4,densenet_hn2
pneumonia:virus:444,1,0.9993554949760437,0,densenet_hn2
pneumonia:virus:445,1,0.9996938034892082,4,densenet_hn2
pneumonia:virus:446,1,0.999803364276886,1,densenet_hn2
pneumonia:virus:447,1,0.9974170625209808,0,densenet_hn2
pneumonia:virus:448,1,0.8184913396835327,2,densenet_hn2
pneumonia:virus:450,1,0.9477939605712891,3,densenet_hn2
pneumonia:virus:451,1,0.015993883833289146,4,densenet_hn2
pneumonia:virus:453,1,0.9993147253990173,0,densenet_hn2
pneumonia:virus:454,1,0.005235548131167889,3,densenet_hn2
pneumonia:virus:456,1,0.6266208291053772,2,densenet_hn2
pneumonia:virus:457,1,0.9967142343521118,1,densenet_hn2
pneumonia:virus:458,1,0.8812474012374878,4,densenet_hn2
pneumonia:virus:459,1,0.998544454574585,0,densenet_hn2
pneumonia:virus:460,1,0.9990666508674622,1,densenet_hn2
pneumonia:virus:461,1,0.9999247193336487,4,densenet_hn2
pneumonia:virus:462,1,0.9978293776512146,2,densenet_hn2
pneumonia:virus:463,1,0.6612377315759659,3,densenet_hn2
pneumonia:virus:464,1,0.9972661733627319,0,densenet_hn2
pneumonia:virus:465,1,0.9909620881080627,1,densenet_hn2
pneumonia:virus:466,1,0.9991365075111389,2,densenet_hn2
pneumonia:virus:467,1,0.8407174348831177,3,densenet_hn2
pneumonia:virus:468,1,0.965659499168396,4,densenet_hn2
pneumonia:virus:469,1,0.992449164390564,0,densenet_hn2
pneumonia:virus:470,1,0.9957285523414612,3,densenet_hn2
pneumonia:virus:471,1,0.999936580657959,1,densenet_hn2
pneumonia:virus:472,1,0.13891790807247162,2,densenet_hn2
pneumonia:virus:474,1,0.43240886926651,4,densenet_hn2
pneumonia:virus:475,1,0.9997789263725281,3,densenet_hn2
pneumonia:virus:476,1,0.9998528957366943,0,densenet_hn2
pneumonia:virus:478,1,0.9968595504760742,4,densenet_hn2
pneumonia:virus:479,1,0.9993830919265747,0,densenet_hn2
pneumonia:virus:480,1,0.9998096227645874,1,densenet_hn2
pneumonia:virus:481,1,0.9935113787651062,2,densenet_hn2
pneumonia:virus:482,1,0.906570553779602,3,densenet_hn2
pneumonia:virus:483,1,0.996629536151886,3,densenet_hn2
pneumonia:virus:484,1,0.9986199140548706,0,densenet_hn2
pneumonia:virus:485,1,0.9998633861541748,1,densenet_hn2
pneumonia:virus:486,1,0.9999762773513794,2,densenet_hn2
pneumonia:virus:487,1,0.9999829530715942,2,densenet_hn2
pneumonia:virus:488,1,0.9529619812965393,4,densenet_hn2
pneumonia:virus:489,1,0.9999992251396179,2,densenet_hn2
pneumonia:virus:490,1,0.999967098236084,0,densenet_hn2
pneumonia:virus:491,1,0.999962568283081,4,densenet_hn2
pneumonia:virus:492,1,0.9998890161514282,3,densenet_hn2
pneumonia:virus:493,1,0.9999815225601196,1,densenet_hn2
pneumonia:virus:494,1,0.9999948740005493,0,densenet_hn2
pneumonia:virus:495,1,0.9999892711639404,2,densenet_hn2
pneumonia:virus:496,1,0.1068224161863327,3,densenet_hn2
pneumonia:virus:497,1,0.9938629865646362,4,densenet_hn2
pneumonia:virus:498,1,0.9999951124191284,2,densenet_hn2
pneumonia:virus:499,1,0.9990109205245972,1,densenet_hn2
pneumonia:virus:500,1,0.9999674558639526,1,densenet_hn2
pneumonia:virus:501,1,0.9971062541007996,3,densenet_hn2
pneumonia:virus:502,1,0.9989510178565979,0,densenet_hn2
pneumonia:virus:503,1,0.9999866485595703,1,densenet_hn2
pneumonia:virus:505,1,0.9997337460517883,2,densenet_hn2
pneumonia:virus:506,1,0.9984198808670044,4,densenet_hn2
pneumonia:virus:507,1,0.9999611377716064,1,densenet_hn2
pneumonia:virus:508,1,0.9994877576828003,0,densenet_hn2
pneumonia:virus:509,1,0.9982890188694,4,densenet_hn2
pneumonia:virus:510,1,0.9999998807907104,2,densenet_hn2
pneumonia:virus:511,1,0.999937891960144,3,densenet_hn2
pneumonia:virus:512,1,0.99894779920578,0,densenet_hn2
pneumonia:virus:513,1,0.9090731739997864,1,densenet_hn2
pneumonia:virus:514,1,0.9999321699142456,2,densenet_hn2
pneumonia:virus:515,1,0.9999253749847412,3,densenet_hn2
pneumonia:virus:516,1,0.9999678134918213,4,densenet_hn2
pneumonia:virus:517,1,0.9931420087814331,0,densenet_hn2
pneumonia:virus:518,1,0.9999384880065918,1,densenet_hn2
pneumonia:virus:519,1,0.9978552460670471,2,densenet_hn2
pneumonia:virus:520,1,0.987655758857727,4,densenet_hn2
pneumonia:virus:521,1,0.9783686399459839,3,densenet_hn2
pneumonia:virus:522,1,0.9991641044616699,0,densenet_hn2
pneumonia:virus:523,1,0.9538394808769226,1,densenet_hn2
pneumonia:virus:524,1,0.9993175268173218,4,densenet_hn2
pneumonia:virus:525,1,0.999904990196228,0,densenet_hn2
pneumonia:virus:527,1,0.9997954964637756,1,densenet_hn2
pneumonia:virus:528,1,0.9993464350700378,2,densenet_hn2
pneumonia:virus:529,1,0.9999656677246094,3,densenet_hn2
pneumonia:virus:530,1,0.9765977263450623,1,densenet_hn2
pneumonia:virus:531,1,0.8754291534423828,4,densenet_hn2
pneumonia:virus:532,1,0.9999558925628662,0,densenet_hn2
pneumonia:virus:533,1,0.960070788860321,2,densenet_hn2
pneumonia:virus:534,1,0.9998358488082886,3,densenet_hn2
pneumonia:virus:535,1,0.996644139289856,4,densenet_hn2
pneumonia:virus:536,1,0.9875935912132263,1,densenet_hn2
pneumonia:virus:537,1,0.9882712960243225,0,densenet_hn2
pneumonia:virus:538,1,0.9999903440475464,1,densenet_hn2
pneumonia:virus:539,1,0.9999964237213135,2,densenet_hn2
pneumonia:virus:540,1,0.667256772518158,3,densenet_hn2
pneumonia:virus:541,1,0.9988082647323608,4,densenet_hn2
pneumonia:virus:542,1,0.9999990463256836,1,densenet_hn2
pneumonia:virus:543,1,0.9977766871452332,3,densenet_hn2
pneumonia:virus:544,1,0.9999120533466339,0,densenet_hn2
pneumonia:virus:545,1,0.8891443014144897,4,densenet_hn2
pneumonia:virus:546,1,0.9987279772758484,2,densenet_hn2
pneumonia:virus:547,1,0.9966778755187988,2,densenet_hn2
pneumonia:virus:548,1,0.9998207688331604,3,densenet_hn2
pneumonia:virus:549,1,0.9996393918991089,0,densenet_hn2
pneumonia:virus:550,1,0.9978867173194885,1,densenet_hn2
pneumonia:virus:551,1,0.9999920129776001,2,densenet_hn2
pneumonia:virus:552,1,0.9882684946060181,3,densenet_hn2
pneumonia:virus:553,1,0.9998764991760254,3,densenet_hn2
pneumonia:virus:554,1,0.9987094402313232,0,densenet_hn2
pneumonia:virus:556,1,0.9957862496376038,2,densenet_hn2
pneumonia:virus:557,1,0.9724470973014832,4,densenet_hn2
pneumonia:virus:558,1,0.7081708312034607,0,densenet_hn2
pneumonia:virus:559,1,0.9999939203262329,1,densenet_hn2
pneumonia:virus:562,1,0.9896243214607239,2,densenet_hn2
pneumonia:virus:563,1,0.9999908208847046,3,densenet_hn2
pneumonia:virus:564,1,0.9973969459533691,4,densenet_hn2
pneumonia:virus:565,1,0.9453710317611694,1,densenet_hn2
pneumonia:virus:566,1,0.9998742341995239,0,densenet_hn2
pneumonia:virus:567,1,0.999950647354126,2,densenet_hn2
pneumonia:virus:569,1,0.9918380379676819,3,densenet_hn2
pneumonia:virus:570,1,0.9954169988632202,4,densenet_hn2
pneumonia:virus:571,1,0.9997069239616394,0,densenet_hn2
pneumonia:virus:573,1,0.9999001026153564,1,densenet_hn2
pneumonia:virus:574,1,0.9979972243309021,4,densenet_hn2
pneumonia:virus:575,1,0.9947710633277893,4,densenet_hn2
pneumonia:virus:576,1,0.9835077524185181,3,densenet_hn2
pneumonia:virus:577,1,0.9999998807907104,2,densenet_hn2
pneumonia:virus:578,1,0.999769389629364,1,densenet_hn2
pneumonia:virus:579,1,0.9967136383056641,0,densenet_hn2
pneumonia:virus:581,1,0.9988523721694946,1,densenet_hn2
pneumonia:virus:583,1,0.9999986886978149,2,densenet_hn2
pneumonia:virus:584,1,0.9998303651809692,3,densenet_hn2
pneumonia:virus:585,1,0.9851192831993103,4,densenet_hn2
pneumonia:virus:586,1,0.9998711347579956,0,densenet_hn2
pneumonia:virus:588,1,0.9988700747489929,1,densenet_hn2
pneumonia:virus:590,1,0.9999839067459106,3,densenet_hn2
pneumonia:virus:591,1,0.9999899864196777,2,densenet_hn2
pneumonia:virus:592,1,0.9938353300094604,3,densenet_hn2
pneumonia:virus:593,1,0.9997033476829529,4,densenet_hn2
pneumonia:virus:594,1,0.9965560436248779,3,densenet_hn2
pneumonia:virus:595,1,0.8544371724128723,0,densenet_hn2
pneumonia:virus:596,1,0.999848484992981,1,densenet_hn2
pneumonia:virus:597,1,0.9478352069854736,2,densenet_hn2
pneumonia:virus:598,1,0.9992873072624207,4,densenet_hn2
pneumonia:virus:599,1,0.9998127818107605,3,densenet_hn2
pneumonia:virus:600,1,0.9985126852989197,2,densenet_hn2
pneumonia:virus:603,1,0.9985612034797668,3,densenet_hn2
pneumonia:virus:604,1,0.6580820083618164,3,densenet_hn2
pneumonia:virus:605,1,0.9245360791683197,0,densenet_hn2
pneumonia:virus:607,1,0.16228821873664856,1,densenet_hn2
pneumonia:virus:608,1,0.9999371767044067,4,densenet_hn2
pneumonia:virus:609,1,0.9997894167900085,2,densenet_hn2
pneumonia:virus:610,1,0.9991540908813477,3,densenet_hn2
pneumonia:virus:612,1,0.999158501625061,0,densenet_hn2
pneumonia:virus:613,1,0.9991356730461121,1,densenet_hn2
pneumonia:virus:614,1,0.9155935049057007,4,densenet_hn2
pneumonia:virus:615,1,0.9992953538894653,0,densenet_hn2
pneumonia:virus:616,1,0.9994328618049622,0,densenet_hn2
pneumonia:virus:617,1,0.9999041557312012,1,densenet_hn2
pneumonia:virus:618,1,0.9997933506965637,2,densenet_hn2
pneumonia:virus:619,1,0.99992835521698,2,densenet_hn2
pneumonia:virus:620,1,0.9993259608745575,3,densenet_hn2
pneumonia:virus:621,1,0.9991987347602844,4,densenet_hn2
pneumonia:virus:622,1,0.9436345100402832,4,densenet_hn2
pneumonia:virus:623,1,0.9999877214431763,0,densenet_hn2
pneumonia:virus:624,1,0.9999978542327881,1,densenet_hn2
pneumonia:virus:625,1,0.9934797286987305,2,densenet_hn2
pneumonia:virus:626,1,0.999359667301178,4,densenet_hn2
pneumonia:virus:627,1,0.9657272100448608,0,densenet_hn2
pneumonia:virus:628,1,0.9992274045944214,3,densenet_hn2
pneumonia:virus:629,1,0.9995080232620239,0,densenet_hn2
pneumonia:virus:630,1,0.9994140863418579,3,densenet_hn2
pneumonia:virus:632,1,0.9999556541442871,1,densenet_hn2
pneumonia:virus:633,1,0.9999915361404419,1,densenet_hn2
pneumonia:virus:636,1,0.9982592463493347,3,densenet_hn2
pneumonia:virus:637,1,0.9983745813369751,2,densenet_hn2
pneumonia:virus:639,1,0.9999673366546631,4,densenet_hn2
pneumonia:virus:640,1,0.9999512434005737,0,densenet_hn2
pneumonia:virus:641,1,0.9999340772628784,1,densenet_hn2
pneumonia:virus:642,1,0.9994257688522339,0,densenet_hn2
pneumonia:virus:644,1,0.9999921321868896,3,densenet_hn2
pneumonia:virus:645,1,0.9995390176773071,2,densenet_hn2
pneumonia:virus:646,1,0.9981681108474731,4,densenet_hn2
pneumonia:virus:647,1,0.9999744296073914,2,densenet_hn2
pneumonia:virus:648,1,0.2990471422672272,4,densenet_hn2
pneumonia:virus:649,1,0.999955415725708,2,densenet_hn2
pneumonia:virus:650,1,0.9999744892120361,4,densenet_hn2
pneumonia:virus:652,1,0.9999022483825684,0,densenet_hn2
pneumonia:virus:653,1,0.9786039590835571,4,densenet_hn2
pneumonia:virus:656,1,0.9988829493522644,1,densenet_hn2
pneumonia:virus:657,1,0.9999203681945801,3,densenet_hn2
pneumonia:virus:658,1,0.9996808767318726,0,densenet_hn2
pneumonia:virus:659,1,0.9980363249778748,1,densenet_hn2
pneumonia:virus:660,1,0.9998036026954651,2,densenet_hn2
pneumonia:virus:661,1,0.9999172687530518,3,densenet_hn2
pneumonia:virus:662,1,0.9958682060241699,4,densenet_hn2
pneumonia:virus:663,1,0.9970143735408783,0,densenet_hn2
pneumonia:virus:664,1,0.6514356732368469,1,densenet_hn2
pneumonia:virus:665,1,0.9999991655349731,2,densenet_hn2
pneumonia:virus:666,1,0.9999755620956421,3,densenet_hn2
pneumonia:virus:667,1,0.9992035627365112,4,densenet_hn2
pneumonia:virus:669,1,0.9999986886978149,0,densenet_hn2
pneumonia:virus:670,1,0.9999944567680359,1,densenet_hn2
pneumonia:virus:671,1,0.9941501617431641,0,densenet_hn2
pneumonia:virus:672,1,0.9999626874923706,2,densenet_hn2
pneumonia:virus:673,1,0.9991868138313293,4,densenet_hn2
pneumonia:virus:677,1,0.9999337196350098,3,densenet_hn2
pneumonia:virus:679,1,0.9995040893554688,0,densenet_hn2
pneumonia:virus:681,1,0.9999673366546631,1,densenet_hn2
pneumonia:virus:682,1,0.9999951124191284,2,densenet_hn2
pneumonia:virus:684,1,0.9998065829277039,1,densenet_hn2
pneumonia:virus:688,1,0.9997428059577942,3,densenet_hn2
pneumonia:virus:692,1,0.9999891519546509,3,densenet_hn2
pneumonia:virus:698,1,0.9997860789299011,4,densenet_hn2
pneumonia:virus:699,1,0.9999631643295288,1,densenet_hn2
pneumonia:virus:701,1,0.9999146461486816,2,densenet_hn2
pneumonia:virus:702,1,0.035748329013586044,0,densenet_hn2
pneumonia:virus:703,1,0.31890684366226196,3,densenet_hn2
pneumonia:virus:704,1,0.9999215602874756,4,densenet_hn2
pneumonia:virus:705,1,0.999962329864502,0,densenet_hn2
pneumonia:virus:706,1,0.008213786408305168,1,densenet_hn2
pneumonia:virus:707,1,0.9744459986686707,2,densenet_hn2
pneumonia:virus:710,1,0.9999581575393677,3,densenet_hn2
pneumonia:virus:711,1,0.9976394176483154,4,densenet_hn2
pneumonia:virus:712,1,0.9999486207962036,0,densenet_hn2
pneumonia:virus:716,1,0.9974209070205688,1,densenet_hn2
pneumonia:virus:718,1,0.9995446801185608,1,densenet_hn2
pneumonia:virus:719,1,0.9999840259552002,2,densenet_hn2
pneumonia:virus:720,1,0.999985933303833,2,densenet_hn2
pneumonia:virus:721,1,0.31236350536346436,0,densenet_hn2
pneumonia:virus:722,1,0.9868367910385132,3,densenet_hn2
pneumonia:virus:723,1,0.39833787083625793,4,densenet_hn2
pneumonia:virus:724,1,0.9998977482318878,0,densenet_hn2
pneumonia:virus:727,1,0.9698439240455627,2,densenet_hn2
pneumonia:virus:730,1,0.05123147368431091,4,densenet_hn2
pneumonia:virus:731,1,0.9220153093338013,1,densenet_hn2
pneumonia:virus:732,1,0.9658100605010986,2,densenet_hn2
pneumonia:virus:734,1,0.999828577041626,3,densenet_hn2
pneumonia:virus:735,1,0.6655938625335693,2,densenet_hn2
pneumonia:virus:736,1,0.9995095729827881,1,densenet_hn2
pneumonia:virus:738,1,0.9783440828323364,4,densenet_hn2
pneumonia:virus:739,1,0.9998090863227844,0,densenet_hn2
pneumonia:virus:740,1,0.9999991655349731,2,densenet_hn2
pneumonia:virus:741,1,0.9988182187080383,4,densenet_hn2
pneumonia:virus:742,1,0.9999924898147583,3,densenet_hn2
pneumonia:virus:743,1,0.9999895095825195,1,densenet_hn2
pneumonia:virus:744,1,0.9908764958381653,4,densenet_hn2
pneumonia:virus:745,1,0.9792603850364685,3,densenet_hn2
pneumonia:virus:746,1,0.9999996423721313,0,densenet_hn2
pneumonia:virus:747,1,0.9998151659965515,2,densenet_hn2
pneumonia:virus:748,1,0.9999758005142212,1,densenet_hn2
pneumonia:virus:749,1,0.9984982013702393,4,densenet_hn2
pneumonia:virus:752,1,0.9999104738235474,3,densenet_hn2
pneumonia:virus:753,1,0.9997000694274902,0,densenet_hn2
pneumonia:virus:754,1,0.9881572127342224,1,densenet_hn2
pneumonia:virus:755,1,0.9999759793281555,2,densenet_hn2
pneumonia:virus:757,1,0.9985217452049255,0,densenet_hn2
pneumonia:virus:759,1,0.9999778270721436,1,densenet_hn2
pneumonia:virus:760,1,0.9999055862426758,3,densenet_hn2
pneumonia:virus:761,1,0.998822033405304,4,densenet_hn2
pneumonia:virus:762,1,0.9994781613349915,0,densenet_hn2
pneumonia:virus:763,1,0.9993526339530945,4,densenet_hn2
pneumonia:virus:764,1,0.9999890327453613,1,densenet_hn2
pneumonia:virus:765,1,0.9883072972297668,2,densenet_hn2
pneumonia:virus:768,1,0.9999849796295166,2,densenet_hn2
pneumonia:virus:770,1,0.9996165037155151,4,densenet_hn2
pneumonia:virus:771,1,0.9999558925628662,1,densenet_hn2
pneumonia:virus:772,1,0.9998345375061035,3,densenet_hn2
pneumonia:virus:773,1,0.9996577501296997,1,densenet_hn2
pneumonia:virus:774,1,0.9952210783958435,0,densenet_hn2
pneumonia:virus:775,1,0.9843440055847168,2,densenet_hn2
pneumonia:virus:776,1,0.9983024597167969,3,densenet_hn2
pneumonia:virus:778,1,0.9998098015785217,3,densenet_hn2
pneumonia:virus:779,1,0.9998727738857269,4,densenet_hn2
pneumonia:virus:780,1,0.9990134239196777,0,densenet_hn2
pneumonia:virus:781,1,0.6880233883857727,1,densenet_hn2
pneumonia:virus:783,1,0.9990105628967285,1,densenet_hn2
pneumonia:virus:788,1,0.010529935359954834,3,densenet_hn2
pneumonia:virus:789,1,0.9999622106552124,2,densenet_hn2
pneumonia:virus:790,1,0.9505161046981812,4,densenet_hn2
pneumonia:virus:791,1,0.1636608988046646,2,densenet_hn2
pneumonia:virus:793,1,0.999214768409729,0,densenet_hn2
pneumonia:virus:795,1,0.9999839067459106,0,densenet_hn2
pneumonia:virus:796,1,0.9999927282333374,1,densenet_hn2
pneumonia:virus:797,1,0.9998743534088135,3,densenet_hn2
pneumonia:virus:798,1,0.6388598680496216,4,densenet_hn2
pneumonia:virus:799,1,0.9977872371673584,4,densenet_hn2
pneumonia:virus:80,1,0.9999493360519409,2,densenet_hn2
pneumonia:virus:801,1,0.9774963855743408,0,densenet_hn2
pneumonia:virus:803,1,0.9868240356445312,1,densenet_hn2
pneumonia:virus:806,1,0.9999728798866272,2,densenet_hn2
pneumonia:virus:807,1,0.9997138381004333,3,densenet_hn2
pneumonia:virus:808,1,0.9997004270553589,1,densenet_hn2
pneumonia:virus:81,1,0.351182010024786,0,densenet_hn2
pneumonia:virus:810,1,0.9999250173568726,2,densenet_hn2
pneumonia:virus:811,1,0.26861000061035156,3,densenet_hn2
pneumonia:virus:813,1,0.04370390996336937,4,densenet_hn2
pneumonia:virus:819,1,0.9999579191207886,4,densenet_hn2
pneumonia:virus:82,1,0.9999958872795105,1,densenet_hn2
pneumonia:virus:820,1,0.3152184784412384,0,densenet_hn2
pneumonia:virus:823,1,0.9997697472572327,1,densenet_hn2
pneumonia:virus:826,1,0.9999951124191284,3,densenet_hn2
pneumonia:virus:83,1,0.9994328618049622,4,densenet_hn2
pneumonia:virus:830,1,0.999872088432312,3,densenet_hn2
pneumonia:virus:832,1,0.9897721409797668,2,densenet_hn2
pneumonia:virus:833,1,0.001437453436665237,0,densenet_hn2
pneumonia:virus:835,1,0.9999436140060425,3,densenet_hn2
pneumonia:virus:836,1,0.999970555305481,0,densenet_hn2
pneumonia:virus:837,1,0.9999992847442627,1,densenet_hn2
pneumonia:virus:838,1,0.9998953342437744,2,densenet_hn2
pneumonia:virus:84,1,0.9907305836677551,3,densenet_hn2
pneumonia:virus:841,1,0.9850945472717285,4,densenet_hn2
pneumonia:virus:842,1,0.9999332427978516,2,densenet_hn2
pneumonia:virus:843,1,0.9997513890266418,0,densenet_hn2
pneumonia:virus:844,1,0.978022575378418,1,densenet_hn2
pneumonia:virus:845,1,0.9998940229415894,3,densenet_hn2
pneumonia:virus:846,1,0.9977049231529236,4,densenet_hn2
pneumonia:virus:847,1,0.9998633861541748,0,densenet_hn2
pneumonia:virus:848,1,0.999974250793457,0,densenet_hn2
pneumonia:virus:849,1,0.9999736547470093,3,densenet_hn2
pneumonia:virus:851,1,0.9999744892120361,1,densenet_hn2
pneumonia:virus:852,1,0.9888598918914795,4,densenet_hn2
pneumonia:virus:853,1,0.9997747540473938,3,densenet_hn2
pneumonia:virus:855,1,0.9999934434890747,2,densenet_hn2
pneumonia:virus:859,1,0.9526231288909912,0,densenet_hn2
pneumonia:virus:86,1,0.9181891083717346,1,densenet_hn2
pneumonia:virus:860,1,0.9998705387115479,1,densenet_hn2
pneumonia:virus:861,1,0.9999744892120361,4,densenet_hn2
pneumonia:virus:862,1,0.9896592497825623,2,densenet_hn2
pneumonia:virus:863,1,0.9999316930770874,1,densenet_hn2
pneumonia:virus:864,1,0.9999158382415771,0,densenet_hn2
pneumonia:virus:866,1,0.9991480112075806,1,densenet_hn2
pneumonia:virus:867,1,0.9988561868667603,2,densenet_hn2
pneumonia:virus:868,1,0.9962399303913116,3,densenet_hn2
pneumonia:virus:87,1,0.9965354204177856,4,densenet_hn2
pneumonia:virus:870,1,0.9998801946640015,0,densenet_hn2
pneumonia:virus:871,1,0.9993546605110168,2,densenet_hn2
pneumonia:virus:877,1,0.9999743700027466,1,densenet_hn2
pneumonia:virus:878,1,0.997899055480957,3,densenet_hn2
pneumonia:virus:88,1,0.9985544979572296,4,densenet_hn2
pneumonia:virus:880,1,0.9999891519546509,0,densenet_hn2
pneumonia:virus:881,1,0.9981603026390076,3,densenet_hn2
pneumonia:virus:883,1,0.9996918439865112,1,densenet_hn2
pneumonia:virus:884,1,0.999157190322876,2,densenet_hn2
pneumonia:virus:886,1,0.9613600969314575,2,densenet_hn2
pneumonia:virus:888,1,0.9997096657752991,4,densenet_hn2
pneumonia:virus:89,1,0.998022198677063,2,densenet_hn2
pneumonia:virus:890,1,0.9996455907821655,3,densenet_hn2
pneumonia:virus:891,1,0.9999431371688843,0,densenet_hn2
pneumonia:virus:894,1,0.9999923706054688,1,densenet_hn2
pneumonia:virus:895,1,0.9953183531761169,2,densenet_hn2
pneumonia:virus:896,1,0.9999959468841553,3,densenet_hn2
pneumonia:virus:898,1,0.9042913317680359,4,densenet_hn2
pneumonia:virus:899,1,0.9999476671218872,0,densenet_hn2
pneumonia:virus:90,1,0.9995134174823761,0,densenet_hn2
pneumonia:virus:900,1,0.9999517202377319,3,densenet_hn2
pneumonia:virus:901,1,0.9999992847442627,1,densenet_hn2
pneumonia:virus:905,1,0.9999752044677734,3,densenet_hn2
pneumonia:virus:906,1,0.9759845733642578,2,densenet_hn2
pneumonia:virus:907,1,0.9944058656692505,4,densenet_hn2
pneumonia:virus:908,1,0.9999558925628662,0,densenet_hn2
pneumonia:virus:909,1,0.9999867677688599,1,densenet_hn2
pneumonia:virus:911,1,0.9934123158454895,3,densenet_hn2
pneumonia:virus:913,1,0.9999996423721313,2,densenet_hn2
pneumonia:virus:914,1,0.9332321286201477,3,densenet_hn2
pneumonia:virus:915,1,0.9991330504417419,4,densenet_hn2
pneumonia:virus:918,1,0.9998875856399536,4,densenet_hn2
pneumonia:virus:919,1,0.9999977350234985,2,densenet_hn2
pneumonia:virus:92,1,0.9999709129333496,0,densenet_hn2
pneumonia:virus:920,1,0.9999940395355225,1,densenet_hn2
pneumonia:virus:921,1,0.9999985694885254,2,densenet_hn2
pneumonia:virus:924,1,0.999160647392273,4,densenet_hn2
pneumonia:virus:925,1,0.9999597072601318,3,densenet_hn2
pneumonia:virus:926,1,0.9902744293212891,4,densenet_hn2
pneumonia:virus:927,1,0.9963536262512207,0,densenet_hn2
pneumonia:virus:928,1,0.9994076490402222,0,densenet_hn2
pneumonia:virus:929,1,0.8215778172016144,3,densenet_hn2
pneumonia:virus:93,1,0.9999628067016602,1,densenet_hn2
pneumonia:virus:931,1,0.9996052384376526,2,densenet_hn2
pneumonia:virus:932,1,0.9993745684623718,4,densenet_hn2
pneumonia:virus:933,1,0.8463234305381775,0,densenet_hn2
pneumonia:virus:934,1,0.9999538660049438,1,densenet_hn2
pneumonia:virus:935,1,0.9999889135360718,3,densenet_hn2
pneumonia:virus:936,1,0.9999984502792358,2,densenet_hn2
pneumonia:virus:937,1,0.9933844208717346,4,densenet_hn2
pneumonia:virus:938,1,0.9999997615814209,0,densenet_hn2
pneumonia:virus:94,1,0.9981154203414917,1,densenet_hn2
pneumonia:virus:940,1,0.9979573011398315,3,densenet_hn2
pneumonia:virus:941,1,0.9930118918418884,4,densenet_hn2
pneumonia:virus:942,1,0.9996258020401001,3,densenet_hn2
pneumonia:virus:945,1,0.9998687505722046,4,densenet_hn2
pneumonia:virus:947,1,0.999992847442627,2,densenet_hn2
pneumonia:virus:949,1,0.98143070936203,2,densenet_hn2
pneumonia:virus:95,1,0.636025607585907,0,densenet_hn2
pneumonia:virus:950,1,0.9999226331710815,1,densenet_hn2
pneumonia:virus:951,1,0.9998624324798584,3,densenet_hn2
pneumonia:virus:952,1,0.9999451637268066,4,densenet_hn2
pneumonia:virus:954,1,0.9999493360519409,1,densenet_hn2
pneumonia:virus:955,1,0.9977505803108215,0,densenet_hn2
pneumonia:virus:956,1,0.9999667406082153,2,densenet_hn2
pneumonia:virus:957,1,0.9999891519546509,3,densenet_hn2
pneumonia:virus:958,1,0.9986692667007446,4,densenet_hn2
pneumonia:virus:96,1,0.999988317489624,1,densenet_hn2
pneumonia:virus:960,1,0.9623687863349915,0,densenet_hn2
pneumonia:virus:961,1,0.9999788999557495,2,densenet_hn2
pneumonia:virus:962,1,0.9987038373947144,4,densenet_hn2
pneumonia:virus:963,1,0.9999040365219116,3,densenet_hn2
pneumonia:virus:964,1,0.9999405145645142,0,densenet_hn2
pneumonia:virus:965,1,0.9999967813491821,1,densenet_hn2
pneumonia:virus:966,1,0.9997348189353943,2,densenet_hn2
pneumonia:virus:967,1,0.9983838796615601,3,densenet_hn2
pneumonia:virus:968,1,0.9999141693115234,4,densenet_hn2
pneumonia:virus:969,1,0.9947419166564941,4,densenet_hn2
pneumonia:virus:97,1,0.9999374747276306,0,densenet_hn2
pneumonia:virus:970,1,0.9999978542327881,1,densenet_hn2
pneumonia:virus:972,1,0.9998990297317505,3,densenet_hn2
pneumonia:virus:973,1,0.9999737739562988,2,densenet_hn2
pneumonia:virus:974,1,0.9999678134918213,4,densenet_hn2
pneumonia:virus:975,1,0.9975287318229675,0,densenet_hn2
pneumonia:virus:976,1,0.9999903440475464,1,densenet_hn2
pneumonia:virus:977,1,0.999983549118042,2,densenet_hn2
pneumonia:virus:978,1,0.9999662637710571,3,densenet_hn2
pneumonia:virus:979,1,0.999894380569458,4,densenet_hn2
pneumonia:virus:98,1,0.9999479055404663,0,densenet_hn2
pneumonia:virus:980,1,0.9999668598175049,1,densenet_hn2
pneumonia:virus:981,1,0.9997883439064026,2,densenet_hn2
pneumonia:virus:982,1,0.9999843835830688,4,densenet_hn2
pneumonia:virus:983,1,0.9980276226997375,3,densenet_hn2
pneumonia:virus:988,1,0.9959656000137329,4,densenet_hn2
pneumonia:virus:989,1,0.9998016953468323,1,densenet_hn2
pneumonia:virus:99,1,0.9995768666267395,4,densenet_hn2
pneumonia:virus:991,1,0.9992496371269226,4,densenet_hn2
pneumonia:virus:992,1,0.999943733215332,0,densenet_hn2
pneumonia:virus:993,1,0.9998639822006226,1,densenet_hn2
pneumonia:virus:994,1,0.9999997615814209,2,densenet_hn2
pneumonia:virus:995,1,0.9999918937683105,3,densenet_hn2
pneumonia:virus:996,1,0.9999971389770508,0,densenet_hn2
pneumonia:virus:997,1,0.9999982118606567,1,densenet_hn2
